0 verbose cli C:\Program Files\nodejs\node.exe C:\Users\Karthik\AppData\Roaming\npm\node_modules\npm\bin\npm-cli.js
1 info using npm@10.9.2
2 info using node@v22.12.0
3 silly config load:file:C:\Users\Karthik\AppData\Roaming\npm\node_modules\npm\npmrc
4 silly config load:file:E:\smartparkingcopy\ParkingApp\.npmrc
5 silly config load:file:C:\Users\Karthik\.npmrc
6 silly config load:file:C:\Users\Karthik\AppData\Roaming\npm\etc\npmrc
7 verbose title npm install
8 verbose argv "install" "--cache" "e:\\smartparkingcopy\\.npm-cache"
9 verbose logfile logs-max:10 dir:e:\smartparkingcopy\.npm-cache\_logs\2026-04-09T11_19_59_367Z-
10 verbose logfile e:\smartparkingcopy\.npm-cache\_logs\2026-04-09T11_19_59_367Z-debug-0.log
11 silly logfile done cleaning log files
12 silly packumentCache heap:2197815296 maxSize:549453824 maxEntrySize:274726912
13 silly idealTree buildDeps
14 warn EBADENGINE Unsupported engine {
14 warn EBADENGINE   package: 'eslint-visitor-keys@5.0.1',
14 warn EBADENGINE   required: { node: '^20.19.0 || ^22.13.0 || >=24' },
14 warn EBADENGINE   current: { node: 'v22.12.0', npm: '10.9.2' }
14 warn EBADENGINE }
15 silly reify moves {}
16 silly audit report null
17 verbose reify failed optional dependency E:\smartparkingcopy\ParkingApp\node_modules\lightningcss-win32-arm64-msvc
18 silly reify mark deleted [
18 silly reify   'E:\\smartparkingcopy\\ParkingApp\\node_modules\\lightningcss-win32-arm64-msvc'
18 silly reify ]
19 verbose reify failed optional dependency E:\smartparkingcopy\ParkingApp\node_modules\lightningcss-linux-x64-musl
20 silly reify mark deleted [
20 silly reify   'E:\\smartparkingcopy\\ParkingApp\\node_modules\\lightningcss-linux-x64-musl'
20 silly reify ]
21 verbose reify failed optional dependency E:\smartparkingcopy\ParkingApp\node_modules\lightningcss-linux-x64-gnu
22 silly reify mark deleted [
22 silly reify   'E:\\smartparkingcopy\\ParkingApp\\node_modules\\lightningcss-linux-x64-gnu'
22 silly reify ]
23 verbose reify failed optional dependency E:\smartparkingcopy\ParkingApp\node_modules\lightningcss-linux-arm64-musl
24 silly reify mark deleted [
24 silly reify   'E:\\smartparkingcopy\\ParkingApp\\node_modules\\lightningcss-linux-arm64-musl'
24 silly reify ]
25 verbose reify failed optional dependency E:\smartparkingcopy\ParkingApp\node_modules\lightningcss-linux-arm64-gnu
26 silly reify mark deleted [
26 silly reify   'E:\\smartparkingcopy\\ParkingApp\\node_modules\\lightningcss-linux-arm64-gnu'
26 silly reify ]
27 verbose reify failed optional dependency E:\smartparkingcopy\ParkingApp\node_modules\lightningcss-linux-arm-gnueabihf
28 silly reify mark deleted [
28 silly reify   'E:\\smartparkingcopy\\ParkingApp\\node_modules\\lightningcss-linux-arm-gnueabihf'
28 silly reify ]
29 verbose reify failed optional dependency E:\smartparkingcopy\ParkingApp\node_modules\lightningcss-freebsd-x64
30 silly reify mark deleted [
30 silly reify   'E:\\smartparkingcopy\\ParkingApp\\node_modules\\lightningcss-freebsd-x64'
30 silly reify ]
31 verbose reify failed optional dependency E:\smartparkingcopy\ParkingApp\node_modules\lightningcss-darwin-x64
32 silly reify mark deleted [
32 silly reify   'E:\\smartparkingcopy\\ParkingApp\\node_modules\\lightningcss-darwin-x64'
32 silly reify ]
33 verbose reify failed optional dependency E:\smartparkingcopy\ParkingApp\node_modules\lightningcss-darwin-arm64
34 silly reify mark deleted [
34 silly reify   'E:\\smartparkingcopy\\ParkingApp\\node_modules\\lightningcss-darwin-arm64'
34 silly reify ]
35 verbose reify failed optional dependency E:\smartparkingcopy\ParkingApp\node_modules\lightningcss-android-arm64
36 silly reify mark deleted [
36 silly reify   'E:\\smartparkingcopy\\ParkingApp\\node_modules\\lightningcss-android-arm64'
36 silly reify ]
37 verbose reify failed optional dependency E:\smartparkingcopy\ParkingApp\node_modules\fsevents
38 silly reify mark deleted [ 'E:\\smartparkingcopy\\ParkingApp\\node_modules\\fsevents' ]
39 verbose reify failed optional dependency E:\smartparkingcopy\ParkingApp\node_modules\@unrs\resolver-binding-win32-ia32-msvc
40 silly reify mark deleted [
40 silly reify   'E:\\smartparkingcopy\\ParkingApp\\node_modules\\@unrs\\resolver-binding-win32-ia32-msvc'
40 silly reify ]
41 verbose reify failed optional dependency E:\smartparkingcopy\ParkingApp\node_modules\@unrs\resolver-binding-win32-arm64-msvc
42 silly reify mark deleted [
42 silly reify   'E:\\smartparkingcopy\\ParkingApp\\node_modules\\@unrs\\resolver-binding-win32-arm64-msvc'
42 silly reify ]
43 verbose reify failed optional dependency E:\smartparkingcopy\ParkingApp\node_modules\@unrs\resolver-binding-wasm32-wasi
44 silly reify mark deleted [
44 silly reify   'E:\\smartparkingcopy\\ParkingApp\\node_modules\\@unrs\\resolver-binding-wasm32-wasi'
44 silly reify ]
45 verbose reify failed optional dependency E:\smartparkingcopy\ParkingApp\node_modules\@napi-rs\wasm-runtime
46 silly reify mark deleted [
46 silly reify   'E:\\smartparkingcopy\\ParkingApp\\node_modules\\@napi-rs\\wasm-runtime'
46 silly reify ]
47 verbose reify failed optional dependency E:\smartparkingcopy\ParkingApp\node_modules\@emnapi\core
48 silly reify mark deleted [ 'E:\\smartparkingcopy\\ParkingApp\\node_modules\\@emnapi\\core' ]
49 verbose reify failed optional dependency E:\smartparkingcopy\ParkingApp\node_modules\@emnapi\runtime
50 silly reify mark deleted [ 'E:\\smartparkingcopy\\ParkingApp\\node_modules\\@emnapi\\runtime' ]
51 verbose reify failed optional dependency E:\smartparkingcopy\ParkingApp\node_modules\@tybys\wasm-util
52 silly reify mark deleted [ 'E:\\smartparkingcopy\\ParkingApp\\node_modules\\@tybys\\wasm-util' ]
53 verbose reify failed optional dependency E:\smartparkingcopy\ParkingApp\node_modules\@emnapi\wasi-threads
54 silly reify mark deleted [
54 silly reify   'E:\\smartparkingcopy\\ParkingApp\\node_modules\\@emnapi\\wasi-threads'
54 silly reify ]
55 verbose reify failed optional dependency E:\smartparkingcopy\ParkingApp\node_modules\@unrs\resolver-binding-linux-x64-musl
56 silly reify mark deleted [
56 silly reify   'E:\\smartparkingcopy\\ParkingApp\\node_modules\\@unrs\\resolver-binding-linux-x64-musl'
56 silly reify ]
57 verbose reify failed optional dependency E:\smartparkingcopy\ParkingApp\node_modules\@unrs\resolver-binding-linux-x64-gnu
58 silly reify mark deleted [
58 silly reify   'E:\\smartparkingcopy\\ParkingApp\\node_modules\\@unrs\\resolver-binding-linux-x64-gnu'
58 silly reify ]
59 verbose reify failed optional dependency E:\smartparkingcopy\ParkingApp\node_modules\@unrs\resolver-binding-linux-s390x-gnu
60 silly reify mark deleted [
60 silly reify   'E:\\smartparkingcopy\\ParkingApp\\node_modules\\@unrs\\resolver-binding-linux-s390x-gnu'
60 silly reify ]
61 verbose reify failed optional dependency E:\smartparkingcopy\ParkingApp\node_modules\@unrs\resolver-binding-linux-riscv64-musl
62 silly reify mark deleted [
62 silly reify   'E:\\smartparkingcopy\\ParkingApp\\node_modules\\@unrs\\resolver-binding-linux-riscv64-musl'
62 silly reify ]
63 verbose reify failed optional dependency E:\smartparkingcopy\ParkingApp\node_modules\@unrs\resolver-binding-linux-riscv64-gnu
64 silly reify mark deleted [
64 silly reify   'E:\\smartparkingcopy\\ParkingApp\\node_modules\\@unrs\\resolver-binding-linux-riscv64-gnu'
64 silly reify ]
65 verbose reify failed optional dependency E:\smartparkingcopy\ParkingApp\node_modules\@unrs\resolver-binding-linux-ppc64-gnu
66 silly reify mark deleted [
66 silly reify   'E:\\smartparkingcopy\\ParkingApp\\node_modules\\@unrs\\resolver-binding-linux-ppc64-gnu'
66 silly reify ]
67 verbose reify failed optional dependency E:\smartparkingcopy\ParkingApp\node_modules\@unrs\resolver-binding-linux-arm64-musl
68 silly reify mark deleted [
68 silly reify   'E:\\smartparkingcopy\\ParkingApp\\node_modules\\@unrs\\resolver-binding-linux-arm64-musl'
68 silly reify ]
69 verbose reify failed optional dependency E:\smartparkingcopy\ParkingApp\node_modules\@unrs\resolver-binding-linux-arm64-gnu
70 silly reify mark deleted [
70 silly reify   'E:\\smartparkingcopy\\ParkingApp\\node_modules\\@unrs\\resolver-binding-linux-arm64-gnu'
70 silly reify ]
71 verbose reify failed optional dependency E:\smartparkingcopy\ParkingApp\node_modules\@unrs\resolver-binding-linux-arm-musleabihf
72 silly reify mark deleted [
72 silly reify   'E:\\smartparkingcopy\\ParkingApp\\node_modules\\@unrs\\resolver-binding-linux-arm-musleabihf'
72 silly reify ]
73 verbose reify failed optional dependency E:\smartparkingcopy\ParkingApp\node_modules\@unrs\resolver-binding-linux-arm-gnueabihf
74 silly reify mark deleted [
74 silly reify   'E:\\smartparkingcopy\\ParkingApp\\node_modules\\@unrs\\resolver-binding-linux-arm-gnueabihf'
74 silly reify ]
75 verbose reify failed optional dependency E:\smartparkingcopy\ParkingApp\node_modules\@unrs\resolver-binding-freebsd-x64
76 silly reify mark deleted [
76 silly reify   'E:\\smartparkingcopy\\ParkingApp\\node_modules\\@unrs\\resolver-binding-freebsd-x64'
76 silly reify ]
77 verbose reify failed optional dependency E:\smartparkingcopy\ParkingApp\node_modules\@unrs\resolver-binding-darwin-x64
78 silly reify mark deleted [
78 silly reify   'E:\\smartparkingcopy\\ParkingApp\\node_modules\\@unrs\\resolver-binding-darwin-x64'
78 silly reify ]
79 verbose reify failed optional dependency E:\smartparkingcopy\ParkingApp\node_modules\@unrs\resolver-binding-darwin-arm64
80 silly reify mark deleted [
80 silly reify   'E:\\smartparkingcopy\\ParkingApp\\node_modules\\@unrs\\resolver-binding-darwin-arm64'
80 silly reify ]
81 verbose reify failed optional dependency E:\smartparkingcopy\ParkingApp\node_modules\@unrs\resolver-binding-android-arm64
82 silly reify mark deleted [
82 silly reify   'E:\\smartparkingcopy\\ParkingApp\\node_modules\\@unrs\\resolver-binding-android-arm64'
82 silly reify ]
83 verbose reify failed optional dependency E:\smartparkingcopy\ParkingApp\node_modules\@unrs\resolver-binding-android-arm-eabi
84 silly reify mark deleted [
84 silly reify   'E:\\smartparkingcopy\\ParkingApp\\node_modules\\@unrs\\resolver-binding-android-arm-eabi'
84 silly reify ]
85 http cache yocto-queue@https://registry.npmjs.org/yocto-queue/-/yocto-queue-0.1.0.tgz 1ms (cache hit)
86 http cache zod@https://registry.npmjs.org/zod/-/zod-4.3.6.tgz 0ms (cache hit)
87 http cache yn@https://registry.npmjs.org/yn/-/yn-3.1.1.tgz 0ms (cache hit)
88 http cache yargs-parser@https://registry.npmjs.org/yargs-parser/-/yargs-parser-21.1.1.tgz 0ms (cache hit)
89 http cache yargs@https://registry.npmjs.org/yargs/-/yargs-17.7.2.tgz 0ms (cache hit)
90 http cache yallist@https://registry.npmjs.org/yallist/-/yallist-3.1.1.tgz 0ms (cache hit)
91 http cache yaml@https://registry.npmjs.org/yaml/-/yaml-2.8.3.tgz 0ms (cache hit)
92 http cache y18n@https://registry.npmjs.org/y18n/-/y18n-5.0.8.tgz 0ms (cache hit)
93 http cache xmlbuilder@https://registry.npmjs.org/xmlbuilder/-/xmlbuilder-15.1.1.tgz 0ms (cache hit)
94 http cache xcode@https://registry.npmjs.org/xcode/-/xcode-3.0.1.tgz 0ms (cache hit)
95 http cache xml2js@https://registry.npmjs.org/xml2js/-/xml2js-0.6.0.tgz 0ms (cache hit)
96 http cache ws@https://registry.npmjs.org/ws/-/ws-7.5.10.tgz 0ms (cache hit)
97 http cache write-file-atomic@https://registry.npmjs.org/write-file-atomic/-/write-file-atomic-4.0.2.tgz 0ms (cache hit)
98 http cache wrappy@https://registry.npmjs.org/wrappy/-/wrappy-1.0.2.tgz 0ms (cache hit)
99 http cache wrap-ansi-cjs@https://registry.npmjs.org/wrap-ansi/-/wrap-ansi-7.0.0.tgz 0ms (cache hit)
100 http cache wrap-ansi@https://registry.npmjs.org/wrap-ansi/-/wrap-ansi-7.0.0.tgz 0ms (cache hit)
101 http cache word-wrap@https://registry.npmjs.org/word-wrap/-/word-wrap-1.2.5.tgz 0ms (cache hit)
102 http cache wordwrap@https://registry.npmjs.org/wordwrap/-/wordwrap-1.0.0.tgz 0ms (cache hit)
103 http cache wonka@https://registry.npmjs.org/wonka/-/wonka-6.3.6.tgz 0ms (cache hit)
104 http cache widest-line@https://registry.npmjs.org/widest-line/-/widest-line-3.1.0.tgz 0ms (cache hit)
105 http cache which-module@https://registry.npmjs.org/which-module/-/which-module-2.0.1.tgz 0ms (cache hit)
106 http cache which-typed-array@https://registry.npmjs.org/which-typed-array/-/which-typed-array-1.1.20.tgz 0ms (cache hit)
107 http cache which-collection@https://registry.npmjs.org/which-collection/-/which-collection-1.0.2.tgz 0ms (cache hit)
108 http cache which-builtin-type@https://registry.npmjs.org/which-builtin-type/-/which-builtin-type-1.2.1.tgz 0ms (cache hit)
109 http cache which-boxed-primitive@https://registry.npmjs.org/which-boxed-primitive/-/which-boxed-primitive-1.1.1.tgz 0ms (cache hit)
110 http cache which@https://registry.npmjs.org/which/-/which-2.0.2.tgz 0ms (cache hit)
111 http cache whatwg-url@https://registry.npmjs.org/whatwg-url/-/whatwg-url-5.0.0.tgz 0ms (cache hit)
112 http cache whatwg-fetch@https://registry.npmjs.org/whatwg-fetch/-/whatwg-fetch-3.6.20.tgz 0ms (cache hit)
113 http cache whatwg-url-without-unicode@https://registry.npmjs.org/whatwg-url-without-unicode/-/whatwg-url-without-unicode-8.0.0-3.tgz 0ms (cache hit)
114 http cache webidl-conversions@https://registry.npmjs.org/webidl-conversions/-/webidl-conversions-3.0.1.tgz 0ms (cache hit)
115 http cache wcwidth@https://registry.npmjs.org/wcwidth/-/wcwidth-1.0.1.tgz 0ms (cache hit)
116 http cache warn-once@https://registry.npmjs.org/warn-once/-/warn-once-0.1.1.tgz 0ms (cache hit)
117 http cache walker@https://registry.npmjs.org/walker/-/walker-1.0.8.tgz 0ms (cache hit)
118 http cache vlq@https://registry.npmjs.org/vlq/-/vlq-1.0.1.tgz 0ms (cache hit)
119 http cache vaul@https://registry.npmjs.org/vaul/-/vaul-1.1.2.tgz 0ms (cache hit)
120 http cache vary@https://registry.npmjs.org/vary/-/vary-1.1.2.tgz 0ms (cache hit)
121 http cache validate-npm-package-name@https://registry.npmjs.org/validate-npm-package-name/-/validate-npm-package-name-5.0.1.tgz 0ms (cache hit)
122 http cache v8-compile-cache-lib@https://registry.npmjs.org/v8-compile-cache-lib/-/v8-compile-cache-lib-3.0.1.tgz 0ms (cache hit)
123 http cache uuid@https://registry.npmjs.org/uuid/-/uuid-7.0.3.tgz 0ms (cache hit)
124 http cache utils-merge@https://registry.npmjs.org/utils-merge/-/utils-merge-1.0.1.tgz 0ms (cache hit)
125 http cache use-sync-external-store@https://registry.npmjs.org/use-sync-external-store/-/use-sync-external-store-1.6.0.tgz 0ms (cache hit)
126 http cache use-sidecar@https://registry.npmjs.org/use-sidecar/-/use-sidecar-1.1.3.tgz 0ms (cache hit)
127 http cache use-latest-callback@https://registry.npmjs.org/use-latest-callback/-/use-latest-callback-0.2.6.tgz 0ms (cache hit)
128 http cache use-callback-ref@https://registry.npmjs.org/use-callback-ref/-/use-callback-ref-1.3.3.tgz 0ms (cache hit)
129 http cache uri-js@https://registry.npmjs.org/uri-js/-/uri-js-4.4.1.tgz 0ms (cache hit)
130 http cache update-browserslist-db@https://registry.npmjs.org/update-browserslist-db/-/update-browserslist-db-1.2.3.tgz 0ms (cache hit)
131 http cache untildify@https://registry.npmjs.org/untildify/-/untildify-4.0.0.tgz 0ms (cache hit)
132 http cache unrs-resolver@https://registry.npmjs.org/unrs-resolver/-/unrs-resolver-1.11.1.tgz 0ms (cache hit)
133 http cache unpipe@https://registry.npmjs.org/unpipe/-/unpipe-1.0.0.tgz 0ms (cache hit)
134 http cache universalify@https://registry.npmjs.org/universalify/-/universalify-2.0.1.tgz 0ms (cache hit)
135 http cache unicode-property-aliases-ecmascript@https://registry.npmjs.org/unicode-property-aliases-ecmascript/-/unicode-property-aliases-ecmascript-2.2.0.tgz 0ms (cache hit)
136 http cache unicode-match-property-value-ecmascript@https://registry.npmjs.org/unicode-match-property-value-ecmascript/-/unicode-match-property-value-ecmascript-2.2.1.tgz 0ms (cache hit)
137 http cache unique-string@https://registry.npmjs.org/unique-string/-/unique-string-2.0.0.tgz 0ms (cache hit)
138 http cache unicode-match-property-ecmascript@https://registry.npmjs.org/unicode-match-property-ecmascript/-/unicode-match-property-ecmascript-2.0.0.tgz 0ms (cache hit)
139 http cache unicode-canonical-property-names-ecmascript@https://registry.npmjs.org/unicode-canonical-property-names-ecmascript/-/unicode-canonical-property-names-ecmascript-2.0.1.tgz 0ms (cache hit)
140 http cache undici@https://registry.npmjs.org/undici/-/undici-6.24.1.tgz 0ms (cache hit)
141 http cache unbox-primitive@https://registry.npmjs.org/unbox-primitive/-/unbox-primitive-1.1.0.tgz 0ms (cache hit)
142 http cache undici-types@https://registry.npmjs.org/undici-types/-/undici-types-7.18.2.tgz 0ms (cache hit)
143 http cache ua-parser-js@https://registry.npmjs.org/ua-parser-js/-/ua-parser-js-1.0.41.tgz 0ms (cache hit)
144 http cache typed-array-length@https://registry.npmjs.org/typed-array-length/-/typed-array-length-1.0.7.tgz 0ms (cache hit)
145 http cache typed-array-byte-offset@https://registry.npmjs.org/typed-array-byte-offset/-/typed-array-byte-offset-1.0.4.tgz 0ms (cache hit)
146 http cache typed-array-buffer@https://registry.npmjs.org/typed-array-buffer/-/typed-array-buffer-1.0.3.tgz 0ms (cache hit)
147 http cache typed-array-byte-length@https://registry.npmjs.org/typed-array-byte-length/-/typed-array-byte-length-1.0.3.tgz 0ms (cache hit)
148 http cache typescript@https://registry.npmjs.org/typescript/-/typescript-5.9.3.tgz 0ms (cache hit)
149 http cache type-detect@https://registry.npmjs.org/type-detect/-/type-detect-4.0.8.tgz 0ms (cache hit)
150 http cache type-fest@https://registry.npmjs.org/type-fest/-/type-fest-0.7.1.tgz 0ms (cache hit)
151 http cache type-check@https://registry.npmjs.org/type-check/-/type-check-0.4.0.tgz 0ms (cache hit)
152 http cache turndown@https://registry.npmjs.org/turndown/-/turndown-7.1.2.tgz 0ms (cache hit)
153 http cache tunnel-agent@https://registry.npmjs.org/tunnel-agent/-/tunnel-agent-0.6.0.tgz 0ms (cache hit)
154 http cache tslib@https://registry.npmjs.org/tslib/-/tslib-2.8.1.tgz 0ms (cache hit)
155 http cache ts-node@https://registry.npmjs.org/ts-node/-/ts-node-10.9.2.tgz 0ms (cache hit)
156 http cache tsconfig-paths@https://registry.npmjs.org/tsconfig-paths/-/tsconfig-paths-3.15.0.tgz 0ms (cache hit)
157 http cache ts-interface-checker@https://registry.npmjs.org/ts-interface-checker/-/ts-interface-checker-0.1.13.tgz 0ms (cache hit)
158 http cache ts-deepmerge@https://registry.npmjs.org/ts-deepmerge/-/ts-deepmerge-6.2.0.tgz 0ms (cache hit)
159 http cache tr46@https://registry.npmjs.org/tr46/-/tr46-0.0.3.tgz 0ms (cache hit)
160 http cache ts-api-utils@https://registry.npmjs.org/ts-api-utils/-/ts-api-utils-2.5.0.tgz 0ms (cache hit)
161 http cache toidentifier@https://registry.npmjs.org/toidentifier/-/toidentifier-1.0.1.tgz 0ms (cache hit)
162 http cache to-regex-range@https://registry.npmjs.org/to-regex-range/-/to-regex-range-5.0.1.tgz 0ms (cache hit)
163 http cache tmpl@https://registry.npmjs.org/tmpl/-/tmpl-1.0.5.tgz 0ms (cache hit)
164 http cache tinyglobby@https://registry.npmjs.org/tinyglobby/-/tinyglobby-0.2.15.tgz 0ms (cache hit)
165 http cache throat@https://registry.npmjs.org/throat/-/throat-5.0.0.tgz 0ms (cache hit)
166 http cache thenify-all@https://registry.npmjs.org/thenify-all/-/thenify-all-1.6.0.tgz 0ms (cache hit)
167 http cache thenify@https://registry.npmjs.org/thenify/-/thenify-3.3.1.tgz 0ms (cache hit)
168 http cache text-encoding@https://registry.npmjs.org/text-encoding/-/text-encoding-0.7.0.tgz 0ms (cache hit)
169 http cache text-decoder@https://registry.npmjs.org/text-decoder/-/text-decoder-1.2.7.tgz 0ms (cache hit)
170 http cache test-exclude@https://registry.npmjs.org/test-exclude/-/test-exclude-6.0.0.tgz 0ms (cache hit)
171 http cache terminal-link@https://registry.npmjs.org/terminal-link/-/terminal-link-2.1.1.tgz 0ms (cache hit)
172 http cache terser@https://registry.npmjs.org/terser/-/terser-5.46.1.tgz 0ms (cache hit)
173 http cache temp-dir@https://registry.npmjs.org/temp-dir/-/temp-dir-2.0.0.tgz 0ms (cache hit)
174 http cache tar-stream@https://registry.npmjs.org/tar-stream/-/tar-stream-3.1.7.tgz 0ms (cache hit)
175 http cache tar@https://registry.npmjs.org/tar/-/tar-7.5.13.tgz 0ms (cache hit)
176 http cache supports-preserve-symlinks-flag@https://registry.npmjs.org/supports-preserve-symlinks-flag/-/supports-preserve-symlinks-flag-1.0.0.tgz 0ms (cache hit)
177 http cache supports-hyperlinks@https://registry.npmjs.org/supports-hyperlinks/-/supports-hyperlinks-2.3.0.tgz 0ms (cache hit)
178 http cache supports-color@https://registry.npmjs.org/supports-color/-/supports-color-7.2.0.tgz 0ms (cache hit)
179 http cache sucrase@https://registry.npmjs.org/sucrase/-/sucrase-3.35.1.tgz 0ms (cache hit)
180 http cache styleq@https://registry.npmjs.org/styleq/-/styleq-0.1.3.tgz 0ms (cache hit)
181 http cache structured-headers@https://registry.npmjs.org/structured-headers/-/structured-headers-0.4.1.tgz 0ms (cache hit)
182 http cache strip-json-comments@https://registry.npmjs.org/strip-json-comments/-/strip-json-comments-3.1.1.tgz 0ms (cache hit)
183 http cache strip-bom@https://registry.npmjs.org/strip-bom/-/strip-bom-3.0.0.tgz 0ms (cache hit)
184 http cache strip-ansi-cjs@https://registry.npmjs.org/strip-ansi/-/strip-ansi-6.0.1.tgz 0ms (cache hit)
185 http cache string.prototype.trimstart@https://registry.npmjs.org/string.prototype.trimstart/-/string.prototype.trimstart-1.0.8.tgz 0ms (cache hit)
186 http cache strip-ansi@https://registry.npmjs.org/strip-ansi/-/strip-ansi-6.0.1.tgz 0ms (cache hit)
187 http cache string.prototype.trimend@https://registry.npmjs.org/string.prototype.trimend/-/string.prototype.trimend-1.0.9.tgz 0ms (cache hit)
188 http cache string.prototype.trim@https://registry.npmjs.org/string.prototype.trim/-/string.prototype.trim-1.2.10.tgz 0ms (cache hit)
189 http cache string.prototype.repeat@https://registry.npmjs.org/string.prototype.repeat/-/string.prototype.repeat-1.0.0.tgz 0ms (cache hit)
190 http cache string.prototype.matchall@https://registry.npmjs.org/string.prototype.matchall/-/string.prototype.matchall-4.0.12.tgz 0ms (cache hit)
191 http cache string-width@https://registry.npmjs.org/string-width/-/string-width-4.2.3.tgz 0ms (cache hit)
192 http cache string-width-cjs@https://registry.npmjs.org/string-width/-/string-width-4.2.3.tgz 0ms (cache hit)
193 http cache strict-uri-encode@https://registry.npmjs.org/strict-uri-encode/-/strict-uri-encode-2.0.0.tgz 0ms (cache hit)
194 http cache streamx@https://registry.npmjs.org/streamx/-/streamx-2.25.0.tgz 0ms (cache hit)
195 http cache stream-buffers@https://registry.npmjs.org/stream-buffers/-/stream-buffers-2.2.0.tgz 0ms (cache hit)
196 http cache stop-iteration-iterator@https://registry.npmjs.org/stop-iteration-iterator/-/stop-iteration-iterator-1.1.0.tgz 0ms (cache hit)
197 http cache statuses@https://registry.npmjs.org/statuses/-/statuses-1.5.0.tgz 0ms (cache hit)
198 http cache stacktrace-parser@https://registry.npmjs.org/stacktrace-parser/-/stacktrace-parser-0.1.11.tgz 0ms (cache hit)
199 http cache stack-utils@https://registry.npmjs.org/stack-utils/-/stack-utils-2.0.6.tgz 0ms (cache hit)
200 http cache stackframe@https://registry.npmjs.org/stackframe/-/stackframe-1.3.4.tgz 0ms (cache hit)
201 http cache stable-hash@https://registry.npmjs.org/stable-hash/-/stable-hash-0.0.5.tgz 0ms (cache hit)
202 http cache sprintf-js@https://registry.npmjs.org/sprintf-js/-/sprintf-js-1.0.3.tgz 0ms (cache hit)
203 http cache split-on-first@https://registry.npmjs.org/split-on-first/-/split-on-first-1.1.0.tgz 0ms (cache hit)
204 http cache source-map-support@https://registry.npmjs.org/source-map-support/-/source-map-support-0.5.21.tgz 0ms (cache hit)
205 http cache source-map-js@https://registry.npmjs.org/source-map-js/-/source-map-js-1.2.1.tgz 0ms (cache hit)
206 http cache slugify@https://registry.npmjs.org/slugify/-/slugify-1.6.9.tgz 1ms (cache hit)
207 http cache source-map@https://registry.npmjs.org/source-map/-/source-map-0.5.7.tgz 0ms (cache hit)
208 http cache slice-ansi@https://registry.npmjs.org/slice-ansi/-/slice-ansi-4.0.0.tgz 0ms (cache hit)
209 http cache slash@https://registry.npmjs.org/slash/-/slash-3.0.0.tgz 0ms (cache hit)
210 http cache sisteransi@https://registry.npmjs.org/sisteransi/-/sisteransi-1.0.5.tgz 0ms (cache hit)
211 http cache simple-swizzle@https://registry.npmjs.org/simple-swizzle/-/simple-swizzle-0.2.4.tgz 0ms (cache hit)
212 http cache simple-plist@https://registry.npmjs.org/simple-plist/-/simple-plist-1.3.1.tgz 0ms (cache hit)
213 http cache side-channel-weakmap@https://registry.npmjs.org/side-channel-weakmap/-/side-channel-weakmap-1.0.2.tgz 0ms (cache hit)
214 http cache signal-exit@https://registry.npmjs.org/signal-exit/-/signal-exit-3.0.7.tgz 0ms (cache hit)
215 http cache side-channel-map@https://registry.npmjs.org/side-channel-map/-/side-channel-map-1.0.1.tgz 0ms (cache hit)
216 http cache side-channel-list@https://registry.npmjs.org/side-channel-list/-/side-channel-list-1.0.0.tgz 0ms (cache hit)
217 http cache side-channel@https://registry.npmjs.org/side-channel/-/side-channel-1.1.0.tgz 0ms (cache hit)
218 http cache shell-quote@https://registry.npmjs.org/shell-quote/-/shell-quote-1.8.3.tgz 0ms (cache hit)
219 http cache shebang-regex@https://registry.npmjs.org/shebang-regex/-/shebang-regex-3.0.0.tgz 0ms (cache hit)
220 http cache shebang-command@https://registry.npmjs.org/shebang-command/-/shebang-command-2.0.0.tgz 0ms (cache hit)
221 http cache setprototypeof@https://registry.npmjs.org/setprototypeof/-/setprototypeof-1.2.0.tgz 0ms (cache hit)
222 http cache shallowequal@https://registry.npmjs.org/shallowequal/-/shallowequal-1.1.0.tgz 0ms (cache hit)
223 http cache sf-symbols-typescript@https://registry.npmjs.org/sf-symbols-typescript/-/sf-symbols-typescript-2.2.0.tgz 0ms (cache hit)
224 http cache setimmediate@https://registry.npmjs.org/setimmediate/-/setimmediate-1.0.5.tgz 0ms (cache hit)
225 http cache set-proto@https://registry.npmjs.org/set-proto/-/set-proto-1.0.0.tgz 0ms (cache hit)
226 http cache set-interval-async@https://registry.npmjs.org/set-interval-async/-/set-interval-async-3.0.3.tgz 0ms (cache hit)
227 http cache set-function-length@https://registry.npmjs.org/set-function-length/-/set-function-length-1.2.2.tgz 0ms (cache hit)
228 http cache set-function-name@https://registry.npmjs.org/set-function-name/-/set-function-name-2.0.2.tgz 0ms (cache hit)
229 http cache set-blocking@https://registry.npmjs.org/set-blocking/-/set-blocking-2.0.0.tgz 0ms (cache hit)
230 http cache server-only@https://registry.npmjs.org/server-only/-/server-only-0.0.1.tgz 0ms (cache hit)
231 http cache serve-static@https://registry.npmjs.org/serve-static/-/serve-static-1.16.3.tgz 0ms (cache hit)
232 http cache serialize-error@https://registry.npmjs.org/serialize-error/-/serialize-error-2.1.0.tgz 0ms (cache hit)
233 http cache send@https://registry.npmjs.org/send/-/send-0.19.2.tgz 0ms (cache hit)
234 http cache scheduler@https://registry.npmjs.org/scheduler/-/scheduler-0.26.0.tgz 0ms (cache hit)
235 http cache semver@https://registry.npmjs.org/semver/-/semver-6.3.1.tgz 0ms (cache hit)
236 http cache sax@https://registry.npmjs.org/sax/-/sax-1.6.0.tgz 0ms (cache hit)
237 http cache safe-regex-test@https://registry.npmjs.org/safe-regex-test/-/safe-regex-test-1.1.0.tgz 0ms (cache hit)
238 http cache safer-buffer@https://registry.npmjs.org/safer-buffer/-/safer-buffer-2.1.2.tgz 0ms (cache hit)
239 http cache safe-push-apply@https://registry.npmjs.org/safe-push-apply/-/safe-push-apply-1.0.0.tgz 0ms (cache hit)
240 http cache safe-json-stringify@https://registry.npmjs.org/safe-json-stringify/-/safe-json-stringify-1.2.0.tgz 0ms (cache hit)
241 http cache safe-buffer@https://registry.npmjs.org/safe-buffer/-/safe-buffer-5.2.1.tgz 0ms (cache hit)
242 http cache safe-array-concat@https://registry.npmjs.org/safe-array-concat/-/safe-array-concat-1.1.3.tgz 0ms (cache hit)
243 http cache run-parallel@https://registry.npmjs.org/run-parallel/-/run-parallel-1.2.0.tgz 0ms (cache hit)
244 http cache rimraf@https://registry.npmjs.org/rimraf/-/rimraf-3.0.2.tgz 0ms (cache hit)
245 http cache reusify@https://registry.npmjs.org/reusify/-/reusify-1.1.0.tgz 0ms (cache hit)
246 http cache retry@https://registry.npmjs.org/retry/-/retry-0.12.0.tgz 0ms (cache hit)
247 http cache restore-cursor@https://registry.npmjs.org/restore-cursor/-/restore-cursor-2.0.0.tgz 0ms (cache hit)
248 http cache resolve.exports@https://registry.npmjs.org/resolve.exports/-/resolve.exports-2.0.3.tgz 0ms (cache hit)
249 http cache resolve-workspace-root@https://registry.npmjs.org/resolve-workspace-root/-/resolve-workspace-root-2.0.1.tgz 0ms (cache hit)
250 http cache resolve-pkg-maps@https://registry.npmjs.org/resolve-pkg-maps/-/resolve-pkg-maps-1.0.0.tgz 0ms (cache hit)
251 http cache resolve-from@https://registry.npmjs.org/resolve-from/-/resolve-from-5.0.0.tgz 0ms (cache hit)
252 http cache resolve@https://registry.npmjs.org/resolve/-/resolve-2.0.0-next.6.tgz 0ms (cache hit)
253 http cache requireg@https://registry.npmjs.org/requireg/-/requireg-0.2.2.tgz 0ms (cache hit)
254 http cache require-main-filename@https://registry.npmjs.org/require-main-filename/-/require-main-filename-2.0.0.tgz 0ms (cache hit)
255 http cache require-from-string@https://registry.npmjs.org/require-from-string/-/require-from-string-2.0.2.tgz 0ms (cache hit)
256 http cache require-directory@https://registry.npmjs.org/require-directory/-/require-directory-2.1.1.tgz 0ms (cache hit)
257 http cache remove-trailing-slash@https://registry.npmjs.org/remove-trailing-slash/-/remove-trailing-slash-0.1.1.tgz 0ms (cache hit)
258 http cache regjsparser@https://registry.npmjs.org/regjsparser/-/regjsparser-0.13.1.tgz 0ms (cache hit)
259 http cache regjsgen@https://registry.npmjs.org/regjsgen/-/regjsgen-0.8.0.tgz 0ms (cache hit)
260 http cache regexpu-core@https://registry.npmjs.org/regexpu-core/-/regexpu-core-6.4.0.tgz 0ms (cache hit)
261 http cache regexp.prototype.flags@https://registry.npmjs.org/regexp.prototype.flags/-/regexp.prototype.flags-1.5.4.tgz 0ms (cache hit)
262 http cache regenerator-runtime@https://registry.npmjs.org/regenerator-runtime/-/regenerator-runtime-0.13.11.tgz 0ms (cache hit)
263 http cache regenerate-unicode-properties@https://registry.npmjs.org/regenerate-unicode-properties/-/regenerate-unicode-properties-10.2.2.tgz 0ms (cache hit)
264 http cache regenerate@https://registry.npmjs.org/regenerate/-/regenerate-1.4.2.tgz 0ms (cache hit)
265 http cache reflect.getprototypeof@https://registry.npmjs.org/reflect.getprototypeof/-/reflect.getprototypeof-1.0.10.tgz 0ms (cache hit)
266 http cache redeyed@https://registry.npmjs.org/redeyed/-/redeyed-2.1.1.tgz 0ms (cache hit)
267 http cache react-style-singleton@https://registry.npmjs.org/react-style-singleton/-/react-style-singleton-2.2.3.tgz 0ms (cache hit)
268 http cache react-remove-scroll@https://registry.npmjs.org/react-remove-scroll/-/react-remove-scroll-2.7.2.tgz 0ms (cache hit)
269 http cache react-remove-scroll-bar@https://registry.npmjs.org/react-remove-scroll-bar/-/react-remove-scroll-bar-2.3.8.tgz 0ms (cache hit)
270 http cache react-refresh@https://registry.npmjs.org/react-refresh/-/react-refresh-0.14.2.tgz 0ms (cache hit)
271 http cache react-native-web@https://registry.npmjs.org/react-native-web/-/react-native-web-0.21.2.tgz 0ms (cache hit)
272 http cache react-native-worklets@https://registry.npmjs.org/react-native-worklets/-/react-native-worklets-0.5.1.tgz 0ms (cache hit)
273 http cache react-native-svg@https://registry.npmjs.org/react-native-svg/-/react-native-svg-15.15.4.tgz 0ms (cache hit)
274 http cache react-native-safe-area-context@https://registry.npmjs.org/react-native-safe-area-context/-/react-native-safe-area-context-5.6.2.tgz 0ms (cache hit)
275 http cache react-native-reanimated@https://registry.npmjs.org/react-native-reanimated/-/react-native-reanimated-4.1.7.tgz 0ms (cache hit)
276 http cache react-native-screens@https://registry.npmjs.org/react-native-screens/-/react-native-screens-4.16.0.tgz 0ms (cache hit)
277 http cache react-native-qrcode-svg@https://registry.npmjs.org/react-native-qrcode-svg/-/react-native-qrcode-svg-6.3.21.tgz 0ms (cache hit)
278 http cache react-native-razorpay@https://registry.npmjs.org/react-native-razorpay/-/react-native-razorpay-2.3.1.tgz 0ms (cache hit)
279 http cache react-native-maps@https://registry.npmjs.org/react-native-maps/-/react-native-maps-1.20.1.tgz 0ms (cache hit)
280 http cache react-native-is-edge-to-edge@https://registry.npmjs.org/react-native-is-edge-to-edge/-/react-native-is-edge-to-edge-1.3.1.tgz 0ms (cache hit)
281 http cache react-native-gesture-handler@https://registry.npmjs.org/react-native-gesture-handler/-/react-native-gesture-handler-2.28.0.tgz 0ms (cache hit)
282 http cache react-native@https://registry.npmjs.org/react-native/-/react-native-0.81.5.tgz 0ms (cache hit)
283 http cache react-is@https://registry.npmjs.org/react-is/-/react-is-19.2.4.tgz 0ms (cache hit)
284 http cache react-freeze@https://registry.npmjs.org/react-freeze/-/react-freeze-1.0.4.tgz 0ms (cache hit)
285 http cache react-fast-compare@https://registry.npmjs.org/react-fast-compare/-/react-fast-compare-3.2.2.tgz 0ms (cache hit)
286 http cache react-dom@https://registry.npmjs.org/react-dom/-/react-dom-19.1.0.tgz 0ms (cache hit)
287 http cache react-devtools-core@https://registry.npmjs.org/react-devtools-core/-/react-devtools-core-6.1.5.tgz 0ms (cache hit)
288 http cache react@https://registry.npmjs.org/react/-/react-19.1.0.tgz 0ms (cache hit)
289 http cache queue-microtask@https://registry.npmjs.org/queue-microtask/-/queue-microtask-1.2.3.tgz 0ms (cache hit)
290 http cache range-parser@https://registry.npmjs.org/range-parser/-/range-parser-1.2.1.tgz 0ms (cache hit)
291 http cache rc@https://registry.npmjs.org/rc/-/rc-1.2.8.tgz 0ms (cache hit)
292 http cache queue@https://registry.npmjs.org/queue/-/queue-6.0.2.tgz 0ms (cache hit)
293 http cache query-string@https://registry.npmjs.org/query-string/-/query-string-7.1.3.tgz 0ms (cache hit)
294 http cache qrcode-terminal@https://registry.npmjs.org/qrcode-terminal/-/qrcode-terminal-0.11.0.tgz 0ms (cache hit)
295 http cache qrcode@https://registry.npmjs.org/qrcode/-/qrcode-1.5.4.tgz 0ms (cache hit)
296 http cache punycode@https://registry.npmjs.org/punycode/-/punycode-2.3.1.tgz 0ms (cache hit)
297 http cache prop-types@https://registry.npmjs.org/prop-types/-/prop-types-15.8.1.tgz 0ms (cache hit)
298 http cache prompts@https://registry.npmjs.org/prompts/-/prompts-2.4.2.tgz 0ms (cache hit)
299 http cache promise-retry@https://registry.npmjs.org/promise-retry/-/promise-retry-2.0.1.tgz 0ms (cache hit)
300 http cache promise-limit@https://registry.npmjs.org/promise-limit/-/promise-limit-2.7.0.tgz 0ms (cache hit)
301 http cache promise@https://registry.npmjs.org/promise/-/promise-8.3.0.tgz 0ms (cache hit)
302 http cache proc-log@https://registry.npmjs.org/proc-log/-/proc-log-4.2.0.tgz 0ms (cache hit)
303 http cache progress@https://registry.npmjs.org/progress/-/progress-2.0.3.tgz 0ms (cache hit)
304 http cache pretty-bytes@https://registry.npmjs.org/pretty-bytes/-/pretty-bytes-5.6.0.tgz 0ms (cache hit)
305 http cache pretty-format@https://registry.npmjs.org/pretty-format/-/pretty-format-29.7.0.tgz 0ms (cache hit)
306 http cache prelude-ls@https://registry.npmjs.org/prelude-ls/-/prelude-ls-1.2.1.tgz 0ms (cache hit)
307 http cache pngjs@https://registry.npmjs.org/pngjs/-/pngjs-3.4.0.tgz 0ms (cache hit)
308 http cache postcss@https://registry.npmjs.org/postcss/-/postcss-8.4.49.tgz 0ms (cache hit)
309 http cache plist@https://registry.npmjs.org/plist/-/plist-3.1.0.tgz 0ms (cache hit)
310 http cache pkg-dir@https://registry.npmjs.org/pkg-dir/-/pkg-dir-4.2.0.tgz 0ms (cache hit)
311 http cache possible-typed-array-names@https://registry.npmjs.org/possible-typed-array-names/-/possible-typed-array-names-1.1.0.tgz 0ms (cache hit)
312 http cache pirates@https://registry.npmjs.org/pirates/-/pirates-4.0.7.tgz 0ms (cache hit)
313 http cache picomatch@https://registry.npmjs.org/picomatch/-/picomatch-2.3.2.tgz 0ms (cache hit)
314 http cache path-type@https://registry.npmjs.org/path-type/-/path-type-4.0.0.tgz 0ms (cache hit)
315 http cache path-parse@https://registry.npmjs.org/path-parse/-/path-parse-1.0.7.tgz 0ms (cache hit)
316 http cache path-is-absolute@https://registry.npmjs.org/path-is-absolute/-/path-is-absolute-1.0.1.tgz 0ms (cache hit)
317 http cache path-key@https://registry.npmjs.org/path-key/-/path-key-3.1.1.tgz 0ms (cache hit)
318 http cache postcss-value-parser@https://registry.npmjs.org/postcss-value-parser/-/postcss-value-parser-4.2.0.tgz 0ms (cache hit)
319 http cache picocolors@https://registry.npmjs.org/picocolors/-/picocolors-1.1.1.tgz 0ms (cache hit)
320 http cache path-scurry@https://registry.npmjs.org/path-scurry/-/path-scurry-2.0.2.tgz 0ms (cache hit)
321 http cache path-exists@https://registry.npmjs.org/path-exists/-/path-exists-4.0.0.tgz 0ms (cache hit)
322 http cache password-prompt@https://registry.npmjs.org/password-prompt/-/password-prompt-1.1.3.tgz 0ms (cache hit)
323 http cache parse-json@https://registry.npmjs.org/parse-json/-/parse-json-4.0.0.tgz 0ms (cache hit)
324 http cache parse-png@https://registry.npmjs.org/parse-png/-/parse-png-2.1.0.tgz 0ms (cache hit)
325 http cache parent-module@https://registry.npmjs.org/parent-module/-/parent-module-1.0.1.tgz 0ms (cache hit)
326 http cache p-try@https://registry.npmjs.org/p-try/-/p-try-2.2.0.tgz 0ms (cache hit)
327 http cache package-json-from-dist@https://registry.npmjs.org/package-json-from-dist/-/package-json-from-dist-1.0.1.tgz 0ms (cache hit)
328 http cache p-locate@https://registry.npmjs.org/p-locate/-/p-locate-5.0.0.tgz 0ms (cache hit)
329 http cache p-limit@https://registry.npmjs.org/p-limit/-/p-limit-3.1.0.tgz 0ms (cache hit)
330 http cache own-keys@https://registry.npmjs.org/own-keys/-/own-keys-1.0.1.tgz 0ms (cache hit)
331 http cache ora@https://registry.npmjs.org/ora/-/ora-3.4.0.tgz 0ms (cache hit)
332 http cache optionator@https://registry.npmjs.org/optionator/-/optionator-0.9.4.tgz 0ms (cache hit)
333 http cache open@https://registry.npmjs.org/open/-/open-7.4.2.tgz 0ms (cache hit)
334 http cache onetime@https://registry.npmjs.org/onetime/-/onetime-2.0.1.tgz 0ms (cache hit)
335 http cache once@https://registry.npmjs.org/once/-/once-1.4.0.tgz 0ms (cache hit)
336 http cache on-headers@https://registry.npmjs.org/on-headers/-/on-headers-1.1.0.tgz 0ms (cache hit)
337 http cache on-finished@https://registry.npmjs.org/on-finished/-/on-finished-2.3.0.tgz 0ms (cache hit)
338 http cache object.values@https://registry.npmjs.org/object.values/-/object.values-1.2.1.tgz 0ms (cache hit)
339 http cache object.groupby@https://registry.npmjs.org/object.groupby/-/object.groupby-1.0.3.tgz 0ms (cache hit)
340 http cache object.fromentries@https://registry.npmjs.org/object.fromentries/-/object.fromentries-2.0.8.tgz 0ms (cache hit)
341 http cache object.assign@https://registry.npmjs.org/object.assign/-/object.assign-4.1.7.tgz 0ms (cache hit)
342 http cache object-treeify@https://registry.npmjs.org/object-treeify/-/object-treeify-1.1.33.tgz 0ms (cache hit)
343 http cache object-keys@https://registry.npmjs.org/object-keys/-/object-keys-1.1.1.tgz 0ms (cache hit)
344 http cache object-inspect@https://registry.npmjs.org/object-inspect/-/object-inspect-1.13.4.tgz 0ms (cache hit)
345 http cache object.entries@https://registry.npmjs.org/object.entries/-/object.entries-1.1.9.tgz 0ms (cache hit)
346 http cache object-assign@https://registry.npmjs.org/object-assign/-/object-assign-4.1.1.tgz 0ms (cache hit)
347 http cache ob1@https://registry.npmjs.org/ob1/-/ob1-0.83.3.tgz 0ms (cache hit)
348 http cache nullthrows@https://registry.npmjs.org/nullthrows/-/nullthrows-1.1.1.tgz 0ms (cache hit)
349 http cache nth-check@https://registry.npmjs.org/nth-check/-/nth-check-2.1.1.tgz 0ms (cache hit)
350 http cache npm-package-arg@https://registry.npmjs.org/npm-package-arg/-/npm-package-arg-11.0.3.tgz 0ms (cache hit)
351 http cache normalize-path@https://registry.npmjs.org/normalize-path/-/normalize-path-3.0.0.tgz 0ms (cache hit)
352 http cache parseurl@https://registry.npmjs.org/parseurl/-/parseurl-1.3.3.tgz 0ms (cache hit)
353 http cache node-stream-zip@https://registry.npmjs.org/node-stream-zip/-/node-stream-zip-1.15.0.tgz 0ms (cache hit)
354 http cache node-rsa@https://registry.npmjs.org/node-rsa/-/node-rsa-1.1.1.tgz 0ms (cache hit)
355 http cache node-releases@https://registry.npmjs.org/node-releases/-/node-releases-2.0.37.tgz 0ms (cache hit)
356 http cache node-int64@https://registry.npmjs.org/node-int64/-/node-int64-0.4.0.tgz 0ms (cache hit)
357 http cache node-exports-info@https://registry.npmjs.org/node-exports-info/-/node-exports-info-1.6.0.tgz 0ms (cache hit)
358 http cache nested-error-stacks@https://registry.npmjs.org/nested-error-stacks/-/nested-error-stacks-2.0.1.tgz 0ms (cache hit)
359 http cache node-forge@https://registry.npmjs.org/node-forge/-/node-forge-1.4.0.tgz 0ms (cache hit)
360 http cache negotiator@https://registry.npmjs.org/negotiator/-/negotiator-0.6.3.tgz 0ms (cache hit)
361 http cache ncp@https://registry.npmjs.org/ncp/-/ncp-2.0.0.tgz 0ms (cache hit)
362 http cache natural-orderby@https://registry.npmjs.org/natural-orderby/-/natural-orderby-2.0.3.tgz 0ms (cache hit)
363 http cache natural-compare@https://registry.npmjs.org/natural-compare/-/natural-compare-1.4.0.tgz 0ms (cache hit)
364 http cache napi-postinstall@https://registry.npmjs.org/napi-postinstall/-/napi-postinstall-0.3.4.tgz 0ms (cache hit)
365 http cache nanoid@https://registry.npmjs.org/nanoid/-/nanoid-3.3.11.tgz 0ms (cache hit)
366 http cache nan@https://registry.npmjs.org/nan/-/nan-2.26.2.tgz 0ms (cache hit)
367 http cache mz@https://registry.npmjs.org/mz/-/mz-2.7.0.tgz 0ms (cache hit)
368 http cache mv@https://registry.npmjs.org/mv/-/mv-2.1.1.tgz 0ms (cache hit)
369 http cache multipasta@https://registry.npmjs.org/multipasta/-/multipasta-0.2.7.tgz 0ms (cache hit)
370 http cache ms@https://registry.npmjs.org/ms/-/ms-2.1.3.tgz 0ms (cache hit)
371 http cache moment@https://registry.npmjs.org/moment/-/moment-2.30.1.tgz 0ms (cache hit)
372 http cache minizlib@https://registry.npmjs.org/minizlib/-/minizlib-3.1.0.tgz 0ms (cache hit)
373 http cache mkdirp@https://registry.npmjs.org/mkdirp/-/mkdirp-1.0.4.tgz 0ms (cache hit)
374 http cache minipass@https://registry.npmjs.org/minipass/-/minipass-7.1.3.tgz 0ms (cache hit)
375 http cache minimist@https://registry.npmjs.org/minimist/-/minimist-1.2.8.tgz 0ms (cache hit)
376 http cache minimatch@https://registry.npmjs.org/minimatch/-/minimatch-3.1.5.tgz 0ms (cache hit)
377 http cache mimic-fn@https://registry.npmjs.org/mimic-fn/-/mimic-fn-1.2.0.tgz 0ms (cache hit)
378 http cache mime-types@https://registry.npmjs.org/mime-types/-/mime-types-2.1.35.tgz 0ms (cache hit)
379 http cache mute-stream@https://registry.npmjs.org/mute-stream/-/mute-stream-0.0.8.tgz 0ms (cache hit)
380 http cache mime-db@https://registry.npmjs.org/mime-db/-/mime-db-1.52.0.tgz 0ms (cache hit)
381 http cache micromatch@https://registry.npmjs.org/micromatch/-/micromatch-4.0.8.tgz 0ms (cache hit)
382 http cache mime@https://registry.npmjs.org/mime/-/mime-1.6.0.tgz 0ms (cache hit)
383 http cache metro-transform-worker@https://registry.npmjs.org/metro-transform-worker/-/metro-transform-worker-0.83.3.tgz 0ms (cache hit)
384 http cache metro-symbolicate@https://registry.npmjs.org/metro-symbolicate/-/metro-symbolicate-0.83.3.tgz 0ms (cache hit)
385 http cache metro-runtime@https://registry.npmjs.org/metro-runtime/-/metro-runtime-0.83.3.tgz 0ms (cache hit)
386 http cache metro-source-map@https://registry.npmjs.org/metro-source-map/-/metro-source-map-0.83.3.tgz 0ms (cache hit)
387 http cache node-fetch@https://registry.npmjs.org/node-fetch/-/node-fetch-2.7.0.tgz 0ms (cache hit)
388 http cache metro-resolver@https://registry.npmjs.org/metro-resolver/-/metro-resolver-0.83.3.tgz 0ms (cache hit)
389 http cache metro-transform-plugins@https://registry.npmjs.org/metro-transform-plugins/-/metro-transform-plugins-0.83.3.tgz 0ms (cache hit)
390 http cache metro-minify-terser@https://registry.npmjs.org/metro-minify-terser/-/metro-minify-terser-0.83.3.tgz 0ms (cache hit)
391 http cache metro-core@https://registry.npmjs.org/metro-core/-/metro-core-0.83.3.tgz 0ms (cache hit)
392 http cache metro-config@https://registry.npmjs.org/metro-config/-/metro-config-0.83.3.tgz 0ms (cache hit)
393 http cache metro-cache@https://registry.npmjs.org/metro-cache/-/metro-cache-0.83.3.tgz 0ms (cache hit)
394 http cache metro-file-map@https://registry.npmjs.org/metro-file-map/-/metro-file-map-0.83.3.tgz 0ms (cache hit)
395 http cache metro-babel-transformer@https://registry.npmjs.org/metro-babel-transformer/-/metro-babel-transformer-0.83.3.tgz 0ms (cache hit)
396 http cache metro@https://registry.npmjs.org/metro/-/metro-0.83.3.tgz 0ms (cache hit)
397 http cache merge2@https://registry.npmjs.org/merge2/-/merge2-1.4.1.tgz 0ms (cache hit)
398 http cache merge-stream@https://registry.npmjs.org/merge-stream/-/merge-stream-2.0.0.tgz 0ms (cache hit)
399 http cache memoize-one@https://registry.npmjs.org/memoize-one/-/memoize-one-5.2.1.tgz 0ms (cache hit)
400 http cache mdn-data@https://registry.npmjs.org/mdn-data/-/mdn-data-2.0.14.tgz 0ms (cache hit)
401 http cache merge-options@https://registry.npmjs.org/merge-options/-/merge-options-3.0.4.tgz 0ms (cache hit)
402 http cache md5@https://registry.npmjs.org/md5/-/md5-2.3.0.tgz 0ms (cache hit)
403 http cache math-intrinsics@https://registry.npmjs.org/math-intrinsics/-/math-intrinsics-1.1.0.tgz 0ms (cache hit)
404 http cache marky@https://registry.npmjs.org/marky/-/marky-1.3.0.tgz 0ms (cache hit)
405 http cache lru-cache@https://registry.npmjs.org/lru-cache/-/lru-cache-5.1.1.tgz 0ms (cache hit)
406 http cache make-error@https://registry.npmjs.org/make-error/-/make-error-1.3.6.tgz 0ms (cache hit)
407 http cache makeerror@https://registry.npmjs.org/makeerror/-/makeerror-1.0.12.tgz 0ms (cache hit)
408 http cache loose-envify@https://registry.npmjs.org/loose-envify/-/loose-envify-1.4.0.tgz 0ms (cache hit)
409 http cache lodash.throttle@https://registry.npmjs.org/lodash.throttle/-/lodash.throttle-4.1.1.tgz 0ms (cache hit)
410 http cache log-symbols@https://registry.npmjs.org/log-symbols/-/log-symbols-2.2.0.tgz 0ms (cache hit)
411 http cache lodash.merge@https://registry.npmjs.org/lodash.merge/-/lodash.merge-4.6.2.tgz 0ms (cache hit)
412 http cache lodash.debounce@https://registry.npmjs.org/lodash.debounce/-/lodash.debounce-4.0.8.tgz 0ms (cache hit)
413 http cache lodash.get@https://registry.npmjs.org/lodash.get/-/lodash.get-4.4.2.tgz 0ms (cache hit)
414 http cache lodash.clonedeep@https://registry.npmjs.org/lodash.clonedeep/-/lodash.clonedeep-4.5.0.tgz 0ms (cache hit)
415 http cache lines-and-columns@https://registry.npmjs.org/lines-and-columns/-/lines-and-columns-1.2.4.tgz 0ms (cache hit)
416 http cache metro-cache-key@https://registry.npmjs.org/metro-cache-key/-/metro-cache-key-0.83.3.tgz 0ms (cache hit)
417 http cache lilconfig@https://registry.npmjs.org/lilconfig/-/lilconfig-3.1.3.tgz 0ms (cache hit)
418 http cache lightningcss-win32-x64-msvc@https://registry.npmjs.org/lightningcss-win32-x64-msvc/-/lightningcss-win32-x64-msvc-1.32.0.tgz 0ms (cache hit)
419 http cache lighthouse-logger@https://registry.npmjs.org/lighthouse-logger/-/lighthouse-logger-1.4.2.tgz 0ms (cache hit)
420 http cache lightningcss@https://registry.npmjs.org/lightningcss/-/lightningcss-1.32.0.tgz 0ms (cache hit)
421 http cache levn@https://registry.npmjs.org/levn/-/levn-0.4.1.tgz 0ms (cache hit)
422 http cache leven@https://registry.npmjs.org/leven/-/leven-3.1.0.tgz 0ms (cache hit)
423 http cache lan-network@https://registry.npmjs.org/lan-network/-/lan-network-0.1.7.tgz 0ms (cache hit)
424 http cache kleur@https://registry.npmjs.org/kleur/-/kleur-3.0.3.tgz 0ms (cache hit)
425 http cache keyv@https://registry.npmjs.org/keyv/-/keyv-4.5.4.tgz 0ms (cache hit)
426 http cache keychain@https://registry.npmjs.org/keychain/-/keychain-1.5.0.tgz 0ms (cache hit)
427 http cache jsx-ast-utils@https://registry.npmjs.org/jsx-ast-utils/-/jsx-ast-utils-3.3.5.tgz 0ms (cache hit)
428 http cache jsonfile@https://registry.npmjs.org/jsonfile/-/jsonfile-6.2.0.tgz 0ms (cache hit)
429 http cache json5@https://registry.npmjs.org/json5/-/json5-2.2.3.tgz 0ms (cache hit)
430 http cache json-stable-stringify-without-jsonify@https://registry.npmjs.org/json-stable-stringify-without-jsonify/-/json-stable-stringify-without-jsonify-1.0.1.tgz 0ms (cache hit)
431 http cache json-schema-traverse@https://registry.npmjs.org/json-schema-traverse/-/json-schema-traverse-0.4.1.tgz 0ms (cache hit)
432 http cache locate-path@https://registry.npmjs.org/locate-path/-/locate-path-6.0.0.tgz 0ms (cache hit)
433 http cache json-parse-better-errors@https://registry.npmjs.org/json-parse-better-errors/-/json-parse-better-errors-1.0.2.tgz 0ms (cache hit)
434 http cache jsep@https://registry.npmjs.org/jsep/-/jsep-1.4.0.tgz 0ms (cache hit)
435 http cache json-buffer@https://registry.npmjs.org/json-buffer/-/json-buffer-3.0.1.tgz 0ms (cache hit)
436 http cache jsc-safe-url@https://registry.npmjs.org/jsc-safe-url/-/jsc-safe-url-0.2.4.tgz 0ms (cache hit)
437 http cache jsesc@https://registry.npmjs.org/jsesc/-/jsesc-3.1.0.tgz 0ms (cache hit)
438 http cache js-yaml@https://registry.npmjs.org/js-yaml/-/js-yaml-4.1.1.tgz 0ms (cache hit)
439 http cache js-tokens@https://registry.npmjs.org/js-tokens/-/js-tokens-4.0.0.tgz 0ms (cache hit)
440 http cache joi@https://registry.npmjs.org/joi/-/joi-17.11.0.tgz 0ms (cache hit)
441 http cache join-component@https://registry.npmjs.org/join-component/-/join-component-1.1.0.tgz 0ms (cache hit)
442 http cache jks-js@https://registry.npmjs.org/jks-js/-/jks-js-1.1.0.tgz 0ms (cache hit)
443 http cache jimp-compact@https://registry.npmjs.org/jimp-compact/-/jimp-compact-0.16.1.tgz 0ms (cache hit)
444 http cache jest-validate@https://registry.npmjs.org/jest-validate/-/jest-validate-29.7.0.tgz 0ms (cache hit)
445 http cache jest-util@https://registry.npmjs.org/jest-util/-/jest-util-29.7.0.tgz 0ms (cache hit)
446 http cache jest-regex-util@https://registry.npmjs.org/jest-regex-util/-/jest-regex-util-29.6.3.tgz 0ms (cache hit)
447 http cache jest-message-util@https://registry.npmjs.org/jest-message-util/-/jest-message-util-29.7.0.tgz 0ms (cache hit)
448 http cache jest-mock@https://registry.npmjs.org/jest-mock/-/jest-mock-29.7.0.tgz 0ms (cache hit)
449 http cache jest-worker@https://registry.npmjs.org/jest-worker/-/jest-worker-29.7.0.tgz 0ms (cache hit)
450 http cache jest-haste-map@https://registry.npmjs.org/jest-haste-map/-/jest-haste-map-29.7.0.tgz 0ms (cache hit)
451 http cache jest-get-type@https://registry.npmjs.org/jest-get-type/-/jest-get-type-29.6.3.tgz 0ms (cache hit)
452 http cache jest-environment-node@https://registry.npmjs.org/jest-environment-node/-/jest-environment-node-29.7.0.tgz 0ms (cache hit)
453 http cache jake@https://registry.npmjs.org/jake/-/jake-10.9.4.tgz 0ms (cache hit)
454 http cache iterator.prototype@https://registry.npmjs.org/iterator.prototype/-/iterator.prototype-1.1.5.tgz 0ms (cache hit)
455 http cache istanbul-lib-coverage@https://registry.npmjs.org/istanbul-lib-coverage/-/istanbul-lib-coverage-3.2.2.tgz 0ms (cache hit)
456 http cache isexe@https://registry.npmjs.org/isexe/-/isexe-2.0.0.tgz 0ms (cache hit)
457 http cache istanbul-lib-instrument@https://registry.npmjs.org/istanbul-lib-instrument/-/istanbul-lib-instrument-5.2.1.tgz 0ms (cache hit)
458 http cache isarray@https://registry.npmjs.org/isarray/-/isarray-2.0.5.tgz 0ms (cache hit)
459 http cache is-wsl@https://registry.npmjs.org/is-wsl/-/is-wsl-2.2.0.tgz 0ms (cache hit)
460 http cache is-weakset@https://registry.npmjs.org/is-weakset/-/is-weakset-2.0.4.tgz 0ms (cache hit)
461 http cache is-weakmap@https://registry.npmjs.org/is-weakmap/-/is-weakmap-2.0.2.tgz 0ms (cache hit)
462 http cache is-typed-array@https://registry.npmjs.org/is-typed-array/-/is-typed-array-1.1.15.tgz 0ms (cache hit)
463 http cache is-unicode-supported@https://registry.npmjs.org/is-unicode-supported/-/is-unicode-supported-0.1.0.tgz 0ms (cache hit)
464 http cache is-symbol@https://registry.npmjs.org/is-symbol/-/is-symbol-1.1.1.tgz 0ms (cache hit)
465 http cache is-string@https://registry.npmjs.org/is-string/-/is-string-1.1.1.tgz 0ms (cache hit)
466 http cache is-stream@https://registry.npmjs.org/is-stream/-/is-stream-2.0.1.tgz 0ms (cache hit)
467 http cache is-shared-array-buffer@https://registry.npmjs.org/is-shared-array-buffer/-/is-shared-array-buffer-1.0.4.tgz 0ms (cache hit)
468 http cache is-retry-allowed@https://registry.npmjs.org/is-retry-allowed/-/is-retry-allowed-1.2.0.tgz 0ms (cache hit)
469 http cache is-set@https://registry.npmjs.org/is-set/-/is-set-2.0.3.tgz 0ms (cache hit)
470 http cache is-regex@https://registry.npmjs.org/is-regex/-/is-regex-1.2.1.tgz 0ms (cache hit)
471 http cache is-plain-obj@https://registry.npmjs.org/is-plain-obj/-/is-plain-obj-2.1.0.tgz 0ms (cache hit)
472 http cache is-number-object@https://registry.npmjs.org/is-number-object/-/is-number-object-1.1.1.tgz 0ms (cache hit)
473 http cache is-number@https://registry.npmjs.org/is-number/-/is-number-7.0.0.tgz 0ms (cache hit)
474 http cache is-negative-zero@https://registry.npmjs.org/is-negative-zero/-/is-negative-zero-2.0.3.tgz 0ms (cache hit)
475 http cache is-map@https://registry.npmjs.org/is-map/-/is-map-2.0.3.tgz 0ms (cache hit)
476 http cache is-glob@https://registry.npmjs.org/is-glob/-/is-glob-4.0.3.tgz 0ms (cache hit)
477 http cache is-generator-function@https://registry.npmjs.org/is-generator-function/-/is-generator-function-1.1.2.tgz 0ms (cache hit)
478 http cache is-fullwidth-code-point@https://registry.npmjs.org/is-fullwidth-code-point/-/is-fullwidth-code-point-3.0.0.tgz 0ms (cache hit)
479 http cache is-finalizationregistry@https://registry.npmjs.org/is-finalizationregistry/-/is-finalizationregistry-1.1.1.tgz 0ms (cache hit)
480 http cache jackspeak@https://registry.npmjs.org/jackspeak/-/jackspeak-3.4.3.tgz 0ms (cache hit)
481 http cache is-extglob@https://registry.npmjs.org/is-extglob/-/is-extglob-2.1.1.tgz 0ms (cache hit)
482 http cache is-weakref@https://registry.npmjs.org/is-weakref/-/is-weakref-1.1.1.tgz 0ms (cache hit)
483 http cache is-docker@https://registry.npmjs.org/is-docker/-/is-docker-2.2.1.tgz 0ms (cache hit)
484 http cache is-date-object@https://registry.npmjs.org/is-date-object/-/is-date-object-1.1.0.tgz 0ms (cache hit)
485 http cache is-data-view@https://registry.npmjs.org/is-data-view/-/is-data-view-1.0.2.tgz 0ms (cache hit)
486 http cache is-core-module@https://registry.npmjs.org/is-core-module/-/is-core-module-2.16.1.tgz 0ms (cache hit)
487 http cache is-callable@https://registry.npmjs.org/is-callable/-/is-callable-1.2.7.tgz 0ms (cache hit)
488 http cache is-buffer@https://registry.npmjs.org/is-buffer/-/is-buffer-1.1.6.tgz 0ms (cache hit)
489 http cache is-bigint@https://registry.npmjs.org/is-bigint/-/is-bigint-1.1.0.tgz 0ms (cache hit)
490 http cache is-boolean-object@https://registry.npmjs.org/is-boolean-object/-/is-boolean-object-1.2.2.tgz 0ms (cache hit)
491 http cache is-bun-module@https://registry.npmjs.org/is-bun-module/-/is-bun-module-2.0.0.tgz 0ms (cache hit)
492 http cache is-async-function@https://registry.npmjs.org/is-async-function/-/is-async-function-2.1.1.tgz 0ms (cache hit)
493 http cache is-array-buffer@https://registry.npmjs.org/is-array-buffer/-/is-array-buffer-3.0.5.tgz 0ms (cache hit)
494 http cache is-arrayish@https://registry.npmjs.org/is-arrayish/-/is-arrayish-0.3.4.tgz 0ms (cache hit)
495 http cache invariant@https://registry.npmjs.org/invariant/-/invariant-2.2.4.tgz 0ms (cache hit)
496 http cache internal-slot@https://registry.npmjs.org/internal-slot/-/internal-slot-1.1.0.tgz 0ms (cache hit)
497 http cache inline-style-prefixer@https://registry.npmjs.org/inline-style-prefixer/-/inline-style-prefixer-7.0.1.tgz 0ms (cache hit)
498 http cache ini@https://registry.npmjs.org/ini/-/ini-1.3.8.tgz 0ms (cache hit)
499 http cache inherits@https://registry.npmjs.org/inherits/-/inherits-2.0.4.tgz 0ms (cache hit)
500 http cache indent-string@https://registry.npmjs.org/indent-string/-/indent-string-4.0.0.tgz 0ms (cache hit)
501 http cache import-fresh@https://registry.npmjs.org/import-fresh/-/import-fresh-3.3.1.tgz 0ms (cache hit)
502 http cache imurmurhash@https://registry.npmjs.org/imurmurhash/-/imurmurhash-0.1.4.tgz 0ms (cache hit)
503 http cache image-size@https://registry.npmjs.org/image-size/-/image-size-1.2.1.tgz 0ms (cache hit)
504 http cache ignore@https://registry.npmjs.org/ignore/-/ignore-5.3.2.tgz 0ms (cache hit)
505 http cache ieee754@https://registry.npmjs.org/ieee754/-/ieee754-1.2.1.tgz 0ms (cache hit)
506 http cache hyphenate-style-name@https://registry.npmjs.org/hyphenate-style-name/-/hyphenate-style-name-1.1.0.tgz 0ms (cache hit)
507 http cache inflight@https://registry.npmjs.org/inflight/-/inflight-1.0.6.tgz 0ms (cache hit)
508 http cache hyperlinker@https://registry.npmjs.org/hyperlinker/-/hyperlinker-1.0.0.tgz 0ms (cache hit)
509 http cache https-proxy-agent@https://registry.npmjs.org/https-proxy-agent/-/https-proxy-agent-7.0.6.tgz 0ms (cache hit)
510 http cache http-errors@https://registry.npmjs.org/http-errors/-/http-errors-2.0.1.tgz 0ms (cache hit)
511 http cache http-call@https://registry.npmjs.org/http-call/-/http-call-5.3.0.tgz 0ms (cache hit)
512 http cache hoist-non-react-statics@https://registry.npmjs.org/hoist-non-react-statics/-/hoist-non-react-statics-3.3.2.tgz 0ms (cache hit)
513 http cache hosted-git-info@https://registry.npmjs.org/hosted-git-info/-/hosted-git-info-7.0.2.tgz 0ms (cache hit)
514 http cache hermes-parser@https://registry.npmjs.org/hermes-parser/-/hermes-parser-0.29.1.tgz 0ms (cache hit)
515 http cache has-tostringtag@https://registry.npmjs.org/has-tostringtag/-/has-tostringtag-1.0.2.tgz 0ms (cache hit)
516 http cache hermes-estree@https://registry.npmjs.org/hermes-estree/-/hermes-estree-0.29.1.tgz 0ms (cache hit)
517 http cache has-symbols@https://registry.npmjs.org/has-symbols/-/has-symbols-1.1.0.tgz 0ms (cache hit)
518 http cache has-proto@https://registry.npmjs.org/has-proto/-/has-proto-1.2.0.tgz 0ms (cache hit)
519 http cache has-property-descriptors@https://registry.npmjs.org/has-property-descriptors/-/has-property-descriptors-1.0.2.tgz 0ms (cache hit)
520 http cache has-flag@https://registry.npmjs.org/has-flag/-/has-flag-4.0.0.tgz 0ms (cache hit)
521 http cache has-bigints@https://registry.npmjs.org/has-bigints/-/has-bigints-1.1.0.tgz 0ms (cache hit)
522 http cache graphql-tag@https://registry.npmjs.org/graphql-tag/-/graphql-tag-2.12.6.tgz 0ms (cache hit)
523 http cache graphql@https://registry.npmjs.org/graphql/-/graphql-16.8.1.tgz 0ms (cache hit)
524 http cache gradle-to-js@https://registry.npmjs.org/gradle-to-js/-/gradle-to-js-2.0.1.tgz 0ms (cache hit)
525 http cache graceful-fs@https://registry.npmjs.org/graceful-fs/-/graceful-fs-4.2.11.tgz 0ms (cache hit)
526 http cache gopd@https://registry.npmjs.org/gopd/-/gopd-1.2.0.tgz 0ms (cache hit)
527 http cache globby@https://registry.npmjs.org/globby/-/globby-11.1.0.tgz 0ms (cache hit)
528 http cache golden-fleece@https://registry.npmjs.org/golden-fleece/-/golden-fleece-1.0.9.tgz 0ms (cache hit)
529 http cache globalthis@https://registry.npmjs.org/globalthis/-/globalthis-1.0.4.tgz 0ms (cache hit)
530 http cache globals@https://registry.npmjs.org/globals/-/globals-14.0.0.tgz 0ms (cache hit)
531 http cache glob-parent@https://registry.npmjs.org/glob-parent/-/glob-parent-6.0.2.tgz 0ms (cache hit)
532 http cache glob@https://registry.npmjs.org/glob/-/glob-13.0.6.tgz 0ms (cache hit)
533 http cache getenv@https://registry.npmjs.org/getenv/-/getenv-2.0.0.tgz 0ms (cache hit)
534 http cache get-tsconfig@https://registry.npmjs.org/get-tsconfig/-/get-tsconfig-4.13.7.tgz 0ms (cache hit)
535 http cache get-symbol-description@https://registry.npmjs.org/get-symbol-description/-/get-symbol-description-1.1.0.tgz 0ms (cache hit)
536 http cache get-proto@https://registry.npmjs.org/get-proto/-/get-proto-1.0.1.tgz 0ms (cache hit)
537 http cache get-nonce@https://registry.npmjs.org/get-nonce/-/get-nonce-1.0.1.tgz 0ms (cache hit)
538 http cache get-package-type@https://registry.npmjs.org/get-package-type/-/get-package-type-0.1.0.tgz 0ms (cache hit)
539 http cache get-caller-file@https://registry.npmjs.org/get-caller-file/-/get-caller-file-2.0.5.tgz 0ms (cache hit)
540 http cache get-intrinsic@https://registry.npmjs.org/get-intrinsic/-/get-intrinsic-1.3.0.tgz 0ms (cache hit)
541 http cache gensync@https://registry.npmjs.org/gensync/-/gensync-1.0.0-beta.2.tgz 0ms (cache hit)
542 http cache generator-function@https://registry.npmjs.org/generator-function/-/generator-function-2.0.1.tgz 0ms (cache hit)
543 http cache function.prototype.name@https://registry.npmjs.org/function.prototype.name/-/function.prototype.name-1.1.8.tgz 0ms (cache hit)
544 http cache functions-have-names@https://registry.npmjs.org/functions-have-names/-/functions-have-names-1.2.3.tgz 0ms (cache hit)
545 http cache function-bind@https://registry.npmjs.org/function-bind/-/function-bind-1.1.2.tgz 0ms (cache hit)
546 http cache fs.realpath@https://registry.npmjs.org/fs.realpath/-/fs.realpath-1.0.0.tgz 0ms (cache hit)
547 http cache fresh@https://registry.npmjs.org/fresh/-/fresh-0.5.2.tgz 0ms (cache hit)
548 http cache fs-extra@https://registry.npmjs.org/fs-extra/-/fs-extra-11.2.0.tgz 0ms (cache hit)
549 http cache freeport-async@https://registry.npmjs.org/freeport-async/-/freeport-async-2.0.0.tgz 0ms (cache hit)
550 http cache foreground-child@https://registry.npmjs.org/foreground-child/-/foreground-child-3.3.1.tgz 0ms (cache hit)
551 http cache form-data@https://registry.npmjs.org/form-data/-/form-data-4.0.5.tgz 0ms (cache hit)
552 http cache for-each@https://registry.npmjs.org/for-each/-/for-each-0.3.5.tgz 0ms (cache hit)
553 http cache fontfaceobserver@https://registry.npmjs.org/fontfaceobserver/-/fontfaceobserver-2.3.0.tgz 0ms (cache hit)
554 http cache flow-enums-runtime@https://registry.npmjs.org/flow-enums-runtime/-/flow-enums-runtime-0.0.6.tgz 0ms (cache hit)
555 http cache flatted@https://registry.npmjs.org/flatted/-/flatted-3.4.2.tgz 0ms (cache hit)
556 http cache flat-cache@https://registry.npmjs.org/flat-cache/-/flat-cache-4.0.1.tgz 0ms (cache hit)
557 http cache finalhandler@https://registry.npmjs.org/finalhandler/-/finalhandler-1.1.2.tgz 0ms (cache hit)
558 http cache filter-obj@https://registry.npmjs.org/filter-obj/-/filter-obj-1.1.0.tgz 0ms (cache hit)
559 http cache fill-range@https://registry.npmjs.org/fill-range/-/fill-range-7.1.1.tgz 0ms (cache hit)
560 http cache filelist@https://registry.npmjs.org/filelist/-/filelist-1.0.6.tgz 0ms (cache hit)
561 http cache file-entry-cache@https://registry.npmjs.org/file-entry-cache/-/file-entry-cache-8.0.0.tgz 0ms (cache hit)
562 http cache fetch-retry@https://registry.npmjs.org/fetch-retry/-/fetch-retry-4.1.1.tgz 1ms (cache hit)
563 http cache figures@https://registry.npmjs.org/figures/-/figures-3.2.0.tgz 0ms (cache hit)
564 http cache fbjs-css-vars@https://registry.npmjs.org/fbjs-css-vars/-/fbjs-css-vars-1.0.2.tgz 0ms (cache hit)
565 http cache fbjs@https://registry.npmjs.org/fbjs/-/fbjs-3.0.5.tgz 0ms (cache hit)
566 http cache fb-watchman@https://registry.npmjs.org/fb-watchman/-/fb-watchman-2.0.2.tgz 0ms (cache hit)
567 http cache fastq@https://registry.npmjs.org/fastq/-/fastq-1.20.1.tgz 0ms (cache hit)
568 http cache fast-uri@https://registry.npmjs.org/fast-uri/-/fast-uri-3.1.0.tgz 0ms (cache hit)
569 http cache fast-levenshtein@https://registry.npmjs.org/fast-levenshtein/-/fast-levenshtein-2.0.6.tgz 0ms (cache hit)
570 http cache fast-json-stable-stringify@https://registry.npmjs.org/fast-json-stable-stringify/-/fast-json-stable-stringify-2.1.0.tgz 0ms (cache hit)
571 http cache fast-glob@https://registry.npmjs.org/fast-glob/-/fast-glob-3.3.2.tgz 0ms (cache hit)
572 http cache fast-fifo@https://registry.npmjs.org/fast-fifo/-/fast-fifo-1.3.2.tgz 0ms (cache hit)
573 http cache fast-deep-equal@https://registry.npmjs.org/fast-deep-equal/-/fast-deep-equal-3.1.3.tgz 0ms (cache hit)
574 http cache exponential-backoff@https://registry.npmjs.org/exponential-backoff/-/exponential-backoff-3.1.3.tgz 0ms (cache hit)
575 http cache expo-web-browser@https://registry.npmjs.org/expo-web-browser/-/expo-web-browser-15.0.10.tgz 0ms (cache hit)
576 http cache expo-system-ui@https://registry.npmjs.org/expo-system-ui/-/expo-system-ui-6.0.9.tgz 0ms (cache hit)
577 http cache expo-symbols@https://registry.npmjs.org/expo-symbols/-/expo-symbols-1.0.8.tgz 0ms (cache hit)
578 http cache expo-status-bar@https://registry.npmjs.org/expo-status-bar/-/expo-status-bar-3.0.9.tgz 1ms (cache hit)
579 http cache expo-splash-screen@https://registry.npmjs.org/expo-splash-screen/-/expo-splash-screen-31.0.13.tgz 0ms (cache hit)
580 http cache expo-server@https://registry.npmjs.org/expo-server/-/expo-server-1.0.5.tgz 0ms (cache hit)
581 http cache expo-router@https://registry.npmjs.org/expo-router/-/expo-router-6.0.23.tgz 0ms (cache hit)
582 http cache expo-modules-core@https://registry.npmjs.org/expo-modules-core/-/expo-modules-core-3.0.29.tgz 0ms (cache hit)
583 http cache expo-modules-autolinking@https://registry.npmjs.org/expo-modules-autolinking/-/expo-modules-autolinking-3.0.24.tgz 0ms (cache hit)
584 http cache expo-location@https://registry.npmjs.org/expo-location/-/expo-location-19.0.8.tgz 1ms (cache hit)
585 http cache expo-linear-gradient@https://registry.npmjs.org/expo-linear-gradient/-/expo-linear-gradient-15.0.8.tgz 0ms (cache hit)
586 http cache expo-linking@https://registry.npmjs.org/expo-linking/-/expo-linking-8.0.11.tgz 0ms (cache hit)
587 http cache expo-keep-awake@https://registry.npmjs.org/expo-keep-awake/-/expo-keep-awake-15.0.8.tgz 0ms (cache hit)
588 http cache expo-image-picker@https://registry.npmjs.org/expo-image-picker/-/expo-image-picker-55.0.16.tgz 0ms (cache hit)
589 http cache expo-image@https://registry.npmjs.org/expo-image/-/expo-image-3.0.11.tgz 0ms (cache hit)
590 http cache expo-haptics@https://registry.npmjs.org/expo-haptics/-/expo-haptics-15.0.8.tgz 0ms (cache hit)
591 http cache expo-file-system@https://registry.npmjs.org/expo-file-system/-/expo-file-system-19.0.21.tgz 0ms (cache hit)
592 http cache expo-image-loader@https://registry.npmjs.org/expo-image-loader/-/expo-image-loader-55.0.0.tgz 0ms (cache hit)
593 http cache expo-font@https://registry.npmjs.org/expo-font/-/expo-font-14.0.11.tgz 0ms (cache hit)
594 http cache expo-constants@https://registry.npmjs.org/expo-constants/-/expo-constants-18.0.13.tgz 0ms (cache hit)
595 http cache expo-asset@https://registry.npmjs.org/expo-asset/-/expo-asset-12.0.12.tgz 0ms (cache hit)
596 http cache expo@https://registry.npmjs.org/expo/-/expo-54.0.33.tgz 0ms (cache hit)
597 http cache exec-async@https://registry.npmjs.org/exec-async/-/exec-async-2.2.0.tgz 0ms (cache hit)
598 http cache events-universal@https://registry.npmjs.org/events-universal/-/events-universal-1.0.1.tgz 0ms (cache hit)
599 http cache event-target-shim@https://registry.npmjs.org/event-target-shim/-/event-target-shim-5.0.1.tgz 1ms (cache hit)
600 http cache etag@https://registry.npmjs.org/etag/-/etag-1.8.1.tgz 0ms (cache hit)
601 http cache esutils@https://registry.npmjs.org/esutils/-/esutils-2.0.3.tgz 0ms (cache hit)
602 http cache estraverse@https://registry.npmjs.org/estraverse/-/estraverse-5.3.0.tgz 0ms (cache hit)
603 http cache esrecurse@https://registry.npmjs.org/esrecurse/-/esrecurse-4.3.0.tgz 0ms (cache hit)
604 http cache esquery@https://registry.npmjs.org/esquery/-/esquery-1.7.0.tgz 0ms (cache hit)
605 http cache esprima@https://registry.npmjs.org/esprima/-/esprima-4.0.1.tgz 0ms (cache hit)
606 http cache espree@https://registry.npmjs.org/espree/-/espree-10.4.0.tgz 0ms (cache hit)
607 http cache eslint-visitor-keys@https://registry.npmjs.org/eslint-visitor-keys/-/eslint-visitor-keys-4.2.1.tgz 0ms (cache hit)
608 http cache eslint-scope@https://registry.npmjs.org/eslint-scope/-/eslint-scope-8.4.0.tgz 0ms (cache hit)
609 http cache eslint-plugin-react-hooks@https://registry.npmjs.org/eslint-plugin-react-hooks/-/eslint-plugin-react-hooks-5.2.0.tgz 0ms (cache hit)
610 http cache eslint-plugin-react@https://registry.npmjs.org/eslint-plugin-react/-/eslint-plugin-react-7.37.5.tgz 0ms (cache hit)
611 http cache eslint-plugin-import@https://registry.npmjs.org/eslint-plugin-import/-/eslint-plugin-import-2.32.0.tgz 0ms (cache hit)
612 http cache eslint-plugin-expo@https://registry.npmjs.org/eslint-plugin-expo/-/eslint-plugin-expo-1.0.0.tgz 0ms (cache hit)
613 http cache eslint-module-utils@https://registry.npmjs.org/eslint-module-utils/-/eslint-module-utils-2.12.1.tgz 0ms (cache hit)
614 http cache eslint-import-resolver-node@https://registry.npmjs.org/eslint-import-resolver-node/-/eslint-import-resolver-node-0.3.10.tgz 0ms (cache hit)
615 http cache eslint-import-resolver-typescript@https://registry.npmjs.org/eslint-import-resolver-typescript/-/eslint-import-resolver-typescript-3.10.1.tgz 0ms (cache hit)
616 http cache eslint-config-expo@https://registry.npmjs.org/eslint-config-expo/-/eslint-config-expo-10.0.0.tgz 0ms (cache hit)
617 http cache eslint@https://registry.npmjs.org/eslint/-/eslint-9.39.4.tgz 0ms (cache hit)
618 http cache escape-string-regexp@https://registry.npmjs.org/escape-string-regexp/-/escape-string-regexp-4.0.0.tgz 0ms (cache hit)
619 http cache escape-html@https://registry.npmjs.org/escape-html/-/escape-html-1.0.3.tgz 0ms (cache hit)
620 http cache escalade@https://registry.npmjs.org/escalade/-/escalade-3.2.0.tgz 0ms (cache hit)
621 http cache es-to-primitive@https://registry.npmjs.org/es-to-primitive/-/es-to-primitive-1.3.0.tgz 0ms (cache hit)
622 http cache es-shim-unscopables@https://registry.npmjs.org/es-shim-unscopables/-/es-shim-unscopables-1.1.0.tgz 0ms (cache hit)
623 http cache es-set-tostringtag@https://registry.npmjs.org/es-set-tostringtag/-/es-set-tostringtag-2.1.0.tgz 0ms (cache hit)
624 http cache es-object-atoms@https://registry.npmjs.org/es-object-atoms/-/es-object-atoms-1.1.1.tgz 0ms (cache hit)
625 http cache es-iterator-helpers@https://registry.npmjs.org/es-iterator-helpers/-/es-iterator-helpers-1.3.1.tgz 0ms (cache hit)
626 http cache es-errors@https://registry.npmjs.org/es-errors/-/es-errors-1.3.0.tgz 0ms (cache hit)
627 http cache es-define-property@https://registry.npmjs.org/es-define-property/-/es-define-property-1.0.1.tgz 0ms (cache hit)
628 http cache es-abstract@https://registry.npmjs.org/es-abstract/-/es-abstract-1.24.1.tgz 0ms (cache hit)
629 http cache error-stack-parser@https://registry.npmjs.org/error-stack-parser/-/error-stack-parser-2.1.4.tgz 0ms (cache hit)
630 http cache error-ex@https://registry.npmjs.org/error-ex/-/error-ex-1.3.4.tgz 0ms (cache hit)
631 http cache err-code@https://registry.npmjs.org/err-code/-/err-code-2.0.3.tgz 0ms (cache hit)
632 http cache envinfo@https://registry.npmjs.org/envinfo/-/envinfo-7.11.0.tgz 0ms (cache hit)
633 http cache env-string@https://registry.npmjs.org/env-string/-/env-string-1.0.1.tgz 0ms (cache hit)
634 http cache env-paths@https://registry.npmjs.org/env-paths/-/env-paths-2.2.0.tgz 0ms (cache hit)
635 http cache env-editor@https://registry.npmjs.org/env-editor/-/env-editor-0.4.2.tgz 1ms (cache hit)
636 http cache entities@https://registry.npmjs.org/entities/-/entities-4.5.0.tgz 0ms (cache hit)
637 http cache encodeurl@https://registry.npmjs.org/encodeurl/-/encodeurl-1.0.2.tgz 0ms (cache hit)
638 http cache emoji-regex@https://registry.npmjs.org/emoji-regex/-/emoji-regex-8.0.0.tgz 0ms (cache hit)
639 http cache electron-to-chromium@https://registry.npmjs.org/electron-to-chromium/-/electron-to-chromium-1.5.331.tgz 0ms (cache hit)
640 http cache ejs@https://registry.npmjs.org/ejs/-/ejs-3.1.10.tgz 0ms (cache hit)
641 http cache ee-first@https://registry.npmjs.org/ee-first/-/ee-first-1.1.1.tgz 0ms (cache hit)
642 http cache eastasianwidth@https://registry.npmjs.org/eastasianwidth/-/eastasianwidth-0.2.0.tgz 0ms (cache hit)
643 http cache eas-cli@https://registry.npmjs.org/eas-cli/-/eas-cli-18.5.0.tgz 0ms (cache hit)
644 http cache dunder-proto@https://registry.npmjs.org/dunder-proto/-/dunder-proto-1.0.1.tgz 0ms (cache hit)
645 http cache dtrace-provider@https://registry.npmjs.org/dtrace-provider/-/dtrace-provider-0.8.8.tgz 0ms (cache hit)
646 http cache dotenv-expand@https://registry.npmjs.org/dotenv-expand/-/dotenv-expand-11.0.7.tgz 0ms (cache hit)
647 http cache dotenv@https://registry.npmjs.org/dotenv/-/dotenv-16.4.7.tgz 0ms (cache hit)
648 http cache domutils@https://registry.npmjs.org/domutils/-/domutils-3.2.2.tgz 0ms (cache hit)
649 http cache domino@https://registry.npmjs.org/domino/-/domino-2.1.7.tgz 0ms (cache hit)
650 http cache domhandler@https://registry.npmjs.org/domhandler/-/domhandler-5.0.3.tgz 0ms (cache hit)
651 http cache domelementtype@https://registry.npmjs.org/domelementtype/-/domelementtype-2.3.0.tgz 0ms (cache hit)
652 http cache dom-serializer@https://registry.npmjs.org/dom-serializer/-/dom-serializer-2.0.0.tgz 0ms (cache hit)
653 http cache doctrine@https://registry.npmjs.org/doctrine/-/doctrine-2.1.0.tgz 0ms (cache hit)
654 http cache dir-glob@https://registry.npmjs.org/dir-glob/-/dir-glob-3.0.1.tgz 0ms (cache hit)
655 http cache dijkstrajs@https://registry.npmjs.org/dijkstrajs/-/dijkstrajs-1.0.3.tgz 0ms (cache hit)
656 http cache diff@https://registry.npmjs.org/diff/-/diff-7.0.0.tgz 0ms (cache hit)
657 http cache detect-node-es@https://registry.npmjs.org/detect-node-es/-/detect-node-es-1.1.0.tgz 0ms (cache hit)
658 http cache detect-libc@https://registry.npmjs.org/detect-libc/-/detect-libc-2.1.2.tgz 0ms (cache hit)
659 http cache destroy@https://registry.npmjs.org/destroy/-/destroy-1.2.0.tgz 0ms (cache hit)
660 http cache depd@https://registry.npmjs.org/depd/-/depd-2.0.0.tgz 0ms (cache hit)
661 http cache hasown@https://registry.npmjs.org/hasown/-/hasown-2.0.2.tgz 0ms (cache hit)
662 http cache delayed-stream@https://registry.npmjs.org/delayed-stream/-/delayed-stream-1.0.0.tgz 0ms (cache hit)
663 http cache define-lazy-prop@https://registry.npmjs.org/define-lazy-prop/-/define-lazy-prop-2.0.0.tgz 0ms (cache hit)
664 http cache is-interactive@https://registry.npmjs.org/is-interactive/-/is-interactive-1.0.0.tgz 0ms (cache hit)
665 http cache define-data-property@https://registry.npmjs.org/define-data-property/-/define-data-property-1.1.4.tgz 0ms (cache hit)
666 http cache define-properties@https://registry.npmjs.org/define-properties/-/define-properties-1.2.1.tgz 0ms (cache hit)
667 http cache deepmerge@https://registry.npmjs.org/deepmerge/-/deepmerge-4.3.1.tgz 0ms (cache hit)
668 http cache defaults@https://registry.npmjs.org/defaults/-/defaults-1.0.4.tgz 0ms (cache hit)
669 http cache deep-is@https://registry.npmjs.org/deep-is/-/deep-is-0.1.4.tgz 0ms (cache hit)
670 http cache deep-extend@https://registry.npmjs.org/deep-extend/-/deep-extend-0.6.0.tgz 0ms (cache hit)
671 http cache decode-uri-component@https://registry.npmjs.org/decode-uri-component/-/decode-uri-component-0.2.2.tgz 0ms (cache hit)
672 http cache decamelize@https://registry.npmjs.org/decamelize/-/decamelize-1.2.0.tgz 0ms (cache hit)
673 http cache debug@https://registry.npmjs.org/debug/-/debug-4.4.3.tgz 0ms (cache hit)
674 http cache dateformat@https://registry.npmjs.org/dateformat/-/dateformat-4.6.3.tgz 0ms (cache hit)
675 http cache find-up@https://registry.npmjs.org/find-up/-/find-up-5.0.0.tgz 0ms (cache hit)
676 http cache data-view-byte-offset@https://registry.npmjs.org/data-view-byte-offset/-/data-view-byte-offset-1.0.1.tgz 0ms (cache hit)
677 http cache data-view-byte-length@https://registry.npmjs.org/data-view-byte-length/-/data-view-byte-length-1.0.2.tgz 0ms (cache hit)
678 http cache csstype@https://registry.npmjs.org/csstype/-/csstype-3.2.3.tgz 0ms (cache hit)
679 http cache css-tree@https://registry.npmjs.org/css-tree/-/css-tree-1.1.3.tgz 0ms (cache hit)
680 http cache css-what@https://registry.npmjs.org/css-what/-/css-what-6.2.2.tgz 0ms (cache hit)
681 http cache css-in-js-utils@https://registry.npmjs.org/css-in-js-utils/-/css-in-js-utils-3.1.0.tgz 0ms (cache hit)
682 http cache data-view-buffer@https://registry.npmjs.org/data-view-buffer/-/data-view-buffer-1.0.2.tgz 0ms (cache hit)
683 http cache crypt@https://registry.npmjs.org/crypt/-/crypt-0.0.2.tgz 0ms (cache hit)
684 http cache crypto-random-string@https://registry.npmjs.org/crypto-random-string/-/crypto-random-string-2.0.0.tgz 0ms (cache hit)
685 http cache cross-spawn@https://registry.npmjs.org/cross-spawn/-/cross-spawn-7.0.6.tgz 0ms (cache hit)
686 http cache cross-fetch@https://registry.npmjs.org/cross-fetch/-/cross-fetch-3.2.0.tgz 0ms (cache hit)
687 http cache create-require@https://registry.npmjs.org/create-require/-/create-require-1.1.1.tgz 0ms (cache hit)
688 http cache core-js-compat@https://registry.npmjs.org/core-js-compat/-/core-js-compat-3.49.0.tgz 0ms (cache hit)
689 http cache content-type@https://registry.npmjs.org/content-type/-/content-type-1.0.5.tgz 0ms (cache hit)
690 http cache connect@https://registry.npmjs.org/connect/-/connect-3.7.0.tgz 0ms (cache hit)
691 http cache concat-map@https://registry.npmjs.org/concat-map/-/concat-map-0.0.1.tgz 0ms (cache hit)
692 http cache compression@https://registry.npmjs.org/compression/-/compression-1.8.1.tgz 0ms (cache hit)
693 http cache convert-source-map@https://registry.npmjs.org/convert-source-map/-/convert-source-map-2.0.0.tgz 0ms (cache hit)
694 http cache compressible@https://registry.npmjs.org/compressible/-/compressible-2.0.18.tgz 1ms (cache hit)
695 http cache component-type@https://registry.npmjs.org/component-type/-/component-type-1.2.2.tgz 0ms (cache hit)
696 http cache commander@https://registry.npmjs.org/commander/-/commander-7.2.0.tgz 0ms (cache hit)
697 http cache combined-stream@https://registry.npmjs.org/combined-stream/-/combined-stream-1.0.8.tgz 0ms (cache hit)
698 http cache color-string@https://registry.npmjs.org/color-string/-/color-string-1.9.1.tgz 0ms (cache hit)
699 http cache color-name@https://registry.npmjs.org/color-name/-/color-name-1.1.4.tgz 0ms (cache hit)
700 http cache color@https://registry.npmjs.org/color/-/color-4.2.3.tgz 0ms (cache hit)
701 http cache clone@https://registry.npmjs.org/clone/-/clone-1.0.4.tgz 0ms (cache hit)
702 http cache client-only@https://registry.npmjs.org/client-only/-/client-only-0.0.1.tgz 0ms (cache hit)
703 http cache cli-spinners@https://registry.npmjs.org/cli-spinners/-/cli-spinners-2.9.2.tgz 0ms (cache hit)
704 http cache cliui@https://registry.npmjs.org/cliui/-/cliui-8.0.1.tgz 0ms (cache hit)
705 http cache cli-cursor@https://registry.npmjs.org/cli-cursor/-/cli-cursor-2.1.0.tgz 0ms (cache hit)
706 http cache cli-progress@https://registry.npmjs.org/cli-progress/-/cli-progress-3.12.0.tgz 0ms (cache hit)
707 http cache color-convert@https://registry.npmjs.org/color-convert/-/color-convert-2.0.1.tgz 0ms (cache hit)
708 http cache ci-info@https://registry.npmjs.org/ci-info/-/ci-info-2.0.0.tgz 0ms (cache hit)
709 http cache chromium-edge-launcher@https://registry.npmjs.org/chromium-edge-launcher/-/chromium-edge-launcher-0.2.0.tgz 0ms (cache hit)
710 http cache clean-stack@https://registry.npmjs.org/clean-stack/-/clean-stack-3.0.1.tgz 0ms (cache hit)
711 http cache chrome-launcher@https://registry.npmjs.org/chrome-launcher/-/chrome-launcher-0.15.2.tgz 0ms (cache hit)
712 http cache chownr@https://registry.npmjs.org/chownr/-/chownr-3.0.0.tgz 0ms (cache hit)
713 http cache charenc@https://registry.npmjs.org/charenc/-/charenc-0.0.2.tgz 0ms (cache hit)
714 http cache chalk@https://registry.npmjs.org/chalk/-/chalk-4.1.2.tgz 0ms (cache hit)
715 http cache cardinal@https://registry.npmjs.org/cardinal/-/cardinal-2.1.1.tgz 0ms (cache hit)
716 http cache caniuse-lite@https://registry.npmjs.org/caniuse-lite/-/caniuse-lite-1.0.30001785.tgz 0ms (cache hit)
717 http cache camelcase@https://registry.npmjs.org/camelcase/-/camelcase-6.3.0.tgz 0ms (cache hit)
718 http cache callsites@https://registry.npmjs.org/callsites/-/callsites-3.1.0.tgz 0ms (cache hit)
719 http cache call-bound@https://registry.npmjs.org/call-bound/-/call-bound-1.0.4.tgz 0ms (cache hit)
720 http cache call-bind-apply-helpers@https://registry.npmjs.org/call-bind-apply-helpers/-/call-bind-apply-helpers-1.0.2.tgz 0ms (cache hit)
721 http cache call-bind@https://registry.npmjs.org/call-bind/-/call-bind-1.0.8.tgz 0ms (cache hit)
722 http cache bytes@https://registry.npmjs.org/bytes/-/bytes-3.1.2.tgz 0ms (cache hit)
723 http cache bunyan@https://registry.npmjs.org/bunyan/-/bunyan-1.8.15.tgz 0ms (cache hit)
724 http cache buffer@https://registry.npmjs.org/buffer/-/buffer-5.7.1.tgz 0ms (cache hit)
725 http cache buffer-from@https://registry.npmjs.org/buffer-from/-/buffer-from-1.1.2.tgz 0ms (cache hit)
726 http cache browserslist@https://registry.npmjs.org/browserslist/-/browserslist-4.28.2.tgz 0ms (cache hit)
727 http cache bser@https://registry.npmjs.org/bser/-/bser-2.1.1.tgz 0ms (cache hit)
728 http cache brace-expansion@https://registry.npmjs.org/brace-expansion/-/brace-expansion-1.1.13.tgz 0ms (cache hit)
729 http cache bplist-parser@https://registry.npmjs.org/bplist-parser/-/bplist-parser-0.3.1.tgz 1ms (cache hit)
730 http cache bplist-creator@https://registry.npmjs.org/bplist-creator/-/bplist-creator-0.1.0.tgz 0ms (cache hit)
731 http cache big-integer@https://registry.npmjs.org/big-integer/-/big-integer-1.6.52.tgz 0ms (cache hit)
732 http cache better-opn@https://registry.npmjs.org/better-opn/-/better-opn-3.0.2.tgz 0ms (cache hit)
733 http cache baseline-browser-mapping@https://registry.npmjs.org/baseline-browser-mapping/-/baseline-browser-mapping-2.10.15.tgz 0ms (cache hit)
734 http cache base64-js@https://registry.npmjs.org/base64-js/-/base64-js-1.5.1.tgz 0ms (cache hit)
735 http cache boolbase@https://registry.npmjs.org/boolbase/-/boolbase-1.0.0.tgz 0ms (cache hit)
736 http cache bare-events@https://registry.npmjs.org/bare-events/-/bare-events-2.8.2.tgz 0ms (cache hit)
737 http cache babel-preset-jest@https://registry.npmjs.org/babel-preset-jest/-/babel-preset-jest-29.6.3.tgz 0ms (cache hit)
738 http cache balanced-match@https://registry.npmjs.org/balanced-match/-/balanced-match-1.0.2.tgz 0ms (cache hit)
739 http cache babel-preset-expo@https://registry.npmjs.org/babel-preset-expo/-/babel-preset-expo-54.0.10.tgz 0ms (cache hit)
740 http cache babel-preset-current-node-syntax@https://registry.npmjs.org/babel-preset-current-node-syntax/-/babel-preset-current-node-syntax-1.2.0.tgz 0ms (cache hit)
741 http cache babel-plugin-transform-flow-enums@https://registry.npmjs.org/babel-plugin-transform-flow-enums/-/babel-plugin-transform-flow-enums-0.0.2.tgz 0ms (cache hit)
742 http cache babel-plugin-react-native-web@https://registry.npmjs.org/babel-plugin-react-native-web/-/babel-plugin-react-native-web-0.21.2.tgz 0ms (cache hit)
743 http cache babel-plugin-react-compiler@https://registry.npmjs.org/babel-plugin-react-compiler/-/babel-plugin-react-compiler-1.0.0.tgz 0ms (cache hit)
744 http cache babel-plugin-syntax-hermes-parser@https://registry.npmjs.org/babel-plugin-syntax-hermes-parser/-/babel-plugin-syntax-hermes-parser-0.29.1.tgz 0ms (cache hit)
745 http cache babel-plugin-polyfill-corejs3@https://registry.npmjs.org/babel-plugin-polyfill-corejs3/-/babel-plugin-polyfill-corejs3-0.13.0.tgz 0ms (cache hit)
746 http cache babel-plugin-polyfill-regenerator@https://registry.npmjs.org/babel-plugin-polyfill-regenerator/-/babel-plugin-polyfill-regenerator-0.6.8.tgz 0ms (cache hit)
747 http cache babel-plugin-jest-hoist@https://registry.npmjs.org/babel-plugin-jest-hoist/-/babel-plugin-jest-hoist-29.6.3.tgz 0ms (cache hit)
748 http cache babel-plugin-polyfill-corejs2@https://registry.npmjs.org/babel-plugin-polyfill-corejs2/-/babel-plugin-polyfill-corejs2-0.4.17.tgz 0ms (cache hit)
749 http cache babel-plugin-istanbul@https://registry.npmjs.org/babel-plugin-istanbul/-/babel-plugin-istanbul-6.1.1.tgz 0ms (cache hit)
750 http cache babel-jest@https://registry.npmjs.org/babel-jest/-/babel-jest-29.7.0.tgz 0ms (cache hit)
751 http cache braces@https://registry.npmjs.org/braces/-/braces-3.0.3.tgz 0ms (cache hit)
752 http cache available-typed-arrays@https://registry.npmjs.org/available-typed-arrays/-/available-typed-arrays-1.0.7.tgz 0ms (cache hit)
753 http cache b4a@https://registry.npmjs.org/b4a/-/b4a-1.8.0.tgz 0ms (cache hit)
754 http cache at-least-node@https://registry.npmjs.org/at-least-node/-/at-least-node-1.0.0.tgz 0ms (cache hit)
755 http cache async-limiter@https://registry.npmjs.org/async-limiter/-/async-limiter-1.0.1.tgz 0ms (cache hit)
756 http cache asynckit@https://registry.npmjs.org/asynckit/-/asynckit-0.4.0.tgz 0ms (cache hit)
757 http cache astral-regex@https://registry.npmjs.org/astral-regex/-/astral-regex-2.0.0.tgz 0ms (cache hit)
758 http cache async@https://registry.npmjs.org/async/-/async-3.2.6.tgz 0ms (cache hit)
759 http cache asn1@https://registry.npmjs.org/asn1/-/asn1-0.2.6.tgz 0ms (cache hit)
760 http cache asap@https://registry.npmjs.org/asap/-/asap-2.0.6.tgz 0ms (cache hit)
761 http cache arraybuffer.prototype.slice@https://registry.npmjs.org/arraybuffer.prototype.slice/-/arraybuffer.prototype.slice-1.0.4.tgz 0ms (cache hit)
762 http cache array.prototype.tosorted@https://registry.npmjs.org/array.prototype.tosorted/-/array.prototype.tosorted-1.1.4.tgz 0ms (cache hit)
763 http cache array.prototype.flat@https://registry.npmjs.org/array.prototype.flat/-/array.prototype.flat-1.3.3.tgz 0ms (cache hit)
764 http cache array.prototype.flatmap@https://registry.npmjs.org/array.prototype.flatmap/-/array.prototype.flatmap-1.3.3.tgz 0ms (cache hit)
765 http cache array.prototype.findlast@https://registry.npmjs.org/array.prototype.findlast/-/array.prototype.findlast-1.2.5.tgz 0ms (cache hit)
766 http cache array.prototype.findlastindex@https://registry.npmjs.org/array.prototype.findlastindex/-/array.prototype.findlastindex-1.2.6.tgz 0ms (cache hit)
767 http cache async-function@https://registry.npmjs.org/async-function/-/async-function-1.0.0.tgz 0ms (cache hit)
768 http cache array-includes@https://registry.npmjs.org/array-includes/-/array-includes-3.1.9.tgz 0ms (cache hit)
769 http cache array-union@https://registry.npmjs.org/array-union/-/array-union-2.1.0.tgz 0ms (cache hit)
770 http cache array-buffer-byte-length@https://registry.npmjs.org/array-buffer-byte-length/-/array-buffer-byte-length-1.0.2.tgz 0ms (cache hit)
771 http cache aria-hidden@https://registry.npmjs.org/aria-hidden/-/aria-hidden-1.2.6.tgz 0ms (cache hit)
772 http cache argparse@https://registry.npmjs.org/argparse/-/argparse-2.0.1.tgz 0ms (cache hit)
773 http cache arg@https://registry.npmjs.org/arg/-/arg-5.0.2.tgz 0ms (cache hit)
774 http cache any-promise@https://registry.npmjs.org/any-promise/-/any-promise-1.3.0.tgz 0ms (cache hit)
775 http cache anymatch@https://registry.npmjs.org/anymatch/-/anymatch-3.1.3.tgz 0ms (cache hit)
776 http cache ansis@https://registry.npmjs.org/ansis/-/ansis-3.17.0.tgz 0ms (cache hit)
777 http cache ansi-styles@https://registry.npmjs.org/ansi-styles/-/ansi-styles-4.3.0.tgz 0ms (cache hit)
778 http cache ansicolors@https://registry.npmjs.org/ansicolors/-/ansicolors-0.3.2.tgz 0ms (cache hit)
779 http cache ansi-regex@https://registry.npmjs.org/ansi-regex/-/ansi-regex-5.0.1.tgz 0ms (cache hit)
780 http cache ansi-escapes@https://registry.npmjs.org/ansi-escapes/-/ansi-escapes-4.3.2.tgz 0ms (cache hit)
781 http cache ajv-formats@https://registry.npmjs.org/ajv-formats/-/ajv-formats-2.1.1.tgz 0ms (cache hit)
782 http cache css-select@https://registry.npmjs.org/css-select/-/css-select-5.2.2.tgz 0ms (cache hit)
783 http cache ajv@https://registry.npmjs.org/ajv/-/ajv-6.14.0.tgz 0ms (cache hit)
784 http cache agent-base@https://registry.npmjs.org/agent-base/-/agent-base-7.1.4.tgz 0ms (cache hit)
785 http cache acorn-walk@https://registry.npmjs.org/acorn-walk/-/acorn-walk-8.3.5.tgz 0ms (cache hit)
786 http cache acorn-jsx@https://registry.npmjs.org/acorn-jsx/-/acorn-jsx-5.3.2.tgz 0ms (cache hit)
787 http cache acorn@https://registry.npmjs.org/acorn/-/acorn-8.16.0.tgz 0ms (cache hit)
788 http cache accepts@https://registry.npmjs.org/accepts/-/accepts-1.3.8.tgz 0ms (cache hit)
789 http cache abort-controller@https://registry.npmjs.org/abort-controller/-/abort-controller-3.0.0.tgz 0ms (cache hit)
790 http cache @xmldom/xmldom@https://registry.npmjs.org/@xmldom/xmldom/-/xmldom-0.8.12.tgz 0ms (cache hit)
791 http cache @urql/exchange-retry@https://registry.npmjs.org/@urql/exchange-retry/-/exchange-retry-1.3.2.tgz 0ms (cache hit)
792 http cache @urql/core@https://registry.npmjs.org/@urql/core/-/core-5.2.0.tgz 0ms (cache hit)
793 http cache @unrs/resolver-binding-win32-x64-msvc@https://registry.npmjs.org/@unrs/resolver-binding-win32-x64-msvc/-/resolver-binding-win32-x64-msvc-1.11.1.tgz 0ms (cache hit)
794 http cache @ungap/structured-clone@https://registry.npmjs.org/@ungap/structured-clone/-/structured-clone-1.3.0.tgz 0ms (cache hit)
795 http cache @typescript-eslint/utils@https://registry.npmjs.org/@typescript-eslint/utils/-/utils-8.58.0.tgz 0ms (cache hit)
796 http cache @typescript-eslint/visitor-keys@https://registry.npmjs.org/@typescript-eslint/visitor-keys/-/visitor-keys-8.58.0.tgz 0ms (cache hit)
797 http cache @typescript-eslint/types@https://registry.npmjs.org/@typescript-eslint/types/-/types-8.58.0.tgz 0ms (cache hit)
798 http cache @typescript-eslint/typescript-estree@https://registry.npmjs.org/@typescript-eslint/typescript-estree/-/typescript-estree-8.58.0.tgz 0ms (cache hit)
799 http cache @typescript-eslint/type-utils@https://registry.npmjs.org/@typescript-eslint/type-utils/-/type-utils-8.58.0.tgz 0ms (cache hit)
800 http cache @typescript-eslint/tsconfig-utils@https://registry.npmjs.org/@typescript-eslint/tsconfig-utils/-/tsconfig-utils-8.58.0.tgz 0ms (cache hit)
801 http cache @typescript-eslint/scope-manager@https://registry.npmjs.org/@typescript-eslint/scope-manager/-/scope-manager-8.58.0.tgz 0ms (cache hit)
802 http cache @typescript-eslint/project-service@https://registry.npmjs.org/@typescript-eslint/project-service/-/project-service-8.58.0.tgz 0ms (cache hit)
803 http cache @typescript-eslint/eslint-plugin@https://registry.npmjs.org/@typescript-eslint/eslint-plugin/-/eslint-plugin-8.58.0.tgz 0ms (cache hit)
804 http cache @typescript-eslint/parser@https://registry.npmjs.org/@typescript-eslint/parser/-/parser-8.58.0.tgz 0ms (cache hit)
805 http cache @types/yargs-parser@https://registry.npmjs.org/@types/yargs-parser/-/yargs-parser-21.0.3.tgz 0ms (cache hit)
806 http cache @types/react@https://registry.npmjs.org/@types/react/-/react-19.1.17.tgz 0ms (cache hit)
807 http cache anser@https://registry.npmjs.org/anser/-/anser-1.4.10.tgz 0ms (cache hit)
808 http cache @types/node@https://registry.npmjs.org/@types/node/-/node-25.5.2.tgz 0ms (cache hit)
809 http cache @types/json5@https://registry.npmjs.org/@types/json5/-/json5-0.0.29.tgz 0ms (cache hit)
810 http cache @types/json-schema@https://registry.npmjs.org/@types/json-schema/-/json-schema-7.0.15.tgz 0ms (cache hit)
811 http cache @types/istanbul-reports@https://registry.npmjs.org/@types/istanbul-reports/-/istanbul-reports-3.0.4.tgz 0ms (cache hit)
812 http cache @types/istanbul-lib-report@https://registry.npmjs.org/@types/istanbul-lib-report/-/istanbul-lib-report-3.0.3.tgz 0ms (cache hit)
813 http cache @types/hammerjs@https://registry.npmjs.org/@types/hammerjs/-/hammerjs-2.0.46.tgz 0ms (cache hit)
814 http cache @types/istanbul-lib-coverage@https://registry.npmjs.org/@types/istanbul-lib-coverage/-/istanbul-lib-coverage-2.0.6.tgz 0ms (cache hit)
815 http cache @types/stack-utils@https://registry.npmjs.org/@types/stack-utils/-/stack-utils-2.0.3.tgz 0ms (cache hit)
816 http cache @types/graceful-fs@https://registry.npmjs.org/@types/graceful-fs/-/graceful-fs-4.1.9.tgz 0ms (cache hit)
817 http cache @types/geojson@https://registry.npmjs.org/@types/geojson/-/geojson-7946.0.16.tgz 0ms (cache hit)
818 http cache @types/estree@https://registry.npmjs.org/@types/estree/-/estree-1.0.8.tgz 0ms (cache hit)
819 http cache @types/cli-progress@https://registry.npmjs.org/@types/cli-progress/-/cli-progress-3.11.6.tgz 0ms (cache hit)
820 http cache @types/bunyan@https://registry.npmjs.org/@types/bunyan/-/bunyan-1.8.11.tgz 0ms (cache hit)
821 http cache @types/babel__traverse@https://registry.npmjs.org/@types/babel__traverse/-/babel__traverse-7.28.0.tgz 0ms (cache hit)
822 http cache @types/babel__template@https://registry.npmjs.org/@types/babel__template/-/babel__template-7.4.4.tgz 0ms (cache hit)
823 http cache @types/babel__generator@https://registry.npmjs.org/@types/babel__generator/-/babel__generator-7.27.0.tgz 0ms (cache hit)
824 http cache @types/babel__core@https://registry.npmjs.org/@types/babel__core/-/babel__core-7.20.5.tgz 0ms (cache hit)
825 http cache @tybys/wasm-util@https://registry.npmjs.org/@tybys/wasm-util/-/wasm-util-0.10.1.tgz 4ms (cache hit)
826 http cache @tsconfig/node16@https://registry.npmjs.org/@tsconfig/node16/-/node16-1.0.4.tgz 0ms (cache hit)
827 http cache @tsconfig/node14@https://registry.npmjs.org/@tsconfig/node14/-/node14-1.0.3.tgz 2ms (cache hit)
828 http cache @tsconfig/node12@https://registry.npmjs.org/@tsconfig/node12/-/node12-1.0.11.tgz 0ms (cache hit)
829 http cache @tsconfig/node10@https://registry.npmjs.org/@tsconfig/node10/-/node10-1.0.12.tgz 0ms (cache hit)
830 http cache @sinonjs/fake-timers@https://registry.npmjs.org/@sinonjs/fake-timers/-/fake-timers-10.3.0.tgz 0ms (cache hit)
831 http cache @sinonjs/commons@https://registry.npmjs.org/@sinonjs/commons/-/commons-3.0.1.tgz 0ms (cache hit)
832 http cache @sinclair/typebox@https://registry.npmjs.org/@sinclair/typebox/-/typebox-0.27.10.tgz 0ms (cache hit)
833 http cache @sideway/pinpoint@https://registry.npmjs.org/@sideway/pinpoint/-/pinpoint-2.0.0.tgz 0ms (cache hit)
834 http cache @sideway/formula@https://registry.npmjs.org/@sideway/formula/-/formula-3.0.1.tgz 0ms (cache hit)
835 http cache @sideway/address@https://registry.npmjs.org/@sideway/address/-/address-4.1.5.tgz 0ms (cache hit)
836 http cache @sentry/utils@https://registry.npmjs.org/@sentry/utils/-/utils-7.77.0.tgz 0ms (cache hit)
837 http cache @sentry/types@https://registry.npmjs.org/@sentry/types/-/types-7.77.0.tgz 0ms (cache hit)
838 http cache @sentry/node@https://registry.npmjs.org/@sentry/node/-/node-7.77.0.tgz 0ms (cache hit)
839 http cache @sentry/core@https://registry.npmjs.org/@sentry/core/-/core-7.77.0.tgz 0ms (cache hit)
840 http cache @sentry-internal/tracing@https://registry.npmjs.org/@sentry-internal/tracing/-/tracing-7.77.0.tgz 0ms (cache hit)
841 http cache @segment/loosely-validate-event@https://registry.npmjs.org/@segment/loosely-validate-event/-/loosely-validate-event-2.0.0.tgz 0ms (cache hit)
842 http cache @rtsao/scc@https://registry.npmjs.org/@rtsao/scc/-/scc-1.1.0.tgz 0ms (cache hit)
843 http cache @react-navigation/routers@https://registry.npmjs.org/@react-navigation/routers/-/routers-7.5.3.tgz 0ms (cache hit)
844 http cache @react-navigation/native-stack@https://registry.npmjs.org/@react-navigation/native-stack/-/native-stack-7.14.10.tgz 0ms (cache hit)
845 http cache @react-navigation/native@https://registry.npmjs.org/@react-navigation/native/-/native-7.2.2.tgz 0ms (cache hit)
846 http cache @react-navigation/elements@https://registry.npmjs.org/@react-navigation/elements/-/elements-2.9.14.tgz 0ms (cache hit)
847 http cache @react-navigation/core@https://registry.npmjs.org/@react-navigation/core/-/core-7.17.2.tgz 0ms (cache hit)
848 http cache @react-navigation/bottom-tabs@https://registry.npmjs.org/@react-navigation/bottom-tabs/-/bottom-tabs-7.15.9.tgz 0ms (cache hit)
849 http cache @react-native/normalize-colors@https://registry.npmjs.org/@react-native/normalize-colors/-/normalize-colors-0.81.5.tgz 0ms (cache hit)
850 http cache @types/yargs@https://registry.npmjs.org/@types/yargs/-/yargs-17.0.35.tgz 0ms (cache hit)
851 http cache @react-native/debugger-frontend@https://registry.npmjs.org/@react-native/debugger-frontend/-/debugger-frontend-0.81.5.tgz 0ms (cache hit)
852 http cache @react-native/dev-middleware@https://registry.npmjs.org/@react-native/dev-middleware/-/dev-middleware-0.81.5.tgz 0ms (cache hit)
853 http cache @react-native/babel-plugin-codegen@https://registry.npmjs.org/@react-native/babel-plugin-codegen/-/babel-plugin-codegen-0.81.5.tgz 0ms (cache hit)
854 http cache @react-native/js-polyfills@https://registry.npmjs.org/@react-native/js-polyfills/-/js-polyfills-0.81.5.tgz 0ms (cache hit)
855 http cache @react-native/babel-preset@https://registry.npmjs.org/@react-native/babel-preset/-/babel-preset-0.81.5.tgz 0ms (cache hit)
856 http cache @react-native/codegen@https://registry.npmjs.org/@react-native/codegen/-/codegen-0.81.5.tgz 0ms (cache hit)
857 http cache @react-native/assets-registry@https://registry.npmjs.org/@react-native/assets-registry/-/assets-registry-0.81.5.tgz 0ms (cache hit)
858 http cache @react-native-community/datetimepicker@https://registry.npmjs.org/@react-native-community/datetimepicker/-/datetimepicker-9.1.0.tgz 0ms (cache hit)
859 http cache @react-native-google-signin/google-signin@https://registry.npmjs.org/@react-native-google-signin/google-signin/-/google-signin-16.1.2.tgz 0ms (cache hit)
860 http cache @react-native-async-storage/async-storage@https://registry.npmjs.org/@react-native-async-storage/async-storage/-/async-storage-2.2.0.tgz 0ms (cache hit)
861 http cache @radix-ui/react-use-layout-effect@https://registry.npmjs.org/@radix-ui/react-use-layout-effect/-/react-use-layout-effect-1.1.1.tgz 0ms (cache hit)
862 http cache @radix-ui/react-use-escape-keydown@https://registry.npmjs.org/@radix-ui/react-use-escape-keydown/-/react-use-escape-keydown-1.1.1.tgz 0ms (cache hit)
863 http cache @radix-ui/react-use-effect-event@https://registry.npmjs.org/@radix-ui/react-use-effect-event/-/react-use-effect-event-0.0.2.tgz 0ms (cache hit)
864 http cache @radix-ui/react-use-controllable-state@https://registry.npmjs.org/@radix-ui/react-use-controllable-state/-/react-use-controllable-state-1.2.2.tgz 0ms (cache hit)
865 http cache @radix-ui/react-slot@https://registry.npmjs.org/@radix-ui/react-slot/-/react-slot-1.2.0.tgz 0ms (cache hit)
866 http cache @radix-ui/react-use-callback-ref@https://registry.npmjs.org/@radix-ui/react-use-callback-ref/-/react-use-callback-ref-1.1.1.tgz 0ms (cache hit)
867 http cache @radix-ui/react-id@https://registry.npmjs.org/@radix-ui/react-id/-/react-id-1.1.1.tgz 0ms (cache hit)
868 http cache @radix-ui/react-direction@https://registry.npmjs.org/@radix-ui/react-direction/-/react-direction-1.1.1.tgz 0ms (cache hit)
869 http cache @radix-ui/react-focus-guards@https://registry.npmjs.org/@radix-ui/react-focus-guards/-/react-focus-guards-1.1.3.tgz 0ms (cache hit)
870 http cache @radix-ui/react-context@https://registry.npmjs.org/@radix-ui/react-context/-/react-context-1.1.2.tgz 0ms (cache hit)
871 http cache @radix-ui/primitive@https://registry.npmjs.org/@radix-ui/primitive/-/primitive-1.1.3.tgz 0ms (cache hit)
872 http cache @radix-ui/react-compose-refs@https://registry.npmjs.org/@radix-ui/react-compose-refs/-/react-compose-refs-1.1.2.tgz 0ms (cache hit)
873 http cache @pkgjs/parseargs@https://registry.npmjs.org/@pkgjs/parseargs/-/parseargs-0.11.0.tgz 0ms (cache hit)
874 http cache @oclif/plugin-autocomplete@https://registry.npmjs.org/@oclif/plugin-autocomplete/-/plugin-autocomplete-3.2.45.tgz 0ms (cache hit)
875 http cache @oclif/core@https://registry.npmjs.org/@oclif/core/-/core-4.10.5.tgz 0ms (cache hit)
876 http cache @nolyfill/is-core-module@https://registry.npmjs.org/@nolyfill/is-core-module/-/is-core-module-1.0.39.tgz 0ms (cache hit)
877 http cache @nodelib/fs.walk@https://registry.npmjs.org/@nodelib/fs.walk/-/fs.walk-1.2.8.tgz 0ms (cache hit)
878 http cache @nodelib/fs.scandir@https://registry.npmjs.org/@nodelib/fs.scandir/-/fs.scandir-2.1.5.tgz 0ms (cache hit)
879 http cache @napi-rs/wasm-runtime@https://registry.npmjs.org/@napi-rs/wasm-runtime/-/wasm-runtime-0.2.12.tgz 0ms (cache hit)
880 http cache @nodelib/fs.stat@https://registry.npmjs.org/@nodelib/fs.stat/-/fs.stat-2.0.5.tgz 0ms (cache hit)
881 http cache @jridgewell/trace-mapping@https://registry.npmjs.org/@jridgewell/trace-mapping/-/trace-mapping-0.3.31.tgz 0ms (cache hit)
882 http cache @jridgewell/source-map@https://registry.npmjs.org/@jridgewell/source-map/-/source-map-0.3.11.tgz 0ms (cache hit)
883 http cache @jridgewell/sourcemap-codec@https://registry.npmjs.org/@jridgewell/sourcemap-codec/-/sourcemap-codec-1.5.5.tgz 0ms (cache hit)
884 http cache @jridgewell/resolve-uri@https://registry.npmjs.org/@jridgewell/resolve-uri/-/resolve-uri-3.1.2.tgz 0ms (cache hit)
885 http cache @jridgewell/gen-mapping@https://registry.npmjs.org/@jridgewell/gen-mapping/-/gen-mapping-0.3.13.tgz 0ms (cache hit)
886 http cache @jridgewell/remapping@https://registry.npmjs.org/@jridgewell/remapping/-/remapping-2.3.5.tgz 0ms (cache hit)
887 http cache @jest/types@https://registry.npmjs.org/@jest/types/-/types-29.6.3.tgz 0ms (cache hit)
888 http cache @jest/transform@https://registry.npmjs.org/@jest/transform/-/transform-29.7.0.tgz 0ms (cache hit)
889 http cache @jest/environment@https://registry.npmjs.org/@jest/environment/-/environment-29.7.0.tgz 0ms (cache hit)
890 http cache @jest/fake-timers@https://registry.npmjs.org/@jest/fake-timers/-/fake-timers-29.7.0.tgz 0ms (cache hit)
891 http cache @jest/create-cache-key-function@https://registry.npmjs.org/@jest/create-cache-key-function/-/create-cache-key-function-29.7.0.tgz 0ms (cache hit)
892 http cache @istanbuljs/schema@https://registry.npmjs.org/@istanbuljs/schema/-/schema-0.1.3.tgz 0ms (cache hit)
893 http cache @istanbuljs/load-nyc-config@https://registry.npmjs.org/@istanbuljs/load-nyc-config/-/load-nyc-config-1.1.0.tgz 0ms (cache hit)
894 http cache @isaacs/ttlcache@https://registry.npmjs.org/@isaacs/ttlcache/-/ttlcache-1.4.1.tgz 0ms (cache hit)
895 http cache @isaacs/fs-minipass@https://registry.npmjs.org/@isaacs/fs-minipass/-/fs-minipass-4.0.1.tgz 0ms (cache hit)
896 http cache @isaacs/cliui@https://registry.npmjs.org/@isaacs/cliui/-/cliui-8.0.2.tgz 0ms (cache hit)
897 http cache @humanwhocodes/retry@https://registry.npmjs.org/@humanwhocodes/retry/-/retry-0.4.3.tgz 0ms (cache hit)
898 http cache @humanwhocodes/module-importer@https://registry.npmjs.org/@humanwhocodes/module-importer/-/module-importer-1.0.1.tgz 0ms (cache hit)
899 http cache @humanfs/node@https://registry.npmjs.org/@humanfs/node/-/node-0.16.7.tgz 0ms (cache hit)
900 http cache @humanfs/core@https://registry.npmjs.org/@humanfs/core/-/core-0.19.1.tgz 0ms (cache hit)
901 http cache @hapi/topo@https://registry.npmjs.org/@hapi/topo/-/topo-5.1.0.tgz 0ms (cache hit)
902 http cache @hapi/hoek@https://registry.npmjs.org/@hapi/hoek/-/hoek-9.3.0.tgz 0ms (cache hit)
903 http cache @react-native/community-cli-plugin@https://registry.npmjs.org/@react-native/community-cli-plugin/-/community-cli-plugin-0.81.5.tgz 0ms (cache hit)
904 http cache @expo/ws-tunnel@https://registry.npmjs.org/@expo/ws-tunnel/-/ws-tunnel-1.0.6.tgz 0ms (cache hit)
905 http cache @jest/schemas@https://registry.npmjs.org/@jest/schemas/-/schemas-29.6.3.tgz 0ms (cache hit)
906 http cache @expo/timeago.js@https://registry.npmjs.org/@expo/timeago.js/-/timeago.js-1.0.0.tgz 1ms (cache hit)
907 http cache @expo/vector-icons@https://registry.npmjs.org/@expo/vector-icons/-/vector-icons-15.1.1.tgz 0ms (cache hit)
908 http cache @expo/sudo-prompt@https://registry.npmjs.org/@expo/sudo-prompt/-/sudo-prompt-9.3.2.tgz 0ms (cache hit)
909 http cache @expo/steps@https://registry.npmjs.org/@expo/steps/-/steps-18.5.0.tgz 0ms (cache hit)
910 http cache @expo/spawn-async@https://registry.npmjs.org/@expo/spawn-async/-/spawn-async-1.7.2.tgz 0ms (cache hit)
911 http cache @expo/sdk-runtime-versions@https://registry.npmjs.org/@expo/sdk-runtime-versions/-/sdk-runtime-versions-1.0.0.tgz 0ms (cache hit)
912 http cache @expo/schema-utils@https://registry.npmjs.org/@expo/schema-utils/-/schema-utils-0.1.8.tgz 0ms (cache hit)
913 http cache @expo/rudder-sdk-node@https://registry.npmjs.org/@expo/rudder-sdk-node/-/rudder-sdk-node-1.1.1.tgz 0ms (cache hit)
914 http cache @expo/results@https://registry.npmjs.org/@expo/results/-/results-1.0.0.tgz 0ms (cache hit)
915 http cache @expo/require-utils@https://registry.npmjs.org/@expo/require-utils/-/require-utils-55.0.3.tgz 0ms (cache hit)
916 http cache @expo/prebuild-config@https://registry.npmjs.org/@expo/prebuild-config/-/prebuild-config-54.0.8.tgz 0ms (cache hit)
917 http cache @expo/plugin-warn-if-update-available@https://registry.npmjs.org/@expo/plugin-warn-if-update-available/-/plugin-warn-if-update-available-2.5.1.tgz 0ms (cache hit)
918 http cache @expo/plugin-help@https://registry.npmjs.org/@expo/plugin-help/-/plugin-help-5.1.23.tgz 0ms (cache hit)
919 http cache @expo/plist@https://registry.npmjs.org/@expo/plist/-/plist-0.4.8.tgz 0ms (cache hit)
920 http cache @expo/xcpretty@https://registry.npmjs.org/@expo/xcpretty/-/xcpretty-4.4.1.tgz 0ms (cache hit)
921 http cache @expo/package-manager@https://registry.npmjs.org/@expo/package-manager/-/package-manager-1.10.3.tgz 0ms (cache hit)
922 http cache @expo/pkcs12@https://registry.npmjs.org/@expo/pkcs12/-/pkcs12-0.1.3.tgz 0ms (cache hit)
923 http cache @expo/osascript@https://registry.npmjs.org/@expo/osascript/-/osascript-2.4.2.tgz 0ms (cache hit)
924 http cache @expo/metro-runtime@https://registry.npmjs.org/@expo/metro-runtime/-/metro-runtime-6.1.2.tgz 0ms (cache hit)
925 http cache @expo/metro-config@https://registry.npmjs.org/@expo/metro-config/-/metro-config-54.0.14.tgz 0ms (cache hit)
926 http cache @expo/metro@https://registry.npmjs.org/@expo/metro/-/metro-54.2.0.tgz 0ms (cache hit)
927 http cache @expo/logger@https://registry.npmjs.org/@expo/logger/-/logger-18.5.0.tgz 0ms (cache hit)
928 http cache @expo/json-file@https://registry.npmjs.org/@expo/json-file/-/json-file-10.0.13.tgz 0ms (cache hit)
929 http cache @expo/image-utils@https://registry.npmjs.org/@expo/image-utils/-/image-utils-0.8.12.tgz 0ms (cache hit)
930 http cache @expo/fingerprint@https://registry.npmjs.org/@expo/fingerprint/-/fingerprint-0.15.4.tgz 0ms (cache hit)
931 http cache @expo/eas-json@https://registry.npmjs.org/@expo/eas-json/-/eas-json-18.5.0.tgz 0ms (cache hit)
932 http cache @expo/env@https://registry.npmjs.org/@expo/env/-/env-2.0.11.tgz 0ms (cache hit)
933 http cache @expo/eas-build-job@https://registry.npmjs.org/@expo/eas-build-job/-/eas-build-job-18.5.0.tgz 0ms (cache hit)
934 http cache @expo/devtools@https://registry.npmjs.org/@expo/devtools/-/devtools-0.1.8.tgz 0ms (cache hit)
935 http cache @expo/devcert@https://registry.npmjs.org/@expo/devcert/-/devcert-1.2.1.tgz 0ms (cache hit)
936 http cache @expo/config-types@https://registry.npmjs.org/@expo/config-types/-/config-types-54.0.10.tgz 0ms (cache hit)
937 http cache @expo/config@https://registry.npmjs.org/@expo/config/-/config-12.0.13.tgz 0ms (cache hit)
938 http cache @expo/config-plugins@https://registry.npmjs.org/@expo/config-plugins/-/config-plugins-54.0.4.tgz 0ms (cache hit)
939 http cache @expo/code-signing-certificates@https://registry.npmjs.org/@expo/code-signing-certificates/-/code-signing-certificates-0.0.6.tgz 0ms (cache hit)
940 http cache @expo/apple-utils@https://registry.npmjs.org/@expo/apple-utils/-/apple-utils-2.1.16.tgz 0ms (cache hit)
941 http cache @eslint/plugin-kit@https://registry.npmjs.org/@eslint/plugin-kit/-/plugin-kit-0.4.1.tgz 0ms (cache hit)
942 http cache @expo/multipart-body-parser@https://registry.npmjs.org/@expo/multipart-body-parser/-/multipart-body-parser-2.0.0.tgz 0ms (cache hit)
943 http cache @eslint/object-schema@https://registry.npmjs.org/@eslint/object-schema/-/object-schema-2.1.7.tgz 0ms (cache hit)
944 http cache @eslint/js@https://registry.npmjs.org/@eslint/js/-/js-9.39.4.tgz 0ms (cache hit)
945 http cache @eslint/eslintrc@https://registry.npmjs.org/@eslint/eslintrc/-/eslintrc-3.3.5.tgz 0ms (cache hit)
946 http cache @eslint/core@https://registry.npmjs.org/@eslint/core/-/core-0.17.0.tgz 0ms (cache hit)
947 http cache @eslint/config-helpers@https://registry.npmjs.org/@eslint/config-helpers/-/config-helpers-0.4.2.tgz 0ms (cache hit)
948 http cache @eslint/config-array@https://registry.npmjs.org/@eslint/config-array/-/config-array-0.21.2.tgz 0ms (cache hit)
949 http cache @eslint-community/regexpp@https://registry.npmjs.org/@eslint-community/regexpp/-/regexpp-4.12.2.tgz 0ms (cache hit)
950 http cache @eslint-community/eslint-utils@https://registry.npmjs.org/@eslint-community/eslint-utils/-/eslint-utils-4.9.1.tgz 0ms (cache hit)
951 http cache @emnapi/wasi-threads@https://registry.npmjs.org/@emnapi/wasi-threads/-/wasi-threads-1.2.1.tgz 0ms (cache hit)
952 http cache @emnapi/runtime@https://registry.npmjs.org/@emnapi/runtime/-/runtime-1.9.2.tgz 0ms (cache hit)
953 http cache @emnapi/core@https://registry.npmjs.org/@emnapi/core/-/core-1.9.2.tgz 0ms (cache hit)
954 http cache @egjs/hammerjs@https://registry.npmjs.org/@egjs/hammerjs/-/hammerjs-2.0.17.tgz 0ms (cache hit)
955 http cache @cspotcode/source-map-support@https://registry.npmjs.org/@cspotcode/source-map-support/-/source-map-support-0.8.1.tgz 0ms (cache hit)
956 http cache @babel/types@https://registry.npmjs.org/@babel/types/-/types-7.29.0.tgz 0ms (cache hit)
957 http cache @babel/traverse--for-generate-function-map@https://registry.npmjs.org/@babel/traverse/-/traverse-7.29.0.tgz 0ms (cache hit)
958 http cache @babel/traverse@https://registry.npmjs.org/@babel/traverse/-/traverse-7.29.0.tgz 0ms (cache hit)
959 http cache @babel/template@https://registry.npmjs.org/@babel/template/-/template-7.28.6.tgz 0ms (cache hit)
960 http cache @babel/runtime@https://registry.npmjs.org/@babel/runtime/-/runtime-7.29.2.tgz 0ms (cache hit)
961 http cache @babel/preset-typescript@https://registry.npmjs.org/@babel/preset-typescript/-/preset-typescript-7.28.5.tgz 0ms (cache hit)
962 http cache @babel/preset-react@https://registry.npmjs.org/@babel/preset-react/-/preset-react-7.28.5.tgz 0ms (cache hit)
963 http cache @babel/plugin-transform-unicode-regex@https://registry.npmjs.org/@babel/plugin-transform-unicode-regex/-/plugin-transform-unicode-regex-7.27.1.tgz 0ms (cache hit)
964 http cache @babel/plugin-transform-typescript@https://registry.npmjs.org/@babel/plugin-transform-typescript/-/plugin-transform-typescript-7.28.6.tgz 0ms (cache hit)
965 http cache @babel/plugin-transform-template-literals@https://registry.npmjs.org/@babel/plugin-transform-template-literals/-/plugin-transform-template-literals-7.27.1.tgz 0ms (cache hit)
966 http cache @babel/plugin-transform-sticky-regex@https://registry.npmjs.org/@babel/plugin-transform-sticky-regex/-/plugin-transform-sticky-regex-7.27.1.tgz 0ms (cache hit)
967 http cache @babel/plugin-transform-spread@https://registry.npmjs.org/@babel/plugin-transform-spread/-/plugin-transform-spread-7.28.6.tgz 0ms (cache hit)
968 http cache @babel/plugin-transform-shorthand-properties@https://registry.npmjs.org/@babel/plugin-transform-shorthand-properties/-/plugin-transform-shorthand-properties-7.27.1.tgz 0ms (cache hit)
969 http cache @expo/bunyan@https://registry.npmjs.org/@expo/bunyan/-/bunyan-4.0.1.tgz 0ms (cache hit)
970 http cache @babel/plugin-transform-regenerator@https://registry.npmjs.org/@babel/plugin-transform-regenerator/-/plugin-transform-regenerator-7.29.0.tgz 0ms (cache hit)
971 http cache @babel/plugin-transform-react-pure-annotations@https://registry.npmjs.org/@babel/plugin-transform-react-pure-annotations/-/plugin-transform-react-pure-annotations-7.27.1.tgz 0ms (cache hit)
972 http cache @babel/plugin-transform-react-jsx-self@https://registry.npmjs.org/@babel/plugin-transform-react-jsx-self/-/plugin-transform-react-jsx-self-7.27.1.tgz 0ms (cache hit)
973 http cache @babel/plugin-transform-react-jsx-source@https://registry.npmjs.org/@babel/plugin-transform-react-jsx-source/-/plugin-transform-react-jsx-source-7.27.1.tgz 0ms (cache hit)
974 http cache @babel/plugin-transform-react-jsx-development@https://registry.npmjs.org/@babel/plugin-transform-react-jsx-development/-/plugin-transform-react-jsx-development-7.27.1.tgz 0ms (cache hit)
975 http cache @babel/plugin-transform-react-jsx@https://registry.npmjs.org/@babel/plugin-transform-react-jsx/-/plugin-transform-react-jsx-7.28.6.tgz 0ms (cache hit)
976 http cache @babel/plugin-transform-react-display-name@https://registry.npmjs.org/@babel/plugin-transform-react-display-name/-/plugin-transform-react-display-name-7.28.0.tgz 0ms (cache hit)
977 http cache @babel/plugin-transform-private-property-in-object@https://registry.npmjs.org/@babel/plugin-transform-private-property-in-object/-/plugin-transform-private-property-in-object-7.28.6.tgz 0ms (cache hit)
978 http cache @babel/plugin-transform-parameters@https://registry.npmjs.org/@babel/plugin-transform-parameters/-/plugin-transform-parameters-7.27.7.tgz 0ms (cache hit)
979 http cache @babel/plugin-transform-optional-chaining@https://registry.npmjs.org/@babel/plugin-transform-optional-chaining/-/plugin-transform-optional-chaining-7.28.6.tgz 0ms (cache hit)
980 http cache @babel/plugin-transform-private-methods@https://registry.npmjs.org/@babel/plugin-transform-private-methods/-/plugin-transform-private-methods-7.28.6.tgz 0ms (cache hit)
981 http cache @babel/plugin-transform-optional-catch-binding@https://registry.npmjs.org/@babel/plugin-transform-optional-catch-binding/-/plugin-transform-optional-catch-binding-7.28.6.tgz 0ms (cache hit)
982 http cache @babel/plugin-transform-numeric-separator@https://registry.npmjs.org/@babel/plugin-transform-numeric-separator/-/plugin-transform-numeric-separator-7.28.6.tgz 0ms (cache hit)
983 http cache @babel/plugin-transform-object-rest-spread@https://registry.npmjs.org/@babel/plugin-transform-object-rest-spread/-/plugin-transform-object-rest-spread-7.28.6.tgz 0ms (cache hit)
984 http cache @babel/plugin-transform-nullish-coalescing-operator@https://registry.npmjs.org/@babel/plugin-transform-nullish-coalescing-operator/-/plugin-transform-nullish-coalescing-operator-7.28.6.tgz 0ms (cache hit)
985 http cache @babel/plugin-transform-named-capturing-groups-regex@https://registry.npmjs.org/@babel/plugin-transform-named-capturing-groups-regex/-/plugin-transform-named-capturing-groups-regex-7.29.0.tgz 0ms (cache hit)
986 http cache @babel/plugin-transform-modules-commonjs@https://registry.npmjs.org/@babel/plugin-transform-modules-commonjs/-/plugin-transform-modules-commonjs-7.28.6.tgz 0ms (cache hit)
987 http cache @babel/plugin-transform-logical-assignment-operators@https://registry.npmjs.org/@babel/plugin-transform-logical-assignment-operators/-/plugin-transform-logical-assignment-operators-7.28.6.tgz 0ms (cache hit)
988 http cache @babel/plugin-transform-literals@https://registry.npmjs.org/@babel/plugin-transform-literals/-/plugin-transform-literals-7.27.1.tgz 0ms (cache hit)
989 http cache @babel/plugin-transform-function-name@https://registry.npmjs.org/@babel/plugin-transform-function-name/-/plugin-transform-function-name-7.27.1.tgz 0ms (cache hit)
990 http cache @babel/plugin-transform-for-of@https://registry.npmjs.org/@babel/plugin-transform-for-of/-/plugin-transform-for-of-7.27.1.tgz 0ms (cache hit)
991 http cache @babel/plugin-transform-flow-strip-types@https://registry.npmjs.org/@babel/plugin-transform-flow-strip-types/-/plugin-transform-flow-strip-types-7.27.1.tgz 0ms (cache hit)
992 http cache @babel/plugin-transform-export-namespace-from@https://registry.npmjs.org/@babel/plugin-transform-export-namespace-from/-/plugin-transform-export-namespace-from-7.27.1.tgz 0ms (cache hit)
993 http cache @babel/plugin-transform-destructuring@https://registry.npmjs.org/@babel/plugin-transform-destructuring/-/plugin-transform-destructuring-7.28.5.tgz 0ms (cache hit)
994 http cache @babel/plugin-transform-computed-properties@https://registry.npmjs.org/@babel/plugin-transform-computed-properties/-/plugin-transform-computed-properties-7.28.6.tgz 0ms (cache hit)
995 http cache @babel/plugin-transform-classes@https://registry.npmjs.org/@babel/plugin-transform-classes/-/plugin-transform-classes-7.28.6.tgz 0ms (cache hit)
996 http cache @babel/plugin-transform-class-static-block@https://registry.npmjs.org/@babel/plugin-transform-class-static-block/-/plugin-transform-class-static-block-7.28.6.tgz 0ms (cache hit)
997 http cache @babel/plugin-transform-class-properties@https://registry.npmjs.org/@babel/plugin-transform-class-properties/-/plugin-transform-class-properties-7.28.6.tgz 0ms (cache hit)
998 http cache @babel/plugin-transform-async-to-generator@https://registry.npmjs.org/@babel/plugin-transform-async-to-generator/-/plugin-transform-async-to-generator-7.28.6.tgz 0ms (cache hit)
999 http cache @babel/plugin-transform-async-generator-functions@https://registry.npmjs.org/@babel/plugin-transform-async-generator-functions/-/plugin-transform-async-generator-functions-7.29.0.tgz 0ms (cache hit)
1000 http cache @babel/plugin-transform-arrow-functions@https://registry.npmjs.org/@babel/plugin-transform-arrow-functions/-/plugin-transform-arrow-functions-7.27.1.tgz 0ms (cache hit)
1001 http cache @babel/plugin-syntax-typescript@https://registry.npmjs.org/@babel/plugin-syntax-typescript/-/plugin-syntax-typescript-7.28.6.tgz 1ms (cache hit)
1002 http cache @babel/plugin-syntax-top-level-await@https://registry.npmjs.org/@babel/plugin-syntax-top-level-await/-/plugin-syntax-top-level-await-7.14.5.tgz 0ms (cache hit)
1003 http cache @babel/plugin-syntax-private-property-in-object@https://registry.npmjs.org/@babel/plugin-syntax-private-property-in-object/-/plugin-syntax-private-property-in-object-7.14.5.tgz 0ms (cache hit)
1004 http cache @babel/plugin-syntax-optional-chaining@https://registry.npmjs.org/@babel/plugin-syntax-optional-chaining/-/plugin-syntax-optional-chaining-7.8.3.tgz 0ms (cache hit)
1005 http cache @babel/plugin-transform-block-scoping@https://registry.npmjs.org/@babel/plugin-transform-block-scoping/-/plugin-transform-block-scoping-7.28.6.tgz 0ms (cache hit)
1006 http cache @babel/plugin-syntax-optional-catch-binding@https://registry.npmjs.org/@babel/plugin-syntax-optional-catch-binding/-/plugin-syntax-optional-catch-binding-7.8.3.tgz 0ms (cache hit)
1007 http cache @babel/plugin-syntax-object-rest-spread@https://registry.npmjs.org/@babel/plugin-syntax-object-rest-spread/-/plugin-syntax-object-rest-spread-7.8.3.tgz 0ms (cache hit)
1008 http cache @babel/plugin-syntax-numeric-separator@https://registry.npmjs.org/@babel/plugin-syntax-numeric-separator/-/plugin-syntax-numeric-separator-7.10.4.tgz 0ms (cache hit)
1009 http cache @babel/plugin-syntax-nullish-coalescing-operator@https://registry.npmjs.org/@babel/plugin-syntax-nullish-coalescing-operator/-/plugin-syntax-nullish-coalescing-operator-7.8.3.tgz 0ms (cache hit)
1010 http cache @babel/plugin-syntax-logical-assignment-operators@https://registry.npmjs.org/@babel/plugin-syntax-logical-assignment-operators/-/plugin-syntax-logical-assignment-operators-7.10.4.tgz 0ms (cache hit)
1011 http cache @babel/plugin-syntax-jsx@https://registry.npmjs.org/@babel/plugin-syntax-jsx/-/plugin-syntax-jsx-7.28.6.tgz 0ms (cache hit)
1012 http cache @babel/plugin-syntax-json-strings@https://registry.npmjs.org/@babel/plugin-syntax-json-strings/-/plugin-syntax-json-strings-7.8.3.tgz 0ms (cache hit)
1013 http cache @babel/plugin-syntax-import-meta@https://registry.npmjs.org/@babel/plugin-syntax-import-meta/-/plugin-syntax-import-meta-7.10.4.tgz 0ms (cache hit)
1014 http cache @babel/plugin-syntax-import-attributes@https://registry.npmjs.org/@babel/plugin-syntax-import-attributes/-/plugin-syntax-import-attributes-7.28.6.tgz 0ms (cache hit)
1015 http cache @babel/plugin-syntax-flow@https://registry.npmjs.org/@babel/plugin-syntax-flow/-/plugin-syntax-flow-7.28.6.tgz 0ms (cache hit)
1016 http cache @babel/plugin-syntax-export-default-from@https://registry.npmjs.org/@babel/plugin-syntax-export-default-from/-/plugin-syntax-export-default-from-7.28.6.tgz 0ms (cache hit)
1017 http cache @babel/plugin-syntax-decorators@https://registry.npmjs.org/@babel/plugin-syntax-decorators/-/plugin-syntax-decorators-7.28.6.tgz 0ms (cache hit)
1018 http cache @babel/plugin-syntax-class-static-block@https://registry.npmjs.org/@babel/plugin-syntax-class-static-block/-/plugin-syntax-class-static-block-7.14.5.tgz 0ms (cache hit)
1019 http cache @babel/plugin-syntax-class-properties@https://registry.npmjs.org/@babel/plugin-syntax-class-properties/-/plugin-syntax-class-properties-7.12.13.tgz 0ms (cache hit)
1020 http cache @babel/plugin-syntax-bigint@https://registry.npmjs.org/@babel/plugin-syntax-bigint/-/plugin-syntax-bigint-7.8.3.tgz 0ms (cache hit)
1021 http cache @babel/plugin-syntax-async-generators@https://registry.npmjs.org/@babel/plugin-syntax-async-generators/-/plugin-syntax-async-generators-7.8.4.tgz 0ms (cache hit)
1022 http cache @babel/plugin-proposal-export-default-from@https://registry.npmjs.org/@babel/plugin-proposal-export-default-from/-/plugin-proposal-export-default-from-7.27.1.tgz 0ms (cache hit)
1023 http cache @babel/plugin-proposal-decorators@https://registry.npmjs.org/@babel/plugin-proposal-decorators/-/plugin-proposal-decorators-7.29.0.tgz 0ms (cache hit)
1024 http cache @babel/parser@https://registry.npmjs.org/@babel/parser/-/parser-7.29.2.tgz 0ms (cache hit)
1025 http cache @babel/helpers@https://registry.npmjs.org/@babel/helpers/-/helpers-7.29.2.tgz 0ms (cache hit)
1026 http cache @babel/helper-wrap-function@https://registry.npmjs.org/@babel/helper-wrap-function/-/helper-wrap-function-7.28.6.tgz 0ms (cache hit)
1027 http cache @babel/highlight@https://registry.npmjs.org/@babel/highlight/-/highlight-7.25.9.tgz 0ms (cache hit)
1028 http cache @babel/helper-validator-identifier@https://registry.npmjs.org/@babel/helper-validator-identifier/-/helper-validator-identifier-7.28.5.tgz 0ms (cache hit)
1029 http cache @babel/helper-validator-option@https://registry.npmjs.org/@babel/helper-validator-option/-/helper-validator-option-7.27.1.tgz 0ms (cache hit)
1030 http cache @babel/helper-string-parser@https://registry.npmjs.org/@babel/helper-string-parser/-/helper-string-parser-7.27.1.tgz 0ms (cache hit)
1031 http cache @babel/helper-skip-transparent-expression-wrappers@https://registry.npmjs.org/@babel/helper-skip-transparent-expression-wrappers/-/helper-skip-transparent-expression-wrappers-7.27.1.tgz 0ms (cache hit)
1032 http cache @babel/helper-replace-supers@https://registry.npmjs.org/@babel/helper-replace-supers/-/helper-replace-supers-7.28.6.tgz 0ms (cache hit)
1033 http cache @babel/plugin-syntax-dynamic-import@https://registry.npmjs.org/@babel/plugin-syntax-dynamic-import/-/plugin-syntax-dynamic-import-7.8.3.tgz 0ms (cache hit)
1034 http cache @babel/helper-remap-async-to-generator@https://registry.npmjs.org/@babel/helper-remap-async-to-generator/-/helper-remap-async-to-generator-7.27.1.tgz 0ms (cache hit)
1035 http cache @babel/helper-plugin-utils@https://registry.npmjs.org/@babel/helper-plugin-utils/-/helper-plugin-utils-7.28.6.tgz 0ms (cache hit)
1036 http cache @babel/helper-optimise-call-expression@https://registry.npmjs.org/@babel/helper-optimise-call-expression/-/helper-optimise-call-expression-7.27.1.tgz 0ms (cache hit)
1037 http cache @babel/helper-module-transforms@https://registry.npmjs.org/@babel/helper-module-transforms/-/helper-module-transforms-7.28.6.tgz 0ms (cache hit)
1038 http cache @babel/helper-module-imports@https://registry.npmjs.org/@babel/helper-module-imports/-/helper-module-imports-7.28.6.tgz 0ms (cache hit)
1039 http cache @babel/helper-member-expression-to-functions@https://registry.npmjs.org/@babel/helper-member-expression-to-functions/-/helper-member-expression-to-functions-7.28.5.tgz 0ms (cache hit)
1040 http cache @babel/helper-define-polyfill-provider@https://registry.npmjs.org/@babel/helper-define-polyfill-provider/-/helper-define-polyfill-provider-0.6.8.tgz 0ms (cache hit)
1041 http cache @babel/helper-create-regexp-features-plugin@https://registry.npmjs.org/@babel/helper-create-regexp-features-plugin/-/helper-create-regexp-features-plugin-7.28.5.tgz 0ms (cache hit)
1042 http cache @babel/helper-create-class-features-plugin@https://registry.npmjs.org/@babel/helper-create-class-features-plugin/-/helper-create-class-features-plugin-7.28.6.tgz 0ms (cache hit)
1043 http cache @babel/helper-compilation-targets@https://registry.npmjs.org/@babel/helper-compilation-targets/-/helper-compilation-targets-7.28.6.tgz 0ms (cache hit)
1044 http cache @babel/helper-annotate-as-pure@https://registry.npmjs.org/@babel/helper-annotate-as-pure/-/helper-annotate-as-pure-7.27.3.tgz 0ms (cache hit)
1045 http cache @babel/generator@https://registry.npmjs.org/@babel/generator/-/generator-7.29.1.tgz 0ms (cache hit)
1046 http cache @babel/core@https://registry.npmjs.org/@babel/core/-/core-7.29.0.tgz 0ms (cache hit)
1047 http cache @babel/compat-data@https://registry.npmjs.org/@babel/compat-data/-/compat-data-7.29.0.tgz 0ms (cache hit)
1048 http cache @babel/code-frame@https://registry.npmjs.org/@babel/code-frame/-/code-frame-7.29.0.tgz 0ms (cache hit)
1049 http cache webidl-conversions@https://registry.npmjs.org/webidl-conversions/-/webidl-conversions-5.0.0.tgz 0ms (cache hit)
1050 http cache @0no-co/graphql.web@https://registry.npmjs.org/@0no-co/graphql.web/-/graphql.web-1.2.0.tgz 0ms (cache hit)
1051 http cache xmlbuilder@https://registry.npmjs.org/xmlbuilder/-/xmlbuilder-11.0.1.tgz 0ms (cache hit)
1052 http cache @radix-ui/react-slot@https://registry.npmjs.org/@radix-ui/react-slot/-/react-slot-1.2.3.tgz 0ms (cache hit)
1053 http cache @radix-ui/react-portal@https://registry.npmjs.org/@radix-ui/react-portal/-/react-portal-1.1.9.tgz 0ms (cache hit)
1054 http cache @radix-ui/react-primitive@https://registry.npmjs.org/@radix-ui/react-primitive/-/react-primitive-2.1.3.tgz 0ms (cache hit)
1055 http cache @radix-ui/react-presence@https://registry.npmjs.org/@radix-ui/react-presence/-/react-presence-1.1.5.tgz 0ms (cache hit)
1056 http cache json5@https://registry.npmjs.org/json5/-/json5-1.0.2.tgz 0ms (cache hit)
1057 http cache arg@https://registry.npmjs.org/arg/-/arg-4.1.3.tgz 0ms (cache hit)
1058 http cache @radix-ui/react-dialog@https://registry.npmjs.org/@radix-ui/react-dialog/-/react-dialog-1.1.15.tgz 0ms (cache hit)
1059 http cache diff@https://registry.npmjs.org/diff/-/diff-4.0.4.tgz 0ms (cache hit)
1060 http cache @radix-ui/react-dismissable-layer@https://registry.npmjs.org/@radix-ui/react-dismissable-layer/-/react-dismissable-layer-1.1.11.tgz 0ms (cache hit)
1061 http cache picomatch@https://registry.npmjs.org/picomatch/-/picomatch-4.0.4.tgz 0ms (cache hit)
1062 http cache glob@https://registry.npmjs.org/glob/-/glob-7.2.3.tgz 0ms (cache hit)
1063 http cache commander@https://registry.npmjs.org/commander/-/commander-2.20.3.tgz 0ms (cache hit)
1064 http cache yallist@https://registry.npmjs.org/yallist/-/yallist-5.0.0.tgz 0ms (cache hit)
1065 http cache escape-string-regexp@https://registry.npmjs.org/escape-string-regexp/-/escape-string-regexp-2.0.0.tgz 0ms (cache hit)
1066 http cache fdir@https://registry.npmjs.org/fdir/-/fdir-6.5.0.tgz 1ms (cache hit)
1067 http cache commander@https://registry.npmjs.org/commander/-/commander-4.1.1.tgz 0ms (cache hit)
1068 http cache source-map@https://registry.npmjs.org/source-map/-/source-map-0.6.1.tgz 0ms (cache hit)
1069 http cache encodeurl@https://registry.npmjs.org/encodeurl/-/encodeurl-2.0.0.tgz 0ms (cache hit)
1070 http cache statuses@https://registry.npmjs.org/statuses/-/statuses-2.0.2.tgz 0ms (cache hit)
1071 http cache @radix-ui/react-focus-scope@https://registry.npmjs.org/@radix-ui/react-focus-scope/-/react-focus-scope-1.1.7.tgz 0ms (cache hit)
1072 http cache on-finished@https://registry.npmjs.org/on-finished/-/on-finished-2.4.1.tgz 0ms (cache hit)
1073 http cache ms@https://registry.npmjs.org/ms/-/ms-2.0.0.tgz 0ms (cache hit)
1074 http cache glob@https://registry.npmjs.org/glob/-/glob-7.2.3.tgz 0ms (cache hit)
1075 http cache encodeurl@https://registry.npmjs.org/encodeurl/-/encodeurl-2.0.0.tgz 0ms (cache hit)
1076 http cache @react-native/normalize-colors@https://registry.npmjs.org/@react-native/normalize-colors/-/normalize-colors-0.74.89.tgz 0ms (cache hit)
1077 http cache resolve@https://registry.npmjs.org/resolve/-/resolve-1.7.1.tgz 0ms (cache hit)
1078 http cache semver@https://registry.npmjs.org/semver/-/semver-7.7.2.tgz 0ms (cache hit)
1079 http cache memoize-one@https://registry.npmjs.org/memoize-one/-/memoize-one-6.0.0.tgz 0ms (cache hit)
1080 http cache ws@https://registry.npmjs.org/ws/-/ws-6.2.3.tgz 0ms (cache hit)
1081 http cache debug@https://registry.npmjs.org/debug/-/debug-2.6.9.tgz 0ms (cache hit)
1082 http cache semver@https://registry.npmjs.org/semver/-/semver-7.7.4.tgz 0ms (cache hit)
1083 http cache @react-native/virtualized-lists@https://registry.npmjs.org/@react-native/virtualized-lists/-/virtualized-lists-0.81.5.tgz 0ms (cache hit)
1084 http cache @react-native/gradle-plugin@https://registry.npmjs.org/@react-native/gradle-plugin/-/gradle-plugin-0.81.5.tgz 0ms (cache hit)
1085 http cache semver@https://registry.npmjs.org/semver/-/semver-7.7.4.tgz 0ms (cache hit)
1086 http cache strip-json-comments@https://registry.npmjs.org/strip-json-comments/-/strip-json-comments-2.0.1.tgz 0ms (cache hit)
1087 http cache glob@https://registry.npmjs.org/glob/-/glob-7.2.3.tgz 0ms (cache hit)
1088 http cache commander@https://registry.npmjs.org/commander/-/commander-12.1.0.tgz 0ms (cache hit)
1089 http cache yargs-parser@https://registry.npmjs.org/yargs-parser/-/yargs-parser-18.1.3.tgz 0ms (cache hit)
1090 http cache y18n@https://registry.npmjs.org/y18n/-/y18n-4.0.3.tgz 0ms (cache hit)
1091 http cache yargs@https://registry.npmjs.org/yargs/-/yargs-15.4.1.tgz 0ms (cache hit)
1092 http cache pngjs@https://registry.npmjs.org/pngjs/-/pngjs-5.0.0.tgz 0ms (cache hit)
1093 http cache wrap-ansi@https://registry.npmjs.org/wrap-ansi/-/wrap-ansi-6.2.0.tgz 0ms (cache hit)
1094 http cache p-limit@https://registry.npmjs.org/p-limit/-/p-limit-2.3.0.tgz 0ms (cache hit)
1095 http cache locate-path@https://registry.npmjs.org/locate-path/-/locate-path-5.0.0.tgz 0ms (cache hit)
1096 http cache cliui@https://registry.npmjs.org/cliui/-/cliui-6.0.0.tgz 0ms (cache hit)
1097 http cache p-locate@https://registry.npmjs.org/p-locate/-/p-locate-4.1.0.tgz 0ms (cache hit)
1098 http cache react-is@https://registry.npmjs.org/react-is/-/react-is-16.13.1.tgz 0ms (cache hit)
1099 http cache ansi-styles@https://registry.npmjs.org/ansi-styles/-/ansi-styles-5.2.0.tgz 0ms (cache hit)
1100 http cache p-locate@https://registry.npmjs.org/p-locate/-/p-locate-4.1.0.tgz 0ms (cache hit)
1101 http cache react-is@https://registry.npmjs.org/react-is/-/react-is-18.3.1.tgz 0ms (cache hit)
1102 http cache p-limit@https://registry.npmjs.org/p-limit/-/p-limit-2.3.0.tgz 0ms (cache hit)
1103 http cache find-up@https://registry.npmjs.org/find-up/-/find-up-4.1.0.tgz 0ms (cache hit)
1104 http cache locate-path@https://registry.npmjs.org/locate-path/-/locate-path-5.0.0.tgz 0ms (cache hit)
1105 http cache lru-cache@https://registry.npmjs.org/lru-cache/-/lru-cache-11.3.0.tgz 0ms (cache hit)
1106 http cache supports-color@https://registry.npmjs.org/supports-color/-/supports-color-5.5.0.tgz 0ms (cache hit)
1107 http cache camelcase@https://registry.npmjs.org/camelcase/-/camelcase-5.3.1.tgz 0ms (cache hit)
1108 http cache find-up@https://registry.npmjs.org/find-up/-/find-up-4.1.0.tgz 0ms (cache hit)
1109 http cache strip-ansi@https://registry.npmjs.org/strip-ansi/-/strip-ansi-5.2.0.tgz 0ms (cache hit)
1110 http cache has-flag@https://registry.npmjs.org/has-flag/-/has-flag-3.0.0.tgz 0ms (cache hit)
1111 http cache escape-string-regexp@https://registry.npmjs.org/escape-string-regexp/-/escape-string-regexp-1.0.5.tgz 0ms (cache hit)
1112 http cache color-name@https://registry.npmjs.org/color-name/-/color-name-1.1.3.tgz 0ms (cache hit)
1113 http cache color-convert@https://registry.npmjs.org/color-convert/-/color-convert-1.9.3.tgz 0ms (cache hit)
1114 http cache semver@https://registry.npmjs.org/semver/-/semver-7.7.4.tgz 0ms (cache hit)
1115 http cache chalk@https://registry.npmjs.org/chalk/-/chalk-2.4.2.tgz 0ms (cache hit)
1116 http cache ansi-styles@https://registry.npmjs.org/ansi-styles/-/ansi-styles-3.2.1.tgz 0ms (cache hit)
1117 http cache ansi-regex@https://registry.npmjs.org/ansi-regex/-/ansi-regex-4.1.1.tgz 0ms (cache hit)
1118 http cache rimraf@https://registry.npmjs.org/rimraf/-/rimraf-2.4.5.tgz 0ms (cache hit)
1119 http cache hermes-parser@https://registry.npmjs.org/hermes-parser/-/hermes-parser-0.32.0.tgz 0ms (cache hit)
1120 http cache hermes-parser@https://registry.npmjs.org/hermes-parser/-/hermes-parser-0.32.0.tgz 0ms (cache hit)
1121 http cache hermes-estree@https://registry.npmjs.org/hermes-estree/-/hermes-estree-0.32.0.tgz 0ms (cache hit)
1122 http cache hermes-estree@https://registry.npmjs.org/hermes-estree/-/hermes-estree-0.32.0.tgz 0ms (cache hit)
1123 http cache mkdirp@https://registry.npmjs.org/mkdirp/-/mkdirp-0.5.6.tgz 0ms (cache hit)
1124 http cache glob@https://registry.npmjs.org/glob/-/glob-6.0.4.tgz 0ms (cache hit)
1125 http cache supports-color@https://registry.npmjs.org/supports-color/-/supports-color-5.5.0.tgz 0ms (cache hit)
1126 http cache has-flag@https://registry.npmjs.org/has-flag/-/has-flag-3.0.0.tgz 0ms (cache hit)
1127 http cache escape-string-regexp@https://registry.npmjs.org/escape-string-regexp/-/escape-string-regexp-1.0.5.tgz 0ms (cache hit)
1128 http cache color-name@https://registry.npmjs.org/color-name/-/color-name-1.1.3.tgz 0ms (cache hit)
1129 http cache color-convert@https://registry.npmjs.org/color-convert/-/color-convert-1.9.3.tgz 0ms (cache hit)
1130 http cache chalk@https://registry.npmjs.org/chalk/-/chalk-2.4.2.tgz 0ms (cache hit)
1131 http cache ms@https://registry.npmjs.org/ms/-/ms-2.0.0.tgz 0ms (cache hit)
1132 http cache debug@https://registry.npmjs.org/debug/-/debug-2.6.9.tgz 0ms (cache hit)
1133 http cache supports-color@https://registry.npmjs.org/supports-color/-/supports-color-8.1.1.tgz 0ms (cache hit)
1134 http cache ci-info@https://registry.npmjs.org/ci-info/-/ci-info-3.9.0.tgz 0ms (cache hit)
1135 http cache ansi-styles@https://registry.npmjs.org/ansi-styles/-/ansi-styles-3.2.1.tgz 0ms (cache hit)
1136 http cache semver@https://registry.npmjs.org/semver/-/semver-7.7.4.tgz 0ms (cache hit)
1137 http cache statuses@https://registry.npmjs.org/statuses/-/statuses-2.0.2.tgz 0ms (cache hit)
1138 http cache resolve-from@https://registry.npmjs.org/resolve-from/-/resolve-from-4.0.0.tgz 0ms (cache hit)
1139 http cache react-is@https://registry.npmjs.org/react-is/-/react-is-16.13.1.tgz 0ms (cache hit)
1140 http cache lru-cache@https://registry.npmjs.org/lru-cache/-/lru-cache-10.4.3.tgz 0ms (cache hit)
1141 http cache minimatch@https://registry.npmjs.org/minimatch/-/minimatch-10.2.5.tgz 0ms (cache hit)
1142 http cache brace-expansion@https://registry.npmjs.org/brace-expansion/-/brace-expansion-5.0.5.tgz 0ms (cache hit)
1143 http cache balanced-match@https://registry.npmjs.org/balanced-match/-/balanced-match-4.0.4.tgz 0ms (cache hit)
1144 http cache signal-exit@https://registry.npmjs.org/signal-exit/-/signal-exit-4.1.0.tgz 0ms (cache hit)
1145 http cache debug@https://registry.npmjs.org/debug/-/debug-2.6.9.tgz 0ms (cache hit)
1146 http cache ms@https://registry.npmjs.org/ms/-/ms-2.0.0.tgz 0ms (cache hit)
1147 http cache brace-expansion@https://registry.npmjs.org/brace-expansion/-/brace-expansion-2.0.3.tgz 0ms (cache hit)
1148 http cache minimatch@https://registry.npmjs.org/minimatch/-/minimatch-5.1.9.tgz 0ms (cache hit)
1149 http cache escape-string-regexp@https://registry.npmjs.org/escape-string-regexp/-/escape-string-regexp-1.0.5.tgz 0ms (cache hit)
1150 http cache promise@https://registry.npmjs.org/promise/-/promise-7.3.1.tgz 0ms (cache hit)
1151 http cache semver@https://registry.npmjs.org/semver/-/semver-7.6.3.tgz 0ms (cache hit)
1152 http cache glob-parent@https://registry.npmjs.org/glob-parent/-/glob-parent-5.1.2.tgz 0ms (cache hit)
1153 http cache @radix-ui/react-roving-focus@https://registry.npmjs.org/@radix-ui/react-roving-focus/-/react-roving-focus-1.1.11.tgz 0ms (cache hit)
1154 http cache @radix-ui/react-slot@https://registry.npmjs.org/@radix-ui/react-slot/-/react-slot-1.2.3.tgz 0ms (cache hit)
1155 http cache @radix-ui/react-tabs@https://registry.npmjs.org/@radix-ui/react-tabs/-/react-tabs-1.1.13.tgz 0ms (cache hit)
1156 http cache @radix-ui/react-primitive@https://registry.npmjs.org/@radix-ui/react-primitive/-/react-primitive-2.1.3.tgz 0ms (cache hit)
1157 http cache @radix-ui/react-collection@https://registry.npmjs.org/@radix-ui/react-collection/-/react-collection-1.1.7.tgz 0ms (cache hit)
1158 http cache @radix-ui/react-presence@https://registry.npmjs.org/@radix-ui/react-presence/-/react-presence-1.1.5.tgz 0ms (cache hit)
1159 http cache @radix-ui/react-slot@https://registry.npmjs.org/@radix-ui/react-slot/-/react-slot-1.2.3.tgz 0ms (cache hit)
1160 http cache semver@https://registry.npmjs.org/semver/-/semver-7.7.4.tgz 0ms (cache hit)
1161 http cache ws@https://registry.npmjs.org/ws/-/ws-8.20.0.tgz 0ms (cache hit)
1162 http cache resolve@https://registry.npmjs.org/resolve/-/resolve-1.22.11.tgz 0ms (cache hit)
1163 http cache picomatch@https://registry.npmjs.org/picomatch/-/picomatch-3.0.2.tgz 0ms (cache hit)
1164 http cache minimatch@https://registry.npmjs.org/minimatch/-/minimatch-9.0.9.tgz 0ms (cache hit)
1165 http cache ci-info@https://registry.npmjs.org/ci-info/-/ci-info-3.9.0.tgz 0ms (cache hit)
1166 http cache brace-expansion@https://registry.npmjs.org/brace-expansion/-/brace-expansion-2.0.3.tgz 0ms (cache hit)
1167 http cache debug@https://registry.npmjs.org/debug/-/debug-3.2.7.tgz 0ms (cache hit)
1168 http cache @expo/cli@https://registry.npmjs.org/@expo/cli/-/cli-54.0.23.tgz 0ms (cache hit)
1169 http cache debug@https://registry.npmjs.org/debug/-/debug-3.2.7.tgz 0ms (cache hit)
1170 http cache debug@https://registry.npmjs.org/debug/-/debug-3.2.7.tgz 0ms (cache hit)
1171 http cache globals@https://registry.npmjs.org/globals/-/globals-16.5.0.tgz 0ms (cache hit)
1172 http cache yaml@https://registry.npmjs.org/yaml/-/yaml-2.6.0.tgz 0ms (cache hit)
1173 http cache is-arrayish@https://registry.npmjs.org/is-arrayish/-/is-arrayish-0.2.1.tgz 0ms (cache hit)
1174 http cache yallist@https://registry.npmjs.org/yallist/-/yallist-4.0.0.tgz 0ms (cache hit)
1175 http cache write-file-atomic@https://registry.npmjs.org/write-file-atomic/-/write-file-atomic-2.4.3.tgz 0ms (cache hit)
1176 http cache uuid@https://registry.npmjs.org/uuid/-/uuid-9.0.1.tgz 0ms (cache hit)
1177 http cache tar@https://registry.npmjs.org/tar/-/tar-7.5.7.tgz 0ms (cache hit)
1178 http cache tslib@https://registry.npmjs.org/tslib/-/tslib-2.6.2.tgz 0ms (cache hit)
1179 http cache yallist@https://registry.npmjs.org/yallist/-/yallist-5.0.0.tgz 0ms (cache hit)
1180 http cache minizlib@https://registry.npmjs.org/minizlib/-/minizlib-3.1.0.tgz 0ms (cache hit)
1181 http cache supports-color@https://registry.npmjs.org/supports-color/-/supports-color-5.5.0.tgz 0ms (cache hit)
1182 http cache sucrase@https://registry.npmjs.org/sucrase/-/sucrase-3.35.0.tgz 0ms (cache hit)
1183 http cache minimatch@https://registry.npmjs.org/minimatch/-/minimatch-9.0.9.tgz 0ms (cache hit)
1184 http cache semver@https://registry.npmjs.org/semver/-/semver-7.5.4.tgz 0ms (cache hit)
1185 http cache glob@https://registry.npmjs.org/glob/-/glob-10.5.0.tgz 0ms (cache hit)
1186 http cache rimraf@https://registry.npmjs.org/rimraf/-/rimraf-5.0.10.tgz 0ms (cache hit)
1187 http cache minimatch@https://registry.npmjs.org/minimatch/-/minimatch-9.0.9.tgz 0ms (cache hit)
1188 http cache restore-cursor@https://registry.npmjs.org/restore-cursor/-/restore-cursor-3.1.0.tgz 0ms (cache hit)
1189 http cache glob@https://registry.npmjs.org/glob/-/glob-10.5.0.tgz 1ms (cache hit)
1190 http cache qrcode-terminal@https://registry.npmjs.org/qrcode-terminal/-/qrcode-terminal-0.12.0.tgz 0ms (cache hit)
1191 http cache pngjs@https://registry.npmjs.org/pngjs/-/pngjs-7.0.0.tgz 0ms (cache hit)
1192 http cache path-scurry@https://registry.npmjs.org/path-scurry/-/path-scurry-1.11.1.tgz 0ms (cache hit)
1193 http cache ora@https://registry.npmjs.org/ora/-/ora-5.1.0.tgz 0ms (cache hit)
1194 http cache lru-cache@https://registry.npmjs.org/lru-cache/-/lru-cache-10.4.3.tgz 1ms (cache hit)
1195 http cache cli-cursor@https://registry.npmjs.org/cli-cursor/-/cli-cursor-3.1.0.tgz 0ms (cache hit)
1196 http cache onetime@https://registry.npmjs.org/onetime/-/onetime-5.1.2.tgz 0ms (cache hit)
1197 http cache node-forge@https://registry.npmjs.org/node-forge/-/node-forge-1.3.1.tgz 0ms (cache hit)
1198 http cache nanoid@https://registry.npmjs.org/nanoid/-/nanoid-3.3.8.tgz 0ms (cache hit)
1199 http cache node-fetch@https://registry.npmjs.org/node-fetch/-/node-fetch-2.6.7.tgz 0ms (cache hit)
1200 http cache minizlib@https://registry.npmjs.org/minizlib/-/minizlib-3.0.1.tgz 0ms (cache hit)
1201 http cache minimatch@https://registry.npmjs.org/minimatch/-/minimatch-5.1.2.tgz 0ms (cache hit)
1202 http cache mimic-fn@https://registry.npmjs.org/mimic-fn/-/mimic-fn-2.1.0.tgz 0ms (cache hit)
1203 http cache lru-cache@https://registry.npmjs.org/lru-cache/-/lru-cache-6.0.0.tgz 0ms (cache hit)
1204 http cache mime@https://registry.npmjs.org/mime/-/mime-3.0.0.tgz 0ms (cache hit)
1205 http cache log-symbols@https://registry.npmjs.org/log-symbols/-/log-symbols-4.1.0.tgz 0ms (cache hit)
1206 http cache json-schema-traverse@https://registry.npmjs.org/json-schema-traverse/-/json-schema-traverse-1.0.0.tgz 0ms (cache hit)
1207 http cache ignore@https://registry.npmjs.org/ignore/-/ignore-5.3.0.tgz 0ms (cache hit)
1208 http cache has-flag@https://registry.npmjs.org/has-flag/-/has-flag-3.0.0.tgz 0ms (cache hit)
1209 http cache https-proxy-agent@https://registry.npmjs.org/https-proxy-agent/-/https-proxy-agent-5.0.1.tgz 0ms (cache hit)
1210 http cache getenv@https://registry.npmjs.org/getenv/-/getenv-1.0.0.tgz 0ms (cache hit)
1211 http cache escape-string-regexp@https://registry.npmjs.org/escape-string-regexp/-/escape-string-regexp-1.0.5.tgz 0ms (cache hit)
1212 http cache color-name@https://registry.npmjs.org/color-name/-/color-name-1.1.3.tgz 0ms (cache hit)
1213 http cache commander@https://registry.npmjs.org/commander/-/commander-4.1.1.tgz 0ms (cache hit)
1214 http cache dotenv@https://registry.npmjs.org/dotenv/-/dotenv-16.3.1.tgz 0ms (cache hit)
1215 http cache color-convert@https://registry.npmjs.org/color-convert/-/color-convert-1.9.3.tgz 0ms (cache hit)
1216 http cache brace-expansion@https://registry.npmjs.org/brace-expansion/-/brace-expansion-2.0.3.tgz 0ms (cache hit)
1217 http cache ansi-styles@https://registry.npmjs.org/ansi-styles/-/ansi-styles-3.2.1.tgz 0ms (cache hit)
1218 http cache ansi-regex@https://registry.npmjs.org/ansi-regex/-/ansi-regex-4.1.1.tgz 0ms (cache hit)
1219 http cache ajv@https://registry.npmjs.org/ajv/-/ajv-8.11.0.tgz 0ms (cache hit)
1220 http cache @urql/exchange-retry@https://registry.npmjs.org/@urql/exchange-retry/-/exchange-retry-1.2.0.tgz 0ms (cache hit)
1221 http cache agent-base@https://registry.npmjs.org/agent-base/-/agent-base-6.0.2.tgz 0ms (cache hit)
1222 http cache @urql/core@https://registry.npmjs.org/@urql/core/-/core-4.0.11.tgz 0ms (cache hit)
1223 http cache @segment/ajv-human-errors@https://registry.npmjs.org/@segment/ajv-human-errors/-/ajv-human-errors-2.16.0.tgz 0ms (cache hit)
1224 http cache @react-native/normalize-colors@https://registry.npmjs.org/@react-native/normalize-colors/-/normalize-colors-0.76.2.tgz 0ms (cache hit)
1225 http cache xmlbuilder@https://registry.npmjs.org/xmlbuilder/-/xmlbuilder-14.0.0.tgz 0ms (cache hit)
1226 http cache @expo/prebuild-config@https://registry.npmjs.org/@expo/prebuild-config/-/prebuild-config-8.0.17.tgz 1ms (cache hit)
1227 http cache semver@https://registry.npmjs.org/semver/-/semver-7.7.4.tgz 0ms (cache hit)
1228 http cache minimatch@https://registry.npmjs.org/minimatch/-/minimatch-9.0.9.tgz 0ms (cache hit)
1229 http cache glob@https://registry.npmjs.org/glob/-/glob-10.5.0.tgz 0ms (cache hit)
1230 http cache @xmldom/xmldom@https://registry.npmjs.org/@xmldom/xmldom/-/xmldom-0.7.13.tgz 0ms (cache hit)
1231 http cache fs-extra@https://registry.npmjs.org/fs-extra/-/fs-extra-9.1.0.tgz 0ms (cache hit)
1232 http cache @expo/plist@https://registry.npmjs.org/@expo/plist/-/plist-0.2.2.tgz 0ms (cache hit)
1233 http cache @expo/json-file@https://registry.npmjs.org/@expo/json-file/-/json-file-9.1.5.tgz 0ms (cache hit)
1234 http cache @expo/config-types@https://registry.npmjs.org/@expo/config-types/-/config-types-52.0.5.tgz 0ms (cache hit)
1235 http cache @expo/config-plugins@https://registry.npmjs.org/@expo/config-plugins/-/config-plugins-9.0.17.tgz 0ms (cache hit)
1236 http cache @expo/json-file@https://registry.npmjs.org/@expo/json-file/-/json-file-9.0.2.tgz 0ms (cache hit)
1237 http cache @expo/config@https://registry.npmjs.org/@expo/config/-/config-10.0.11.tgz 0ms (cache hit)
1238 http cache @babel/code-frame@https://registry.npmjs.org/@babel/code-frame/-/code-frame-7.10.4.tgz 0ms (cache hit)
1239 http cache xmlbuilder@https://registry.npmjs.org/xmlbuilder/-/xmlbuilder-14.0.0.tgz 0ms (cache hit)
1240 http cache @expo/plist@https://registry.npmjs.org/@expo/plist/-/plist-0.2.0.tgz 0ms (cache hit)
1241 http cache @xmldom/xmldom@https://registry.npmjs.org/@xmldom/xmldom/-/xmldom-0.7.13.tgz 0ms (cache hit)
1242 http cache @expo/package-manager@https://registry.npmjs.org/@expo/package-manager/-/package-manager-1.9.10.tgz 0ms (cache hit)
1243 http cache strip-ansi@https://registry.npmjs.org/strip-ansi/-/strip-ansi-5.2.0.tgz 0ms (cache hit)
1244 http cache ora@https://registry.npmjs.org/ora/-/ora-3.4.0.tgz 0ms (cache hit)
1245 http cache chalk@https://registry.npmjs.org/chalk/-/chalk-2.4.2.tgz 0ms (cache hit)
1246 http cache chalk@https://registry.npmjs.org/chalk/-/chalk-2.4.2.tgz 0ms (cache hit)
1247 http cache log-symbols@https://registry.npmjs.org/log-symbols/-/log-symbols-2.2.0.tgz 0ms (cache hit)
1248 http cache @expo/json-file@https://registry.npmjs.org/@expo/json-file/-/json-file-10.0.13.tgz 0ms (cache hit)
1249 http cache @expo/osascript@https://registry.npmjs.org/@expo/osascript/-/osascript-2.1.4.tgz 0ms (cache hit)
1250 http cache @expo/json-file@https://registry.npmjs.org/@expo/json-file/-/json-file-8.3.3.tgz 0ms (cache hit)
1251 http cache @expo/image-utils@https://registry.npmjs.org/@expo/image-utils/-/image-utils-0.6.5.tgz 0ms (cache hit)
1252 http cache @babel/code-frame@https://registry.npmjs.org/@babel/code-frame/-/code-frame-7.10.4.tgz 0ms (cache hit)
1253 http cache universalify@https://registry.npmjs.org/universalify/-/universalify-1.0.0.tgz 0ms (cache hit)
1254 http cache semver@https://registry.npmjs.org/semver/-/semver-7.7.4.tgz 0ms (cache hit)
1255 http cache @expo/env@https://registry.npmjs.org/@expo/env/-/env-1.0.7.tgz 0ms (cache hit)
1256 http cache fs-extra@https://registry.npmjs.org/fs-extra/-/fs-extra-9.0.0.tgz 0ms (cache hit)
1257 http cache dotenv@https://registry.npmjs.org/dotenv/-/dotenv-16.4.7.tgz 0ms (cache hit)
1258 http cache @expo/config-types@https://registry.npmjs.org/@expo/config-types/-/config-types-55.0.5.tgz 0ms (cache hit)
1259 http cache getenv@https://registry.npmjs.org/getenv/-/getenv-2.0.0.tgz 0ms (cache hit)
1260 http cache @expo/config-plugins@https://registry.npmjs.org/@expo/config-plugins/-/config-plugins-55.0.7.tgz 0ms (cache hit)
1261 http cache @expo/plist@https://registry.npmjs.org/@expo/plist/-/plist-0.5.2.tgz 0ms (cache hit)
1262 http cache getenv@https://registry.npmjs.org/getenv/-/getenv-2.0.0.tgz 0ms (cache hit)
1263 http cache @expo/json-file@https://registry.npmjs.org/@expo/json-file/-/json-file-10.0.13.tgz 0ms (cache hit)
1264 http cache @expo/config@https://registry.npmjs.org/@expo/config/-/config-55.0.10.tgz 0ms (cache hit)
1265 http cache semver@https://registry.npmjs.org/semver/-/semver-7.7.4.tgz 0ms (cache hit)
1266 http cache getenv@https://registry.npmjs.org/getenv/-/getenv-2.0.0.tgz 0ms (cache hit)
1267 http cache @expo/code-signing-certificates@https://registry.npmjs.org/@expo/code-signing-certificates/-/code-signing-certificates-0.0.5.tgz 0ms (cache hit)
1268 http cache @expo/json-file@https://registry.npmjs.org/@expo/json-file/-/json-file-10.0.13.tgz 0ms (cache hit)
1269 http cache source-map@https://registry.npmjs.org/source-map/-/source-map-0.6.1.tgz 0ms (cache hit)
1270 http cache ms@https://registry.npmjs.org/ms/-/ms-2.0.0.tgz 0ms (cache hit)
1271 http cache debug@https://registry.npmjs.org/debug/-/debug-2.6.9.tgz 0ms (cache hit)
1272 http cache negotiator@https://registry.npmjs.org/negotiator/-/negotiator-0.6.4.tgz 0ms (cache hit)
1273 http cache ms@https://registry.npmjs.org/ms/-/ms-2.0.0.tgz 0ms (cache hit)
1274 http cache debug@https://registry.npmjs.org/debug/-/debug-2.6.9.tgz 0ms (cache hit)
1275 http cache open@https://registry.npmjs.org/open/-/open-8.4.2.tgz 0ms (cache hit)
1276 http cache type-fest@https://registry.npmjs.org/type-fest/-/type-fest-0.21.3.tgz 0ms (cache hit)
1277 http cache json-schema-traverse@https://registry.npmjs.org/json-schema-traverse/-/json-schema-traverse-1.0.0.tgz 0ms (cache hit)
1278 http cache ajv@https://registry.npmjs.org/ajv/-/ajv-8.18.0.tgz 0ms (cache hit)
1279 http cache semver@https://registry.npmjs.org/semver/-/semver-7.7.4.tgz 0ms (cache hit)
1280 http cache eslint-visitor-keys@https://registry.npmjs.org/eslint-visitor-keys/-/eslint-visitor-keys-5.0.1.tgz 0ms (cache hit)
1281 http cache minimatch@https://registry.npmjs.org/minimatch/-/minimatch-10.2.5.tgz 0ms (cache hit)
1282 http cache brace-expansion@https://registry.npmjs.org/brace-expansion/-/brace-expansion-5.0.5.tgz 0ms (cache hit)
1283 http cache ignore@https://registry.npmjs.org/ignore/-/ignore-7.0.5.tgz 0ms (cache hit)
1284 http cache https-proxy-agent@https://registry.npmjs.org/https-proxy-agent/-/https-proxy-agent-5.0.1.tgz 0ms (cache hit)
1285 http cache agent-base@https://registry.npmjs.org/agent-base/-/agent-base-6.0.2.tgz 0ms (cache hit)
1286 http cache balanced-match@https://registry.npmjs.org/balanced-match/-/balanced-match-4.0.4.tgz 0ms (cache hit)
1287 http cache ws@https://registry.npmjs.org/ws/-/ws-6.2.3.tgz 0ms (cache hit)
1288 http cache semver@https://registry.npmjs.org/semver/-/semver-7.7.4.tgz 0ms (cache hit)
1289 http cache glob@https://registry.npmjs.org/glob/-/glob-7.2.3.tgz 0ms (cache hit)
1290 http cache supports-color@https://registry.npmjs.org/supports-color/-/supports-color-8.1.1.tgz 0ms (cache hit)
1291 http cache semver@https://registry.npmjs.org/semver/-/semver-7.7.4.tgz 0ms (cache hit)
1292 http cache minimatch@https://registry.npmjs.org/minimatch/-/minimatch-10.2.5.tgz 0ms (cache hit)
1293 http cache brace-expansion@https://registry.npmjs.org/brace-expansion/-/brace-expansion-5.0.5.tgz 0ms (cache hit)
1294 http cache balanced-match@https://registry.npmjs.org/balanced-match/-/balanced-match-4.0.4.tgz 0ms (cache hit)
1295 http cache p-locate@https://registry.npmjs.org/p-locate/-/p-locate-4.1.0.tgz 0ms (cache hit)
1296 http cache p-limit@https://registry.npmjs.org/p-limit/-/p-limit-2.3.0.tgz 0ms (cache hit)
1297 http cache locate-path@https://registry.npmjs.org/locate-path/-/locate-path-5.0.0.tgz 0ms (cache hit)
1298 http cache js-yaml@https://registry.npmjs.org/js-yaml/-/js-yaml-3.14.2.tgz 0ms (cache hit)
1299 http cache find-up@https://registry.npmjs.org/find-up/-/find-up-4.1.0.tgz 0ms (cache hit)
1300 http cache camelcase@https://registry.npmjs.org/camelcase/-/camelcase-5.3.1.tgz 0ms (cache hit)
1301 http cache argparse@https://registry.npmjs.org/argparse/-/argparse-1.0.10.tgz 0ms (cache hit)
1302 http cache wrap-ansi@https://registry.npmjs.org/wrap-ansi/-/wrap-ansi-8.1.0.tgz 0ms (cache hit)
1303 http cache strip-ansi@https://registry.npmjs.org/strip-ansi/-/strip-ansi-7.2.0.tgz 0ms (cache hit)
1304 http cache string-width@https://registry.npmjs.org/string-width/-/string-width-5.1.2.tgz 0ms (cache hit)
1305 http cache emoji-regex@https://registry.npmjs.org/emoji-regex/-/emoji-regex-9.2.2.tgz 0ms (cache hit)
1306 http cache ansi-styles@https://registry.npmjs.org/ansi-styles/-/ansi-styles-6.2.3.tgz 0ms (cache hit)
1307 http cache ansi-regex@https://registry.npmjs.org/ansi-regex/-/ansi-regex-6.2.2.tgz 0ms (cache hit)
1308 http cache uuid@https://registry.npmjs.org/uuid/-/uuid-9.0.1.tgz 0ms (cache hit)
1309 http cache joi@https://registry.npmjs.org/joi/-/joi-17.13.3.tgz 0ms (cache hit)
1310 http cache uuid@https://registry.npmjs.org/uuid/-/uuid-8.3.2.tgz 0ms (cache hit)
1311 http cache semver@https://registry.npmjs.org/semver/-/semver-7.7.4.tgz 0ms (cache hit)
1312 http cache supports-color@https://registry.npmjs.org/supports-color/-/supports-color-8.1.1.tgz 0ms (cache hit)
1313 http cache semver@https://registry.npmjs.org/semver/-/semver-7.7.4.tgz 0ms (cache hit)
1314 http cache @babel/plugin-transform-runtime@https://registry.npmjs.org/@babel/plugin-transform-runtime/-/plugin-transform-runtime-7.29.0.tgz 0ms (cache hit)
1315 http cache js-yaml@https://registry.npmjs.org/js-yaml/-/js-yaml-3.14.2.tgz 0ms (cache hit)
1316 http cache fs-extra@https://registry.npmjs.org/fs-extra/-/fs-extra-10.1.0.tgz 0ms (cache hit)
1317 http cache argparse@https://registry.npmjs.org/argparse/-/argparse-1.0.10.tgz 0ms (cache hit)
1318 http cache @oclif/core@https://registry.npmjs.org/@oclif/core/-/core-2.16.0.tgz 0ms (cache hit)
1319 http cache supports-color@https://registry.npmjs.org/supports-color/-/supports-color-8.1.1.tgz 0ms (cache hit)
1320 http cache js-yaml@https://registry.npmjs.org/js-yaml/-/js-yaml-3.14.2.tgz 0ms (cache hit)
1321 http cache argparse@https://registry.npmjs.org/argparse/-/argparse-1.0.10.tgz 0ms (cache hit)
1322 http cache @oclif/core@https://registry.npmjs.org/@oclif/core/-/core-2.16.0.tgz 0ms (cache hit)
1323 http cache minimatch@https://registry.npmjs.org/minimatch/-/minimatch-9.0.9.tgz 0ms (cache hit)
1324 http cache brace-expansion@https://registry.npmjs.org/brace-expansion/-/brace-expansion-2.0.3.tgz 0ms (cache hit)
1325 http cache semver@https://registry.npmjs.org/semver/-/semver-7.7.4.tgz 0ms (cache hit)
1326 http cache semver@https://registry.npmjs.org/semver/-/semver-7.7.4.tgz 0ms (cache hit)
1327 http cache minimatch@https://registry.npmjs.org/minimatch/-/minimatch-9.0.9.tgz 0ms (cache hit)
1328 http cache brace-expansion@https://registry.npmjs.org/brace-expansion/-/brace-expansion-2.0.3.tgz 0ms (cache hit)
1329 http cache yallist@https://registry.npmjs.org/yallist/-/yallist-4.0.0.tgz 0ms (cache hit)
1330 http cache tslib@https://registry.npmjs.org/tslib/-/tslib-2.4.1.tgz 0ms (cache hit)
1331 http cache supports-color@https://registry.npmjs.org/supports-color/-/supports-color-5.5.0.tgz 0ms (cache hit)
1332 http cache semver@https://registry.npmjs.org/semver/-/semver-7.5.2.tgz 0ms (cache hit)
1333 http cache lru-cache@https://registry.npmjs.org/lru-cache/-/lru-cache-6.0.0.tgz 0ms (cache hit)
1334 http cache log-symbols@https://registry.npmjs.org/log-symbols/-/log-symbols-4.1.0.tgz 0ms (cache hit)
1335 http cache has-flag@https://registry.npmjs.org/has-flag/-/has-flag-3.0.0.tgz 1ms (cache hit)
1336 http cache escape-string-regexp@https://registry.npmjs.org/escape-string-regexp/-/escape-string-regexp-1.0.5.tgz 0ms (cache hit)
1337 http cache color-name@https://registry.npmjs.org/color-name/-/color-name-1.1.3.tgz 0ms (cache hit)
1338 http cache color-convert@https://registry.npmjs.org/color-convert/-/color-convert-1.9.3.tgz 0ms (cache hit)
1339 http cache ansi-styles@https://registry.npmjs.org/ansi-styles/-/ansi-styles-3.2.1.tgz 0ms (cache hit)
1340 http cache chalk@https://registry.npmjs.org/chalk/-/chalk-2.4.2.tgz 0ms (cache hit)
1341 http cache @babel/code-frame@https://registry.npmjs.org/@babel/code-frame/-/code-frame-7.23.5.tgz 0ms (cache hit)
1342 http cache semver@https://registry.npmjs.org/semver/-/semver-7.7.4.tgz 0ms (cache hit)
1343 http cache joi@https://registry.npmjs.org/joi/-/joi-17.13.3.tgz 0ms (cache hit)
1344 http cache debug@https://registry.npmjs.org/debug/-/debug-3.2.7.tgz 0ms (cache hit)
1345 http cache semver@https://registry.npmjs.org/semver/-/semver-7.7.4.tgz 0ms (cache hit)
1346 http cache semver@https://registry.npmjs.org/semver/-/semver-7.7.4.tgz 0ms (cache hit)
1347 http cache @babel/code-frame@https://registry.npmjs.org/@babel/code-frame/-/code-frame-7.10.4.tgz 0ms (cache hit)
1348 http cache uuid@https://registry.npmjs.org/uuid/-/uuid-8.3.2.tgz 0ms (cache hit)
1349 http cache eslint-visitor-keys@https://registry.npmjs.org/eslint-visitor-keys/-/eslint-visitor-keys-3.4.3.tgz 0ms (cache hit)
1350 http cache @jridgewell/trace-mapping@https://registry.npmjs.org/@jridgewell/trace-mapping/-/trace-mapping-0.3.9.tgz 0ms (cache hit)
1351 http cache supports-color@https://registry.npmjs.org/supports-color/-/supports-color-5.5.0.tgz 0ms (cache hit)
1352 http cache has-flag@https://registry.npmjs.org/has-flag/-/has-flag-3.0.0.tgz 0ms (cache hit)
1353 http cache color-name@https://registry.npmjs.org/color-name/-/color-name-1.1.3.tgz 0ms (cache hit)
1354 http cache escape-string-regexp@https://registry.npmjs.org/escape-string-regexp/-/escape-string-regexp-1.0.5.tgz 0ms (cache hit)
1355 http cache color-convert@https://registry.npmjs.org/color-convert/-/color-convert-1.9.3.tgz 0ms (cache hit)
1356 http cache chalk@https://registry.npmjs.org/chalk/-/chalk-2.4.2.tgz 0ms (cache hit)
1357 http cache ansi-styles@https://registry.npmjs.org/ansi-styles/-/ansi-styles-3.2.1.tgz 0ms (cache hit)
1358 http cache resolve@https://registry.npmjs.org/resolve/-/resolve-1.22.11.tgz 0ms (cache hit)
1359 http cache @babel/helper-globals@https://registry.npmjs.org/@babel/helper-globals/-/helper-globals-7.28.0.tgz 0ms (cache hit)
1360 silly tarball no local data for yocto-queue@https://registry.npmjs.org/yocto-queue/-/yocto-queue-0.1.0.tgz. Extracting by manifest.
1361 silly tarball no local data for zod@https://registry.npmjs.org/zod/-/zod-4.3.6.tgz. Extracting by manifest.
1362 silly tarball no local data for yn@https://registry.npmjs.org/yn/-/yn-3.1.1.tgz. Extracting by manifest.
1363 silly tarball no local data for yargs-parser@https://registry.npmjs.org/yargs-parser/-/yargs-parser-21.1.1.tgz. Extracting by manifest.
1364 silly tarball no local data for yargs@https://registry.npmjs.org/yargs/-/yargs-17.7.2.tgz. Extracting by manifest.
1365 silly tarball no local data for yallist@https://registry.npmjs.org/yallist/-/yallist-3.1.1.tgz. Extracting by manifest.
1366 silly tarball no local data for yaml@https://registry.npmjs.org/yaml/-/yaml-2.8.3.tgz. Extracting by manifest.
1367 silly tarball no local data for y18n@https://registry.npmjs.org/y18n/-/y18n-5.0.8.tgz. Extracting by manifest.
1368 silly tarball no local data for xmlbuilder@https://registry.npmjs.org/xmlbuilder/-/xmlbuilder-15.1.1.tgz. Extracting by manifest.
1369 silly tarball no local data for xcode@https://registry.npmjs.org/xcode/-/xcode-3.0.1.tgz. Extracting by manifest.
1370 silly tarball no local data for xml2js@https://registry.npmjs.org/xml2js/-/xml2js-0.6.0.tgz. Extracting by manifest.
1371 silly tarball no local data for ws@https://registry.npmjs.org/ws/-/ws-7.5.10.tgz. Extracting by manifest.
1372 silly tarball no local data for write-file-atomic@https://registry.npmjs.org/write-file-atomic/-/write-file-atomic-4.0.2.tgz. Extracting by manifest.
1373 silly tarball no local data for wrappy@https://registry.npmjs.org/wrappy/-/wrappy-1.0.2.tgz. Extracting by manifest.
1374 silly tarball no local data for wrap-ansi-cjs@https://registry.npmjs.org/wrap-ansi/-/wrap-ansi-7.0.0.tgz. Extracting by manifest.
1375 silly tarball no local data for wrap-ansi@https://registry.npmjs.org/wrap-ansi/-/wrap-ansi-7.0.0.tgz. Extracting by manifest.
1376 silly tarball no local data for word-wrap@https://registry.npmjs.org/word-wrap/-/word-wrap-1.2.5.tgz. Extracting by manifest.
1377 silly tarball no local data for wordwrap@https://registry.npmjs.org/wordwrap/-/wordwrap-1.0.0.tgz. Extracting by manifest.
1378 silly tarball no local data for wonka@https://registry.npmjs.org/wonka/-/wonka-6.3.6.tgz. Extracting by manifest.
1379 silly tarball no local data for widest-line@https://registry.npmjs.org/widest-line/-/widest-line-3.1.0.tgz. Extracting by manifest.
1380 silly tarball no local data for which-module@https://registry.npmjs.org/which-module/-/which-module-2.0.1.tgz. Extracting by manifest.
1381 silly tarball no local data for which-typed-array@https://registry.npmjs.org/which-typed-array/-/which-typed-array-1.1.20.tgz. Extracting by manifest.
1382 silly tarball no local data for which-collection@https://registry.npmjs.org/which-collection/-/which-collection-1.0.2.tgz. Extracting by manifest.
1383 silly tarball no local data for which-builtin-type@https://registry.npmjs.org/which-builtin-type/-/which-builtin-type-1.2.1.tgz. Extracting by manifest.
1384 silly tarball no local data for which-boxed-primitive@https://registry.npmjs.org/which-boxed-primitive/-/which-boxed-primitive-1.1.1.tgz. Extracting by manifest.
1385 silly tarball no local data for which@https://registry.npmjs.org/which/-/which-2.0.2.tgz. Extracting by manifest.
1386 silly tarball no local data for whatwg-url@https://registry.npmjs.org/whatwg-url/-/whatwg-url-5.0.0.tgz. Extracting by manifest.
1387 silly tarball no local data for whatwg-fetch@https://registry.npmjs.org/whatwg-fetch/-/whatwg-fetch-3.6.20.tgz. Extracting by manifest.
1388 silly tarball no local data for whatwg-url-without-unicode@https://registry.npmjs.org/whatwg-url-without-unicode/-/whatwg-url-without-unicode-8.0.0-3.tgz. Extracting by manifest.
1389 silly tarball no local data for webidl-conversions@https://registry.npmjs.org/webidl-conversions/-/webidl-conversions-3.0.1.tgz. Extracting by manifest.
1390 silly tarball no local data for wcwidth@https://registry.npmjs.org/wcwidth/-/wcwidth-1.0.1.tgz. Extracting by manifest.
1391 silly tarball no local data for warn-once@https://registry.npmjs.org/warn-once/-/warn-once-0.1.1.tgz. Extracting by manifest.
1392 silly tarball no local data for walker@https://registry.npmjs.org/walker/-/walker-1.0.8.tgz. Extracting by manifest.
1393 silly tarball no local data for vlq@https://registry.npmjs.org/vlq/-/vlq-1.0.1.tgz. Extracting by manifest.
1394 silly tarball no local data for vaul@https://registry.npmjs.org/vaul/-/vaul-1.1.2.tgz. Extracting by manifest.
1395 silly tarball no local data for vary@https://registry.npmjs.org/vary/-/vary-1.1.2.tgz. Extracting by manifest.
1396 silly tarball no local data for validate-npm-package-name@https://registry.npmjs.org/validate-npm-package-name/-/validate-npm-package-name-5.0.1.tgz. Extracting by manifest.
1397 silly tarball no local data for v8-compile-cache-lib@https://registry.npmjs.org/v8-compile-cache-lib/-/v8-compile-cache-lib-3.0.1.tgz. Extracting by manifest.
1398 silly tarball no local data for uuid@https://registry.npmjs.org/uuid/-/uuid-7.0.3.tgz. Extracting by manifest.
1399 silly tarball no local data for utils-merge@https://registry.npmjs.org/utils-merge/-/utils-merge-1.0.1.tgz. Extracting by manifest.
1400 silly tarball no local data for use-sync-external-store@https://registry.npmjs.org/use-sync-external-store/-/use-sync-external-store-1.6.0.tgz. Extracting by manifest.
1401 silly tarball no local data for use-sidecar@https://registry.npmjs.org/use-sidecar/-/use-sidecar-1.1.3.tgz. Extracting by manifest.
1402 silly tarball no local data for use-latest-callback@https://registry.npmjs.org/use-latest-callback/-/use-latest-callback-0.2.6.tgz. Extracting by manifest.
1403 silly tarball no local data for use-callback-ref@https://registry.npmjs.org/use-callback-ref/-/use-callback-ref-1.3.3.tgz. Extracting by manifest.
1404 silly tarball no local data for uri-js@https://registry.npmjs.org/uri-js/-/uri-js-4.4.1.tgz. Extracting by manifest.
1405 silly tarball no local data for update-browserslist-db@https://registry.npmjs.org/update-browserslist-db/-/update-browserslist-db-1.2.3.tgz. Extracting by manifest.
1406 silly tarball no local data for untildify@https://registry.npmjs.org/untildify/-/untildify-4.0.0.tgz. Extracting by manifest.
1407 silly tarball no local data for unrs-resolver@https://registry.npmjs.org/unrs-resolver/-/unrs-resolver-1.11.1.tgz. Extracting by manifest.
1408 silly tarball no local data for unpipe@https://registry.npmjs.org/unpipe/-/unpipe-1.0.0.tgz. Extracting by manifest.
1409 silly tarball no local data for universalify@https://registry.npmjs.org/universalify/-/universalify-2.0.1.tgz. Extracting by manifest.
1410 silly tarball no local data for unicode-property-aliases-ecmascript@https://registry.npmjs.org/unicode-property-aliases-ecmascript/-/unicode-property-aliases-ecmascript-2.2.0.tgz. Extracting by manifest.
1411 silly tarball no local data for unicode-match-property-value-ecmascript@https://registry.npmjs.org/unicode-match-property-value-ecmascript/-/unicode-match-property-value-ecmascript-2.2.1.tgz. Extracting by manifest.
1412 silly tarball no local data for unique-string@https://registry.npmjs.org/unique-string/-/unique-string-2.0.0.tgz. Extracting by manifest.
1413 silly tarball no local data for unicode-match-property-ecmascript@https://registry.npmjs.org/unicode-match-property-ecmascript/-/unicode-match-property-ecmascript-2.0.0.tgz. Extracting by manifest.
1414 silly tarball no local data for unicode-canonical-property-names-ecmascript@https://registry.npmjs.org/unicode-canonical-property-names-ecmascript/-/unicode-canonical-property-names-ecmascript-2.0.1.tgz. Extracting by manifest.
1415 silly tarball no local data for undici@https://registry.npmjs.org/undici/-/undici-6.24.1.tgz. Extracting by manifest.
1416 silly tarball no local data for unbox-primitive@https://registry.npmjs.org/unbox-primitive/-/unbox-primitive-1.1.0.tgz. Extracting by manifest.
1417 silly tarball no local data for undici-types@https://registry.npmjs.org/undici-types/-/undici-types-7.18.2.tgz. Extracting by manifest.
1418 silly tarball no local data for ua-parser-js@https://registry.npmjs.org/ua-parser-js/-/ua-parser-js-1.0.41.tgz. Extracting by manifest.
1419 silly tarball no local data for typed-array-length@https://registry.npmjs.org/typed-array-length/-/typed-array-length-1.0.7.tgz. Extracting by manifest.
1420 silly tarball no local data for typed-array-byte-offset@https://registry.npmjs.org/typed-array-byte-offset/-/typed-array-byte-offset-1.0.4.tgz. Extracting by manifest.
1421 silly tarball no local data for typed-array-buffer@https://registry.npmjs.org/typed-array-buffer/-/typed-array-buffer-1.0.3.tgz. Extracting by manifest.
1422 silly tarball no local data for typed-array-byte-length@https://registry.npmjs.org/typed-array-byte-length/-/typed-array-byte-length-1.0.3.tgz. Extracting by manifest.
1423 silly tarball no local data for typescript@https://registry.npmjs.org/typescript/-/typescript-5.9.3.tgz. Extracting by manifest.
1424 silly tarball no local data for type-detect@https://registry.npmjs.org/type-detect/-/type-detect-4.0.8.tgz. Extracting by manifest.
1425 silly tarball no local data for type-fest@https://registry.npmjs.org/type-fest/-/type-fest-0.7.1.tgz. Extracting by manifest.
1426 silly tarball no local data for type-check@https://registry.npmjs.org/type-check/-/type-check-0.4.0.tgz. Extracting by manifest.
1427 silly tarball no local data for turndown@https://registry.npmjs.org/turndown/-/turndown-7.1.2.tgz. Extracting by manifest.
1428 silly tarball no local data for tunnel-agent@https://registry.npmjs.org/tunnel-agent/-/tunnel-agent-0.6.0.tgz. Extracting by manifest.
1429 silly tarball no local data for tslib@https://registry.npmjs.org/tslib/-/tslib-2.8.1.tgz. Extracting by manifest.
1430 silly tarball no local data for ts-node@https://registry.npmjs.org/ts-node/-/ts-node-10.9.2.tgz. Extracting by manifest.
1431 silly tarball no local data for tsconfig-paths@https://registry.npmjs.org/tsconfig-paths/-/tsconfig-paths-3.15.0.tgz. Extracting by manifest.
1432 silly tarball no local data for ts-interface-checker@https://registry.npmjs.org/ts-interface-checker/-/ts-interface-checker-0.1.13.tgz. Extracting by manifest.
1433 silly tarball no local data for ts-deepmerge@https://registry.npmjs.org/ts-deepmerge/-/ts-deepmerge-6.2.0.tgz. Extracting by manifest.
1434 silly tarball no local data for tr46@https://registry.npmjs.org/tr46/-/tr46-0.0.3.tgz. Extracting by manifest.
1435 silly tarball no local data for ts-api-utils@https://registry.npmjs.org/ts-api-utils/-/ts-api-utils-2.5.0.tgz. Extracting by manifest.
1436 silly tarball no local data for toidentifier@https://registry.npmjs.org/toidentifier/-/toidentifier-1.0.1.tgz. Extracting by manifest.
1437 silly tarball no local data for to-regex-range@https://registry.npmjs.org/to-regex-range/-/to-regex-range-5.0.1.tgz. Extracting by manifest.
1438 silly tarball no local data for tmpl@https://registry.npmjs.org/tmpl/-/tmpl-1.0.5.tgz. Extracting by manifest.
1439 silly tarball no local data for tinyglobby@https://registry.npmjs.org/tinyglobby/-/tinyglobby-0.2.15.tgz. Extracting by manifest.
1440 silly tarball no local data for throat@https://registry.npmjs.org/throat/-/throat-5.0.0.tgz. Extracting by manifest.
1441 silly tarball no local data for thenify-all@https://registry.npmjs.org/thenify-all/-/thenify-all-1.6.0.tgz. Extracting by manifest.
1442 silly tarball no local data for thenify@https://registry.npmjs.org/thenify/-/thenify-3.3.1.tgz. Extracting by manifest.
1443 silly tarball no local data for text-encoding@https://registry.npmjs.org/text-encoding/-/text-encoding-0.7.0.tgz. Extracting by manifest.
1444 silly tarball no local data for text-decoder@https://registry.npmjs.org/text-decoder/-/text-decoder-1.2.7.tgz. Extracting by manifest.
1445 silly tarball no local data for test-exclude@https://registry.npmjs.org/test-exclude/-/test-exclude-6.0.0.tgz. Extracting by manifest.
1446 silly tarball no local data for terminal-link@https://registry.npmjs.org/terminal-link/-/terminal-link-2.1.1.tgz. Extracting by manifest.
1447 silly tarball no local data for terser@https://registry.npmjs.org/terser/-/terser-5.46.1.tgz. Extracting by manifest.
1448 silly tarball no local data for temp-dir@https://registry.npmjs.org/temp-dir/-/temp-dir-2.0.0.tgz. Extracting by manifest.
1449 silly tarball no local data for tar-stream@https://registry.npmjs.org/tar-stream/-/tar-stream-3.1.7.tgz. Extracting by manifest.
1450 silly tarball no local data for tar@https://registry.npmjs.org/tar/-/tar-7.5.13.tgz. Extracting by manifest.
1451 silly tarball no local data for supports-preserve-symlinks-flag@https://registry.npmjs.org/supports-preserve-symlinks-flag/-/supports-preserve-symlinks-flag-1.0.0.tgz. Extracting by manifest.
1452 silly tarball no local data for supports-hyperlinks@https://registry.npmjs.org/supports-hyperlinks/-/supports-hyperlinks-2.3.0.tgz. Extracting by manifest.
1453 silly tarball no local data for supports-color@https://registry.npmjs.org/supports-color/-/supports-color-7.2.0.tgz. Extracting by manifest.
1454 silly tarball no local data for sucrase@https://registry.npmjs.org/sucrase/-/sucrase-3.35.1.tgz. Extracting by manifest.
1455 silly tarball no local data for styleq@https://registry.npmjs.org/styleq/-/styleq-0.1.3.tgz. Extracting by manifest.
1456 silly tarball no local data for structured-headers@https://registry.npmjs.org/structured-headers/-/structured-headers-0.4.1.tgz. Extracting by manifest.
1457 silly tarball no local data for strip-json-comments@https://registry.npmjs.org/strip-json-comments/-/strip-json-comments-3.1.1.tgz. Extracting by manifest.
1458 silly tarball no local data for strip-bom@https://registry.npmjs.org/strip-bom/-/strip-bom-3.0.0.tgz. Extracting by manifest.
1459 silly tarball no local data for strip-ansi-cjs@https://registry.npmjs.org/strip-ansi/-/strip-ansi-6.0.1.tgz. Extracting by manifest.
1460 silly tarball no local data for string.prototype.trimstart@https://registry.npmjs.org/string.prototype.trimstart/-/string.prototype.trimstart-1.0.8.tgz. Extracting by manifest.
1461 silly tarball no local data for strip-ansi@https://registry.npmjs.org/strip-ansi/-/strip-ansi-6.0.1.tgz. Extracting by manifest.
1462 silly tarball no local data for string.prototype.trimend@https://registry.npmjs.org/string.prototype.trimend/-/string.prototype.trimend-1.0.9.tgz. Extracting by manifest.
1463 silly tarball no local data for string.prototype.trim@https://registry.npmjs.org/string.prototype.trim/-/string.prototype.trim-1.2.10.tgz. Extracting by manifest.
1464 silly tarball no local data for string.prototype.repeat@https://registry.npmjs.org/string.prototype.repeat/-/string.prototype.repeat-1.0.0.tgz. Extracting by manifest.
1465 silly tarball no local data for string.prototype.matchall@https://registry.npmjs.org/string.prototype.matchall/-/string.prototype.matchall-4.0.12.tgz. Extracting by manifest.
1466 silly tarball no local data for string-width@https://registry.npmjs.org/string-width/-/string-width-4.2.3.tgz. Extracting by manifest.
1467 silly tarball no local data for string-width-cjs@https://registry.npmjs.org/string-width/-/string-width-4.2.3.tgz. Extracting by manifest.
1468 silly tarball no local data for strict-uri-encode@https://registry.npmjs.org/strict-uri-encode/-/strict-uri-encode-2.0.0.tgz. Extracting by manifest.
1469 silly tarball no local data for streamx@https://registry.npmjs.org/streamx/-/streamx-2.25.0.tgz. Extracting by manifest.
1470 silly tarball no local data for stream-buffers@https://registry.npmjs.org/stream-buffers/-/stream-buffers-2.2.0.tgz. Extracting by manifest.
1471 silly tarball no local data for stop-iteration-iterator@https://registry.npmjs.org/stop-iteration-iterator/-/stop-iteration-iterator-1.1.0.tgz. Extracting by manifest.
1472 silly tarball no local data for statuses@https://registry.npmjs.org/statuses/-/statuses-1.5.0.tgz. Extracting by manifest.
1473 silly tarball no local data for stacktrace-parser@https://registry.npmjs.org/stacktrace-parser/-/stacktrace-parser-0.1.11.tgz. Extracting by manifest.
1474 silly tarball no local data for stack-utils@https://registry.npmjs.org/stack-utils/-/stack-utils-2.0.6.tgz. Extracting by manifest.
1475 silly tarball no local data for stackframe@https://registry.npmjs.org/stackframe/-/stackframe-1.3.4.tgz. Extracting by manifest.
1476 silly tarball no local data for stable-hash@https://registry.npmjs.org/stable-hash/-/stable-hash-0.0.5.tgz. Extracting by manifest.
1477 silly tarball no local data for sprintf-js@https://registry.npmjs.org/sprintf-js/-/sprintf-js-1.0.3.tgz. Extracting by manifest.
1478 silly tarball no local data for split-on-first@https://registry.npmjs.org/split-on-first/-/split-on-first-1.1.0.tgz. Extracting by manifest.
1479 silly tarball no local data for source-map-support@https://registry.npmjs.org/source-map-support/-/source-map-support-0.5.21.tgz. Extracting by manifest.
1480 silly tarball no local data for source-map-js@https://registry.npmjs.org/source-map-js/-/source-map-js-1.2.1.tgz. Extracting by manifest.
1481 silly tarball no local data for slugify@https://registry.npmjs.org/slugify/-/slugify-1.6.9.tgz. Extracting by manifest.
1482 silly tarball no local data for source-map@https://registry.npmjs.org/source-map/-/source-map-0.5.7.tgz. Extracting by manifest.
1483 silly tarball no local data for slice-ansi@https://registry.npmjs.org/slice-ansi/-/slice-ansi-4.0.0.tgz. Extracting by manifest.
1484 silly tarball no local data for slash@https://registry.npmjs.org/slash/-/slash-3.0.0.tgz. Extracting by manifest.
1485 silly tarball no local data for sisteransi@https://registry.npmjs.org/sisteransi/-/sisteransi-1.0.5.tgz. Extracting by manifest.
1486 silly tarball no local data for simple-swizzle@https://registry.npmjs.org/simple-swizzle/-/simple-swizzle-0.2.4.tgz. Extracting by manifest.
1487 silly tarball no local data for simple-plist@https://registry.npmjs.org/simple-plist/-/simple-plist-1.3.1.tgz. Extracting by manifest.
1488 silly tarball no local data for side-channel-weakmap@https://registry.npmjs.org/side-channel-weakmap/-/side-channel-weakmap-1.0.2.tgz. Extracting by manifest.
1489 silly tarball no local data for signal-exit@https://registry.npmjs.org/signal-exit/-/signal-exit-3.0.7.tgz. Extracting by manifest.
1490 silly tarball no local data for side-channel-map@https://registry.npmjs.org/side-channel-map/-/side-channel-map-1.0.1.tgz. Extracting by manifest.
1491 silly tarball no local data for side-channel-list@https://registry.npmjs.org/side-channel-list/-/side-channel-list-1.0.0.tgz. Extracting by manifest.
1492 silly tarball no local data for side-channel@https://registry.npmjs.org/side-channel/-/side-channel-1.1.0.tgz. Extracting by manifest.
1493 silly tarball no local data for shell-quote@https://registry.npmjs.org/shell-quote/-/shell-quote-1.8.3.tgz. Extracting by manifest.
1494 silly tarball no local data for shebang-regex@https://registry.npmjs.org/shebang-regex/-/shebang-regex-3.0.0.tgz. Extracting by manifest.
1495 silly tarball no local data for shebang-command@https://registry.npmjs.org/shebang-command/-/shebang-command-2.0.0.tgz. Extracting by manifest.
1496 silly tarball no local data for setprototypeof@https://registry.npmjs.org/setprototypeof/-/setprototypeof-1.2.0.tgz. Extracting by manifest.
1497 silly tarball no local data for shallowequal@https://registry.npmjs.org/shallowequal/-/shallowequal-1.1.0.tgz. Extracting by manifest.
1498 silly tarball no local data for sf-symbols-typescript@https://registry.npmjs.org/sf-symbols-typescript/-/sf-symbols-typescript-2.2.0.tgz. Extracting by manifest.
1499 silly tarball no local data for setimmediate@https://registry.npmjs.org/setimmediate/-/setimmediate-1.0.5.tgz. Extracting by manifest.
1500 silly tarball no local data for set-proto@https://registry.npmjs.org/set-proto/-/set-proto-1.0.0.tgz. Extracting by manifest.
1501 silly tarball no local data for set-interval-async@https://registry.npmjs.org/set-interval-async/-/set-interval-async-3.0.3.tgz. Extracting by manifest.
1502 silly tarball no local data for set-function-length@https://registry.npmjs.org/set-function-length/-/set-function-length-1.2.2.tgz. Extracting by manifest.
1503 silly tarball no local data for set-function-name@https://registry.npmjs.org/set-function-name/-/set-function-name-2.0.2.tgz. Extracting by manifest.
1504 silly tarball no local data for set-blocking@https://registry.npmjs.org/set-blocking/-/set-blocking-2.0.0.tgz. Extracting by manifest.
1505 silly tarball no local data for server-only@https://registry.npmjs.org/server-only/-/server-only-0.0.1.tgz. Extracting by manifest.
1506 silly tarball no local data for serve-static@https://registry.npmjs.org/serve-static/-/serve-static-1.16.3.tgz. Extracting by manifest.
1507 silly tarball no local data for serialize-error@https://registry.npmjs.org/serialize-error/-/serialize-error-2.1.0.tgz. Extracting by manifest.
1508 silly tarball no local data for send@https://registry.npmjs.org/send/-/send-0.19.2.tgz. Extracting by manifest.
1509 silly tarball no local data for scheduler@https://registry.npmjs.org/scheduler/-/scheduler-0.26.0.tgz. Extracting by manifest.
1510 silly tarball no local data for semver@https://registry.npmjs.org/semver/-/semver-6.3.1.tgz. Extracting by manifest.
1511 silly tarball no local data for sax@https://registry.npmjs.org/sax/-/sax-1.6.0.tgz. Extracting by manifest.
1512 silly tarball no local data for safe-regex-test@https://registry.npmjs.org/safe-regex-test/-/safe-regex-test-1.1.0.tgz. Extracting by manifest.
1513 silly tarball no local data for safer-buffer@https://registry.npmjs.org/safer-buffer/-/safer-buffer-2.1.2.tgz. Extracting by manifest.
1514 silly tarball no local data for safe-push-apply@https://registry.npmjs.org/safe-push-apply/-/safe-push-apply-1.0.0.tgz. Extracting by manifest.
1515 silly tarball no local data for safe-json-stringify@https://registry.npmjs.org/safe-json-stringify/-/safe-json-stringify-1.2.0.tgz. Extracting by manifest.
1516 silly tarball no local data for safe-buffer@https://registry.npmjs.org/safe-buffer/-/safe-buffer-5.2.1.tgz. Extracting by manifest.
1517 silly tarball no local data for safe-array-concat@https://registry.npmjs.org/safe-array-concat/-/safe-array-concat-1.1.3.tgz. Extracting by manifest.
1518 silly tarball no local data for run-parallel@https://registry.npmjs.org/run-parallel/-/run-parallel-1.2.0.tgz. Extracting by manifest.
1519 silly tarball no local data for rimraf@https://registry.npmjs.org/rimraf/-/rimraf-3.0.2.tgz. Extracting by manifest.
1520 silly tarball no local data for reusify@https://registry.npmjs.org/reusify/-/reusify-1.1.0.tgz. Extracting by manifest.
1521 silly tarball no local data for retry@https://registry.npmjs.org/retry/-/retry-0.12.0.tgz. Extracting by manifest.
1522 silly tarball no local data for restore-cursor@https://registry.npmjs.org/restore-cursor/-/restore-cursor-2.0.0.tgz. Extracting by manifest.
1523 silly tarball no local data for resolve.exports@https://registry.npmjs.org/resolve.exports/-/resolve.exports-2.0.3.tgz. Extracting by manifest.
1524 silly tarball no local data for resolve-workspace-root@https://registry.npmjs.org/resolve-workspace-root/-/resolve-workspace-root-2.0.1.tgz. Extracting by manifest.
1525 silly tarball no local data for resolve-pkg-maps@https://registry.npmjs.org/resolve-pkg-maps/-/resolve-pkg-maps-1.0.0.tgz. Extracting by manifest.
1526 silly tarball no local data for resolve-from@https://registry.npmjs.org/resolve-from/-/resolve-from-5.0.0.tgz. Extracting by manifest.
1527 silly tarball no local data for resolve@https://registry.npmjs.org/resolve/-/resolve-2.0.0-next.6.tgz. Extracting by manifest.
1528 silly tarball no local data for requireg@https://registry.npmjs.org/requireg/-/requireg-0.2.2.tgz. Extracting by manifest.
1529 silly tarball no local data for require-main-filename@https://registry.npmjs.org/require-main-filename/-/require-main-filename-2.0.0.tgz. Extracting by manifest.
1530 silly tarball no local data for require-from-string@https://registry.npmjs.org/require-from-string/-/require-from-string-2.0.2.tgz. Extracting by manifest.
1531 silly tarball no local data for require-directory@https://registry.npmjs.org/require-directory/-/require-directory-2.1.1.tgz. Extracting by manifest.
1532 silly tarball no local data for remove-trailing-slash@https://registry.npmjs.org/remove-trailing-slash/-/remove-trailing-slash-0.1.1.tgz. Extracting by manifest.
1533 silly tarball no local data for regjsparser@https://registry.npmjs.org/regjsparser/-/regjsparser-0.13.1.tgz. Extracting by manifest.
1534 silly tarball no local data for regjsgen@https://registry.npmjs.org/regjsgen/-/regjsgen-0.8.0.tgz. Extracting by manifest.
1535 silly tarball no local data for regexpu-core@https://registry.npmjs.org/regexpu-core/-/regexpu-core-6.4.0.tgz. Extracting by manifest.
1536 silly tarball no local data for regexp.prototype.flags@https://registry.npmjs.org/regexp.prototype.flags/-/regexp.prototype.flags-1.5.4.tgz. Extracting by manifest.
1537 silly tarball no local data for regenerator-runtime@https://registry.npmjs.org/regenerator-runtime/-/regenerator-runtime-0.13.11.tgz. Extracting by manifest.
1538 silly tarball no local data for regenerate-unicode-properties@https://registry.npmjs.org/regenerate-unicode-properties/-/regenerate-unicode-properties-10.2.2.tgz. Extracting by manifest.
1539 silly tarball no local data for regenerate@https://registry.npmjs.org/regenerate/-/regenerate-1.4.2.tgz. Extracting by manifest.
1540 silly tarball no local data for reflect.getprototypeof@https://registry.npmjs.org/reflect.getprototypeof/-/reflect.getprototypeof-1.0.10.tgz. Extracting by manifest.
1541 silly tarball no local data for redeyed@https://registry.npmjs.org/redeyed/-/redeyed-2.1.1.tgz. Extracting by manifest.
1542 silly tarball no local data for react-style-singleton@https://registry.npmjs.org/react-style-singleton/-/react-style-singleton-2.2.3.tgz. Extracting by manifest.
1543 silly tarball no local data for react-remove-scroll@https://registry.npmjs.org/react-remove-scroll/-/react-remove-scroll-2.7.2.tgz. Extracting by manifest.
1544 silly tarball no local data for react-remove-scroll-bar@https://registry.npmjs.org/react-remove-scroll-bar/-/react-remove-scroll-bar-2.3.8.tgz. Extracting by manifest.
1545 silly tarball no local data for react-refresh@https://registry.npmjs.org/react-refresh/-/react-refresh-0.14.2.tgz. Extracting by manifest.
1546 silly tarball no local data for react-native-web@https://registry.npmjs.org/react-native-web/-/react-native-web-0.21.2.tgz. Extracting by manifest.
1547 silly tarball no local data for react-native-worklets@https://registry.npmjs.org/react-native-worklets/-/react-native-worklets-0.5.1.tgz. Extracting by manifest.
1548 silly tarball no local data for react-native-svg@https://registry.npmjs.org/react-native-svg/-/react-native-svg-15.15.4.tgz. Extracting by manifest.
1549 silly tarball no local data for react-native-safe-area-context@https://registry.npmjs.org/react-native-safe-area-context/-/react-native-safe-area-context-5.6.2.tgz. Extracting by manifest.
1550 silly tarball no local data for react-native-reanimated@https://registry.npmjs.org/react-native-reanimated/-/react-native-reanimated-4.1.7.tgz. Extracting by manifest.
1551 silly tarball no local data for react-native-screens@https://registry.npmjs.org/react-native-screens/-/react-native-screens-4.16.0.tgz. Extracting by manifest.
1552 silly tarball no local data for react-native-qrcode-svg@https://registry.npmjs.org/react-native-qrcode-svg/-/react-native-qrcode-svg-6.3.21.tgz. Extracting by manifest.
1553 silly tarball no local data for react-native-razorpay@https://registry.npmjs.org/react-native-razorpay/-/react-native-razorpay-2.3.1.tgz. Extracting by manifest.
1554 silly tarball no local data for react-native-maps@https://registry.npmjs.org/react-native-maps/-/react-native-maps-1.20.1.tgz. Extracting by manifest.
1555 silly tarball no local data for react-native-is-edge-to-edge@https://registry.npmjs.org/react-native-is-edge-to-edge/-/react-native-is-edge-to-edge-1.3.1.tgz. Extracting by manifest.
1556 silly tarball no local data for react-native-gesture-handler@https://registry.npmjs.org/react-native-gesture-handler/-/react-native-gesture-handler-2.28.0.tgz. Extracting by manifest.
1557 silly tarball no local data for react-native@https://registry.npmjs.org/react-native/-/react-native-0.81.5.tgz. Extracting by manifest.
1558 silly tarball no local data for react-is@https://registry.npmjs.org/react-is/-/react-is-19.2.4.tgz. Extracting by manifest.
1559 silly tarball no local data for react-freeze@https://registry.npmjs.org/react-freeze/-/react-freeze-1.0.4.tgz. Extracting by manifest.
1560 silly tarball no local data for react-fast-compare@https://registry.npmjs.org/react-fast-compare/-/react-fast-compare-3.2.2.tgz. Extracting by manifest.
1561 silly tarball no local data for react-dom@https://registry.npmjs.org/react-dom/-/react-dom-19.1.0.tgz. Extracting by manifest.
1562 silly tarball no local data for react-devtools-core@https://registry.npmjs.org/react-devtools-core/-/react-devtools-core-6.1.5.tgz. Extracting by manifest.
1563 silly tarball no local data for react@https://registry.npmjs.org/react/-/react-19.1.0.tgz. Extracting by manifest.
1564 silly tarball no local data for queue-microtask@https://registry.npmjs.org/queue-microtask/-/queue-microtask-1.2.3.tgz. Extracting by manifest.
1565 silly tarball no local data for range-parser@https://registry.npmjs.org/range-parser/-/range-parser-1.2.1.tgz. Extracting by manifest.
1566 silly tarball no local data for rc@https://registry.npmjs.org/rc/-/rc-1.2.8.tgz. Extracting by manifest.
1567 silly tarball no local data for queue@https://registry.npmjs.org/queue/-/queue-6.0.2.tgz. Extracting by manifest.
1568 silly tarball no local data for query-string@https://registry.npmjs.org/query-string/-/query-string-7.1.3.tgz. Extracting by manifest.
1569 silly tarball no local data for qrcode-terminal@https://registry.npmjs.org/qrcode-terminal/-/qrcode-terminal-0.11.0.tgz. Extracting by manifest.
1570 silly tarball no local data for qrcode@https://registry.npmjs.org/qrcode/-/qrcode-1.5.4.tgz. Extracting by manifest.
1571 silly tarball no local data for punycode@https://registry.npmjs.org/punycode/-/punycode-2.3.1.tgz. Extracting by manifest.
1572 silly tarball no local data for prop-types@https://registry.npmjs.org/prop-types/-/prop-types-15.8.1.tgz. Extracting by manifest.
1573 silly tarball no local data for prompts@https://registry.npmjs.org/prompts/-/prompts-2.4.2.tgz. Extracting by manifest.
1574 silly tarball no local data for promise-retry@https://registry.npmjs.org/promise-retry/-/promise-retry-2.0.1.tgz. Extracting by manifest.
1575 silly tarball no local data for promise-limit@https://registry.npmjs.org/promise-limit/-/promise-limit-2.7.0.tgz. Extracting by manifest.
1576 silly tarball no local data for promise@https://registry.npmjs.org/promise/-/promise-8.3.0.tgz. Extracting by manifest.
1577 silly tarball no local data for proc-log@https://registry.npmjs.org/proc-log/-/proc-log-4.2.0.tgz. Extracting by manifest.
1578 silly tarball no local data for progress@https://registry.npmjs.org/progress/-/progress-2.0.3.tgz. Extracting by manifest.
1579 silly tarball no local data for pretty-bytes@https://registry.npmjs.org/pretty-bytes/-/pretty-bytes-5.6.0.tgz. Extracting by manifest.
1580 silly tarball no local data for pretty-format@https://registry.npmjs.org/pretty-format/-/pretty-format-29.7.0.tgz. Extracting by manifest.
1581 silly tarball no local data for prelude-ls@https://registry.npmjs.org/prelude-ls/-/prelude-ls-1.2.1.tgz. Extracting by manifest.
1582 silly tarball no local data for pngjs@https://registry.npmjs.org/pngjs/-/pngjs-3.4.0.tgz. Extracting by manifest.
1583 silly tarball no local data for postcss@https://registry.npmjs.org/postcss/-/postcss-8.4.49.tgz. Extracting by manifest.
1584 silly tarball no local data for plist@https://registry.npmjs.org/plist/-/plist-3.1.0.tgz. Extracting by manifest.
1585 silly tarball no local data for pkg-dir@https://registry.npmjs.org/pkg-dir/-/pkg-dir-4.2.0.tgz. Extracting by manifest.
1586 silly tarball no local data for possible-typed-array-names@https://registry.npmjs.org/possible-typed-array-names/-/possible-typed-array-names-1.1.0.tgz. Extracting by manifest.
1587 silly tarball no local data for pirates@https://registry.npmjs.org/pirates/-/pirates-4.0.7.tgz. Extracting by manifest.
1588 silly tarball no local data for picomatch@https://registry.npmjs.org/picomatch/-/picomatch-2.3.2.tgz. Extracting by manifest.
1589 silly tarball no local data for path-type@https://registry.npmjs.org/path-type/-/path-type-4.0.0.tgz. Extracting by manifest.
1590 silly tarball no local data for path-parse@https://registry.npmjs.org/path-parse/-/path-parse-1.0.7.tgz. Extracting by manifest.
1591 silly tarball no local data for path-is-absolute@https://registry.npmjs.org/path-is-absolute/-/path-is-absolute-1.0.1.tgz. Extracting by manifest.
1592 silly tarball no local data for path-key@https://registry.npmjs.org/path-key/-/path-key-3.1.1.tgz. Extracting by manifest.
1593 silly tarball no local data for postcss-value-parser@https://registry.npmjs.org/postcss-value-parser/-/postcss-value-parser-4.2.0.tgz. Extracting by manifest.
1594 silly tarball no local data for picocolors@https://registry.npmjs.org/picocolors/-/picocolors-1.1.1.tgz. Extracting by manifest.
1595 silly tarball no local data for path-scurry@https://registry.npmjs.org/path-scurry/-/path-scurry-2.0.2.tgz. Extracting by manifest.
1596 silly tarball no local data for path-exists@https://registry.npmjs.org/path-exists/-/path-exists-4.0.0.tgz. Extracting by manifest.
1597 silly tarball no local data for password-prompt@https://registry.npmjs.org/password-prompt/-/password-prompt-1.1.3.tgz. Extracting by manifest.
1598 silly tarball no local data for parse-json@https://registry.npmjs.org/parse-json/-/parse-json-4.0.0.tgz. Extracting by manifest.
1599 silly tarball no local data for parse-png@https://registry.npmjs.org/parse-png/-/parse-png-2.1.0.tgz. Extracting by manifest.
1600 silly tarball no local data for parent-module@https://registry.npmjs.org/parent-module/-/parent-module-1.0.1.tgz. Extracting by manifest.
1601 silly tarball no local data for p-try@https://registry.npmjs.org/p-try/-/p-try-2.2.0.tgz. Extracting by manifest.
1602 silly tarball no local data for package-json-from-dist@https://registry.npmjs.org/package-json-from-dist/-/package-json-from-dist-1.0.1.tgz. Extracting by manifest.
1603 silly tarball no local data for p-locate@https://registry.npmjs.org/p-locate/-/p-locate-5.0.0.tgz. Extracting by manifest.
1604 silly tarball no local data for p-limit@https://registry.npmjs.org/p-limit/-/p-limit-3.1.0.tgz. Extracting by manifest.
1605 silly tarball no local data for own-keys@https://registry.npmjs.org/own-keys/-/own-keys-1.0.1.tgz. Extracting by manifest.
1606 silly tarball no local data for ora@https://registry.npmjs.org/ora/-/ora-3.4.0.tgz. Extracting by manifest.
1607 silly tarball no local data for optionator@https://registry.npmjs.org/optionator/-/optionator-0.9.4.tgz. Extracting by manifest.
1608 silly tarball no local data for open@https://registry.npmjs.org/open/-/open-7.4.2.tgz. Extracting by manifest.
1609 silly tarball no local data for onetime@https://registry.npmjs.org/onetime/-/onetime-2.0.1.tgz. Extracting by manifest.
1610 silly tarball no local data for once@https://registry.npmjs.org/once/-/once-1.4.0.tgz. Extracting by manifest.
1611 silly tarball no local data for on-headers@https://registry.npmjs.org/on-headers/-/on-headers-1.1.0.tgz. Extracting by manifest.
1612 silly tarball no local data for on-finished@https://registry.npmjs.org/on-finished/-/on-finished-2.3.0.tgz. Extracting by manifest.
1613 silly tarball no local data for object.values@https://registry.npmjs.org/object.values/-/object.values-1.2.1.tgz. Extracting by manifest.
1614 silly tarball no local data for object.groupby@https://registry.npmjs.org/object.groupby/-/object.groupby-1.0.3.tgz. Extracting by manifest.
1615 silly tarball no local data for object.fromentries@https://registry.npmjs.org/object.fromentries/-/object.fromentries-2.0.8.tgz. Extracting by manifest.
1616 silly tarball no local data for object.assign@https://registry.npmjs.org/object.assign/-/object.assign-4.1.7.tgz. Extracting by manifest.
1617 silly tarball no local data for object-treeify@https://registry.npmjs.org/object-treeify/-/object-treeify-1.1.33.tgz. Extracting by manifest.
1618 silly tarball no local data for object-keys@https://registry.npmjs.org/object-keys/-/object-keys-1.1.1.tgz. Extracting by manifest.
1619 silly tarball no local data for object-inspect@https://registry.npmjs.org/object-inspect/-/object-inspect-1.13.4.tgz. Extracting by manifest.
1620 silly tarball no local data for object.entries@https://registry.npmjs.org/object.entries/-/object.entries-1.1.9.tgz. Extracting by manifest.
1621 silly tarball no local data for object-assign@https://registry.npmjs.org/object-assign/-/object-assign-4.1.1.tgz. Extracting by manifest.
1622 silly tarball no local data for ob1@https://registry.npmjs.org/ob1/-/ob1-0.83.3.tgz. Extracting by manifest.
1623 silly tarball no local data for nullthrows@https://registry.npmjs.org/nullthrows/-/nullthrows-1.1.1.tgz. Extracting by manifest.
1624 silly tarball no local data for nth-check@https://registry.npmjs.org/nth-check/-/nth-check-2.1.1.tgz. Extracting by manifest.
1625 silly tarball no local data for npm-package-arg@https://registry.npmjs.org/npm-package-arg/-/npm-package-arg-11.0.3.tgz. Extracting by manifest.
1626 silly tarball no local data for normalize-path@https://registry.npmjs.org/normalize-path/-/normalize-path-3.0.0.tgz. Extracting by manifest.
1627 silly tarball no local data for parseurl@https://registry.npmjs.org/parseurl/-/parseurl-1.3.3.tgz. Extracting by manifest.
1628 silly tarball no local data for node-stream-zip@https://registry.npmjs.org/node-stream-zip/-/node-stream-zip-1.15.0.tgz. Extracting by manifest.
1629 silly tarball no local data for node-rsa@https://registry.npmjs.org/node-rsa/-/node-rsa-1.1.1.tgz. Extracting by manifest.
1630 silly tarball no local data for node-releases@https://registry.npmjs.org/node-releases/-/node-releases-2.0.37.tgz. Extracting by manifest.
1631 silly tarball no local data for node-int64@https://registry.npmjs.org/node-int64/-/node-int64-0.4.0.tgz. Extracting by manifest.
1632 silly tarball no local data for node-exports-info@https://registry.npmjs.org/node-exports-info/-/node-exports-info-1.6.0.tgz. Extracting by manifest.
1633 silly tarball no local data for nested-error-stacks@https://registry.npmjs.org/nested-error-stacks/-/nested-error-stacks-2.0.1.tgz. Extracting by manifest.
1634 silly tarball no local data for node-forge@https://registry.npmjs.org/node-forge/-/node-forge-1.4.0.tgz. Extracting by manifest.
1635 silly tarball no local data for negotiator@https://registry.npmjs.org/negotiator/-/negotiator-0.6.3.tgz. Extracting by manifest.
1636 silly tarball no local data for ncp@https://registry.npmjs.org/ncp/-/ncp-2.0.0.tgz. Extracting by manifest.
1637 silly tarball no local data for natural-orderby@https://registry.npmjs.org/natural-orderby/-/natural-orderby-2.0.3.tgz. Extracting by manifest.
1638 silly tarball no local data for natural-compare@https://registry.npmjs.org/natural-compare/-/natural-compare-1.4.0.tgz. Extracting by manifest.
1639 silly tarball no local data for napi-postinstall@https://registry.npmjs.org/napi-postinstall/-/napi-postinstall-0.3.4.tgz. Extracting by manifest.
1640 silly tarball no local data for nanoid@https://registry.npmjs.org/nanoid/-/nanoid-3.3.11.tgz. Extracting by manifest.
1641 silly tarball no local data for nan@https://registry.npmjs.org/nan/-/nan-2.26.2.tgz. Extracting by manifest.
1642 silly tarball no local data for mz@https://registry.npmjs.org/mz/-/mz-2.7.0.tgz. Extracting by manifest.
1643 silly tarball no local data for mv@https://registry.npmjs.org/mv/-/mv-2.1.1.tgz. Extracting by manifest.
1644 silly tarball no local data for multipasta@https://registry.npmjs.org/multipasta/-/multipasta-0.2.7.tgz. Extracting by manifest.
1645 silly tarball no local data for ms@https://registry.npmjs.org/ms/-/ms-2.1.3.tgz. Extracting by manifest.
1646 silly tarball no local data for moment@https://registry.npmjs.org/moment/-/moment-2.30.1.tgz. Extracting by manifest.
1647 silly tarball no local data for minizlib@https://registry.npmjs.org/minizlib/-/minizlib-3.1.0.tgz. Extracting by manifest.
1648 silly tarball no local data for mkdirp@https://registry.npmjs.org/mkdirp/-/mkdirp-1.0.4.tgz. Extracting by manifest.
1649 silly tarball no local data for minipass@https://registry.npmjs.org/minipass/-/minipass-7.1.3.tgz. Extracting by manifest.
1650 silly tarball no local data for minimist@https://registry.npmjs.org/minimist/-/minimist-1.2.8.tgz. Extracting by manifest.
1651 silly tarball no local data for minimatch@https://registry.npmjs.org/minimatch/-/minimatch-3.1.5.tgz. Extracting by manifest.
1652 silly tarball no local data for mimic-fn@https://registry.npmjs.org/mimic-fn/-/mimic-fn-1.2.0.tgz. Extracting by manifest.
1653 silly tarball no local data for mime-types@https://registry.npmjs.org/mime-types/-/mime-types-2.1.35.tgz. Extracting by manifest.
1654 silly tarball no local data for mute-stream@https://registry.npmjs.org/mute-stream/-/mute-stream-0.0.8.tgz. Extracting by manifest.
1655 silly tarball no local data for mime-db@https://registry.npmjs.org/mime-db/-/mime-db-1.52.0.tgz. Extracting by manifest.
1656 silly tarball no local data for micromatch@https://registry.npmjs.org/micromatch/-/micromatch-4.0.8.tgz. Extracting by manifest.
1657 silly tarball no local data for mime@https://registry.npmjs.org/mime/-/mime-1.6.0.tgz. Extracting by manifest.
1658 silly tarball no local data for metro-transform-worker@https://registry.npmjs.org/metro-transform-worker/-/metro-transform-worker-0.83.3.tgz. Extracting by manifest.
1659 silly tarball no local data for metro-symbolicate@https://registry.npmjs.org/metro-symbolicate/-/metro-symbolicate-0.83.3.tgz. Extracting by manifest.
1660 silly tarball no local data for metro-runtime@https://registry.npmjs.org/metro-runtime/-/metro-runtime-0.83.3.tgz. Extracting by manifest.
1661 silly tarball no local data for metro-source-map@https://registry.npmjs.org/metro-source-map/-/metro-source-map-0.83.3.tgz. Extracting by manifest.
1662 silly tarball no local data for node-fetch@https://registry.npmjs.org/node-fetch/-/node-fetch-2.7.0.tgz. Extracting by manifest.
1663 silly tarball no local data for metro-resolver@https://registry.npmjs.org/metro-resolver/-/metro-resolver-0.83.3.tgz. Extracting by manifest.
1664 silly tarball no local data for metro-transform-plugins@https://registry.npmjs.org/metro-transform-plugins/-/metro-transform-plugins-0.83.3.tgz. Extracting by manifest.
1665 silly tarball no local data for metro-minify-terser@https://registry.npmjs.org/metro-minify-terser/-/metro-minify-terser-0.83.3.tgz. Extracting by manifest.
1666 silly tarball no local data for metro-core@https://registry.npmjs.org/metro-core/-/metro-core-0.83.3.tgz. Extracting by manifest.
1667 silly tarball no local data for metro-config@https://registry.npmjs.org/metro-config/-/metro-config-0.83.3.tgz. Extracting by manifest.
1668 silly tarball no local data for metro-cache@https://registry.npmjs.org/metro-cache/-/metro-cache-0.83.3.tgz. Extracting by manifest.
1669 silly tarball no local data for metro-file-map@https://registry.npmjs.org/metro-file-map/-/metro-file-map-0.83.3.tgz. Extracting by manifest.
1670 silly tarball no local data for metro-babel-transformer@https://registry.npmjs.org/metro-babel-transformer/-/metro-babel-transformer-0.83.3.tgz. Extracting by manifest.
1671 silly tarball no local data for metro@https://registry.npmjs.org/metro/-/metro-0.83.3.tgz. Extracting by manifest.
1672 silly tarball no local data for merge2@https://registry.npmjs.org/merge2/-/merge2-1.4.1.tgz. Extracting by manifest.
1673 silly tarball no local data for merge-stream@https://registry.npmjs.org/merge-stream/-/merge-stream-2.0.0.tgz. Extracting by manifest.
1674 silly tarball no local data for memoize-one@https://registry.npmjs.org/memoize-one/-/memoize-one-5.2.1.tgz. Extracting by manifest.
1675 silly tarball no local data for mdn-data@https://registry.npmjs.org/mdn-data/-/mdn-data-2.0.14.tgz. Extracting by manifest.
1676 silly tarball no local data for merge-options@https://registry.npmjs.org/merge-options/-/merge-options-3.0.4.tgz. Extracting by manifest.
1677 silly tarball no local data for md5@https://registry.npmjs.org/md5/-/md5-2.3.0.tgz. Extracting by manifest.
1678 silly tarball no local data for math-intrinsics@https://registry.npmjs.org/math-intrinsics/-/math-intrinsics-1.1.0.tgz. Extracting by manifest.
1679 silly tarball no local data for marky@https://registry.npmjs.org/marky/-/marky-1.3.0.tgz. Extracting by manifest.
1680 silly tarball no local data for lru-cache@https://registry.npmjs.org/lru-cache/-/lru-cache-5.1.1.tgz. Extracting by manifest.
1681 silly tarball no local data for make-error@https://registry.npmjs.org/make-error/-/make-error-1.3.6.tgz. Extracting by manifest.
1682 silly tarball no local data for makeerror@https://registry.npmjs.org/makeerror/-/makeerror-1.0.12.tgz. Extracting by manifest.
1683 silly tarball no local data for loose-envify@https://registry.npmjs.org/loose-envify/-/loose-envify-1.4.0.tgz. Extracting by manifest.
1684 silly tarball no local data for lodash.throttle@https://registry.npmjs.org/lodash.throttle/-/lodash.throttle-4.1.1.tgz. Extracting by manifest.
1685 silly tarball no local data for log-symbols@https://registry.npmjs.org/log-symbols/-/log-symbols-2.2.0.tgz. Extracting by manifest.
1686 silly tarball no local data for lodash.merge@https://registry.npmjs.org/lodash.merge/-/lodash.merge-4.6.2.tgz. Extracting by manifest.
1687 silly tarball no local data for lodash.debounce@https://registry.npmjs.org/lodash.debounce/-/lodash.debounce-4.0.8.tgz. Extracting by manifest.
1688 silly tarball no local data for lodash.get@https://registry.npmjs.org/lodash.get/-/lodash.get-4.4.2.tgz. Extracting by manifest.
1689 silly tarball no local data for lodash.clonedeep@https://registry.npmjs.org/lodash.clonedeep/-/lodash.clonedeep-4.5.0.tgz. Extracting by manifest.
1690 silly tarball no local data for lines-and-columns@https://registry.npmjs.org/lines-and-columns/-/lines-and-columns-1.2.4.tgz. Extracting by manifest.
1691 silly tarball no local data for metro-cache-key@https://registry.npmjs.org/metro-cache-key/-/metro-cache-key-0.83.3.tgz. Extracting by manifest.
1692 silly tarball no local data for lilconfig@https://registry.npmjs.org/lilconfig/-/lilconfig-3.1.3.tgz. Extracting by manifest.
1693 silly tarball no local data for lightningcss-win32-x64-msvc@https://registry.npmjs.org/lightningcss-win32-x64-msvc/-/lightningcss-win32-x64-msvc-1.32.0.tgz. Extracting by manifest.
1694 silly tarball no local data for lighthouse-logger@https://registry.npmjs.org/lighthouse-logger/-/lighthouse-logger-1.4.2.tgz. Extracting by manifest.
1695 silly tarball no local data for lightningcss@https://registry.npmjs.org/lightningcss/-/lightningcss-1.32.0.tgz. Extracting by manifest.
1696 silly tarball no local data for levn@https://registry.npmjs.org/levn/-/levn-0.4.1.tgz. Extracting by manifest.
1697 silly tarball no local data for leven@https://registry.npmjs.org/leven/-/leven-3.1.0.tgz. Extracting by manifest.
1698 silly tarball no local data for lan-network@https://registry.npmjs.org/lan-network/-/lan-network-0.1.7.tgz. Extracting by manifest.
1699 silly tarball no local data for kleur@https://registry.npmjs.org/kleur/-/kleur-3.0.3.tgz. Extracting by manifest.
1700 silly tarball no local data for keyv@https://registry.npmjs.org/keyv/-/keyv-4.5.4.tgz. Extracting by manifest.
1701 silly tarball no local data for keychain@https://registry.npmjs.org/keychain/-/keychain-1.5.0.tgz. Extracting by manifest.
1702 silly tarball no local data for jsx-ast-utils@https://registry.npmjs.org/jsx-ast-utils/-/jsx-ast-utils-3.3.5.tgz. Extracting by manifest.
1703 silly tarball no local data for jsonfile@https://registry.npmjs.org/jsonfile/-/jsonfile-6.2.0.tgz. Extracting by manifest.
1704 silly tarball no local data for json5@https://registry.npmjs.org/json5/-/json5-2.2.3.tgz. Extracting by manifest.
1705 silly tarball no local data for json-stable-stringify-without-jsonify@https://registry.npmjs.org/json-stable-stringify-without-jsonify/-/json-stable-stringify-without-jsonify-1.0.1.tgz. Extracting by manifest.
1706 silly tarball no local data for json-schema-traverse@https://registry.npmjs.org/json-schema-traverse/-/json-schema-traverse-0.4.1.tgz. Extracting by manifest.
1707 silly tarball no local data for locate-path@https://registry.npmjs.org/locate-path/-/locate-path-6.0.0.tgz. Extracting by manifest.
1708 silly tarball no local data for json-parse-better-errors@https://registry.npmjs.org/json-parse-better-errors/-/json-parse-better-errors-1.0.2.tgz. Extracting by manifest.
1709 silly tarball no local data for jsep@https://registry.npmjs.org/jsep/-/jsep-1.4.0.tgz. Extracting by manifest.
1710 silly tarball no local data for json-buffer@https://registry.npmjs.org/json-buffer/-/json-buffer-3.0.1.tgz. Extracting by manifest.
1711 silly tarball no local data for jsc-safe-url@https://registry.npmjs.org/jsc-safe-url/-/jsc-safe-url-0.2.4.tgz. Extracting by manifest.
1712 silly tarball no local data for jsesc@https://registry.npmjs.org/jsesc/-/jsesc-3.1.0.tgz. Extracting by manifest.
1713 silly tarball no local data for js-yaml@https://registry.npmjs.org/js-yaml/-/js-yaml-4.1.1.tgz. Extracting by manifest.
1714 silly tarball no local data for js-tokens@https://registry.npmjs.org/js-tokens/-/js-tokens-4.0.0.tgz. Extracting by manifest.
1715 silly tarball no local data for joi@https://registry.npmjs.org/joi/-/joi-17.11.0.tgz. Extracting by manifest.
1716 silly tarball no local data for join-component@https://registry.npmjs.org/join-component/-/join-component-1.1.0.tgz. Extracting by manifest.
1717 silly tarball no local data for jks-js@https://registry.npmjs.org/jks-js/-/jks-js-1.1.0.tgz. Extracting by manifest.
1718 silly tarball no local data for jimp-compact@https://registry.npmjs.org/jimp-compact/-/jimp-compact-0.16.1.tgz. Extracting by manifest.
1719 silly tarball no local data for jest-validate@https://registry.npmjs.org/jest-validate/-/jest-validate-29.7.0.tgz. Extracting by manifest.
1720 silly tarball no local data for jest-util@https://registry.npmjs.org/jest-util/-/jest-util-29.7.0.tgz. Extracting by manifest.
1721 silly tarball no local data for jest-regex-util@https://registry.npmjs.org/jest-regex-util/-/jest-regex-util-29.6.3.tgz. Extracting by manifest.
1722 silly tarball no local data for jest-message-util@https://registry.npmjs.org/jest-message-util/-/jest-message-util-29.7.0.tgz. Extracting by manifest.
1723 silly tarball no local data for jest-mock@https://registry.npmjs.org/jest-mock/-/jest-mock-29.7.0.tgz. Extracting by manifest.
1724 silly tarball no local data for jest-worker@https://registry.npmjs.org/jest-worker/-/jest-worker-29.7.0.tgz. Extracting by manifest.
1725 silly tarball no local data for jest-haste-map@https://registry.npmjs.org/jest-haste-map/-/jest-haste-map-29.7.0.tgz. Extracting by manifest.
1726 silly tarball no local data for jest-get-type@https://registry.npmjs.org/jest-get-type/-/jest-get-type-29.6.3.tgz. Extracting by manifest.
1727 silly tarball no local data for jest-environment-node@https://registry.npmjs.org/jest-environment-node/-/jest-environment-node-29.7.0.tgz. Extracting by manifest.
1728 silly tarball no local data for jake@https://registry.npmjs.org/jake/-/jake-10.9.4.tgz. Extracting by manifest.
1729 silly tarball no local data for iterator.prototype@https://registry.npmjs.org/iterator.prototype/-/iterator.prototype-1.1.5.tgz. Extracting by manifest.
1730 silly tarball no local data for istanbul-lib-coverage@https://registry.npmjs.org/istanbul-lib-coverage/-/istanbul-lib-coverage-3.2.2.tgz. Extracting by manifest.
1731 silly tarball no local data for isexe@https://registry.npmjs.org/isexe/-/isexe-2.0.0.tgz. Extracting by manifest.
1732 silly tarball no local data for istanbul-lib-instrument@https://registry.npmjs.org/istanbul-lib-instrument/-/istanbul-lib-instrument-5.2.1.tgz. Extracting by manifest.
1733 silly tarball no local data for isarray@https://registry.npmjs.org/isarray/-/isarray-2.0.5.tgz. Extracting by manifest.
1734 silly tarball no local data for is-wsl@https://registry.npmjs.org/is-wsl/-/is-wsl-2.2.0.tgz. Extracting by manifest.
1735 silly tarball no local data for is-weakset@https://registry.npmjs.org/is-weakset/-/is-weakset-2.0.4.tgz. Extracting by manifest.
1736 silly tarball no local data for is-weakmap@https://registry.npmjs.org/is-weakmap/-/is-weakmap-2.0.2.tgz. Extracting by manifest.
1737 silly tarball no local data for is-typed-array@https://registry.npmjs.org/is-typed-array/-/is-typed-array-1.1.15.tgz. Extracting by manifest.
1738 silly tarball no local data for is-unicode-supported@https://registry.npmjs.org/is-unicode-supported/-/is-unicode-supported-0.1.0.tgz. Extracting by manifest.
1739 silly tarball no local data for is-symbol@https://registry.npmjs.org/is-symbol/-/is-symbol-1.1.1.tgz. Extracting by manifest.
1740 silly tarball no local data for is-string@https://registry.npmjs.org/is-string/-/is-string-1.1.1.tgz. Extracting by manifest.
1741 silly tarball no local data for is-stream@https://registry.npmjs.org/is-stream/-/is-stream-2.0.1.tgz. Extracting by manifest.
1742 silly tarball no local data for is-shared-array-buffer@https://registry.npmjs.org/is-shared-array-buffer/-/is-shared-array-buffer-1.0.4.tgz. Extracting by manifest.
1743 silly tarball no local data for is-retry-allowed@https://registry.npmjs.org/is-retry-allowed/-/is-retry-allowed-1.2.0.tgz. Extracting by manifest.
1744 silly tarball no local data for is-set@https://registry.npmjs.org/is-set/-/is-set-2.0.3.tgz. Extracting by manifest.
1745 silly tarball no local data for is-regex@https://registry.npmjs.org/is-regex/-/is-regex-1.2.1.tgz. Extracting by manifest.
1746 silly tarball no local data for is-plain-obj@https://registry.npmjs.org/is-plain-obj/-/is-plain-obj-2.1.0.tgz. Extracting by manifest.
1747 silly tarball no local data for is-number-object@https://registry.npmjs.org/is-number-object/-/is-number-object-1.1.1.tgz. Extracting by manifest.
1748 silly tarball no local data for is-number@https://registry.npmjs.org/is-number/-/is-number-7.0.0.tgz. Extracting by manifest.
1749 silly tarball no local data for is-negative-zero@https://registry.npmjs.org/is-negative-zero/-/is-negative-zero-2.0.3.tgz. Extracting by manifest.
1750 silly tarball no local data for is-map@https://registry.npmjs.org/is-map/-/is-map-2.0.3.tgz. Extracting by manifest.
1751 silly tarball no local data for is-glob@https://registry.npmjs.org/is-glob/-/is-glob-4.0.3.tgz. Extracting by manifest.
1752 silly tarball no local data for is-generator-function@https://registry.npmjs.org/is-generator-function/-/is-generator-function-1.1.2.tgz. Extracting by manifest.
1753 silly tarball no local data for is-fullwidth-code-point@https://registry.npmjs.org/is-fullwidth-code-point/-/is-fullwidth-code-point-3.0.0.tgz. Extracting by manifest.
1754 silly tarball no local data for is-finalizationregistry@https://registry.npmjs.org/is-finalizationregistry/-/is-finalizationregistry-1.1.1.tgz. Extracting by manifest.
1755 silly tarball no local data for jackspeak@https://registry.npmjs.org/jackspeak/-/jackspeak-3.4.3.tgz. Extracting by manifest.
1756 silly tarball no local data for is-extglob@https://registry.npmjs.org/is-extglob/-/is-extglob-2.1.1.tgz. Extracting by manifest.
1757 silly tarball no local data for is-weakref@https://registry.npmjs.org/is-weakref/-/is-weakref-1.1.1.tgz. Extracting by manifest.
1758 silly tarball no local data for is-docker@https://registry.npmjs.org/is-docker/-/is-docker-2.2.1.tgz. Extracting by manifest.
1759 silly tarball no local data for is-date-object@https://registry.npmjs.org/is-date-object/-/is-date-object-1.1.0.tgz. Extracting by manifest.
1760 silly tarball no local data for is-data-view@https://registry.npmjs.org/is-data-view/-/is-data-view-1.0.2.tgz. Extracting by manifest.
1761 silly tarball no local data for is-core-module@https://registry.npmjs.org/is-core-module/-/is-core-module-2.16.1.tgz. Extracting by manifest.
1762 silly tarball no local data for is-callable@https://registry.npmjs.org/is-callable/-/is-callable-1.2.7.tgz. Extracting by manifest.
1763 silly tarball no local data for is-buffer@https://registry.npmjs.org/is-buffer/-/is-buffer-1.1.6.tgz. Extracting by manifest.
1764 silly tarball no local data for is-bigint@https://registry.npmjs.org/is-bigint/-/is-bigint-1.1.0.tgz. Extracting by manifest.
1765 silly tarball no local data for is-boolean-object@https://registry.npmjs.org/is-boolean-object/-/is-boolean-object-1.2.2.tgz. Extracting by manifest.
1766 silly tarball no local data for is-bun-module@https://registry.npmjs.org/is-bun-module/-/is-bun-module-2.0.0.tgz. Extracting by manifest.
1767 silly tarball no local data for is-async-function@https://registry.npmjs.org/is-async-function/-/is-async-function-2.1.1.tgz. Extracting by manifest.
1768 silly tarball no local data for is-array-buffer@https://registry.npmjs.org/is-array-buffer/-/is-array-buffer-3.0.5.tgz. Extracting by manifest.
1769 silly tarball no local data for is-arrayish@https://registry.npmjs.org/is-arrayish/-/is-arrayish-0.3.4.tgz. Extracting by manifest.
1770 silly tarball no local data for invariant@https://registry.npmjs.org/invariant/-/invariant-2.2.4.tgz. Extracting by manifest.
1771 silly tarball no local data for internal-slot@https://registry.npmjs.org/internal-slot/-/internal-slot-1.1.0.tgz. Extracting by manifest.
1772 silly tarball no local data for inline-style-prefixer@https://registry.npmjs.org/inline-style-prefixer/-/inline-style-prefixer-7.0.1.tgz. Extracting by manifest.
1773 silly tarball no local data for ini@https://registry.npmjs.org/ini/-/ini-1.3.8.tgz. Extracting by manifest.
1774 silly tarball no local data for inherits@https://registry.npmjs.org/inherits/-/inherits-2.0.4.tgz. Extracting by manifest.
1775 silly tarball no local data for indent-string@https://registry.npmjs.org/indent-string/-/indent-string-4.0.0.tgz. Extracting by manifest.
1776 silly tarball no local data for import-fresh@https://registry.npmjs.org/import-fresh/-/import-fresh-3.3.1.tgz. Extracting by manifest.
1777 silly tarball no local data for imurmurhash@https://registry.npmjs.org/imurmurhash/-/imurmurhash-0.1.4.tgz. Extracting by manifest.
1778 silly tarball no local data for image-size@https://registry.npmjs.org/image-size/-/image-size-1.2.1.tgz. Extracting by manifest.
1779 silly tarball no local data for ignore@https://registry.npmjs.org/ignore/-/ignore-5.3.2.tgz. Extracting by manifest.
1780 silly tarball no local data for ieee754@https://registry.npmjs.org/ieee754/-/ieee754-1.2.1.tgz. Extracting by manifest.
1781 silly tarball no local data for hyphenate-style-name@https://registry.npmjs.org/hyphenate-style-name/-/hyphenate-style-name-1.1.0.tgz. Extracting by manifest.
1782 silly tarball no local data for inflight@https://registry.npmjs.org/inflight/-/inflight-1.0.6.tgz. Extracting by manifest.
1783 silly tarball no local data for hyperlinker@https://registry.npmjs.org/hyperlinker/-/hyperlinker-1.0.0.tgz. Extracting by manifest.
1784 silly tarball no local data for https-proxy-agent@https://registry.npmjs.org/https-proxy-agent/-/https-proxy-agent-7.0.6.tgz. Extracting by manifest.
1785 silly tarball no local data for http-errors@https://registry.npmjs.org/http-errors/-/http-errors-2.0.1.tgz. Extracting by manifest.
1786 silly tarball no local data for http-call@https://registry.npmjs.org/http-call/-/http-call-5.3.0.tgz. Extracting by manifest.
1787 silly tarball no local data for hoist-non-react-statics@https://registry.npmjs.org/hoist-non-react-statics/-/hoist-non-react-statics-3.3.2.tgz. Extracting by manifest.
1788 silly tarball no local data for hosted-git-info@https://registry.npmjs.org/hosted-git-info/-/hosted-git-info-7.0.2.tgz. Extracting by manifest.
1789 silly tarball no local data for hermes-parser@https://registry.npmjs.org/hermes-parser/-/hermes-parser-0.29.1.tgz. Extracting by manifest.
1790 silly tarball no local data for has-tostringtag@https://registry.npmjs.org/has-tostringtag/-/has-tostringtag-1.0.2.tgz. Extracting by manifest.
1791 silly tarball no local data for hermes-estree@https://registry.npmjs.org/hermes-estree/-/hermes-estree-0.29.1.tgz. Extracting by manifest.
1792 silly tarball no local data for has-symbols@https://registry.npmjs.org/has-symbols/-/has-symbols-1.1.0.tgz. Extracting by manifest.
1793 silly tarball no local data for has-proto@https://registry.npmjs.org/has-proto/-/has-proto-1.2.0.tgz. Extracting by manifest.
1794 silly tarball no local data for has-property-descriptors@https://registry.npmjs.org/has-property-descriptors/-/has-property-descriptors-1.0.2.tgz. Extracting by manifest.
1795 silly tarball no local data for has-flag@https://registry.npmjs.org/has-flag/-/has-flag-4.0.0.tgz. Extracting by manifest.
1796 silly tarball no local data for has-bigints@https://registry.npmjs.org/has-bigints/-/has-bigints-1.1.0.tgz. Extracting by manifest.
1797 silly tarball no local data for graphql-tag@https://registry.npmjs.org/graphql-tag/-/graphql-tag-2.12.6.tgz. Extracting by manifest.
1798 silly tarball no local data for graphql@https://registry.npmjs.org/graphql/-/graphql-16.8.1.tgz. Extracting by manifest.
1799 silly tarball no local data for gradle-to-js@https://registry.npmjs.org/gradle-to-js/-/gradle-to-js-2.0.1.tgz. Extracting by manifest.
1800 silly tarball no local data for graceful-fs@https://registry.npmjs.org/graceful-fs/-/graceful-fs-4.2.11.tgz. Extracting by manifest.
1801 silly tarball no local data for gopd@https://registry.npmjs.org/gopd/-/gopd-1.2.0.tgz. Extracting by manifest.
1802 silly tarball no local data for globby@https://registry.npmjs.org/globby/-/globby-11.1.0.tgz. Extracting by manifest.
1803 silly tarball no local data for golden-fleece@https://registry.npmjs.org/golden-fleece/-/golden-fleece-1.0.9.tgz. Extracting by manifest.
1804 silly tarball no local data for globalthis@https://registry.npmjs.org/globalthis/-/globalthis-1.0.4.tgz. Extracting by manifest.
1805 silly tarball no local data for globals@https://registry.npmjs.org/globals/-/globals-14.0.0.tgz. Extracting by manifest.
1806 silly tarball no local data for glob-parent@https://registry.npmjs.org/glob-parent/-/glob-parent-6.0.2.tgz. Extracting by manifest.
1807 silly tarball no local data for glob@https://registry.npmjs.org/glob/-/glob-13.0.6.tgz. Extracting by manifest.
1808 silly tarball no local data for getenv@https://registry.npmjs.org/getenv/-/getenv-2.0.0.tgz. Extracting by manifest.
1809 silly tarball no local data for get-tsconfig@https://registry.npmjs.org/get-tsconfig/-/get-tsconfig-4.13.7.tgz. Extracting by manifest.
1810 silly tarball no local data for get-symbol-description@https://registry.npmjs.org/get-symbol-description/-/get-symbol-description-1.1.0.tgz. Extracting by manifest.
1811 silly tarball no local data for get-proto@https://registry.npmjs.org/get-proto/-/get-proto-1.0.1.tgz. Extracting by manifest.
1812 silly tarball no local data for get-nonce@https://registry.npmjs.org/get-nonce/-/get-nonce-1.0.1.tgz. Extracting by manifest.
1813 silly tarball no local data for get-package-type@https://registry.npmjs.org/get-package-type/-/get-package-type-0.1.0.tgz. Extracting by manifest.
1814 silly tarball no local data for get-caller-file@https://registry.npmjs.org/get-caller-file/-/get-caller-file-2.0.5.tgz. Extracting by manifest.
1815 silly tarball no local data for get-intrinsic@https://registry.npmjs.org/get-intrinsic/-/get-intrinsic-1.3.0.tgz. Extracting by manifest.
1816 silly tarball no local data for gensync@https://registry.npmjs.org/gensync/-/gensync-1.0.0-beta.2.tgz. Extracting by manifest.
1817 silly tarball no local data for generator-function@https://registry.npmjs.org/generator-function/-/generator-function-2.0.1.tgz. Extracting by manifest.
1818 silly tarball no local data for function.prototype.name@https://registry.npmjs.org/function.prototype.name/-/function.prototype.name-1.1.8.tgz. Extracting by manifest.
1819 silly tarball no local data for functions-have-names@https://registry.npmjs.org/functions-have-names/-/functions-have-names-1.2.3.tgz. Extracting by manifest.
1820 silly tarball no local data for function-bind@https://registry.npmjs.org/function-bind/-/function-bind-1.1.2.tgz. Extracting by manifest.
1821 silly tarball no local data for fs.realpath@https://registry.npmjs.org/fs.realpath/-/fs.realpath-1.0.0.tgz. Extracting by manifest.
1822 silly tarball no local data for fresh@https://registry.npmjs.org/fresh/-/fresh-0.5.2.tgz. Extracting by manifest.
1823 silly tarball no local data for fs-extra@https://registry.npmjs.org/fs-extra/-/fs-extra-11.2.0.tgz. Extracting by manifest.
1824 silly tarball no local data for freeport-async@https://registry.npmjs.org/freeport-async/-/freeport-async-2.0.0.tgz. Extracting by manifest.
1825 silly tarball no local data for foreground-child@https://registry.npmjs.org/foreground-child/-/foreground-child-3.3.1.tgz. Extracting by manifest.
1826 silly tarball no local data for form-data@https://registry.npmjs.org/form-data/-/form-data-4.0.5.tgz. Extracting by manifest.
1827 silly tarball no local data for for-each@https://registry.npmjs.org/for-each/-/for-each-0.3.5.tgz. Extracting by manifest.
1828 silly tarball no local data for fontfaceobserver@https://registry.npmjs.org/fontfaceobserver/-/fontfaceobserver-2.3.0.tgz. Extracting by manifest.
1829 silly tarball no local data for flow-enums-runtime@https://registry.npmjs.org/flow-enums-runtime/-/flow-enums-runtime-0.0.6.tgz. Extracting by manifest.
1830 silly tarball no local data for flatted@https://registry.npmjs.org/flatted/-/flatted-3.4.2.tgz. Extracting by manifest.
1831 silly tarball no local data for flat-cache@https://registry.npmjs.org/flat-cache/-/flat-cache-4.0.1.tgz. Extracting by manifest.
1832 silly tarball no local data for finalhandler@https://registry.npmjs.org/finalhandler/-/finalhandler-1.1.2.tgz. Extracting by manifest.
1833 silly tarball no local data for filter-obj@https://registry.npmjs.org/filter-obj/-/filter-obj-1.1.0.tgz. Extracting by manifest.
1834 silly tarball no local data for fill-range@https://registry.npmjs.org/fill-range/-/fill-range-7.1.1.tgz. Extracting by manifest.
1835 silly tarball no local data for filelist@https://registry.npmjs.org/filelist/-/filelist-1.0.6.tgz. Extracting by manifest.
1836 silly tarball no local data for file-entry-cache@https://registry.npmjs.org/file-entry-cache/-/file-entry-cache-8.0.0.tgz. Extracting by manifest.
1837 silly tarball no local data for fetch-retry@https://registry.npmjs.org/fetch-retry/-/fetch-retry-4.1.1.tgz. Extracting by manifest.
1838 silly tarball no local data for figures@https://registry.npmjs.org/figures/-/figures-3.2.0.tgz. Extracting by manifest.
1839 silly tarball no local data for fbjs-css-vars@https://registry.npmjs.org/fbjs-css-vars/-/fbjs-css-vars-1.0.2.tgz. Extracting by manifest.
1840 silly tarball no local data for fbjs@https://registry.npmjs.org/fbjs/-/fbjs-3.0.5.tgz. Extracting by manifest.
1841 silly tarball no local data for fb-watchman@https://registry.npmjs.org/fb-watchman/-/fb-watchman-2.0.2.tgz. Extracting by manifest.
1842 silly tarball no local data for fastq@https://registry.npmjs.org/fastq/-/fastq-1.20.1.tgz. Extracting by manifest.
1843 silly tarball no local data for fast-uri@https://registry.npmjs.org/fast-uri/-/fast-uri-3.1.0.tgz. Extracting by manifest.
1844 silly tarball no local data for fast-levenshtein@https://registry.npmjs.org/fast-levenshtein/-/fast-levenshtein-2.0.6.tgz. Extracting by manifest.
1845 silly tarball no local data for fast-json-stable-stringify@https://registry.npmjs.org/fast-json-stable-stringify/-/fast-json-stable-stringify-2.1.0.tgz. Extracting by manifest.
1846 silly tarball no local data for fast-glob@https://registry.npmjs.org/fast-glob/-/fast-glob-3.3.2.tgz. Extracting by manifest.
1847 silly tarball no local data for fast-fifo@https://registry.npmjs.org/fast-fifo/-/fast-fifo-1.3.2.tgz. Extracting by manifest.
1848 silly tarball no local data for fast-deep-equal@https://registry.npmjs.org/fast-deep-equal/-/fast-deep-equal-3.1.3.tgz. Extracting by manifest.
1849 silly tarball no local data for exponential-backoff@https://registry.npmjs.org/exponential-backoff/-/exponential-backoff-3.1.3.tgz. Extracting by manifest.
1850 silly tarball no local data for expo-web-browser@https://registry.npmjs.org/expo-web-browser/-/expo-web-browser-15.0.10.tgz. Extracting by manifest.
1851 silly tarball no local data for expo-system-ui@https://registry.npmjs.org/expo-system-ui/-/expo-system-ui-6.0.9.tgz. Extracting by manifest.
1852 silly tarball no local data for expo-symbols@https://registry.npmjs.org/expo-symbols/-/expo-symbols-1.0.8.tgz. Extracting by manifest.
1853 silly tarball no local data for expo-status-bar@https://registry.npmjs.org/expo-status-bar/-/expo-status-bar-3.0.9.tgz. Extracting by manifest.
1854 silly tarball no local data for expo-splash-screen@https://registry.npmjs.org/expo-splash-screen/-/expo-splash-screen-31.0.13.tgz. Extracting by manifest.
1855 silly tarball no local data for expo-server@https://registry.npmjs.org/expo-server/-/expo-server-1.0.5.tgz. Extracting by manifest.
1856 silly tarball no local data for expo-router@https://registry.npmjs.org/expo-router/-/expo-router-6.0.23.tgz. Extracting by manifest.
1857 silly tarball no local data for expo-modules-core@https://registry.npmjs.org/expo-modules-core/-/expo-modules-core-3.0.29.tgz. Extracting by manifest.
1858 silly tarball no local data for expo-modules-autolinking@https://registry.npmjs.org/expo-modules-autolinking/-/expo-modules-autolinking-3.0.24.tgz. Extracting by manifest.
1859 silly tarball no local data for expo-location@https://registry.npmjs.org/expo-location/-/expo-location-19.0.8.tgz. Extracting by manifest.
1860 silly tarball no local data for expo-linear-gradient@https://registry.npmjs.org/expo-linear-gradient/-/expo-linear-gradient-15.0.8.tgz. Extracting by manifest.
1861 silly tarball no local data for expo-linking@https://registry.npmjs.org/expo-linking/-/expo-linking-8.0.11.tgz. Extracting by manifest.
1862 silly tarball no local data for expo-keep-awake@https://registry.npmjs.org/expo-keep-awake/-/expo-keep-awake-15.0.8.tgz. Extracting by manifest.
1863 silly tarball no local data for expo-image-picker@https://registry.npmjs.org/expo-image-picker/-/expo-image-picker-55.0.16.tgz. Extracting by manifest.
1864 silly tarball no local data for expo-image@https://registry.npmjs.org/expo-image/-/expo-image-3.0.11.tgz. Extracting by manifest.
1865 silly tarball no local data for expo-haptics@https://registry.npmjs.org/expo-haptics/-/expo-haptics-15.0.8.tgz. Extracting by manifest.
1866 silly tarball no local data for expo-file-system@https://registry.npmjs.org/expo-file-system/-/expo-file-system-19.0.21.tgz. Extracting by manifest.
1867 silly tarball no local data for expo-image-loader@https://registry.npmjs.org/expo-image-loader/-/expo-image-loader-55.0.0.tgz. Extracting by manifest.
1868 silly tarball no local data for expo-font@https://registry.npmjs.org/expo-font/-/expo-font-14.0.11.tgz. Extracting by manifest.
1869 silly tarball no local data for expo-constants@https://registry.npmjs.org/expo-constants/-/expo-constants-18.0.13.tgz. Extracting by manifest.
1870 silly tarball no local data for expo-asset@https://registry.npmjs.org/expo-asset/-/expo-asset-12.0.12.tgz. Extracting by manifest.
1871 silly tarball no local data for expo@https://registry.npmjs.org/expo/-/expo-54.0.33.tgz. Extracting by manifest.
1872 silly tarball no local data for exec-async@https://registry.npmjs.org/exec-async/-/exec-async-2.2.0.tgz. Extracting by manifest.
1873 silly tarball no local data for events-universal@https://registry.npmjs.org/events-universal/-/events-universal-1.0.1.tgz. Extracting by manifest.
1874 silly tarball no local data for event-target-shim@https://registry.npmjs.org/event-target-shim/-/event-target-shim-5.0.1.tgz. Extracting by manifest.
1875 silly tarball no local data for etag@https://registry.npmjs.org/etag/-/etag-1.8.1.tgz. Extracting by manifest.
1876 silly tarball no local data for esutils@https://registry.npmjs.org/esutils/-/esutils-2.0.3.tgz. Extracting by manifest.
1877 silly tarball no local data for estraverse@https://registry.npmjs.org/estraverse/-/estraverse-5.3.0.tgz. Extracting by manifest.
1878 silly tarball no local data for esrecurse@https://registry.npmjs.org/esrecurse/-/esrecurse-4.3.0.tgz. Extracting by manifest.
1879 silly tarball no local data for esquery@https://registry.npmjs.org/esquery/-/esquery-1.7.0.tgz. Extracting by manifest.
1880 silly tarball no local data for esprima@https://registry.npmjs.org/esprima/-/esprima-4.0.1.tgz. Extracting by manifest.
1881 silly tarball no local data for espree@https://registry.npmjs.org/espree/-/espree-10.4.0.tgz. Extracting by manifest.
1882 silly tarball no local data for eslint-visitor-keys@https://registry.npmjs.org/eslint-visitor-keys/-/eslint-visitor-keys-4.2.1.tgz. Extracting by manifest.
1883 silly tarball no local data for eslint-scope@https://registry.npmjs.org/eslint-scope/-/eslint-scope-8.4.0.tgz. Extracting by manifest.
1884 silly tarball no local data for eslint-plugin-react-hooks@https://registry.npmjs.org/eslint-plugin-react-hooks/-/eslint-plugin-react-hooks-5.2.0.tgz. Extracting by manifest.
1885 silly tarball no local data for eslint-plugin-react@https://registry.npmjs.org/eslint-plugin-react/-/eslint-plugin-react-7.37.5.tgz. Extracting by manifest.
1886 silly tarball no local data for eslint-plugin-import@https://registry.npmjs.org/eslint-plugin-import/-/eslint-plugin-import-2.32.0.tgz. Extracting by manifest.
1887 silly tarball no local data for eslint-plugin-expo@https://registry.npmjs.org/eslint-plugin-expo/-/eslint-plugin-expo-1.0.0.tgz. Extracting by manifest.
1888 silly tarball no local data for eslint-module-utils@https://registry.npmjs.org/eslint-module-utils/-/eslint-module-utils-2.12.1.tgz. Extracting by manifest.
1889 silly tarball no local data for eslint-import-resolver-node@https://registry.npmjs.org/eslint-import-resolver-node/-/eslint-import-resolver-node-0.3.10.tgz. Extracting by manifest.
1890 silly tarball no local data for eslint-import-resolver-typescript@https://registry.npmjs.org/eslint-import-resolver-typescript/-/eslint-import-resolver-typescript-3.10.1.tgz. Extracting by manifest.
1891 silly tarball no local data for eslint-config-expo@https://registry.npmjs.org/eslint-config-expo/-/eslint-config-expo-10.0.0.tgz. Extracting by manifest.
1892 silly tarball no local data for eslint@https://registry.npmjs.org/eslint/-/eslint-9.39.4.tgz. Extracting by manifest.
1893 silly tarball no local data for escape-string-regexp@https://registry.npmjs.org/escape-string-regexp/-/escape-string-regexp-4.0.0.tgz. Extracting by manifest.
1894 silly tarball no local data for escape-html@https://registry.npmjs.org/escape-html/-/escape-html-1.0.3.tgz. Extracting by manifest.
1895 silly tarball no local data for escalade@https://registry.npmjs.org/escalade/-/escalade-3.2.0.tgz. Extracting by manifest.
1896 silly tarball no local data for es-to-primitive@https://registry.npmjs.org/es-to-primitive/-/es-to-primitive-1.3.0.tgz. Extracting by manifest.
1897 silly tarball no local data for es-shim-unscopables@https://registry.npmjs.org/es-shim-unscopables/-/es-shim-unscopables-1.1.0.tgz. Extracting by manifest.
1898 silly tarball no local data for es-set-tostringtag@https://registry.npmjs.org/es-set-tostringtag/-/es-set-tostringtag-2.1.0.tgz. Extracting by manifest.
1899 silly tarball no local data for es-object-atoms@https://registry.npmjs.org/es-object-atoms/-/es-object-atoms-1.1.1.tgz. Extracting by manifest.
1900 silly tarball no local data for es-iterator-helpers@https://registry.npmjs.org/es-iterator-helpers/-/es-iterator-helpers-1.3.1.tgz. Extracting by manifest.
1901 silly tarball no local data for es-errors@https://registry.npmjs.org/es-errors/-/es-errors-1.3.0.tgz. Extracting by manifest.
1902 silly tarball no local data for es-define-property@https://registry.npmjs.org/es-define-property/-/es-define-property-1.0.1.tgz. Extracting by manifest.
1903 silly tarball no local data for es-abstract@https://registry.npmjs.org/es-abstract/-/es-abstract-1.24.1.tgz. Extracting by manifest.
1904 silly tarball no local data for error-stack-parser@https://registry.npmjs.org/error-stack-parser/-/error-stack-parser-2.1.4.tgz. Extracting by manifest.
1905 silly tarball no local data for error-ex@https://registry.npmjs.org/error-ex/-/error-ex-1.3.4.tgz. Extracting by manifest.
1906 silly tarball no local data for err-code@https://registry.npmjs.org/err-code/-/err-code-2.0.3.tgz. Extracting by manifest.
1907 silly tarball no local data for envinfo@https://registry.npmjs.org/envinfo/-/envinfo-7.11.0.tgz. Extracting by manifest.
1908 silly tarball no local data for env-string@https://registry.npmjs.org/env-string/-/env-string-1.0.1.tgz. Extracting by manifest.
1909 silly tarball no local data for env-paths@https://registry.npmjs.org/env-paths/-/env-paths-2.2.0.tgz. Extracting by manifest.
1910 silly tarball no local data for env-editor@https://registry.npmjs.org/env-editor/-/env-editor-0.4.2.tgz. Extracting by manifest.
1911 silly tarball no local data for entities@https://registry.npmjs.org/entities/-/entities-4.5.0.tgz. Extracting by manifest.
1912 silly tarball no local data for encodeurl@https://registry.npmjs.org/encodeurl/-/encodeurl-1.0.2.tgz. Extracting by manifest.
1913 silly tarball no local data for emoji-regex@https://registry.npmjs.org/emoji-regex/-/emoji-regex-8.0.0.tgz. Extracting by manifest.
1914 silly tarball no local data for electron-to-chromium@https://registry.npmjs.org/electron-to-chromium/-/electron-to-chromium-1.5.331.tgz. Extracting by manifest.
1915 silly tarball no local data for ejs@https://registry.npmjs.org/ejs/-/ejs-3.1.10.tgz. Extracting by manifest.
1916 silly tarball no local data for ee-first@https://registry.npmjs.org/ee-first/-/ee-first-1.1.1.tgz. Extracting by manifest.
1917 silly tarball no local data for eastasianwidth@https://registry.npmjs.org/eastasianwidth/-/eastasianwidth-0.2.0.tgz. Extracting by manifest.
1918 silly tarball no local data for eas-cli@https://registry.npmjs.org/eas-cli/-/eas-cli-18.5.0.tgz. Extracting by manifest.
1919 silly tarball no local data for dunder-proto@https://registry.npmjs.org/dunder-proto/-/dunder-proto-1.0.1.tgz. Extracting by manifest.
1920 silly tarball no local data for dtrace-provider@https://registry.npmjs.org/dtrace-provider/-/dtrace-provider-0.8.8.tgz. Extracting by manifest.
1921 silly tarball no local data for dotenv-expand@https://registry.npmjs.org/dotenv-expand/-/dotenv-expand-11.0.7.tgz. Extracting by manifest.
1922 silly tarball no local data for dotenv@https://registry.npmjs.org/dotenv/-/dotenv-16.4.7.tgz. Extracting by manifest.
1923 silly tarball no local data for domutils@https://registry.npmjs.org/domutils/-/domutils-3.2.2.tgz. Extracting by manifest.
1924 silly tarball no local data for domino@https://registry.npmjs.org/domino/-/domino-2.1.7.tgz. Extracting by manifest.
1925 silly tarball no local data for domhandler@https://registry.npmjs.org/domhandler/-/domhandler-5.0.3.tgz. Extracting by manifest.
1926 silly tarball no local data for domelementtype@https://registry.npmjs.org/domelementtype/-/domelementtype-2.3.0.tgz. Extracting by manifest.
1927 silly tarball no local data for dom-serializer@https://registry.npmjs.org/dom-serializer/-/dom-serializer-2.0.0.tgz. Extracting by manifest.
1928 silly tarball no local data for doctrine@https://registry.npmjs.org/doctrine/-/doctrine-2.1.0.tgz. Extracting by manifest.
1929 silly tarball no local data for dir-glob@https://registry.npmjs.org/dir-glob/-/dir-glob-3.0.1.tgz. Extracting by manifest.
1930 silly tarball no local data for dijkstrajs@https://registry.npmjs.org/dijkstrajs/-/dijkstrajs-1.0.3.tgz. Extracting by manifest.
1931 silly tarball no local data for diff@https://registry.npmjs.org/diff/-/diff-7.0.0.tgz. Extracting by manifest.
1932 silly tarball no local data for detect-node-es@https://registry.npmjs.org/detect-node-es/-/detect-node-es-1.1.0.tgz. Extracting by manifest.
1933 silly tarball no local data for detect-libc@https://registry.npmjs.org/detect-libc/-/detect-libc-2.1.2.tgz. Extracting by manifest.
1934 silly tarball no local data for destroy@https://registry.npmjs.org/destroy/-/destroy-1.2.0.tgz. Extracting by manifest.
1935 silly tarball no local data for depd@https://registry.npmjs.org/depd/-/depd-2.0.0.tgz. Extracting by manifest.
1936 silly tarball no local data for hasown@https://registry.npmjs.org/hasown/-/hasown-2.0.2.tgz. Extracting by manifest.
1937 silly tarball no local data for delayed-stream@https://registry.npmjs.org/delayed-stream/-/delayed-stream-1.0.0.tgz. Extracting by manifest.
1938 silly tarball no local data for define-lazy-prop@https://registry.npmjs.org/define-lazy-prop/-/define-lazy-prop-2.0.0.tgz. Extracting by manifest.
1939 silly tarball no local data for is-interactive@https://registry.npmjs.org/is-interactive/-/is-interactive-1.0.0.tgz. Extracting by manifest.
1940 silly tarball no local data for define-data-property@https://registry.npmjs.org/define-data-property/-/define-data-property-1.1.4.tgz. Extracting by manifest.
1941 silly tarball no local data for define-properties@https://registry.npmjs.org/define-properties/-/define-properties-1.2.1.tgz. Extracting by manifest.
1942 silly tarball no local data for deepmerge@https://registry.npmjs.org/deepmerge/-/deepmerge-4.3.1.tgz. Extracting by manifest.
1943 silly tarball no local data for defaults@https://registry.npmjs.org/defaults/-/defaults-1.0.4.tgz. Extracting by manifest.
1944 silly tarball no local data for deep-is@https://registry.npmjs.org/deep-is/-/deep-is-0.1.4.tgz. Extracting by manifest.
1945 silly tarball no local data for deep-extend@https://registry.npmjs.org/deep-extend/-/deep-extend-0.6.0.tgz. Extracting by manifest.
1946 silly tarball no local data for decode-uri-component@https://registry.npmjs.org/decode-uri-component/-/decode-uri-component-0.2.2.tgz. Extracting by manifest.
1947 silly tarball no local data for decamelize@https://registry.npmjs.org/decamelize/-/decamelize-1.2.0.tgz. Extracting by manifest.
1948 silly tarball no local data for debug@https://registry.npmjs.org/debug/-/debug-4.4.3.tgz. Extracting by manifest.
1949 silly tarball no local data for dateformat@https://registry.npmjs.org/dateformat/-/dateformat-4.6.3.tgz. Extracting by manifest.
1950 silly tarball no local data for find-up@https://registry.npmjs.org/find-up/-/find-up-5.0.0.tgz. Extracting by manifest.
1951 silly tarball no local data for data-view-byte-offset@https://registry.npmjs.org/data-view-byte-offset/-/data-view-byte-offset-1.0.1.tgz. Extracting by manifest.
1952 silly tarball no local data for data-view-byte-length@https://registry.npmjs.org/data-view-byte-length/-/data-view-byte-length-1.0.2.tgz. Extracting by manifest.
1953 silly tarball no local data for csstype@https://registry.npmjs.org/csstype/-/csstype-3.2.3.tgz. Extracting by manifest.
1954 silly tarball no local data for css-tree@https://registry.npmjs.org/css-tree/-/css-tree-1.1.3.tgz. Extracting by manifest.
1955 silly tarball no local data for css-what@https://registry.npmjs.org/css-what/-/css-what-6.2.2.tgz. Extracting by manifest.
1956 silly tarball no local data for css-in-js-utils@https://registry.npmjs.org/css-in-js-utils/-/css-in-js-utils-3.1.0.tgz. Extracting by manifest.
1957 silly tarball no local data for data-view-buffer@https://registry.npmjs.org/data-view-buffer/-/data-view-buffer-1.0.2.tgz. Extracting by manifest.
1958 silly tarball no local data for crypt@https://registry.npmjs.org/crypt/-/crypt-0.0.2.tgz. Extracting by manifest.
1959 silly tarball no local data for crypto-random-string@https://registry.npmjs.org/crypto-random-string/-/crypto-random-string-2.0.0.tgz. Extracting by manifest.
1960 silly tarball no local data for cross-spawn@https://registry.npmjs.org/cross-spawn/-/cross-spawn-7.0.6.tgz. Extracting by manifest.
1961 silly tarball no local data for cross-fetch@https://registry.npmjs.org/cross-fetch/-/cross-fetch-3.2.0.tgz. Extracting by manifest.
1962 silly tarball no local data for create-require@https://registry.npmjs.org/create-require/-/create-require-1.1.1.tgz. Extracting by manifest.
1963 silly tarball no local data for core-js-compat@https://registry.npmjs.org/core-js-compat/-/core-js-compat-3.49.0.tgz. Extracting by manifest.
1964 silly tarball no local data for content-type@https://registry.npmjs.org/content-type/-/content-type-1.0.5.tgz. Extracting by manifest.
1965 silly tarball no local data for connect@https://registry.npmjs.org/connect/-/connect-3.7.0.tgz. Extracting by manifest.
1966 silly tarball no local data for concat-map@https://registry.npmjs.org/concat-map/-/concat-map-0.0.1.tgz. Extracting by manifest.
1967 silly tarball no local data for compression@https://registry.npmjs.org/compression/-/compression-1.8.1.tgz. Extracting by manifest.
1968 silly tarball no local data for convert-source-map@https://registry.npmjs.org/convert-source-map/-/convert-source-map-2.0.0.tgz. Extracting by manifest.
1969 silly tarball no local data for compressible@https://registry.npmjs.org/compressible/-/compressible-2.0.18.tgz. Extracting by manifest.
1970 silly tarball no local data for component-type@https://registry.npmjs.org/component-type/-/component-type-1.2.2.tgz. Extracting by manifest.
1971 silly tarball no local data for commander@https://registry.npmjs.org/commander/-/commander-7.2.0.tgz. Extracting by manifest.
1972 silly tarball no local data for combined-stream@https://registry.npmjs.org/combined-stream/-/combined-stream-1.0.8.tgz. Extracting by manifest.
1973 silly tarball no local data for color-string@https://registry.npmjs.org/color-string/-/color-string-1.9.1.tgz. Extracting by manifest.
1974 silly tarball no local data for color-name@https://registry.npmjs.org/color-name/-/color-name-1.1.4.tgz. Extracting by manifest.
1975 silly tarball no local data for color@https://registry.npmjs.org/color/-/color-4.2.3.tgz. Extracting by manifest.
1976 silly tarball no local data for clone@https://registry.npmjs.org/clone/-/clone-1.0.4.tgz. Extracting by manifest.
1977 silly tarball no local data for client-only@https://registry.npmjs.org/client-only/-/client-only-0.0.1.tgz. Extracting by manifest.
1978 silly tarball no local data for cli-spinners@https://registry.npmjs.org/cli-spinners/-/cli-spinners-2.9.2.tgz. Extracting by manifest.
1979 silly tarball no local data for cliui@https://registry.npmjs.org/cliui/-/cliui-8.0.1.tgz. Extracting by manifest.
1980 silly tarball no local data for cli-cursor@https://registry.npmjs.org/cli-cursor/-/cli-cursor-2.1.0.tgz. Extracting by manifest.
1981 silly tarball no local data for cli-progress@https://registry.npmjs.org/cli-progress/-/cli-progress-3.12.0.tgz. Extracting by manifest.
1982 silly tarball no local data for color-convert@https://registry.npmjs.org/color-convert/-/color-convert-2.0.1.tgz. Extracting by manifest.
1983 silly tarball no local data for ci-info@https://registry.npmjs.org/ci-info/-/ci-info-2.0.0.tgz. Extracting by manifest.
1984 silly tarball no local data for chromium-edge-launcher@https://registry.npmjs.org/chromium-edge-launcher/-/chromium-edge-launcher-0.2.0.tgz. Extracting by manifest.
1985 silly tarball no local data for clean-stack@https://registry.npmjs.org/clean-stack/-/clean-stack-3.0.1.tgz. Extracting by manifest.
1986 silly tarball no local data for chrome-launcher@https://registry.npmjs.org/chrome-launcher/-/chrome-launcher-0.15.2.tgz. Extracting by manifest.
1987 silly tarball no local data for chownr@https://registry.npmjs.org/chownr/-/chownr-3.0.0.tgz. Extracting by manifest.
1988 silly tarball no local data for charenc@https://registry.npmjs.org/charenc/-/charenc-0.0.2.tgz. Extracting by manifest.
1989 silly tarball no local data for chalk@https://registry.npmjs.org/chalk/-/chalk-4.1.2.tgz. Extracting by manifest.
1990 silly tarball no local data for cardinal@https://registry.npmjs.org/cardinal/-/cardinal-2.1.1.tgz. Extracting by manifest.
1991 silly tarball no local data for caniuse-lite@https://registry.npmjs.org/caniuse-lite/-/caniuse-lite-1.0.30001785.tgz. Extracting by manifest.
1992 silly tarball no local data for camelcase@https://registry.npmjs.org/camelcase/-/camelcase-6.3.0.tgz. Extracting by manifest.
1993 silly tarball no local data for callsites@https://registry.npmjs.org/callsites/-/callsites-3.1.0.tgz. Extracting by manifest.
1994 silly tarball no local data for call-bound@https://registry.npmjs.org/call-bound/-/call-bound-1.0.4.tgz. Extracting by manifest.
1995 silly tarball no local data for call-bind-apply-helpers@https://registry.npmjs.org/call-bind-apply-helpers/-/call-bind-apply-helpers-1.0.2.tgz. Extracting by manifest.
1996 silly tarball no local data for call-bind@https://registry.npmjs.org/call-bind/-/call-bind-1.0.8.tgz. Extracting by manifest.
1997 silly tarball no local data for bytes@https://registry.npmjs.org/bytes/-/bytes-3.1.2.tgz. Extracting by manifest.
1998 silly tarball no local data for bunyan@https://registry.npmjs.org/bunyan/-/bunyan-1.8.15.tgz. Extracting by manifest.
1999 silly tarball no local data for buffer@https://registry.npmjs.org/buffer/-/buffer-5.7.1.tgz. Extracting by manifest.
2000 silly tarball no local data for buffer-from@https://registry.npmjs.org/buffer-from/-/buffer-from-1.1.2.tgz. Extracting by manifest.
2001 silly tarball no local data for browserslist@https://registry.npmjs.org/browserslist/-/browserslist-4.28.2.tgz. Extracting by manifest.
2002 silly tarball no local data for bser@https://registry.npmjs.org/bser/-/bser-2.1.1.tgz. Extracting by manifest.
2003 silly tarball no local data for brace-expansion@https://registry.npmjs.org/brace-expansion/-/brace-expansion-1.1.13.tgz. Extracting by manifest.
2004 silly tarball no local data for bplist-parser@https://registry.npmjs.org/bplist-parser/-/bplist-parser-0.3.1.tgz. Extracting by manifest.
2005 silly tarball no local data for bplist-creator@https://registry.npmjs.org/bplist-creator/-/bplist-creator-0.1.0.tgz. Extracting by manifest.
2006 silly tarball no local data for big-integer@https://registry.npmjs.org/big-integer/-/big-integer-1.6.52.tgz. Extracting by manifest.
2007 silly tarball no local data for better-opn@https://registry.npmjs.org/better-opn/-/better-opn-3.0.2.tgz. Extracting by manifest.
2008 silly tarball no local data for baseline-browser-mapping@https://registry.npmjs.org/baseline-browser-mapping/-/baseline-browser-mapping-2.10.15.tgz. Extracting by manifest.
2009 silly tarball no local data for base64-js@https://registry.npmjs.org/base64-js/-/base64-js-1.5.1.tgz. Extracting by manifest.
2010 silly tarball no local data for boolbase@https://registry.npmjs.org/boolbase/-/boolbase-1.0.0.tgz. Extracting by manifest.
2011 silly tarball no local data for bare-events@https://registry.npmjs.org/bare-events/-/bare-events-2.8.2.tgz. Extracting by manifest.
2012 silly tarball no local data for babel-preset-jest@https://registry.npmjs.org/babel-preset-jest/-/babel-preset-jest-29.6.3.tgz. Extracting by manifest.
2013 silly tarball no local data for balanced-match@https://registry.npmjs.org/balanced-match/-/balanced-match-1.0.2.tgz. Extracting by manifest.
2014 silly tarball no local data for babel-preset-expo@https://registry.npmjs.org/babel-preset-expo/-/babel-preset-expo-54.0.10.tgz. Extracting by manifest.
2015 silly tarball no local data for babel-preset-current-node-syntax@https://registry.npmjs.org/babel-preset-current-node-syntax/-/babel-preset-current-node-syntax-1.2.0.tgz. Extracting by manifest.
2016 silly tarball no local data for babel-plugin-transform-flow-enums@https://registry.npmjs.org/babel-plugin-transform-flow-enums/-/babel-plugin-transform-flow-enums-0.0.2.tgz. Extracting by manifest.
2017 silly tarball no local data for babel-plugin-react-native-web@https://registry.npmjs.org/babel-plugin-react-native-web/-/babel-plugin-react-native-web-0.21.2.tgz. Extracting by manifest.
2018 silly tarball no local data for babel-plugin-react-compiler@https://registry.npmjs.org/babel-plugin-react-compiler/-/babel-plugin-react-compiler-1.0.0.tgz. Extracting by manifest.
2019 silly tarball no local data for babel-plugin-syntax-hermes-parser@https://registry.npmjs.org/babel-plugin-syntax-hermes-parser/-/babel-plugin-syntax-hermes-parser-0.29.1.tgz. Extracting by manifest.
2020 silly tarball no local data for babel-plugin-polyfill-corejs3@https://registry.npmjs.org/babel-plugin-polyfill-corejs3/-/babel-plugin-polyfill-corejs3-0.13.0.tgz. Extracting by manifest.
2021 silly tarball no local data for babel-plugin-polyfill-regenerator@https://registry.npmjs.org/babel-plugin-polyfill-regenerator/-/babel-plugin-polyfill-regenerator-0.6.8.tgz. Extracting by manifest.
2022 silly tarball no local data for babel-plugin-jest-hoist@https://registry.npmjs.org/babel-plugin-jest-hoist/-/babel-plugin-jest-hoist-29.6.3.tgz. Extracting by manifest.
2023 silly tarball no local data for babel-plugin-polyfill-corejs2@https://registry.npmjs.org/babel-plugin-polyfill-corejs2/-/babel-plugin-polyfill-corejs2-0.4.17.tgz. Extracting by manifest.
2024 silly tarball no local data for babel-plugin-istanbul@https://registry.npmjs.org/babel-plugin-istanbul/-/babel-plugin-istanbul-6.1.1.tgz. Extracting by manifest.
2025 silly tarball no local data for babel-jest@https://registry.npmjs.org/babel-jest/-/babel-jest-29.7.0.tgz. Extracting by manifest.
2026 silly tarball no local data for braces@https://registry.npmjs.org/braces/-/braces-3.0.3.tgz. Extracting by manifest.
2027 silly tarball no local data for available-typed-arrays@https://registry.npmjs.org/available-typed-arrays/-/available-typed-arrays-1.0.7.tgz. Extracting by manifest.
2028 silly tarball no local data for b4a@https://registry.npmjs.org/b4a/-/b4a-1.8.0.tgz. Extracting by manifest.
2029 silly tarball no local data for at-least-node@https://registry.npmjs.org/at-least-node/-/at-least-node-1.0.0.tgz. Extracting by manifest.
2030 silly tarball no local data for async-limiter@https://registry.npmjs.org/async-limiter/-/async-limiter-1.0.1.tgz. Extracting by manifest.
2031 silly tarball no local data for asynckit@https://registry.npmjs.org/asynckit/-/asynckit-0.4.0.tgz. Extracting by manifest.
2032 silly tarball no local data for astral-regex@https://registry.npmjs.org/astral-regex/-/astral-regex-2.0.0.tgz. Extracting by manifest.
2033 silly tarball no local data for async@https://registry.npmjs.org/async/-/async-3.2.6.tgz. Extracting by manifest.
2034 silly tarball no local data for asn1@https://registry.npmjs.org/asn1/-/asn1-0.2.6.tgz. Extracting by manifest.
2035 silly tarball no local data for asap@https://registry.npmjs.org/asap/-/asap-2.0.6.tgz. Extracting by manifest.
2036 silly tarball no local data for arraybuffer.prototype.slice@https://registry.npmjs.org/arraybuffer.prototype.slice/-/arraybuffer.prototype.slice-1.0.4.tgz. Extracting by manifest.
2037 silly tarball no local data for array.prototype.tosorted@https://registry.npmjs.org/array.prototype.tosorted/-/array.prototype.tosorted-1.1.4.tgz. Extracting by manifest.
2038 silly tarball no local data for array.prototype.flat@https://registry.npmjs.org/array.prototype.flat/-/array.prototype.flat-1.3.3.tgz. Extracting by manifest.
2039 silly tarball no local data for array.prototype.flatmap@https://registry.npmjs.org/array.prototype.flatmap/-/array.prototype.flatmap-1.3.3.tgz. Extracting by manifest.
2040 silly tarball no local data for array.prototype.findlast@https://registry.npmjs.org/array.prototype.findlast/-/array.prototype.findlast-1.2.5.tgz. Extracting by manifest.
2041 silly tarball no local data for array.prototype.findlastindex@https://registry.npmjs.org/array.prototype.findlastindex/-/array.prototype.findlastindex-1.2.6.tgz. Extracting by manifest.
2042 silly tarball no local data for async-function@https://registry.npmjs.org/async-function/-/async-function-1.0.0.tgz. Extracting by manifest.
2043 silly tarball no local data for array-includes@https://registry.npmjs.org/array-includes/-/array-includes-3.1.9.tgz. Extracting by manifest.
2044 silly tarball no local data for array-union@https://registry.npmjs.org/array-union/-/array-union-2.1.0.tgz. Extracting by manifest.
2045 silly tarball no local data for array-buffer-byte-length@https://registry.npmjs.org/array-buffer-byte-length/-/array-buffer-byte-length-1.0.2.tgz. Extracting by manifest.
2046 silly tarball no local data for aria-hidden@https://registry.npmjs.org/aria-hidden/-/aria-hidden-1.2.6.tgz. Extracting by manifest.
2047 silly tarball no local data for argparse@https://registry.npmjs.org/argparse/-/argparse-2.0.1.tgz. Extracting by manifest.
2048 silly tarball no local data for arg@https://registry.npmjs.org/arg/-/arg-5.0.2.tgz. Extracting by manifest.
2049 silly tarball no local data for any-promise@https://registry.npmjs.org/any-promise/-/any-promise-1.3.0.tgz. Extracting by manifest.
2050 silly tarball no local data for anymatch@https://registry.npmjs.org/anymatch/-/anymatch-3.1.3.tgz. Extracting by manifest.
2051 silly tarball no local data for ansis@https://registry.npmjs.org/ansis/-/ansis-3.17.0.tgz. Extracting by manifest.
2052 silly tarball no local data for ansi-styles@https://registry.npmjs.org/ansi-styles/-/ansi-styles-4.3.0.tgz. Extracting by manifest.
2053 silly tarball no local data for ansicolors@https://registry.npmjs.org/ansicolors/-/ansicolors-0.3.2.tgz. Extracting by manifest.
2054 silly tarball no local data for ansi-regex@https://registry.npmjs.org/ansi-regex/-/ansi-regex-5.0.1.tgz. Extracting by manifest.
2055 silly tarball no local data for ansi-escapes@https://registry.npmjs.org/ansi-escapes/-/ansi-escapes-4.3.2.tgz. Extracting by manifest.
2056 silly tarball no local data for ajv-formats@https://registry.npmjs.org/ajv-formats/-/ajv-formats-2.1.1.tgz. Extracting by manifest.
2057 silly tarball no local data for css-select@https://registry.npmjs.org/css-select/-/css-select-5.2.2.tgz. Extracting by manifest.
2058 silly tarball no local data for ajv@https://registry.npmjs.org/ajv/-/ajv-6.14.0.tgz. Extracting by manifest.
2059 silly tarball no local data for agent-base@https://registry.npmjs.org/agent-base/-/agent-base-7.1.4.tgz. Extracting by manifest.
2060 silly tarball no local data for acorn-walk@https://registry.npmjs.org/acorn-walk/-/acorn-walk-8.3.5.tgz. Extracting by manifest.
2061 silly tarball no local data for acorn-jsx@https://registry.npmjs.org/acorn-jsx/-/acorn-jsx-5.3.2.tgz. Extracting by manifest.
2062 silly tarball no local data for acorn@https://registry.npmjs.org/acorn/-/acorn-8.16.0.tgz. Extracting by manifest.
2063 silly tarball no local data for accepts@https://registry.npmjs.org/accepts/-/accepts-1.3.8.tgz. Extracting by manifest.
2064 silly tarball no local data for abort-controller@https://registry.npmjs.org/abort-controller/-/abort-controller-3.0.0.tgz. Extracting by manifest.
2065 silly tarball no local data for @xmldom/xmldom@https://registry.npmjs.org/@xmldom/xmldom/-/xmldom-0.8.12.tgz. Extracting by manifest.
2066 silly tarball no local data for @urql/exchange-retry@https://registry.npmjs.org/@urql/exchange-retry/-/exchange-retry-1.3.2.tgz. Extracting by manifest.
2067 silly tarball no local data for @urql/core@https://registry.npmjs.org/@urql/core/-/core-5.2.0.tgz. Extracting by manifest.
2068 silly tarball no local data for @unrs/resolver-binding-win32-x64-msvc@https://registry.npmjs.org/@unrs/resolver-binding-win32-x64-msvc/-/resolver-binding-win32-x64-msvc-1.11.1.tgz. Extracting by manifest.
2069 silly tarball no local data for @ungap/structured-clone@https://registry.npmjs.org/@ungap/structured-clone/-/structured-clone-1.3.0.tgz. Extracting by manifest.
2070 silly tarball no local data for @typescript-eslint/utils@https://registry.npmjs.org/@typescript-eslint/utils/-/utils-8.58.0.tgz. Extracting by manifest.
2071 silly tarball no local data for @typescript-eslint/visitor-keys@https://registry.npmjs.org/@typescript-eslint/visitor-keys/-/visitor-keys-8.58.0.tgz. Extracting by manifest.
2072 silly tarball no local data for @typescript-eslint/types@https://registry.npmjs.org/@typescript-eslint/types/-/types-8.58.0.tgz. Extracting by manifest.
2073 silly tarball no local data for @typescript-eslint/typescript-estree@https://registry.npmjs.org/@typescript-eslint/typescript-estree/-/typescript-estree-8.58.0.tgz. Extracting by manifest.
2074 silly tarball no local data for @typescript-eslint/type-utils@https://registry.npmjs.org/@typescript-eslint/type-utils/-/type-utils-8.58.0.tgz. Extracting by manifest.
2075 silly tarball no local data for @typescript-eslint/tsconfig-utils@https://registry.npmjs.org/@typescript-eslint/tsconfig-utils/-/tsconfig-utils-8.58.0.tgz. Extracting by manifest.
2076 silly tarball no local data for @typescript-eslint/scope-manager@https://registry.npmjs.org/@typescript-eslint/scope-manager/-/scope-manager-8.58.0.tgz. Extracting by manifest.
2077 silly tarball no local data for @typescript-eslint/project-service@https://registry.npmjs.org/@typescript-eslint/project-service/-/project-service-8.58.0.tgz. Extracting by manifest.
2078 silly tarball no local data for @typescript-eslint/eslint-plugin@https://registry.npmjs.org/@typescript-eslint/eslint-plugin/-/eslint-plugin-8.58.0.tgz. Extracting by manifest.
2079 silly tarball no local data for @typescript-eslint/parser@https://registry.npmjs.org/@typescript-eslint/parser/-/parser-8.58.0.tgz. Extracting by manifest.
2080 silly tarball no local data for @types/yargs-parser@https://registry.npmjs.org/@types/yargs-parser/-/yargs-parser-21.0.3.tgz. Extracting by manifest.
2081 silly tarball no local data for @types/react@https://registry.npmjs.org/@types/react/-/react-19.1.17.tgz. Extracting by manifest.
2082 silly tarball no local data for anser@https://registry.npmjs.org/anser/-/anser-1.4.10.tgz. Extracting by manifest.
2083 silly tarball no local data for @types/node@https://registry.npmjs.org/@types/node/-/node-25.5.2.tgz. Extracting by manifest.
2084 silly tarball no local data for @types/json5@https://registry.npmjs.org/@types/json5/-/json5-0.0.29.tgz. Extracting by manifest.
2085 silly tarball no local data for @types/json-schema@https://registry.npmjs.org/@types/json-schema/-/json-schema-7.0.15.tgz. Extracting by manifest.
2086 silly tarball no local data for @types/istanbul-reports@https://registry.npmjs.org/@types/istanbul-reports/-/istanbul-reports-3.0.4.tgz. Extracting by manifest.
2087 silly tarball no local data for @types/istanbul-lib-report@https://registry.npmjs.org/@types/istanbul-lib-report/-/istanbul-lib-report-3.0.3.tgz. Extracting by manifest.
2088 silly tarball no local data for @types/hammerjs@https://registry.npmjs.org/@types/hammerjs/-/hammerjs-2.0.46.tgz. Extracting by manifest.
2089 silly tarball no local data for @types/istanbul-lib-coverage@https://registry.npmjs.org/@types/istanbul-lib-coverage/-/istanbul-lib-coverage-2.0.6.tgz. Extracting by manifest.
2090 silly tarball no local data for @types/stack-utils@https://registry.npmjs.org/@types/stack-utils/-/stack-utils-2.0.3.tgz. Extracting by manifest.
2091 silly tarball no local data for @types/graceful-fs@https://registry.npmjs.org/@types/graceful-fs/-/graceful-fs-4.1.9.tgz. Extracting by manifest.
2092 silly tarball no local data for @types/geojson@https://registry.npmjs.org/@types/geojson/-/geojson-7946.0.16.tgz. Extracting by manifest.
2093 silly tarball no local data for @types/estree@https://registry.npmjs.org/@types/estree/-/estree-1.0.8.tgz. Extracting by manifest.
2094 silly tarball no local data for @types/cli-progress@https://registry.npmjs.org/@types/cli-progress/-/cli-progress-3.11.6.tgz. Extracting by manifest.
2095 silly tarball no local data for @types/bunyan@https://registry.npmjs.org/@types/bunyan/-/bunyan-1.8.11.tgz. Extracting by manifest.
2096 silly tarball no local data for @types/babel__traverse@https://registry.npmjs.org/@types/babel__traverse/-/babel__traverse-7.28.0.tgz. Extracting by manifest.
2097 silly tarball no local data for @types/babel__template@https://registry.npmjs.org/@types/babel__template/-/babel__template-7.4.4.tgz. Extracting by manifest.
2098 silly tarball no local data for @types/babel__generator@https://registry.npmjs.org/@types/babel__generator/-/babel__generator-7.27.0.tgz. Extracting by manifest.
2099 silly tarball no local data for @types/babel__core@https://registry.npmjs.org/@types/babel__core/-/babel__core-7.20.5.tgz. Extracting by manifest.
2100 silly tarball no local data for @tybys/wasm-util@https://registry.npmjs.org/@tybys/wasm-util/-/wasm-util-0.10.1.tgz. Extracting by manifest.
2101 silly tarball no local data for @tsconfig/node16@https://registry.npmjs.org/@tsconfig/node16/-/node16-1.0.4.tgz. Extracting by manifest.
2102 silly tarball no local data for @tsconfig/node14@https://registry.npmjs.org/@tsconfig/node14/-/node14-1.0.3.tgz. Extracting by manifest.
2103 silly tarball no local data for @tsconfig/node12@https://registry.npmjs.org/@tsconfig/node12/-/node12-1.0.11.tgz. Extracting by manifest.
2104 silly tarball no local data for @tsconfig/node10@https://registry.npmjs.org/@tsconfig/node10/-/node10-1.0.12.tgz. Extracting by manifest.
2105 silly tarball no local data for @sinonjs/fake-timers@https://registry.npmjs.org/@sinonjs/fake-timers/-/fake-timers-10.3.0.tgz. Extracting by manifest.
2106 silly tarball no local data for @sinonjs/commons@https://registry.npmjs.org/@sinonjs/commons/-/commons-3.0.1.tgz. Extracting by manifest.
2107 silly tarball no local data for @sinclair/typebox@https://registry.npmjs.org/@sinclair/typebox/-/typebox-0.27.10.tgz. Extracting by manifest.
2108 silly tarball no local data for @sideway/pinpoint@https://registry.npmjs.org/@sideway/pinpoint/-/pinpoint-2.0.0.tgz. Extracting by manifest.
2109 silly tarball no local data for @sideway/formula@https://registry.npmjs.org/@sideway/formula/-/formula-3.0.1.tgz. Extracting by manifest.
2110 silly tarball no local data for @sideway/address@https://registry.npmjs.org/@sideway/address/-/address-4.1.5.tgz. Extracting by manifest.
2111 silly tarball no local data for @sentry/utils@https://registry.npmjs.org/@sentry/utils/-/utils-7.77.0.tgz. Extracting by manifest.
2112 silly tarball no local data for @sentry/types@https://registry.npmjs.org/@sentry/types/-/types-7.77.0.tgz. Extracting by manifest.
2113 silly tarball no local data for @sentry/node@https://registry.npmjs.org/@sentry/node/-/node-7.77.0.tgz. Extracting by manifest.
2114 silly tarball no local data for @sentry/core@https://registry.npmjs.org/@sentry/core/-/core-7.77.0.tgz. Extracting by manifest.
2115 silly tarball no local data for @sentry-internal/tracing@https://registry.npmjs.org/@sentry-internal/tracing/-/tracing-7.77.0.tgz. Extracting by manifest.
2116 silly tarball no local data for @segment/loosely-validate-event@https://registry.npmjs.org/@segment/loosely-validate-event/-/loosely-validate-event-2.0.0.tgz. Extracting by manifest.
2117 silly tarball no local data for @rtsao/scc@https://registry.npmjs.org/@rtsao/scc/-/scc-1.1.0.tgz. Extracting by manifest.
2118 silly tarball no local data for @react-navigation/routers@https://registry.npmjs.org/@react-navigation/routers/-/routers-7.5.3.tgz. Extracting by manifest.
2119 silly tarball no local data for @react-navigation/native-stack@https://registry.npmjs.org/@react-navigation/native-stack/-/native-stack-7.14.10.tgz. Extracting by manifest.
2120 silly tarball no local data for @react-navigation/native@https://registry.npmjs.org/@react-navigation/native/-/native-7.2.2.tgz. Extracting by manifest.
2121 silly tarball no local data for @react-navigation/elements@https://registry.npmjs.org/@react-navigation/elements/-/elements-2.9.14.tgz. Extracting by manifest.
2122 silly tarball no local data for @react-navigation/core@https://registry.npmjs.org/@react-navigation/core/-/core-7.17.2.tgz. Extracting by manifest.
2123 silly tarball no local data for @react-navigation/bottom-tabs@https://registry.npmjs.org/@react-navigation/bottom-tabs/-/bottom-tabs-7.15.9.tgz. Extracting by manifest.
2124 silly tarball no local data for @react-native/normalize-colors@https://registry.npmjs.org/@react-native/normalize-colors/-/normalize-colors-0.81.5.tgz. Extracting by manifest.
2125 silly tarball no local data for @types/yargs@https://registry.npmjs.org/@types/yargs/-/yargs-17.0.35.tgz. Extracting by manifest.
2126 silly tarball no local data for @react-native/debugger-frontend@https://registry.npmjs.org/@react-native/debugger-frontend/-/debugger-frontend-0.81.5.tgz. Extracting by manifest.
2127 silly tarball no local data for @react-native/dev-middleware@https://registry.npmjs.org/@react-native/dev-middleware/-/dev-middleware-0.81.5.tgz. Extracting by manifest.
2128 silly tarball no local data for @react-native/babel-plugin-codegen@https://registry.npmjs.org/@react-native/babel-plugin-codegen/-/babel-plugin-codegen-0.81.5.tgz. Extracting by manifest.
2129 silly tarball no local data for @react-native/js-polyfills@https://registry.npmjs.org/@react-native/js-polyfills/-/js-polyfills-0.81.5.tgz. Extracting by manifest.
2130 silly tarball no local data for @react-native/babel-preset@https://registry.npmjs.org/@react-native/babel-preset/-/babel-preset-0.81.5.tgz. Extracting by manifest.
2131 silly tarball no local data for @react-native/codegen@https://registry.npmjs.org/@react-native/codegen/-/codegen-0.81.5.tgz. Extracting by manifest.
2132 silly tarball no local data for @react-native/assets-registry@https://registry.npmjs.org/@react-native/assets-registry/-/assets-registry-0.81.5.tgz. Extracting by manifest.
2133 silly tarball no local data for @react-native-community/datetimepicker@https://registry.npmjs.org/@react-native-community/datetimepicker/-/datetimepicker-9.1.0.tgz. Extracting by manifest.
2134 silly tarball no local data for @react-native-google-signin/google-signin@https://registry.npmjs.org/@react-native-google-signin/google-signin/-/google-signin-16.1.2.tgz. Extracting by manifest.
2135 silly tarball no local data for @react-native-async-storage/async-storage@https://registry.npmjs.org/@react-native-async-storage/async-storage/-/async-storage-2.2.0.tgz. Extracting by manifest.
2136 silly tarball no local data for @radix-ui/react-use-layout-effect@https://registry.npmjs.org/@radix-ui/react-use-layout-effect/-/react-use-layout-effect-1.1.1.tgz. Extracting by manifest.
2137 silly tarball no local data for @radix-ui/react-use-escape-keydown@https://registry.npmjs.org/@radix-ui/react-use-escape-keydown/-/react-use-escape-keydown-1.1.1.tgz. Extracting by manifest.
2138 silly tarball no local data for @radix-ui/react-use-effect-event@https://registry.npmjs.org/@radix-ui/react-use-effect-event/-/react-use-effect-event-0.0.2.tgz. Extracting by manifest.
2139 silly tarball no local data for @radix-ui/react-use-controllable-state@https://registry.npmjs.org/@radix-ui/react-use-controllable-state/-/react-use-controllable-state-1.2.2.tgz. Extracting by manifest.
2140 silly tarball no local data for @radix-ui/react-slot@https://registry.npmjs.org/@radix-ui/react-slot/-/react-slot-1.2.0.tgz. Extracting by manifest.
2141 silly tarball no local data for @radix-ui/react-use-callback-ref@https://registry.npmjs.org/@radix-ui/react-use-callback-ref/-/react-use-callback-ref-1.1.1.tgz. Extracting by manifest.
2142 silly tarball no local data for @radix-ui/react-id@https://registry.npmjs.org/@radix-ui/react-id/-/react-id-1.1.1.tgz. Extracting by manifest.
2143 silly tarball no local data for @radix-ui/react-direction@https://registry.npmjs.org/@radix-ui/react-direction/-/react-direction-1.1.1.tgz. Extracting by manifest.
2144 silly tarball no local data for @radix-ui/react-focus-guards@https://registry.npmjs.org/@radix-ui/react-focus-guards/-/react-focus-guards-1.1.3.tgz. Extracting by manifest.
2145 silly tarball no local data for @radix-ui/react-context@https://registry.npmjs.org/@radix-ui/react-context/-/react-context-1.1.2.tgz. Extracting by manifest.
2146 silly tarball no local data for @radix-ui/primitive@https://registry.npmjs.org/@radix-ui/primitive/-/primitive-1.1.3.tgz. Extracting by manifest.
2147 silly tarball no local data for @radix-ui/react-compose-refs@https://registry.npmjs.org/@radix-ui/react-compose-refs/-/react-compose-refs-1.1.2.tgz. Extracting by manifest.
2148 silly tarball no local data for @pkgjs/parseargs@https://registry.npmjs.org/@pkgjs/parseargs/-/parseargs-0.11.0.tgz. Extracting by manifest.
2149 silly tarball no local data for @oclif/plugin-autocomplete@https://registry.npmjs.org/@oclif/plugin-autocomplete/-/plugin-autocomplete-3.2.45.tgz. Extracting by manifest.
2150 silly tarball no local data for @oclif/core@https://registry.npmjs.org/@oclif/core/-/core-4.10.5.tgz. Extracting by manifest.
2151 silly tarball no local data for @nolyfill/is-core-module@https://registry.npmjs.org/@nolyfill/is-core-module/-/is-core-module-1.0.39.tgz. Extracting by manifest.
2152 silly tarball no local data for @nodelib/fs.walk@https://registry.npmjs.org/@nodelib/fs.walk/-/fs.walk-1.2.8.tgz. Extracting by manifest.
2153 silly tarball no local data for @nodelib/fs.scandir@https://registry.npmjs.org/@nodelib/fs.scandir/-/fs.scandir-2.1.5.tgz. Extracting by manifest.
2154 silly tarball no local data for @napi-rs/wasm-runtime@https://registry.npmjs.org/@napi-rs/wasm-runtime/-/wasm-runtime-0.2.12.tgz. Extracting by manifest.
2155 silly tarball no local data for @nodelib/fs.stat@https://registry.npmjs.org/@nodelib/fs.stat/-/fs.stat-2.0.5.tgz. Extracting by manifest.
2156 silly tarball no local data for @jridgewell/trace-mapping@https://registry.npmjs.org/@jridgewell/trace-mapping/-/trace-mapping-0.3.31.tgz. Extracting by manifest.
2157 silly tarball no local data for @jridgewell/source-map@https://registry.npmjs.org/@jridgewell/source-map/-/source-map-0.3.11.tgz. Extracting by manifest.
2158 silly tarball no local data for @jridgewell/sourcemap-codec@https://registry.npmjs.org/@jridgewell/sourcemap-codec/-/sourcemap-codec-1.5.5.tgz. Extracting by manifest.
2159 silly tarball no local data for @jridgewell/resolve-uri@https://registry.npmjs.org/@jridgewell/resolve-uri/-/resolve-uri-3.1.2.tgz. Extracting by manifest.
2160 silly tarball no local data for @jridgewell/gen-mapping@https://registry.npmjs.org/@jridgewell/gen-mapping/-/gen-mapping-0.3.13.tgz. Extracting by manifest.
2161 silly tarball no local data for @jridgewell/remapping@https://registry.npmjs.org/@jridgewell/remapping/-/remapping-2.3.5.tgz. Extracting by manifest.
2162 silly tarball no local data for @jest/types@https://registry.npmjs.org/@jest/types/-/types-29.6.3.tgz. Extracting by manifest.
2163 silly tarball no local data for @jest/transform@https://registry.npmjs.org/@jest/transform/-/transform-29.7.0.tgz. Extracting by manifest.
2164 silly tarball no local data for @jest/environment@https://registry.npmjs.org/@jest/environment/-/environment-29.7.0.tgz. Extracting by manifest.
2165 silly tarball no local data for @jest/fake-timers@https://registry.npmjs.org/@jest/fake-timers/-/fake-timers-29.7.0.tgz. Extracting by manifest.
2166 silly tarball no local data for @jest/create-cache-key-function@https://registry.npmjs.org/@jest/create-cache-key-function/-/create-cache-key-function-29.7.0.tgz. Extracting by manifest.
2167 silly tarball no local data for @istanbuljs/schema@https://registry.npmjs.org/@istanbuljs/schema/-/schema-0.1.3.tgz. Extracting by manifest.
2168 silly tarball no local data for @istanbuljs/load-nyc-config@https://registry.npmjs.org/@istanbuljs/load-nyc-config/-/load-nyc-config-1.1.0.tgz. Extracting by manifest.
2169 silly tarball no local data for @isaacs/fs-minipass@https://registry.npmjs.org/@isaacs/fs-minipass/-/fs-minipass-4.0.1.tgz. Extracting by manifest.
2170 silly tarball no local data for @isaacs/ttlcache@https://registry.npmjs.org/@isaacs/ttlcache/-/ttlcache-1.4.1.tgz. Extracting by manifest.
2171 silly tarball no local data for @isaacs/cliui@https://registry.npmjs.org/@isaacs/cliui/-/cliui-8.0.2.tgz. Extracting by manifest.
2172 silly tarball no local data for @humanwhocodes/retry@https://registry.npmjs.org/@humanwhocodes/retry/-/retry-0.4.3.tgz. Extracting by manifest.
2173 silly tarball no local data for @humanwhocodes/module-importer@https://registry.npmjs.org/@humanwhocodes/module-importer/-/module-importer-1.0.1.tgz. Extracting by manifest.
2174 silly tarball no local data for @humanfs/node@https://registry.npmjs.org/@humanfs/node/-/node-0.16.7.tgz. Extracting by manifest.
2175 silly tarball no local data for @humanfs/core@https://registry.npmjs.org/@humanfs/core/-/core-0.19.1.tgz. Extracting by manifest.
2176 silly tarball no local data for @hapi/topo@https://registry.npmjs.org/@hapi/topo/-/topo-5.1.0.tgz. Extracting by manifest.
2177 silly tarball no local data for @hapi/hoek@https://registry.npmjs.org/@hapi/hoek/-/hoek-9.3.0.tgz. Extracting by manifest.
2178 silly tarball no local data for @react-native/community-cli-plugin@https://registry.npmjs.org/@react-native/community-cli-plugin/-/community-cli-plugin-0.81.5.tgz. Extracting by manifest.
2179 silly tarball no local data for @expo/ws-tunnel@https://registry.npmjs.org/@expo/ws-tunnel/-/ws-tunnel-1.0.6.tgz. Extracting by manifest.
2180 silly tarball no local data for @jest/schemas@https://registry.npmjs.org/@jest/schemas/-/schemas-29.6.3.tgz. Extracting by manifest.
2181 silly tarball no local data for @expo/timeago.js@https://registry.npmjs.org/@expo/timeago.js/-/timeago.js-1.0.0.tgz. Extracting by manifest.
2182 silly tarball no local data for @expo/vector-icons@https://registry.npmjs.org/@expo/vector-icons/-/vector-icons-15.1.1.tgz. Extracting by manifest.
2183 silly tarball no local data for @expo/sudo-prompt@https://registry.npmjs.org/@expo/sudo-prompt/-/sudo-prompt-9.3.2.tgz. Extracting by manifest.
2184 silly tarball no local data for @expo/steps@https://registry.npmjs.org/@expo/steps/-/steps-18.5.0.tgz. Extracting by manifest.
2185 silly tarball no local data for @expo/spawn-async@https://registry.npmjs.org/@expo/spawn-async/-/spawn-async-1.7.2.tgz. Extracting by manifest.
2186 silly tarball no local data for @expo/sdk-runtime-versions@https://registry.npmjs.org/@expo/sdk-runtime-versions/-/sdk-runtime-versions-1.0.0.tgz. Extracting by manifest.
2187 silly tarball no local data for @expo/schema-utils@https://registry.npmjs.org/@expo/schema-utils/-/schema-utils-0.1.8.tgz. Extracting by manifest.
2188 silly tarball no local data for @expo/rudder-sdk-node@https://registry.npmjs.org/@expo/rudder-sdk-node/-/rudder-sdk-node-1.1.1.tgz. Extracting by manifest.
2189 silly tarball no local data for @expo/results@https://registry.npmjs.org/@expo/results/-/results-1.0.0.tgz. Extracting by manifest.
2190 silly tarball no local data for @expo/require-utils@https://registry.npmjs.org/@expo/require-utils/-/require-utils-55.0.3.tgz. Extracting by manifest.
2191 silly tarball no local data for @expo/prebuild-config@https://registry.npmjs.org/@expo/prebuild-config/-/prebuild-config-54.0.8.tgz. Extracting by manifest.
2192 silly tarball no local data for @expo/plugin-warn-if-update-available@https://registry.npmjs.org/@expo/plugin-warn-if-update-available/-/plugin-warn-if-update-available-2.5.1.tgz. Extracting by manifest.
2193 silly tarball no local data for @expo/plugin-help@https://registry.npmjs.org/@expo/plugin-help/-/plugin-help-5.1.23.tgz. Extracting by manifest.
2194 silly tarball no local data for @expo/plist@https://registry.npmjs.org/@expo/plist/-/plist-0.4.8.tgz. Extracting by manifest.
2195 silly tarball no local data for @expo/xcpretty@https://registry.npmjs.org/@expo/xcpretty/-/xcpretty-4.4.1.tgz. Extracting by manifest.
2196 silly tarball no local data for @expo/package-manager@https://registry.npmjs.org/@expo/package-manager/-/package-manager-1.10.3.tgz. Extracting by manifest.
2197 silly tarball no local data for @expo/pkcs12@https://registry.npmjs.org/@expo/pkcs12/-/pkcs12-0.1.3.tgz. Extracting by manifest.
2198 silly tarball no local data for @expo/osascript@https://registry.npmjs.org/@expo/osascript/-/osascript-2.4.2.tgz. Extracting by manifest.
2199 silly tarball no local data for @expo/metro-runtime@https://registry.npmjs.org/@expo/metro-runtime/-/metro-runtime-6.1.2.tgz. Extracting by manifest.
2200 silly tarball no local data for @expo/metro-config@https://registry.npmjs.org/@expo/metro-config/-/metro-config-54.0.14.tgz. Extracting by manifest.
2201 silly tarball no local data for @expo/metro@https://registry.npmjs.org/@expo/metro/-/metro-54.2.0.tgz. Extracting by manifest.
2202 silly tarball no local data for @expo/logger@https://registry.npmjs.org/@expo/logger/-/logger-18.5.0.tgz. Extracting by manifest.
2203 silly tarball no local data for @expo/json-file@https://registry.npmjs.org/@expo/json-file/-/json-file-10.0.13.tgz. Extracting by manifest.
2204 silly tarball no local data for @expo/image-utils@https://registry.npmjs.org/@expo/image-utils/-/image-utils-0.8.12.tgz. Extracting by manifest.
2205 silly tarball no local data for @expo/fingerprint@https://registry.npmjs.org/@expo/fingerprint/-/fingerprint-0.15.4.tgz. Extracting by manifest.
2206 silly tarball no local data for @expo/eas-json@https://registry.npmjs.org/@expo/eas-json/-/eas-json-18.5.0.tgz. Extracting by manifest.
2207 silly tarball no local data for @expo/env@https://registry.npmjs.org/@expo/env/-/env-2.0.11.tgz. Extracting by manifest.
2208 silly tarball no local data for @expo/eas-build-job@https://registry.npmjs.org/@expo/eas-build-job/-/eas-build-job-18.5.0.tgz. Extracting by manifest.
2209 silly tarball no local data for @expo/devtools@https://registry.npmjs.org/@expo/devtools/-/devtools-0.1.8.tgz. Extracting by manifest.
2210 silly tarball no local data for @expo/devcert@https://registry.npmjs.org/@expo/devcert/-/devcert-1.2.1.tgz. Extracting by manifest.
2211 silly tarball no local data for @expo/config-types@https://registry.npmjs.org/@expo/config-types/-/config-types-54.0.10.tgz. Extracting by manifest.
2212 silly tarball no local data for @expo/config@https://registry.npmjs.org/@expo/config/-/config-12.0.13.tgz. Extracting by manifest.
2213 silly tarball no local data for @expo/config-plugins@https://registry.npmjs.org/@expo/config-plugins/-/config-plugins-54.0.4.tgz. Extracting by manifest.
2214 silly tarball no local data for @expo/code-signing-certificates@https://registry.npmjs.org/@expo/code-signing-certificates/-/code-signing-certificates-0.0.6.tgz. Extracting by manifest.
2215 silly tarball no local data for @expo/apple-utils@https://registry.npmjs.org/@expo/apple-utils/-/apple-utils-2.1.16.tgz. Extracting by manifest.
2216 silly tarball no local data for @eslint/plugin-kit@https://registry.npmjs.org/@eslint/plugin-kit/-/plugin-kit-0.4.1.tgz. Extracting by manifest.
2217 silly tarball no local data for @expo/multipart-body-parser@https://registry.npmjs.org/@expo/multipart-body-parser/-/multipart-body-parser-2.0.0.tgz. Extracting by manifest.
2218 silly tarball no local data for @eslint/object-schema@https://registry.npmjs.org/@eslint/object-schema/-/object-schema-2.1.7.tgz. Extracting by manifest.
2219 silly tarball no local data for @eslint/js@https://registry.npmjs.org/@eslint/js/-/js-9.39.4.tgz. Extracting by manifest.
2220 silly tarball no local data for @eslint/eslintrc@https://registry.npmjs.org/@eslint/eslintrc/-/eslintrc-3.3.5.tgz. Extracting by manifest.
2221 silly tarball no local data for @eslint/core@https://registry.npmjs.org/@eslint/core/-/core-0.17.0.tgz. Extracting by manifest.
2222 silly tarball no local data for @eslint/config-helpers@https://registry.npmjs.org/@eslint/config-helpers/-/config-helpers-0.4.2.tgz. Extracting by manifest.
2223 silly tarball no local data for @eslint/config-array@https://registry.npmjs.org/@eslint/config-array/-/config-array-0.21.2.tgz. Extracting by manifest.
2224 silly tarball no local data for @eslint-community/regexpp@https://registry.npmjs.org/@eslint-community/regexpp/-/regexpp-4.12.2.tgz. Extracting by manifest.
2225 silly tarball no local data for @eslint-community/eslint-utils@https://registry.npmjs.org/@eslint-community/eslint-utils/-/eslint-utils-4.9.1.tgz. Extracting by manifest.
2226 silly tarball no local data for @emnapi/wasi-threads@https://registry.npmjs.org/@emnapi/wasi-threads/-/wasi-threads-1.2.1.tgz. Extracting by manifest.
2227 silly tarball no local data for @emnapi/runtime@https://registry.npmjs.org/@emnapi/runtime/-/runtime-1.9.2.tgz. Extracting by manifest.
2228 silly tarball no local data for @emnapi/core@https://registry.npmjs.org/@emnapi/core/-/core-1.9.2.tgz. Extracting by manifest.
2229 silly tarball no local data for @egjs/hammerjs@https://registry.npmjs.org/@egjs/hammerjs/-/hammerjs-2.0.17.tgz. Extracting by manifest.
2230 silly tarball no local data for @cspotcode/source-map-support@https://registry.npmjs.org/@cspotcode/source-map-support/-/source-map-support-0.8.1.tgz. Extracting by manifest.
2231 silly tarball no local data for @babel/types@https://registry.npmjs.org/@babel/types/-/types-7.29.0.tgz. Extracting by manifest.
2232 silly tarball no local data for @babel/traverse--for-generate-function-map@https://registry.npmjs.org/@babel/traverse/-/traverse-7.29.0.tgz. Extracting by manifest.
2233 silly tarball no local data for @babel/traverse@https://registry.npmjs.org/@babel/traverse/-/traverse-7.29.0.tgz. Extracting by manifest.
2234 silly tarball no local data for @babel/template@https://registry.npmjs.org/@babel/template/-/template-7.28.6.tgz. Extracting by manifest.
2235 silly tarball no local data for @babel/runtime@https://registry.npmjs.org/@babel/runtime/-/runtime-7.29.2.tgz. Extracting by manifest.
2236 silly tarball no local data for @babel/preset-typescript@https://registry.npmjs.org/@babel/preset-typescript/-/preset-typescript-7.28.5.tgz. Extracting by manifest.
2237 silly tarball no local data for @babel/preset-react@https://registry.npmjs.org/@babel/preset-react/-/preset-react-7.28.5.tgz. Extracting by manifest.
2238 silly tarball no local data for @babel/plugin-transform-unicode-regex@https://registry.npmjs.org/@babel/plugin-transform-unicode-regex/-/plugin-transform-unicode-regex-7.27.1.tgz. Extracting by manifest.
2239 silly tarball no local data for @babel/plugin-transform-typescript@https://registry.npmjs.org/@babel/plugin-transform-typescript/-/plugin-transform-typescript-7.28.6.tgz. Extracting by manifest.
2240 silly tarball no local data for @babel/plugin-transform-template-literals@https://registry.npmjs.org/@babel/plugin-transform-template-literals/-/plugin-transform-template-literals-7.27.1.tgz. Extracting by manifest.
2241 silly tarball no local data for @babel/plugin-transform-sticky-regex@https://registry.npmjs.org/@babel/plugin-transform-sticky-regex/-/plugin-transform-sticky-regex-7.27.1.tgz. Extracting by manifest.
2242 silly tarball no local data for @babel/plugin-transform-spread@https://registry.npmjs.org/@babel/plugin-transform-spread/-/plugin-transform-spread-7.28.6.tgz. Extracting by manifest.
2243 silly tarball no local data for @babel/plugin-transform-shorthand-properties@https://registry.npmjs.org/@babel/plugin-transform-shorthand-properties/-/plugin-transform-shorthand-properties-7.27.1.tgz. Extracting by manifest.
2244 silly tarball no local data for @expo/bunyan@https://registry.npmjs.org/@expo/bunyan/-/bunyan-4.0.1.tgz. Extracting by manifest.
2245 silly tarball no local data for @babel/plugin-transform-regenerator@https://registry.npmjs.org/@babel/plugin-transform-regenerator/-/plugin-transform-regenerator-7.29.0.tgz. Extracting by manifest.
2246 silly tarball no local data for @babel/plugin-transform-react-pure-annotations@https://registry.npmjs.org/@babel/plugin-transform-react-pure-annotations/-/plugin-transform-react-pure-annotations-7.27.1.tgz. Extracting by manifest.
2247 silly tarball no local data for @babel/plugin-transform-react-jsx-self@https://registry.npmjs.org/@babel/plugin-transform-react-jsx-self/-/plugin-transform-react-jsx-self-7.27.1.tgz. Extracting by manifest.
2248 silly tarball no local data for @babel/plugin-transform-react-jsx-source@https://registry.npmjs.org/@babel/plugin-transform-react-jsx-source/-/plugin-transform-react-jsx-source-7.27.1.tgz. Extracting by manifest.
2249 silly tarball no local data for @babel/plugin-transform-react-jsx-development@https://registry.npmjs.org/@babel/plugin-transform-react-jsx-development/-/plugin-transform-react-jsx-development-7.27.1.tgz. Extracting by manifest.
2250 silly tarball no local data for @babel/plugin-transform-react-jsx@https://registry.npmjs.org/@babel/plugin-transform-react-jsx/-/plugin-transform-react-jsx-7.28.6.tgz. Extracting by manifest.
2251 silly tarball no local data for @babel/plugin-transform-react-display-name@https://registry.npmjs.org/@babel/plugin-transform-react-display-name/-/plugin-transform-react-display-name-7.28.0.tgz. Extracting by manifest.
2252 silly tarball no local data for @babel/plugin-transform-private-property-in-object@https://registry.npmjs.org/@babel/plugin-transform-private-property-in-object/-/plugin-transform-private-property-in-object-7.28.6.tgz. Extracting by manifest.
2253 silly tarball no local data for @babel/plugin-transform-parameters@https://registry.npmjs.org/@babel/plugin-transform-parameters/-/plugin-transform-parameters-7.27.7.tgz. Extracting by manifest.
2254 silly tarball no local data for @babel/plugin-transform-optional-chaining@https://registry.npmjs.org/@babel/plugin-transform-optional-chaining/-/plugin-transform-optional-chaining-7.28.6.tgz. Extracting by manifest.
2255 silly tarball no local data for @babel/plugin-transform-private-methods@https://registry.npmjs.org/@babel/plugin-transform-private-methods/-/plugin-transform-private-methods-7.28.6.tgz. Extracting by manifest.
2256 silly tarball no local data for @babel/plugin-transform-optional-catch-binding@https://registry.npmjs.org/@babel/plugin-transform-optional-catch-binding/-/plugin-transform-optional-catch-binding-7.28.6.tgz. Extracting by manifest.
2257 silly tarball no local data for @babel/plugin-transform-numeric-separator@https://registry.npmjs.org/@babel/plugin-transform-numeric-separator/-/plugin-transform-numeric-separator-7.28.6.tgz. Extracting by manifest.
2258 silly tarball no local data for @babel/plugin-transform-object-rest-spread@https://registry.npmjs.org/@babel/plugin-transform-object-rest-spread/-/plugin-transform-object-rest-spread-7.28.6.tgz. Extracting by manifest.
2259 silly tarball no local data for @babel/plugin-transform-nullish-coalescing-operator@https://registry.npmjs.org/@babel/plugin-transform-nullish-coalescing-operator/-/plugin-transform-nullish-coalescing-operator-7.28.6.tgz. Extracting by manifest.
2260 silly tarball no local data for @babel/plugin-transform-named-capturing-groups-regex@https://registry.npmjs.org/@babel/plugin-transform-named-capturing-groups-regex/-/plugin-transform-named-capturing-groups-regex-7.29.0.tgz. Extracting by manifest.
2261 silly tarball no local data for @babel/plugin-transform-modules-commonjs@https://registry.npmjs.org/@babel/plugin-transform-modules-commonjs/-/plugin-transform-modules-commonjs-7.28.6.tgz. Extracting by manifest.
2262 silly tarball no local data for @babel/plugin-transform-logical-assignment-operators@https://registry.npmjs.org/@babel/plugin-transform-logical-assignment-operators/-/plugin-transform-logical-assignment-operators-7.28.6.tgz. Extracting by manifest.
2263 silly tarball no local data for @babel/plugin-transform-literals@https://registry.npmjs.org/@babel/plugin-transform-literals/-/plugin-transform-literals-7.27.1.tgz. Extracting by manifest.
2264 silly tarball no local data for @babel/plugin-transform-function-name@https://registry.npmjs.org/@babel/plugin-transform-function-name/-/plugin-transform-function-name-7.27.1.tgz. Extracting by manifest.
2265 silly tarball no local data for @babel/plugin-transform-for-of@https://registry.npmjs.org/@babel/plugin-transform-for-of/-/plugin-transform-for-of-7.27.1.tgz. Extracting by manifest.
2266 silly tarball no local data for @babel/plugin-transform-flow-strip-types@https://registry.npmjs.org/@babel/plugin-transform-flow-strip-types/-/plugin-transform-flow-strip-types-7.27.1.tgz. Extracting by manifest.
2267 silly tarball no local data for @babel/plugin-transform-export-namespace-from@https://registry.npmjs.org/@babel/plugin-transform-export-namespace-from/-/plugin-transform-export-namespace-from-7.27.1.tgz. Extracting by manifest.
2268 silly tarball no local data for @babel/plugin-transform-destructuring@https://registry.npmjs.org/@babel/plugin-transform-destructuring/-/plugin-transform-destructuring-7.28.5.tgz. Extracting by manifest.
2269 silly tarball no local data for @babel/plugin-transform-computed-properties@https://registry.npmjs.org/@babel/plugin-transform-computed-properties/-/plugin-transform-computed-properties-7.28.6.tgz. Extracting by manifest.
2270 silly tarball no local data for @babel/plugin-transform-classes@https://registry.npmjs.org/@babel/plugin-transform-classes/-/plugin-transform-classes-7.28.6.tgz. Extracting by manifest.
2271 silly tarball no local data for @babel/plugin-transform-class-static-block@https://registry.npmjs.org/@babel/plugin-transform-class-static-block/-/plugin-transform-class-static-block-7.28.6.tgz. Extracting by manifest.
2272 silly tarball no local data for @babel/plugin-transform-class-properties@https://registry.npmjs.org/@babel/plugin-transform-class-properties/-/plugin-transform-class-properties-7.28.6.tgz. Extracting by manifest.
2273 silly tarball no local data for @babel/plugin-transform-async-to-generator@https://registry.npmjs.org/@babel/plugin-transform-async-to-generator/-/plugin-transform-async-to-generator-7.28.6.tgz. Extracting by manifest.
2274 silly tarball no local data for @babel/plugin-transform-async-generator-functions@https://registry.npmjs.org/@babel/plugin-transform-async-generator-functions/-/plugin-transform-async-generator-functions-7.29.0.tgz. Extracting by manifest.
2275 silly tarball no local data for @babel/plugin-transform-arrow-functions@https://registry.npmjs.org/@babel/plugin-transform-arrow-functions/-/plugin-transform-arrow-functions-7.27.1.tgz. Extracting by manifest.
2276 silly tarball no local data for @babel/plugin-syntax-typescript@https://registry.npmjs.org/@babel/plugin-syntax-typescript/-/plugin-syntax-typescript-7.28.6.tgz. Extracting by manifest.
2277 silly tarball no local data for @babel/plugin-syntax-top-level-await@https://registry.npmjs.org/@babel/plugin-syntax-top-level-await/-/plugin-syntax-top-level-await-7.14.5.tgz. Extracting by manifest.
2278 silly tarball no local data for @babel/plugin-syntax-private-property-in-object@https://registry.npmjs.org/@babel/plugin-syntax-private-property-in-object/-/plugin-syntax-private-property-in-object-7.14.5.tgz. Extracting by manifest.
2279 silly tarball no local data for @babel/plugin-syntax-optional-chaining@https://registry.npmjs.org/@babel/plugin-syntax-optional-chaining/-/plugin-syntax-optional-chaining-7.8.3.tgz. Extracting by manifest.
2280 silly tarball no local data for @babel/plugin-transform-block-scoping@https://registry.npmjs.org/@babel/plugin-transform-block-scoping/-/plugin-transform-block-scoping-7.28.6.tgz. Extracting by manifest.
2281 silly tarball no local data for @babel/plugin-syntax-optional-catch-binding@https://registry.npmjs.org/@babel/plugin-syntax-optional-catch-binding/-/plugin-syntax-optional-catch-binding-7.8.3.tgz. Extracting by manifest.
2282 silly tarball no local data for @babel/plugin-syntax-object-rest-spread@https://registry.npmjs.org/@babel/plugin-syntax-object-rest-spread/-/plugin-syntax-object-rest-spread-7.8.3.tgz. Extracting by manifest.
2283 silly tarball no local data for @babel/plugin-syntax-numeric-separator@https://registry.npmjs.org/@babel/plugin-syntax-numeric-separator/-/plugin-syntax-numeric-separator-7.10.4.tgz. Extracting by manifest.
2284 silly tarball no local data for @babel/plugin-syntax-nullish-coalescing-operator@https://registry.npmjs.org/@babel/plugin-syntax-nullish-coalescing-operator/-/plugin-syntax-nullish-coalescing-operator-7.8.3.tgz. Extracting by manifest.
2285 silly tarball no local data for @babel/plugin-syntax-logical-assignment-operators@https://registry.npmjs.org/@babel/plugin-syntax-logical-assignment-operators/-/plugin-syntax-logical-assignment-operators-7.10.4.tgz. Extracting by manifest.
2286 silly tarball no local data for @babel/plugin-syntax-jsx@https://registry.npmjs.org/@babel/plugin-syntax-jsx/-/plugin-syntax-jsx-7.28.6.tgz. Extracting by manifest.
2287 silly tarball no local data for @babel/plugin-syntax-json-strings@https://registry.npmjs.org/@babel/plugin-syntax-json-strings/-/plugin-syntax-json-strings-7.8.3.tgz. Extracting by manifest.
2288 silly tarball no local data for @babel/plugin-syntax-import-meta@https://registry.npmjs.org/@babel/plugin-syntax-import-meta/-/plugin-syntax-import-meta-7.10.4.tgz. Extracting by manifest.
2289 silly tarball no local data for @babel/plugin-syntax-import-attributes@https://registry.npmjs.org/@babel/plugin-syntax-import-attributes/-/plugin-syntax-import-attributes-7.28.6.tgz. Extracting by manifest.
2290 silly tarball no local data for @babel/plugin-syntax-flow@https://registry.npmjs.org/@babel/plugin-syntax-flow/-/plugin-syntax-flow-7.28.6.tgz. Extracting by manifest.
2291 silly tarball no local data for @babel/plugin-syntax-export-default-from@https://registry.npmjs.org/@babel/plugin-syntax-export-default-from/-/plugin-syntax-export-default-from-7.28.6.tgz. Extracting by manifest.
2292 silly tarball no local data for @babel/plugin-syntax-decorators@https://registry.npmjs.org/@babel/plugin-syntax-decorators/-/plugin-syntax-decorators-7.28.6.tgz. Extracting by manifest.
2293 silly tarball no local data for @babel/plugin-syntax-class-static-block@https://registry.npmjs.org/@babel/plugin-syntax-class-static-block/-/plugin-syntax-class-static-block-7.14.5.tgz. Extracting by manifest.
2294 silly tarball no local data for @babel/plugin-syntax-class-properties@https://registry.npmjs.org/@babel/plugin-syntax-class-properties/-/plugin-syntax-class-properties-7.12.13.tgz. Extracting by manifest.
2295 silly tarball no local data for @babel/plugin-syntax-bigint@https://registry.npmjs.org/@babel/plugin-syntax-bigint/-/plugin-syntax-bigint-7.8.3.tgz. Extracting by manifest.
2296 silly tarball no local data for @babel/plugin-syntax-async-generators@https://registry.npmjs.org/@babel/plugin-syntax-async-generators/-/plugin-syntax-async-generators-7.8.4.tgz. Extracting by manifest.
2297 silly tarball no local data for @babel/plugin-proposal-export-default-from@https://registry.npmjs.org/@babel/plugin-proposal-export-default-from/-/plugin-proposal-export-default-from-7.27.1.tgz. Extracting by manifest.
2298 silly tarball no local data for @babel/plugin-proposal-decorators@https://registry.npmjs.org/@babel/plugin-proposal-decorators/-/plugin-proposal-decorators-7.29.0.tgz. Extracting by manifest.
2299 silly tarball no local data for @babel/parser@https://registry.npmjs.org/@babel/parser/-/parser-7.29.2.tgz. Extracting by manifest.
2300 silly tarball no local data for @babel/helpers@https://registry.npmjs.org/@babel/helpers/-/helpers-7.29.2.tgz. Extracting by manifest.
2301 silly tarball no local data for @babel/helper-wrap-function@https://registry.npmjs.org/@babel/helper-wrap-function/-/helper-wrap-function-7.28.6.tgz. Extracting by manifest.
2302 silly tarball no local data for @babel/highlight@https://registry.npmjs.org/@babel/highlight/-/highlight-7.25.9.tgz. Extracting by manifest.
2303 silly tarball no local data for @babel/helper-validator-identifier@https://registry.npmjs.org/@babel/helper-validator-identifier/-/helper-validator-identifier-7.28.5.tgz. Extracting by manifest.
2304 silly tarball no local data for @babel/helper-validator-option@https://registry.npmjs.org/@babel/helper-validator-option/-/helper-validator-option-7.27.1.tgz. Extracting by manifest.
2305 silly tarball no local data for @babel/helper-string-parser@https://registry.npmjs.org/@babel/helper-string-parser/-/helper-string-parser-7.27.1.tgz. Extracting by manifest.
2306 silly tarball no local data for @babel/helper-skip-transparent-expression-wrappers@https://registry.npmjs.org/@babel/helper-skip-transparent-expression-wrappers/-/helper-skip-transparent-expression-wrappers-7.27.1.tgz. Extracting by manifest.
2307 silly tarball no local data for @babel/helper-replace-supers@https://registry.npmjs.org/@babel/helper-replace-supers/-/helper-replace-supers-7.28.6.tgz. Extracting by manifest.
2308 silly tarball no local data for @babel/plugin-syntax-dynamic-import@https://registry.npmjs.org/@babel/plugin-syntax-dynamic-import/-/plugin-syntax-dynamic-import-7.8.3.tgz. Extracting by manifest.
2309 silly tarball no local data for @babel/helper-remap-async-to-generator@https://registry.npmjs.org/@babel/helper-remap-async-to-generator/-/helper-remap-async-to-generator-7.27.1.tgz. Extracting by manifest.
2310 silly tarball no local data for @babel/helper-plugin-utils@https://registry.npmjs.org/@babel/helper-plugin-utils/-/helper-plugin-utils-7.28.6.tgz. Extracting by manifest.
2311 silly tarball no local data for @babel/helper-optimise-call-expression@https://registry.npmjs.org/@babel/helper-optimise-call-expression/-/helper-optimise-call-expression-7.27.1.tgz. Extracting by manifest.
2312 silly tarball no local data for @babel/helper-module-transforms@https://registry.npmjs.org/@babel/helper-module-transforms/-/helper-module-transforms-7.28.6.tgz. Extracting by manifest.
2313 silly tarball no local data for @babel/helper-module-imports@https://registry.npmjs.org/@babel/helper-module-imports/-/helper-module-imports-7.28.6.tgz. Extracting by manifest.
2314 silly tarball no local data for @babel/helper-member-expression-to-functions@https://registry.npmjs.org/@babel/helper-member-expression-to-functions/-/helper-member-expression-to-functions-7.28.5.tgz. Extracting by manifest.
2315 silly tarball no local data for @babel/helper-define-polyfill-provider@https://registry.npmjs.org/@babel/helper-define-polyfill-provider/-/helper-define-polyfill-provider-0.6.8.tgz. Extracting by manifest.
2316 silly tarball no local data for @babel/helper-create-regexp-features-plugin@https://registry.npmjs.org/@babel/helper-create-regexp-features-plugin/-/helper-create-regexp-features-plugin-7.28.5.tgz. Extracting by manifest.
2317 silly tarball no local data for @babel/helper-create-class-features-plugin@https://registry.npmjs.org/@babel/helper-create-class-features-plugin/-/helper-create-class-features-plugin-7.28.6.tgz. Extracting by manifest.
2318 silly tarball no local data for @babel/helper-compilation-targets@https://registry.npmjs.org/@babel/helper-compilation-targets/-/helper-compilation-targets-7.28.6.tgz. Extracting by manifest.
2319 silly tarball no local data for @babel/helper-annotate-as-pure@https://registry.npmjs.org/@babel/helper-annotate-as-pure/-/helper-annotate-as-pure-7.27.3.tgz. Extracting by manifest.
2320 silly tarball no local data for @babel/generator@https://registry.npmjs.org/@babel/generator/-/generator-7.29.1.tgz. Extracting by manifest.
2321 silly tarball no local data for @babel/core@https://registry.npmjs.org/@babel/core/-/core-7.29.0.tgz. Extracting by manifest.
2322 silly tarball no local data for @babel/compat-data@https://registry.npmjs.org/@babel/compat-data/-/compat-data-7.29.0.tgz. Extracting by manifest.
2323 silly tarball no local data for @babel/code-frame@https://registry.npmjs.org/@babel/code-frame/-/code-frame-7.29.0.tgz. Extracting by manifest.
2324 silly tarball no local data for webidl-conversions@https://registry.npmjs.org/webidl-conversions/-/webidl-conversions-5.0.0.tgz. Extracting by manifest.
2325 silly tarball no local data for @0no-co/graphql.web@https://registry.npmjs.org/@0no-co/graphql.web/-/graphql.web-1.2.0.tgz. Extracting by manifest.
2326 silly tarball no local data for xmlbuilder@https://registry.npmjs.org/xmlbuilder/-/xmlbuilder-11.0.1.tgz. Extracting by manifest.
2327 silly tarball no local data for @radix-ui/react-slot@https://registry.npmjs.org/@radix-ui/react-slot/-/react-slot-1.2.3.tgz. Extracting by manifest.
2328 silly tarball no local data for @radix-ui/react-portal@https://registry.npmjs.org/@radix-ui/react-portal/-/react-portal-1.1.9.tgz. Extracting by manifest.
2329 silly tarball no local data for @radix-ui/react-primitive@https://registry.npmjs.org/@radix-ui/react-primitive/-/react-primitive-2.1.3.tgz. Extracting by manifest.
2330 silly tarball no local data for @radix-ui/react-presence@https://registry.npmjs.org/@radix-ui/react-presence/-/react-presence-1.1.5.tgz. Extracting by manifest.
2331 silly tarball no local data for json5@https://registry.npmjs.org/json5/-/json5-1.0.2.tgz. Extracting by manifest.
2332 silly tarball no local data for arg@https://registry.npmjs.org/arg/-/arg-4.1.3.tgz. Extracting by manifest.
2333 silly tarball no local data for @radix-ui/react-dialog@https://registry.npmjs.org/@radix-ui/react-dialog/-/react-dialog-1.1.15.tgz. Extracting by manifest.
2334 silly tarball no local data for diff@https://registry.npmjs.org/diff/-/diff-4.0.4.tgz. Extracting by manifest.
2335 silly tarball no local data for @radix-ui/react-dismissable-layer@https://registry.npmjs.org/@radix-ui/react-dismissable-layer/-/react-dismissable-layer-1.1.11.tgz. Extracting by manifest.
2336 silly tarball no local data for picomatch@https://registry.npmjs.org/picomatch/-/picomatch-4.0.4.tgz. Extracting by manifest.
2337 silly tarball no local data for glob@https://registry.npmjs.org/glob/-/glob-7.2.3.tgz. Extracting by manifest.
2338 silly tarball no local data for commander@https://registry.npmjs.org/commander/-/commander-2.20.3.tgz. Extracting by manifest.
2339 silly tarball no local data for yallist@https://registry.npmjs.org/yallist/-/yallist-5.0.0.tgz. Extracting by manifest.
2340 silly tarball no local data for escape-string-regexp@https://registry.npmjs.org/escape-string-regexp/-/escape-string-regexp-2.0.0.tgz. Extracting by manifest.
2341 silly tarball no local data for fdir@https://registry.npmjs.org/fdir/-/fdir-6.5.0.tgz. Extracting by manifest.
2342 silly tarball no local data for commander@https://registry.npmjs.org/commander/-/commander-4.1.1.tgz. Extracting by manifest.
2343 silly tarball no local data for source-map@https://registry.npmjs.org/source-map/-/source-map-0.6.1.tgz. Extracting by manifest.
2344 silly tarball no local data for encodeurl@https://registry.npmjs.org/encodeurl/-/encodeurl-2.0.0.tgz. Extracting by manifest.
2345 silly tarball no local data for statuses@https://registry.npmjs.org/statuses/-/statuses-2.0.2.tgz. Extracting by manifest.
2346 silly tarball no local data for @radix-ui/react-focus-scope@https://registry.npmjs.org/@radix-ui/react-focus-scope/-/react-focus-scope-1.1.7.tgz. Extracting by manifest.
2347 silly tarball no local data for on-finished@https://registry.npmjs.org/on-finished/-/on-finished-2.4.1.tgz. Extracting by manifest.
2348 silly tarball no local data for ms@https://registry.npmjs.org/ms/-/ms-2.0.0.tgz. Extracting by manifest.
2349 silly tarball no local data for glob@https://registry.npmjs.org/glob/-/glob-7.2.3.tgz. Extracting by manifest.
2350 silly tarball no local data for encodeurl@https://registry.npmjs.org/encodeurl/-/encodeurl-2.0.0.tgz. Extracting by manifest.
2351 silly tarball no local data for @react-native/normalize-colors@https://registry.npmjs.org/@react-native/normalize-colors/-/normalize-colors-0.74.89.tgz. Extracting by manifest.
2352 silly tarball no local data for resolve@https://registry.npmjs.org/resolve/-/resolve-1.7.1.tgz. Extracting by manifest.
2353 silly tarball no local data for semver@https://registry.npmjs.org/semver/-/semver-7.7.2.tgz. Extracting by manifest.
2354 silly tarball no local data for memoize-one@https://registry.npmjs.org/memoize-one/-/memoize-one-6.0.0.tgz. Extracting by manifest.
2355 silly tarball no local data for ws@https://registry.npmjs.org/ws/-/ws-6.2.3.tgz. Extracting by manifest.
2356 silly tarball no local data for debug@https://registry.npmjs.org/debug/-/debug-2.6.9.tgz. Extracting by manifest.
2357 silly tarball no local data for semver@https://registry.npmjs.org/semver/-/semver-7.7.4.tgz. Extracting by manifest.
2358 silly tarball no local data for @react-native/virtualized-lists@https://registry.npmjs.org/@react-native/virtualized-lists/-/virtualized-lists-0.81.5.tgz. Extracting by manifest.
2359 silly tarball no local data for @react-native/gradle-plugin@https://registry.npmjs.org/@react-native/gradle-plugin/-/gradle-plugin-0.81.5.tgz. Extracting by manifest.
2360 silly tarball no local data for semver@https://registry.npmjs.org/semver/-/semver-7.7.4.tgz. Extracting by manifest.
2361 silly tarball no local data for strip-json-comments@https://registry.npmjs.org/strip-json-comments/-/strip-json-comments-2.0.1.tgz. Extracting by manifest.
2362 silly tarball no local data for glob@https://registry.npmjs.org/glob/-/glob-7.2.3.tgz. Extracting by manifest.
2363 silly tarball no local data for commander@https://registry.npmjs.org/commander/-/commander-12.1.0.tgz. Extracting by manifest.
2364 silly tarball no local data for yargs-parser@https://registry.npmjs.org/yargs-parser/-/yargs-parser-18.1.3.tgz. Extracting by manifest.
2365 silly tarball no local data for y18n@https://registry.npmjs.org/y18n/-/y18n-4.0.3.tgz. Extracting by manifest.
2366 silly tarball no local data for yargs@https://registry.npmjs.org/yargs/-/yargs-15.4.1.tgz. Extracting by manifest.
2367 silly tarball no local data for pngjs@https://registry.npmjs.org/pngjs/-/pngjs-5.0.0.tgz. Extracting by manifest.
2368 silly tarball no local data for wrap-ansi@https://registry.npmjs.org/wrap-ansi/-/wrap-ansi-6.2.0.tgz. Extracting by manifest.
2369 silly tarball no local data for p-limit@https://registry.npmjs.org/p-limit/-/p-limit-2.3.0.tgz. Extracting by manifest.
2370 silly tarball no local data for locate-path@https://registry.npmjs.org/locate-path/-/locate-path-5.0.0.tgz. Extracting by manifest.
2371 silly tarball no local data for cliui@https://registry.npmjs.org/cliui/-/cliui-6.0.0.tgz. Extracting by manifest.
2372 silly tarball no local data for p-locate@https://registry.npmjs.org/p-locate/-/p-locate-4.1.0.tgz. Extracting by manifest.
2373 silly tarball no local data for react-is@https://registry.npmjs.org/react-is/-/react-is-16.13.1.tgz. Extracting by manifest.
2374 silly tarball no local data for ansi-styles@https://registry.npmjs.org/ansi-styles/-/ansi-styles-5.2.0.tgz. Extracting by manifest.
2375 silly tarball no local data for p-locate@https://registry.npmjs.org/p-locate/-/p-locate-4.1.0.tgz. Extracting by manifest.
2376 silly tarball no local data for react-is@https://registry.npmjs.org/react-is/-/react-is-18.3.1.tgz. Extracting by manifest.
2377 silly tarball no local data for p-limit@https://registry.npmjs.org/p-limit/-/p-limit-2.3.0.tgz. Extracting by manifest.
2378 silly tarball no local data for find-up@https://registry.npmjs.org/find-up/-/find-up-4.1.0.tgz. Extracting by manifest.
2379 silly tarball no local data for locate-path@https://registry.npmjs.org/locate-path/-/locate-path-5.0.0.tgz. Extracting by manifest.
2380 silly tarball no local data for lru-cache@https://registry.npmjs.org/lru-cache/-/lru-cache-11.3.0.tgz. Extracting by manifest.
2381 silly tarball no local data for supports-color@https://registry.npmjs.org/supports-color/-/supports-color-5.5.0.tgz. Extracting by manifest.
2382 silly tarball no local data for camelcase@https://registry.npmjs.org/camelcase/-/camelcase-5.3.1.tgz. Extracting by manifest.
2383 silly tarball no local data for find-up@https://registry.npmjs.org/find-up/-/find-up-4.1.0.tgz. Extracting by manifest.
2384 silly tarball no local data for strip-ansi@https://registry.npmjs.org/strip-ansi/-/strip-ansi-5.2.0.tgz. Extracting by manifest.
2385 silly tarball no local data for has-flag@https://registry.npmjs.org/has-flag/-/has-flag-3.0.0.tgz. Extracting by manifest.
2386 silly tarball no local data for escape-string-regexp@https://registry.npmjs.org/escape-string-regexp/-/escape-string-regexp-1.0.5.tgz. Extracting by manifest.
2387 silly tarball no local data for color-name@https://registry.npmjs.org/color-name/-/color-name-1.1.3.tgz. Extracting by manifest.
2388 silly tarball no local data for color-convert@https://registry.npmjs.org/color-convert/-/color-convert-1.9.3.tgz. Extracting by manifest.
2389 silly tarball no local data for semver@https://registry.npmjs.org/semver/-/semver-7.7.4.tgz. Extracting by manifest.
2390 silly tarball no local data for chalk@https://registry.npmjs.org/chalk/-/chalk-2.4.2.tgz. Extracting by manifest.
2391 silly tarball no local data for ansi-styles@https://registry.npmjs.org/ansi-styles/-/ansi-styles-3.2.1.tgz. Extracting by manifest.
2392 silly tarball no local data for ansi-regex@https://registry.npmjs.org/ansi-regex/-/ansi-regex-4.1.1.tgz. Extracting by manifest.
2393 silly tarball no local data for rimraf@https://registry.npmjs.org/rimraf/-/rimraf-2.4.5.tgz. Extracting by manifest.
2394 silly tarball no local data for hermes-parser@https://registry.npmjs.org/hermes-parser/-/hermes-parser-0.32.0.tgz. Extracting by manifest.
2395 silly tarball no local data for hermes-parser@https://registry.npmjs.org/hermes-parser/-/hermes-parser-0.32.0.tgz. Extracting by manifest.
2396 silly tarball no local data for hermes-estree@https://registry.npmjs.org/hermes-estree/-/hermes-estree-0.32.0.tgz. Extracting by manifest.
2397 silly tarball no local data for hermes-estree@https://registry.npmjs.org/hermes-estree/-/hermes-estree-0.32.0.tgz. Extracting by manifest.
2398 silly tarball no local data for mkdirp@https://registry.npmjs.org/mkdirp/-/mkdirp-0.5.6.tgz. Extracting by manifest.
2399 silly tarball no local data for glob@https://registry.npmjs.org/glob/-/glob-6.0.4.tgz. Extracting by manifest.
2400 silly tarball no local data for supports-color@https://registry.npmjs.org/supports-color/-/supports-color-5.5.0.tgz. Extracting by manifest.
2401 silly tarball no local data for has-flag@https://registry.npmjs.org/has-flag/-/has-flag-3.0.0.tgz. Extracting by manifest.
2402 silly tarball no local data for escape-string-regexp@https://registry.npmjs.org/escape-string-regexp/-/escape-string-regexp-1.0.5.tgz. Extracting by manifest.
2403 silly tarball no local data for color-name@https://registry.npmjs.org/color-name/-/color-name-1.1.3.tgz. Extracting by manifest.
2404 silly tarball no local data for color-convert@https://registry.npmjs.org/color-convert/-/color-convert-1.9.3.tgz. Extracting by manifest.
2405 silly tarball no local data for chalk@https://registry.npmjs.org/chalk/-/chalk-2.4.2.tgz. Extracting by manifest.
2406 silly tarball no local data for ms@https://registry.npmjs.org/ms/-/ms-2.0.0.tgz. Extracting by manifest.
2407 silly tarball no local data for debug@https://registry.npmjs.org/debug/-/debug-2.6.9.tgz. Extracting by manifest.
2408 silly tarball no local data for supports-color@https://registry.npmjs.org/supports-color/-/supports-color-8.1.1.tgz. Extracting by manifest.
2409 silly tarball no local data for ci-info@https://registry.npmjs.org/ci-info/-/ci-info-3.9.0.tgz. Extracting by manifest.
2410 silly tarball no local data for ansi-styles@https://registry.npmjs.org/ansi-styles/-/ansi-styles-3.2.1.tgz. Extracting by manifest.
2411 silly tarball no local data for semver@https://registry.npmjs.org/semver/-/semver-7.7.4.tgz. Extracting by manifest.
2412 silly tarball no local data for statuses@https://registry.npmjs.org/statuses/-/statuses-2.0.2.tgz. Extracting by manifest.
2413 silly tarball no local data for resolve-from@https://registry.npmjs.org/resolve-from/-/resolve-from-4.0.0.tgz. Extracting by manifest.
2414 silly tarball no local data for react-is@https://registry.npmjs.org/react-is/-/react-is-16.13.1.tgz. Extracting by manifest.
2415 silly tarball no local data for lru-cache@https://registry.npmjs.org/lru-cache/-/lru-cache-10.4.3.tgz. Extracting by manifest.
2416 silly tarball no local data for minimatch@https://registry.npmjs.org/minimatch/-/minimatch-10.2.5.tgz. Extracting by manifest.
2417 silly tarball no local data for brace-expansion@https://registry.npmjs.org/brace-expansion/-/brace-expansion-5.0.5.tgz. Extracting by manifest.
2418 silly tarball no local data for balanced-match@https://registry.npmjs.org/balanced-match/-/balanced-match-4.0.4.tgz. Extracting by manifest.
2419 silly tarball no local data for signal-exit@https://registry.npmjs.org/signal-exit/-/signal-exit-4.1.0.tgz. Extracting by manifest.
2420 silly tarball no local data for debug@https://registry.npmjs.org/debug/-/debug-2.6.9.tgz. Extracting by manifest.
2421 silly tarball no local data for ms@https://registry.npmjs.org/ms/-/ms-2.0.0.tgz. Extracting by manifest.
2422 silly tarball no local data for brace-expansion@https://registry.npmjs.org/brace-expansion/-/brace-expansion-2.0.3.tgz. Extracting by manifest.
2423 silly tarball no local data for minimatch@https://registry.npmjs.org/minimatch/-/minimatch-5.1.9.tgz. Extracting by manifest.
2424 silly tarball no local data for escape-string-regexp@https://registry.npmjs.org/escape-string-regexp/-/escape-string-regexp-1.0.5.tgz. Extracting by manifest.
2425 silly tarball no local data for promise@https://registry.npmjs.org/promise/-/promise-7.3.1.tgz. Extracting by manifest.
2426 silly tarball no local data for semver@https://registry.npmjs.org/semver/-/semver-7.6.3.tgz. Extracting by manifest.
2427 silly tarball no local data for glob-parent@https://registry.npmjs.org/glob-parent/-/glob-parent-5.1.2.tgz. Extracting by manifest.
2428 silly tarball no local data for @radix-ui/react-roving-focus@https://registry.npmjs.org/@radix-ui/react-roving-focus/-/react-roving-focus-1.1.11.tgz. Extracting by manifest.
2429 silly tarball no local data for @radix-ui/react-slot@https://registry.npmjs.org/@radix-ui/react-slot/-/react-slot-1.2.3.tgz. Extracting by manifest.
2430 silly tarball no local data for @radix-ui/react-tabs@https://registry.npmjs.org/@radix-ui/react-tabs/-/react-tabs-1.1.13.tgz. Extracting by manifest.
2431 silly tarball no local data for @radix-ui/react-primitive@https://registry.npmjs.org/@radix-ui/react-primitive/-/react-primitive-2.1.3.tgz. Extracting by manifest.
2432 silly tarball no local data for @radix-ui/react-collection@https://registry.npmjs.org/@radix-ui/react-collection/-/react-collection-1.1.7.tgz. Extracting by manifest.
2433 silly tarball no local data for @radix-ui/react-presence@https://registry.npmjs.org/@radix-ui/react-presence/-/react-presence-1.1.5.tgz. Extracting by manifest.
2434 silly tarball no local data for @radix-ui/react-slot@https://registry.npmjs.org/@radix-ui/react-slot/-/react-slot-1.2.3.tgz. Extracting by manifest.
2435 silly tarball no local data for semver@https://registry.npmjs.org/semver/-/semver-7.7.4.tgz. Extracting by manifest.
2436 silly tarball no local data for ws@https://registry.npmjs.org/ws/-/ws-8.20.0.tgz. Extracting by manifest.
2437 silly tarball no local data for resolve@https://registry.npmjs.org/resolve/-/resolve-1.22.11.tgz. Extracting by manifest.
2438 silly tarball no local data for picomatch@https://registry.npmjs.org/picomatch/-/picomatch-3.0.2.tgz. Extracting by manifest.
2439 silly tarball no local data for minimatch@https://registry.npmjs.org/minimatch/-/minimatch-9.0.9.tgz. Extracting by manifest.
2440 silly tarball no local data for ci-info@https://registry.npmjs.org/ci-info/-/ci-info-3.9.0.tgz. Extracting by manifest.
2441 silly tarball no local data for brace-expansion@https://registry.npmjs.org/brace-expansion/-/brace-expansion-2.0.3.tgz. Extracting by manifest.
2442 silly tarball no local data for debug@https://registry.npmjs.org/debug/-/debug-3.2.7.tgz. Extracting by manifest.
2443 silly tarball no local data for @expo/cli@https://registry.npmjs.org/@expo/cli/-/cli-54.0.23.tgz. Extracting by manifest.
2444 silly tarball no local data for debug@https://registry.npmjs.org/debug/-/debug-3.2.7.tgz. Extracting by manifest.
2445 silly tarball no local data for debug@https://registry.npmjs.org/debug/-/debug-3.2.7.tgz. Extracting by manifest.
2446 silly tarball no local data for globals@https://registry.npmjs.org/globals/-/globals-16.5.0.tgz. Extracting by manifest.
2447 silly tarball no local data for yaml@https://registry.npmjs.org/yaml/-/yaml-2.6.0.tgz. Extracting by manifest.
2448 silly tarball no local data for is-arrayish@https://registry.npmjs.org/is-arrayish/-/is-arrayish-0.2.1.tgz. Extracting by manifest.
2449 silly tarball no local data for yallist@https://registry.npmjs.org/yallist/-/yallist-4.0.0.tgz. Extracting by manifest.
2450 silly tarball no local data for write-file-atomic@https://registry.npmjs.org/write-file-atomic/-/write-file-atomic-2.4.3.tgz. Extracting by manifest.
2451 silly tarball no local data for uuid@https://registry.npmjs.org/uuid/-/uuid-9.0.1.tgz. Extracting by manifest.
2452 silly tarball no local data for tar@https://registry.npmjs.org/tar/-/tar-7.5.7.tgz. Extracting by manifest.
2453 silly tarball no local data for tslib@https://registry.npmjs.org/tslib/-/tslib-2.6.2.tgz. Extracting by manifest.
2454 silly tarball no local data for yallist@https://registry.npmjs.org/yallist/-/yallist-5.0.0.tgz. Extracting by manifest.
2455 silly tarball no local data for minizlib@https://registry.npmjs.org/minizlib/-/minizlib-3.1.0.tgz. Extracting by manifest.
2456 silly tarball no local data for supports-color@https://registry.npmjs.org/supports-color/-/supports-color-5.5.0.tgz. Extracting by manifest.
2457 silly tarball no local data for sucrase@https://registry.npmjs.org/sucrase/-/sucrase-3.35.0.tgz. Extracting by manifest.
2458 silly tarball no local data for minimatch@https://registry.npmjs.org/minimatch/-/minimatch-9.0.9.tgz. Extracting by manifest.
2459 silly tarball no local data for semver@https://registry.npmjs.org/semver/-/semver-7.5.4.tgz. Extracting by manifest.
2460 silly tarball no local data for glob@https://registry.npmjs.org/glob/-/glob-10.5.0.tgz. Extracting by manifest.
2461 silly tarball no local data for rimraf@https://registry.npmjs.org/rimraf/-/rimraf-5.0.10.tgz. Extracting by manifest.
2462 silly tarball no local data for minimatch@https://registry.npmjs.org/minimatch/-/minimatch-9.0.9.tgz. Extracting by manifest.
2463 silly tarball no local data for restore-cursor@https://registry.npmjs.org/restore-cursor/-/restore-cursor-3.1.0.tgz. Extracting by manifest.
2464 silly tarball no local data for glob@https://registry.npmjs.org/glob/-/glob-10.5.0.tgz. Extracting by manifest.
2465 silly tarball no local data for qrcode-terminal@https://registry.npmjs.org/qrcode-terminal/-/qrcode-terminal-0.12.0.tgz. Extracting by manifest.
2466 silly tarball no local data for pngjs@https://registry.npmjs.org/pngjs/-/pngjs-7.0.0.tgz. Extracting by manifest.
2467 silly tarball no local data for path-scurry@https://registry.npmjs.org/path-scurry/-/path-scurry-1.11.1.tgz. Extracting by manifest.
2468 silly tarball no local data for ora@https://registry.npmjs.org/ora/-/ora-5.1.0.tgz. Extracting by manifest.
2469 silly tarball no local data for lru-cache@https://registry.npmjs.org/lru-cache/-/lru-cache-10.4.3.tgz. Extracting by manifest.
2470 silly tarball no local data for cli-cursor@https://registry.npmjs.org/cli-cursor/-/cli-cursor-3.1.0.tgz. Extracting by manifest.
2471 silly tarball no local data for onetime@https://registry.npmjs.org/onetime/-/onetime-5.1.2.tgz. Extracting by manifest.
2472 silly tarball no local data for node-forge@https://registry.npmjs.org/node-forge/-/node-forge-1.3.1.tgz. Extracting by manifest.
2473 silly tarball no local data for nanoid@https://registry.npmjs.org/nanoid/-/nanoid-3.3.8.tgz. Extracting by manifest.
2474 silly tarball no local data for node-fetch@https://registry.npmjs.org/node-fetch/-/node-fetch-2.6.7.tgz. Extracting by manifest.
2475 silly tarball no local data for minizlib@https://registry.npmjs.org/minizlib/-/minizlib-3.0.1.tgz. Extracting by manifest.
2476 silly tarball no local data for minimatch@https://registry.npmjs.org/minimatch/-/minimatch-5.1.2.tgz. Extracting by manifest.
2477 silly tarball no local data for mimic-fn@https://registry.npmjs.org/mimic-fn/-/mimic-fn-2.1.0.tgz. Extracting by manifest.
2478 silly tarball no local data for lru-cache@https://registry.npmjs.org/lru-cache/-/lru-cache-6.0.0.tgz. Extracting by manifest.
2479 silly tarball no local data for mime@https://registry.npmjs.org/mime/-/mime-3.0.0.tgz. Extracting by manifest.
2480 silly tarball no local data for log-symbols@https://registry.npmjs.org/log-symbols/-/log-symbols-4.1.0.tgz. Extracting by manifest.
2481 silly tarball no local data for json-schema-traverse@https://registry.npmjs.org/json-schema-traverse/-/json-schema-traverse-1.0.0.tgz. Extracting by manifest.
2482 silly tarball no local data for ignore@https://registry.npmjs.org/ignore/-/ignore-5.3.0.tgz. Extracting by manifest.
2483 silly tarball no local data for has-flag@https://registry.npmjs.org/has-flag/-/has-flag-3.0.0.tgz. Extracting by manifest.
2484 silly tarball no local data for https-proxy-agent@https://registry.npmjs.org/https-proxy-agent/-/https-proxy-agent-5.0.1.tgz. Extracting by manifest.
2485 silly tarball no local data for getenv@https://registry.npmjs.org/getenv/-/getenv-1.0.0.tgz. Extracting by manifest.
2486 silly tarball no local data for escape-string-regexp@https://registry.npmjs.org/escape-string-regexp/-/escape-string-regexp-1.0.5.tgz. Extracting by manifest.
2487 silly tarball no local data for color-name@https://registry.npmjs.org/color-name/-/color-name-1.1.3.tgz. Extracting by manifest.
2488 silly tarball no local data for commander@https://registry.npmjs.org/commander/-/commander-4.1.1.tgz. Extracting by manifest.
2489 silly tarball no local data for dotenv@https://registry.npmjs.org/dotenv/-/dotenv-16.3.1.tgz. Extracting by manifest.
2490 silly tarball no local data for color-convert@https://registry.npmjs.org/color-convert/-/color-convert-1.9.3.tgz. Extracting by manifest.
2491 silly tarball no local data for brace-expansion@https://registry.npmjs.org/brace-expansion/-/brace-expansion-2.0.3.tgz. Extracting by manifest.
2492 silly tarball no local data for ansi-styles@https://registry.npmjs.org/ansi-styles/-/ansi-styles-3.2.1.tgz. Extracting by manifest.
2493 silly tarball no local data for ansi-regex@https://registry.npmjs.org/ansi-regex/-/ansi-regex-4.1.1.tgz. Extracting by manifest.
2494 silly tarball no local data for ajv@https://registry.npmjs.org/ajv/-/ajv-8.11.0.tgz. Extracting by manifest.
2495 silly tarball no local data for @urql/exchange-retry@https://registry.npmjs.org/@urql/exchange-retry/-/exchange-retry-1.2.0.tgz. Extracting by manifest.
2496 silly tarball no local data for agent-base@https://registry.npmjs.org/agent-base/-/agent-base-6.0.2.tgz. Extracting by manifest.
2497 silly tarball no local data for @urql/core@https://registry.npmjs.org/@urql/core/-/core-4.0.11.tgz. Extracting by manifest.
2498 silly tarball no local data for @segment/ajv-human-errors@https://registry.npmjs.org/@segment/ajv-human-errors/-/ajv-human-errors-2.16.0.tgz. Extracting by manifest.
2499 silly tarball no local data for @react-native/normalize-colors@https://registry.npmjs.org/@react-native/normalize-colors/-/normalize-colors-0.76.2.tgz. Extracting by manifest.
2500 silly tarball no local data for xmlbuilder@https://registry.npmjs.org/xmlbuilder/-/xmlbuilder-14.0.0.tgz. Extracting by manifest.
2501 silly tarball no local data for @expo/prebuild-config@https://registry.npmjs.org/@expo/prebuild-config/-/prebuild-config-8.0.17.tgz. Extracting by manifest.
2502 silly tarball no local data for semver@https://registry.npmjs.org/semver/-/semver-7.7.4.tgz. Extracting by manifest.
2503 silly tarball no local data for minimatch@https://registry.npmjs.org/minimatch/-/minimatch-9.0.9.tgz. Extracting by manifest.
2504 silly tarball no local data for glob@https://registry.npmjs.org/glob/-/glob-10.5.0.tgz. Extracting by manifest.
2505 silly tarball no local data for @xmldom/xmldom@https://registry.npmjs.org/@xmldom/xmldom/-/xmldom-0.7.13.tgz. Extracting by manifest.
2506 silly tarball no local data for fs-extra@https://registry.npmjs.org/fs-extra/-/fs-extra-9.1.0.tgz. Extracting by manifest.
2507 silly tarball no local data for @expo/plist@https://registry.npmjs.org/@expo/plist/-/plist-0.2.2.tgz. Extracting by manifest.
2508 silly tarball no local data for @expo/json-file@https://registry.npmjs.org/@expo/json-file/-/json-file-9.1.5.tgz. Extracting by manifest.
2509 silly tarball no local data for @expo/config-types@https://registry.npmjs.org/@expo/config-types/-/config-types-52.0.5.tgz. Extracting by manifest.
2510 silly tarball no local data for @expo/config-plugins@https://registry.npmjs.org/@expo/config-plugins/-/config-plugins-9.0.17.tgz. Extracting by manifest.
2511 silly tarball no local data for @expo/json-file@https://registry.npmjs.org/@expo/json-file/-/json-file-9.0.2.tgz. Extracting by manifest.
2512 silly tarball no local data for @expo/config@https://registry.npmjs.org/@expo/config/-/config-10.0.11.tgz. Extracting by manifest.
2513 silly tarball no local data for @babel/code-frame@https://registry.npmjs.org/@babel/code-frame/-/code-frame-7.10.4.tgz. Extracting by manifest.
2514 silly tarball no local data for xmlbuilder@https://registry.npmjs.org/xmlbuilder/-/xmlbuilder-14.0.0.tgz. Extracting by manifest.
2515 silly tarball no local data for @expo/plist@https://registry.npmjs.org/@expo/plist/-/plist-0.2.0.tgz. Extracting by manifest.
2516 silly tarball no local data for @xmldom/xmldom@https://registry.npmjs.org/@xmldom/xmldom/-/xmldom-0.7.13.tgz. Extracting by manifest.
2517 silly tarball no local data for @expo/package-manager@https://registry.npmjs.org/@expo/package-manager/-/package-manager-1.9.10.tgz. Extracting by manifest.
2518 silly tarball no local data for strip-ansi@https://registry.npmjs.org/strip-ansi/-/strip-ansi-5.2.0.tgz. Extracting by manifest.
2519 silly tarball no local data for ora@https://registry.npmjs.org/ora/-/ora-3.4.0.tgz. Extracting by manifest.
2520 silly tarball no local data for chalk@https://registry.npmjs.org/chalk/-/chalk-2.4.2.tgz. Extracting by manifest.
2521 silly tarball no local data for chalk@https://registry.npmjs.org/chalk/-/chalk-2.4.2.tgz. Extracting by manifest.
2522 silly tarball no local data for log-symbols@https://registry.npmjs.org/log-symbols/-/log-symbols-2.2.0.tgz. Extracting by manifest.
2523 silly tarball no local data for @expo/json-file@https://registry.npmjs.org/@expo/json-file/-/json-file-10.0.13.tgz. Extracting by manifest.
2524 silly tarball no local data for @expo/osascript@https://registry.npmjs.org/@expo/osascript/-/osascript-2.1.4.tgz. Extracting by manifest.
2525 silly tarball no local data for @expo/json-file@https://registry.npmjs.org/@expo/json-file/-/json-file-8.3.3.tgz. Extracting by manifest.
2526 silly tarball no local data for @expo/image-utils@https://registry.npmjs.org/@expo/image-utils/-/image-utils-0.6.5.tgz. Extracting by manifest.
2527 silly tarball no local data for @babel/code-frame@https://registry.npmjs.org/@babel/code-frame/-/code-frame-7.10.4.tgz. Extracting by manifest.
2528 silly tarball no local data for universalify@https://registry.npmjs.org/universalify/-/universalify-1.0.0.tgz. Extracting by manifest.
2529 silly tarball no local data for semver@https://registry.npmjs.org/semver/-/semver-7.7.4.tgz. Extracting by manifest.
2530 silly tarball no local data for @expo/env@https://registry.npmjs.org/@expo/env/-/env-1.0.7.tgz. Extracting by manifest.
2531 silly tarball no local data for fs-extra@https://registry.npmjs.org/fs-extra/-/fs-extra-9.0.0.tgz. Extracting by manifest.
2532 silly tarball no local data for dotenv@https://registry.npmjs.org/dotenv/-/dotenv-16.4.7.tgz. Extracting by manifest.
2533 silly tarball no local data for @expo/config-types@https://registry.npmjs.org/@expo/config-types/-/config-types-55.0.5.tgz. Extracting by manifest.
2534 silly tarball no local data for getenv@https://registry.npmjs.org/getenv/-/getenv-2.0.0.tgz. Extracting by manifest.
2535 silly tarball no local data for @expo/config-plugins@https://registry.npmjs.org/@expo/config-plugins/-/config-plugins-55.0.7.tgz. Extracting by manifest.
2536 silly tarball no local data for @expo/plist@https://registry.npmjs.org/@expo/plist/-/plist-0.5.2.tgz. Extracting by manifest.
2537 silly tarball no local data for getenv@https://registry.npmjs.org/getenv/-/getenv-2.0.0.tgz. Extracting by manifest.
2538 silly tarball no local data for @expo/json-file@https://registry.npmjs.org/@expo/json-file/-/json-file-10.0.13.tgz. Extracting by manifest.
2539 silly tarball no local data for @expo/config@https://registry.npmjs.org/@expo/config/-/config-55.0.10.tgz. Extracting by manifest.
2540 silly tarball no local data for semver@https://registry.npmjs.org/semver/-/semver-7.7.4.tgz. Extracting by manifest.
2541 silly tarball no local data for getenv@https://registry.npmjs.org/getenv/-/getenv-2.0.0.tgz. Extracting by manifest.
2542 silly tarball no local data for @expo/code-signing-certificates@https://registry.npmjs.org/@expo/code-signing-certificates/-/code-signing-certificates-0.0.5.tgz. Extracting by manifest.
2543 silly tarball no local data for @expo/json-file@https://registry.npmjs.org/@expo/json-file/-/json-file-10.0.13.tgz. Extracting by manifest.
2544 silly tarball no local data for source-map@https://registry.npmjs.org/source-map/-/source-map-0.6.1.tgz. Extracting by manifest.
2545 silly tarball no local data for ms@https://registry.npmjs.org/ms/-/ms-2.0.0.tgz. Extracting by manifest.
2546 silly tarball no local data for debug@https://registry.npmjs.org/debug/-/debug-2.6.9.tgz. Extracting by manifest.
2547 silly tarball no local data for negotiator@https://registry.npmjs.org/negotiator/-/negotiator-0.6.4.tgz. Extracting by manifest.
2548 silly tarball no local data for ms@https://registry.npmjs.org/ms/-/ms-2.0.0.tgz. Extracting by manifest.
2549 silly tarball no local data for debug@https://registry.npmjs.org/debug/-/debug-2.6.9.tgz. Extracting by manifest.
2550 silly tarball no local data for open@https://registry.npmjs.org/open/-/open-8.4.2.tgz. Extracting by manifest.
2551 silly tarball no local data for type-fest@https://registry.npmjs.org/type-fest/-/type-fest-0.21.3.tgz. Extracting by manifest.
2552 silly tarball no local data for json-schema-traverse@https://registry.npmjs.org/json-schema-traverse/-/json-schema-traverse-1.0.0.tgz. Extracting by manifest.
2553 silly tarball no local data for ajv@https://registry.npmjs.org/ajv/-/ajv-8.18.0.tgz. Extracting by manifest.
2554 silly tarball no local data for semver@https://registry.npmjs.org/semver/-/semver-7.7.4.tgz. Extracting by manifest.
2555 silly tarball no local data for eslint-visitor-keys@https://registry.npmjs.org/eslint-visitor-keys/-/eslint-visitor-keys-5.0.1.tgz. Extracting by manifest.
2556 silly tarball no local data for minimatch@https://registry.npmjs.org/minimatch/-/minimatch-10.2.5.tgz. Extracting by manifest.
2557 silly tarball no local data for brace-expansion@https://registry.npmjs.org/brace-expansion/-/brace-expansion-5.0.5.tgz. Extracting by manifest.
2558 silly tarball no local data for ignore@https://registry.npmjs.org/ignore/-/ignore-7.0.5.tgz. Extracting by manifest.
2559 silly tarball no local data for https-proxy-agent@https://registry.npmjs.org/https-proxy-agent/-/https-proxy-agent-5.0.1.tgz. Extracting by manifest.
2560 silly tarball no local data for agent-base@https://registry.npmjs.org/agent-base/-/agent-base-6.0.2.tgz. Extracting by manifest.
2561 silly tarball no local data for balanced-match@https://registry.npmjs.org/balanced-match/-/balanced-match-4.0.4.tgz. Extracting by manifest.
2562 silly tarball no local data for ws@https://registry.npmjs.org/ws/-/ws-6.2.3.tgz. Extracting by manifest.
2563 silly tarball no local data for semver@https://registry.npmjs.org/semver/-/semver-7.7.4.tgz. Extracting by manifest.
2564 silly tarball no local data for glob@https://registry.npmjs.org/glob/-/glob-7.2.3.tgz. Extracting by manifest.
2565 silly tarball no local data for supports-color@https://registry.npmjs.org/supports-color/-/supports-color-8.1.1.tgz. Extracting by manifest.
2566 silly tarball no local data for semver@https://registry.npmjs.org/semver/-/semver-7.7.4.tgz. Extracting by manifest.
2567 silly tarball no local data for minimatch@https://registry.npmjs.org/minimatch/-/minimatch-10.2.5.tgz. Extracting by manifest.
2568 silly tarball no local data for brace-expansion@https://registry.npmjs.org/brace-expansion/-/brace-expansion-5.0.5.tgz. Extracting by manifest.
2569 silly tarball no local data for balanced-match@https://registry.npmjs.org/balanced-match/-/balanced-match-4.0.4.tgz. Extracting by manifest.
2570 silly tarball no local data for p-locate@https://registry.npmjs.org/p-locate/-/p-locate-4.1.0.tgz. Extracting by manifest.
2571 silly tarball no local data for p-limit@https://registry.npmjs.org/p-limit/-/p-limit-2.3.0.tgz. Extracting by manifest.
2572 silly tarball no local data for locate-path@https://registry.npmjs.org/locate-path/-/locate-path-5.0.0.tgz. Extracting by manifest.
2573 silly tarball no local data for js-yaml@https://registry.npmjs.org/js-yaml/-/js-yaml-3.14.2.tgz. Extracting by manifest.
2574 silly tarball no local data for find-up@https://registry.npmjs.org/find-up/-/find-up-4.1.0.tgz. Extracting by manifest.
2575 silly tarball no local data for camelcase@https://registry.npmjs.org/camelcase/-/camelcase-5.3.1.tgz. Extracting by manifest.
2576 silly tarball no local data for argparse@https://registry.npmjs.org/argparse/-/argparse-1.0.10.tgz. Extracting by manifest.
2577 silly tarball no local data for wrap-ansi@https://registry.npmjs.org/wrap-ansi/-/wrap-ansi-8.1.0.tgz. Extracting by manifest.
2578 silly tarball no local data for strip-ansi@https://registry.npmjs.org/strip-ansi/-/strip-ansi-7.2.0.tgz. Extracting by manifest.
2579 silly tarball no local data for string-width@https://registry.npmjs.org/string-width/-/string-width-5.1.2.tgz. Extracting by manifest.
2580 silly tarball no local data for emoji-regex@https://registry.npmjs.org/emoji-regex/-/emoji-regex-9.2.2.tgz. Extracting by manifest.
2581 silly tarball no local data for ansi-styles@https://registry.npmjs.org/ansi-styles/-/ansi-styles-6.2.3.tgz. Extracting by manifest.
2582 silly tarball no local data for ansi-regex@https://registry.npmjs.org/ansi-regex/-/ansi-regex-6.2.2.tgz. Extracting by manifest.
2583 silly tarball no local data for uuid@https://registry.npmjs.org/uuid/-/uuid-9.0.1.tgz. Extracting by manifest.
2584 silly tarball no local data for joi@https://registry.npmjs.org/joi/-/joi-17.13.3.tgz. Extracting by manifest.
2585 silly tarball no local data for uuid@https://registry.npmjs.org/uuid/-/uuid-8.3.2.tgz. Extracting by manifest.
2586 silly tarball no local data for semver@https://registry.npmjs.org/semver/-/semver-7.7.4.tgz. Extracting by manifest.
2587 silly tarball no local data for supports-color@https://registry.npmjs.org/supports-color/-/supports-color-8.1.1.tgz. Extracting by manifest.
2588 silly tarball no local data for semver@https://registry.npmjs.org/semver/-/semver-7.7.4.tgz. Extracting by manifest.
2589 silly tarball no local data for @babel/plugin-transform-runtime@https://registry.npmjs.org/@babel/plugin-transform-runtime/-/plugin-transform-runtime-7.29.0.tgz. Extracting by manifest.
2590 silly tarball no local data for js-yaml@https://registry.npmjs.org/js-yaml/-/js-yaml-3.14.2.tgz. Extracting by manifest.
2591 silly tarball no local data for fs-extra@https://registry.npmjs.org/fs-extra/-/fs-extra-10.1.0.tgz. Extracting by manifest.
2592 silly tarball no local data for argparse@https://registry.npmjs.org/argparse/-/argparse-1.0.10.tgz. Extracting by manifest.
2593 silly tarball no local data for @oclif/core@https://registry.npmjs.org/@oclif/core/-/core-2.16.0.tgz. Extracting by manifest.
2594 silly tarball no local data for supports-color@https://registry.npmjs.org/supports-color/-/supports-color-8.1.1.tgz. Extracting by manifest.
2595 silly tarball no local data for js-yaml@https://registry.npmjs.org/js-yaml/-/js-yaml-3.14.2.tgz. Extracting by manifest.
2596 silly tarball no local data for argparse@https://registry.npmjs.org/argparse/-/argparse-1.0.10.tgz. Extracting by manifest.
2597 silly tarball no local data for @oclif/core@https://registry.npmjs.org/@oclif/core/-/core-2.16.0.tgz. Extracting by manifest.
2598 silly tarball no local data for minimatch@https://registry.npmjs.org/minimatch/-/minimatch-9.0.9.tgz. Extracting by manifest.
2599 silly tarball no local data for brace-expansion@https://registry.npmjs.org/brace-expansion/-/brace-expansion-2.0.3.tgz. Extracting by manifest.
2600 silly tarball no local data for semver@https://registry.npmjs.org/semver/-/semver-7.7.4.tgz. Extracting by manifest.
2601 silly tarball no local data for semver@https://registry.npmjs.org/semver/-/semver-7.7.4.tgz. Extracting by manifest.
2602 silly tarball no local data for minimatch@https://registry.npmjs.org/minimatch/-/minimatch-9.0.9.tgz. Extracting by manifest.
2603 silly tarball no local data for brace-expansion@https://registry.npmjs.org/brace-expansion/-/brace-expansion-2.0.3.tgz. Extracting by manifest.
2604 silly tarball no local data for yallist@https://registry.npmjs.org/yallist/-/yallist-4.0.0.tgz. Extracting by manifest.
2605 silly tarball no local data for tslib@https://registry.npmjs.org/tslib/-/tslib-2.4.1.tgz. Extracting by manifest.
2606 silly tarball no local data for supports-color@https://registry.npmjs.org/supports-color/-/supports-color-5.5.0.tgz. Extracting by manifest.
2607 silly tarball no local data for semver@https://registry.npmjs.org/semver/-/semver-7.5.2.tgz. Extracting by manifest.
2608 silly tarball no local data for lru-cache@https://registry.npmjs.org/lru-cache/-/lru-cache-6.0.0.tgz. Extracting by manifest.
2609 silly tarball no local data for log-symbols@https://registry.npmjs.org/log-symbols/-/log-symbols-4.1.0.tgz. Extracting by manifest.
2610 silly tarball no local data for has-flag@https://registry.npmjs.org/has-flag/-/has-flag-3.0.0.tgz. Extracting by manifest.
2611 silly tarball no local data for escape-string-regexp@https://registry.npmjs.org/escape-string-regexp/-/escape-string-regexp-1.0.5.tgz. Extracting by manifest.
2612 silly tarball no local data for color-name@https://registry.npmjs.org/color-name/-/color-name-1.1.3.tgz. Extracting by manifest.
2613 silly tarball no local data for color-convert@https://registry.npmjs.org/color-convert/-/color-convert-1.9.3.tgz. Extracting by manifest.
2614 silly tarball no local data for ansi-styles@https://registry.npmjs.org/ansi-styles/-/ansi-styles-3.2.1.tgz. Extracting by manifest.
2615 silly tarball no local data for chalk@https://registry.npmjs.org/chalk/-/chalk-2.4.2.tgz. Extracting by manifest.
2616 silly tarball no local data for @babel/code-frame@https://registry.npmjs.org/@babel/code-frame/-/code-frame-7.23.5.tgz. Extracting by manifest.
2617 silly tarball no local data for semver@https://registry.npmjs.org/semver/-/semver-7.7.4.tgz. Extracting by manifest.
2618 silly tarball no local data for joi@https://registry.npmjs.org/joi/-/joi-17.13.3.tgz. Extracting by manifest.
2619 silly tarball no local data for debug@https://registry.npmjs.org/debug/-/debug-3.2.7.tgz. Extracting by manifest.
2620 silly tarball no local data for semver@https://registry.npmjs.org/semver/-/semver-7.7.4.tgz. Extracting by manifest.
2621 silly tarball no local data for semver@https://registry.npmjs.org/semver/-/semver-7.7.4.tgz. Extracting by manifest.
2622 silly tarball no local data for @babel/code-frame@https://registry.npmjs.org/@babel/code-frame/-/code-frame-7.10.4.tgz. Extracting by manifest.
2623 silly tarball no local data for uuid@https://registry.npmjs.org/uuid/-/uuid-8.3.2.tgz. Extracting by manifest.
2624 silly tarball no local data for eslint-visitor-keys@https://registry.npmjs.org/eslint-visitor-keys/-/eslint-visitor-keys-3.4.3.tgz. Extracting by manifest.
2625 silly tarball no local data for @jridgewell/trace-mapping@https://registry.npmjs.org/@jridgewell/trace-mapping/-/trace-mapping-0.3.9.tgz. Extracting by manifest.
2626 silly tarball no local data for supports-color@https://registry.npmjs.org/supports-color/-/supports-color-5.5.0.tgz. Extracting by manifest.
2627 silly tarball no local data for has-flag@https://registry.npmjs.org/has-flag/-/has-flag-3.0.0.tgz. Extracting by manifest.
2628 silly tarball no local data for color-name@https://registry.npmjs.org/color-name/-/color-name-1.1.3.tgz. Extracting by manifest.
2629 silly tarball no local data for escape-string-regexp@https://registry.npmjs.org/escape-string-regexp/-/escape-string-regexp-1.0.5.tgz. Extracting by manifest.
2630 silly tarball no local data for color-convert@https://registry.npmjs.org/color-convert/-/color-convert-1.9.3.tgz. Extracting by manifest.
2631 silly tarball no local data for chalk@https://registry.npmjs.org/chalk/-/chalk-2.4.2.tgz. Extracting by manifest.
2632 silly tarball no local data for ansi-styles@https://registry.npmjs.org/ansi-styles/-/ansi-styles-3.2.1.tgz. Extracting by manifest.
2633 silly tarball no local data for resolve@https://registry.npmjs.org/resolve/-/resolve-1.22.11.tgz. Extracting by manifest.
2634 silly tarball no local data for @babel/helper-globals@https://registry.npmjs.org/@babel/helper-globals/-/helper-globals-7.28.0.tgz. Extracting by manifest.
2635 verbose reify failed optional dependency E:\smartparkingcopy\ParkingApp\node_modules\safe-json-stringify
2636 silly reify mark deleted [
2636 silly reify   'E:\\smartparkingcopy\\ParkingApp\\node_modules\\safe-json-stringify'
2636 silly reify ]
2637 verbose reify failed optional dependency E:\smartparkingcopy\ParkingApp\node_modules\ncp
2638 silly reify mark deleted [
2638 silly reify   'E:\\smartparkingcopy\\ParkingApp\\node_modules\\ncp',
2638 silly reify   'E:\\smartparkingcopy\\ParkingApp\\node_modules\\.bin\\ncp',
2638 silly reify   'E:\\smartparkingcopy\\ParkingApp\\node_modules\\.bin\\ncp.cmd',
2638 silly reify   'E:\\smartparkingcopy\\ParkingApp\\node_modules\\.bin\\ncp.ps1'
2638 silly reify ]
2639 verbose reify failed optional dependency E:\smartparkingcopy\ParkingApp\node_modules\mv
2640 silly reify mark deleted [ 'E:\\smartparkingcopy\\ParkingApp\\node_modules\\mv' ]
2641 verbose reify failed optional dependency E:\smartparkingcopy\ParkingApp\node_modules\mv\node_modules\mkdirp
2642 silly reify mark deleted [
2642 silly reify   'E:\\smartparkingcopy\\ParkingApp\\node_modules\\mv\\node_modules\\mkdirp',
2642 silly reify   'E:\\smartparkingcopy\\ParkingApp\\node_modules\\mv\\node_modules\\.bin\\mkdirp',
2642 silly reify   'E:\\smartparkingcopy\\ParkingApp\\node_modules\\mv\\node_modules\\.bin\\mkdirp.cmd',
2642 silly reify   'E:\\smartparkingcopy\\ParkingApp\\node_modules\\mv\\node_modules\\.bin\\mkdirp.ps1'
2642 silly reify ]
2643 verbose reify failed optional dependency E:\smartparkingcopy\ParkingApp\node_modules\mv\node_modules\rimraf
2644 silly reify mark deleted [
2644 silly reify   'E:\\smartparkingcopy\\ParkingApp\\node_modules\\mv\\node_modules\\rimraf',
2644 silly reify   'E:\\smartparkingcopy\\ParkingApp\\node_modules\\mv\\node_modules\\.bin\\rimraf',
2644 silly reify   'E:\\smartparkingcopy\\ParkingApp\\node_modules\\mv\\node_modules\\.bin\\rimraf.cmd',
2644 silly reify   'E:\\smartparkingcopy\\ParkingApp\\node_modules\\mv\\node_modules\\.bin\\rimraf.ps1'
2644 silly reify ]
2645 verbose reify failed optional dependency E:\smartparkingcopy\ParkingApp\node_modules\mv\node_modules\glob
2646 silly reify mark deleted [
2646 silly reify   'E:\\smartparkingcopy\\ParkingApp\\node_modules\\mv\\node_modules\\glob'
2646 silly reify ]
2647 verbose reify failed optional dependency E:\smartparkingcopy\ParkingApp\node_modules\nan
2648 silly reify mark deleted [ 'E:\\smartparkingcopy\\ParkingApp\\node_modules\\nan' ]
2649 verbose reify failed optional dependency E:\smartparkingcopy\ParkingApp\node_modules\dtrace-provider
2650 silly reify mark deleted [ 'E:\\smartparkingcopy\\ParkingApp\\node_modules\\dtrace-provider' ]
2651 verbose reify failed optional dependency E:\smartparkingcopy\ParkingApp\node_modules\mv
2652 silly reify mark deleted [ 'E:\\smartparkingcopy\\ParkingApp\\node_modules\\mv' ]
2653 verbose reify failed optional dependency E:\smartparkingcopy\ParkingApp\node_modules\mv\node_modules\mkdirp
2654 silly reify mark deleted [
2654 silly reify   'E:\\smartparkingcopy\\ParkingApp\\node_modules\\mv\\node_modules\\mkdirp',
2654 silly reify   'E:\\smartparkingcopy\\ParkingApp\\node_modules\\mv\\node_modules\\.bin\\mkdirp',
2654 silly reify   'E:\\smartparkingcopy\\ParkingApp\\node_modules\\mv\\node_modules\\.bin\\mkdirp.cmd',
2654 silly reify   'E:\\smartparkingcopy\\ParkingApp\\node_modules\\mv\\node_modules\\.bin\\mkdirp.ps1'
2654 silly reify ]
2655 verbose reify failed optional dependency E:\smartparkingcopy\ParkingApp\node_modules\ncp
2656 silly reify mark deleted [
2656 silly reify   'E:\\smartparkingcopy\\ParkingApp\\node_modules\\ncp',
2656 silly reify   'E:\\smartparkingcopy\\ParkingApp\\node_modules\\.bin\\ncp',
2656 silly reify   'E:\\smartparkingcopy\\ParkingApp\\node_modules\\.bin\\ncp.cmd',
2656 silly reify   'E:\\smartparkingcopy\\ParkingApp\\node_modules\\.bin\\ncp.ps1'
2656 silly reify ]
2657 verbose reify failed optional dependency E:\smartparkingcopy\ParkingApp\node_modules\mv\node_modules\rimraf
2658 silly reify mark deleted [
2658 silly reify   'E:\\smartparkingcopy\\ParkingApp\\node_modules\\mv\\node_modules\\rimraf',
2658 silly reify   'E:\\smartparkingcopy\\ParkingApp\\node_modules\\mv\\node_modules\\.bin\\rimraf',
2658 silly reify   'E:\\smartparkingcopy\\ParkingApp\\node_modules\\mv\\node_modules\\.bin\\rimraf.cmd',
2658 silly reify   'E:\\smartparkingcopy\\ParkingApp\\node_modules\\mv\\node_modules\\.bin\\rimraf.ps1'
2658 silly reify ]
2659 verbose reify failed optional dependency E:\smartparkingcopy\ParkingApp\node_modules\mv\node_modules\glob
2660 silly reify mark deleted [
2660 silly reify   'E:\\smartparkingcopy\\ParkingApp\\node_modules\\mv\\node_modules\\glob'
2660 silly reify ]
2661 verbose reify failed optional dependency E:\smartparkingcopy\ParkingApp\node_modules\moment
2662 silly reify mark deleted [ 'E:\\smartparkingcopy\\ParkingApp\\node_modules\\moment' ]
2663 verbose reify failed optional dependency E:\smartparkingcopy\ParkingApp\node_modules\lightningcss-win32-x64-msvc
2664 silly reify mark deleted [
2664 silly reify   'E:\\smartparkingcopy\\ParkingApp\\node_modules\\lightningcss-win32-x64-msvc'
2664 silly reify ]
2665 verbose reify failed optional dependency E:\smartparkingcopy\ParkingApp\node_modules\dtrace-provider
2666 silly reify mark deleted [ 'E:\\smartparkingcopy\\ParkingApp\\node_modules\\dtrace-provider' ]
2667 verbose reify failed optional dependency E:\smartparkingcopy\ParkingApp\node_modules\nan
2668 silly reify mark deleted [ 'E:\\smartparkingcopy\\ParkingApp\\node_modules\\nan' ]
2669 verbose reify failed optional dependency E:\smartparkingcopy\ParkingApp\node_modules\@unrs\resolver-binding-win32-x64-msvc
2670 silly reify mark deleted [
2670 silly reify   'E:\\smartparkingcopy\\ParkingApp\\node_modules\\@unrs\\resolver-binding-win32-x64-msvc'
2670 silly reify ]
2671 verbose reify failed optional dependency E:\smartparkingcopy\ParkingApp\node_modules\@tybys\wasm-util
2672 silly reify mark deleted [ 'E:\\smartparkingcopy\\ParkingApp\\node_modules\\@tybys\\wasm-util' ]
2673 verbose reify failed optional dependency E:\smartparkingcopy\ParkingApp\node_modules\@napi-rs\wasm-runtime
2674 silly reify mark deleted [
2674 silly reify   'E:\\smartparkingcopy\\ParkingApp\\node_modules\\@napi-rs\\wasm-runtime'
2674 silly reify ]
2675 verbose reify failed optional dependency E:\smartparkingcopy\ParkingApp\node_modules\@unrs\resolver-binding-wasm32-wasi
2676 silly reify mark deleted [
2676 silly reify   'E:\\smartparkingcopy\\ParkingApp\\node_modules\\@unrs\\resolver-binding-wasm32-wasi'
2676 silly reify ]
2677 verbose reify failed optional dependency E:\smartparkingcopy\ParkingApp\node_modules\@emnapi\core
2678 silly reify mark deleted [ 'E:\\smartparkingcopy\\ParkingApp\\node_modules\\@emnapi\\core' ]
2679 verbose reify failed optional dependency E:\smartparkingcopy\ParkingApp\node_modules\@emnapi\runtime
2680 silly reify mark deleted [ 'E:\\smartparkingcopy\\ParkingApp\\node_modules\\@emnapi\\runtime' ]
2681 verbose reify failed optional dependency E:\smartparkingcopy\ParkingApp\node_modules\@emnapi\wasi-threads
2682 silly reify mark deleted [
2682 silly reify   'E:\\smartparkingcopy\\ParkingApp\\node_modules\\@emnapi\\wasi-threads'
2682 silly reify ]
2683 verbose reify failed optional dependency E:\smartparkingcopy\ParkingApp\node_modules\@pkgjs\parseargs
2684 silly reify mark deleted [ 'E:\\smartparkingcopy\\ParkingApp\\node_modules\\@pkgjs\\parseargs' ]
2685 verbose reify failed optional dependency E:\smartparkingcopy\ParkingApp\node_modules\@napi-rs\wasm-runtime
2686 silly reify mark deleted [
2686 silly reify   'E:\\smartparkingcopy\\ParkingApp\\node_modules\\@napi-rs\\wasm-runtime'
2686 silly reify ]
2687 verbose reify failed optional dependency E:\smartparkingcopy\ParkingApp\node_modules\@unrs\resolver-binding-wasm32-wasi
2688 silly reify mark deleted [
2688 silly reify   'E:\\smartparkingcopy\\ParkingApp\\node_modules\\@unrs\\resolver-binding-wasm32-wasi'
2688 silly reify ]
2689 verbose reify failed optional dependency E:\smartparkingcopy\ParkingApp\node_modules\@emnapi\core
2690 silly reify mark deleted [ 'E:\\smartparkingcopy\\ParkingApp\\node_modules\\@emnapi\\core' ]
2691 verbose reify failed optional dependency E:\smartparkingcopy\ParkingApp\node_modules\@emnapi\runtime
2692 silly reify mark deleted [ 'E:\\smartparkingcopy\\ParkingApp\\node_modules\\@emnapi\\runtime' ]
2693 verbose reify failed optional dependency E:\smartparkingcopy\ParkingApp\node_modules\@tybys\wasm-util
2694 silly reify mark deleted [ 'E:\\smartparkingcopy\\ParkingApp\\node_modules\\@tybys\\wasm-util' ]
2695 verbose reify failed optional dependency E:\smartparkingcopy\ParkingApp\node_modules\@emnapi\wasi-threads
2696 silly reify mark deleted [
2696 silly reify   'E:\\smartparkingcopy\\ParkingApp\\node_modules\\@emnapi\\wasi-threads'
2696 silly reify ]
2697 verbose reify failed optional dependency E:\smartparkingcopy\ParkingApp\node_modules\@emnapi\wasi-threads
2698 silly reify mark deleted [
2698 silly reify   'E:\\smartparkingcopy\\ParkingApp\\node_modules\\@emnapi\\wasi-threads'
2698 silly reify ]
2699 verbose reify failed optional dependency E:\smartparkingcopy\ParkingApp\node_modules\@emnapi\core
2700 silly reify mark deleted [ 'E:\\smartparkingcopy\\ParkingApp\\node_modules\\@emnapi\\core' ]
2701 verbose reify failed optional dependency E:\smartparkingcopy\ParkingApp\node_modules\@napi-rs\wasm-runtime
2702 silly reify mark deleted [
2702 silly reify   'E:\\smartparkingcopy\\ParkingApp\\node_modules\\@napi-rs\\wasm-runtime'
2702 silly reify ]
2703 verbose reify failed optional dependency E:\smartparkingcopy\ParkingApp\node_modules\@unrs\resolver-binding-wasm32-wasi
2704 silly reify mark deleted [
2704 silly reify   'E:\\smartparkingcopy\\ParkingApp\\node_modules\\@unrs\\resolver-binding-wasm32-wasi'
2704 silly reify ]
2705 verbose reify failed optional dependency E:\smartparkingcopy\ParkingApp\node_modules\@emnapi\runtime
2706 silly reify mark deleted [ 'E:\\smartparkingcopy\\ParkingApp\\node_modules\\@emnapi\\runtime' ]
2707 verbose reify failed optional dependency E:\smartparkingcopy\ParkingApp\node_modules\@tybys\wasm-util
2708 silly reify mark deleted [ 'E:\\smartparkingcopy\\ParkingApp\\node_modules\\@tybys\\wasm-util' ]
2709 verbose reify failed optional dependency E:\smartparkingcopy\ParkingApp\node_modules\@emnapi\runtime
2710 silly reify mark deleted [ 'E:\\smartparkingcopy\\ParkingApp\\node_modules\\@emnapi\\runtime' ]
2711 verbose reify failed optional dependency E:\smartparkingcopy\ParkingApp\node_modules\@napi-rs\wasm-runtime
2712 silly reify mark deleted [
2712 silly reify   'E:\\smartparkingcopy\\ParkingApp\\node_modules\\@napi-rs\\wasm-runtime'
2712 silly reify ]
2713 verbose reify failed optional dependency E:\smartparkingcopy\ParkingApp\node_modules\@unrs\resolver-binding-wasm32-wasi
2714 silly reify mark deleted [
2714 silly reify   'E:\\smartparkingcopy\\ParkingApp\\node_modules\\@unrs\\resolver-binding-wasm32-wasi'
2714 silly reify ]
2715 verbose reify failed optional dependency E:\smartparkingcopy\ParkingApp\node_modules\@emnapi\core
2716 silly reify mark deleted [ 'E:\\smartparkingcopy\\ParkingApp\\node_modules\\@emnapi\\core' ]
2717 verbose reify failed optional dependency E:\smartparkingcopy\ParkingApp\node_modules\@tybys\wasm-util
2718 silly reify mark deleted [ 'E:\\smartparkingcopy\\ParkingApp\\node_modules\\@tybys\\wasm-util' ]
2719 verbose reify failed optional dependency E:\smartparkingcopy\ParkingApp\node_modules\@emnapi\wasi-threads
2720 silly reify mark deleted [
2720 silly reify   'E:\\smartparkingcopy\\ParkingApp\\node_modules\\@emnapi\\wasi-threads'
2720 silly reify ]
2721 verbose reify failed optional dependency E:\smartparkingcopy\ParkingApp\node_modules\@emnapi\core
2722 silly reify mark deleted [ 'E:\\smartparkingcopy\\ParkingApp\\node_modules\\@emnapi\\core' ]
2723 verbose reify failed optional dependency E:\smartparkingcopy\ParkingApp\node_modules\@napi-rs\wasm-runtime
2724 silly reify mark deleted [
2724 silly reify   'E:\\smartparkingcopy\\ParkingApp\\node_modules\\@napi-rs\\wasm-runtime'
2724 silly reify ]
2725 verbose reify failed optional dependency E:\smartparkingcopy\ParkingApp\node_modules\@unrs\resolver-binding-wasm32-wasi
2726 silly reify mark deleted [
2726 silly reify   'E:\\smartparkingcopy\\ParkingApp\\node_modules\\@unrs\\resolver-binding-wasm32-wasi'
2726 silly reify ]
2727 verbose reify failed optional dependency E:\smartparkingcopy\ParkingApp\node_modules\@emnapi\wasi-threads
2728 silly reify mark deleted [
2728 silly reify   'E:\\smartparkingcopy\\ParkingApp\\node_modules\\@emnapi\\wasi-threads'
2728 silly reify ]
2729 verbose reify failed optional dependency E:\smartparkingcopy\ParkingApp\node_modules\@emnapi\runtime
2730 silly reify mark deleted [ 'E:\\smartparkingcopy\\ParkingApp\\node_modules\\@emnapi\\runtime' ]
2731 verbose reify failed optional dependency E:\smartparkingcopy\ParkingApp\node_modules\@tybys\wasm-util
2732 silly reify mark deleted [ 'E:\\smartparkingcopy\\ParkingApp\\node_modules\\@tybys\\wasm-util' ]
2733 verbose reify failed optional dependency E:\smartparkingcopy\ParkingApp\node_modules\mv\node_modules\rimraf
2734 silly reify mark deleted [
2734 silly reify   'E:\\smartparkingcopy\\ParkingApp\\node_modules\\mv\\node_modules\\rimraf',
2734 silly reify   'E:\\smartparkingcopy\\ParkingApp\\node_modules\\mv\\node_modules\\.bin\\rimraf',
2734 silly reify   'E:\\smartparkingcopy\\ParkingApp\\node_modules\\mv\\node_modules\\.bin\\rimraf.cmd',
2734 silly reify   'E:\\smartparkingcopy\\ParkingApp\\node_modules\\mv\\node_modules\\.bin\\rimraf.ps1'
2734 silly reify ]
2735 verbose reify failed optional dependency E:\smartparkingcopy\ParkingApp\node_modules\mv
2736 silly reify mark deleted [ 'E:\\smartparkingcopy\\ParkingApp\\node_modules\\mv' ]
2737 verbose reify failed optional dependency E:\smartparkingcopy\ParkingApp\node_modules\mv\node_modules\glob
2738 silly reify mark deleted [
2738 silly reify   'E:\\smartparkingcopy\\ParkingApp\\node_modules\\mv\\node_modules\\glob'
2738 silly reify ]
2739 verbose reify failed optional dependency E:\smartparkingcopy\ParkingApp\node_modules\mv\node_modules\mkdirp
2740 silly reify mark deleted [
2740 silly reify   'E:\\smartparkingcopy\\ParkingApp\\node_modules\\mv\\node_modules\\mkdirp',
2740 silly reify   'E:\\smartparkingcopy\\ParkingApp\\node_modules\\mv\\node_modules\\.bin\\mkdirp',
2740 silly reify   'E:\\smartparkingcopy\\ParkingApp\\node_modules\\mv\\node_modules\\.bin\\mkdirp.cmd',
2740 silly reify   'E:\\smartparkingcopy\\ParkingApp\\node_modules\\mv\\node_modules\\.bin\\mkdirp.ps1'
2740 silly reify ]
2741 verbose reify failed optional dependency E:\smartparkingcopy\ParkingApp\node_modules\ncp
2742 silly reify mark deleted [
2742 silly reify   'E:\\smartparkingcopy\\ParkingApp\\node_modules\\ncp',
2742 silly reify   'E:\\smartparkingcopy\\ParkingApp\\node_modules\\.bin\\ncp',
2742 silly reify   'E:\\smartparkingcopy\\ParkingApp\\node_modules\\.bin\\ncp.cmd',
2742 silly reify   'E:\\smartparkingcopy\\ParkingApp\\node_modules\\.bin\\ncp.ps1'
2742 silly reify ]
2743 verbose reify failed optional dependency E:\smartparkingcopy\ParkingApp\node_modules\mv\node_modules\mkdirp
2744 silly reify mark deleted [
2744 silly reify   'E:\\smartparkingcopy\\ParkingApp\\node_modules\\mv\\node_modules\\mkdirp',
2744 silly reify   'E:\\smartparkingcopy\\ParkingApp\\node_modules\\mv\\node_modules\\.bin\\mkdirp',
2744 silly reify   'E:\\smartparkingcopy\\ParkingApp\\node_modules\\mv\\node_modules\\.bin\\mkdirp.cmd',
2744 silly reify   'E:\\smartparkingcopy\\ParkingApp\\node_modules\\mv\\node_modules\\.bin\\mkdirp.ps1'
2744 silly reify ]
2745 verbose reify failed optional dependency E:\smartparkingcopy\ParkingApp\node_modules\mv
2746 silly reify mark deleted [ 'E:\\smartparkingcopy\\ParkingApp\\node_modules\\mv' ]
2747 verbose reify failed optional dependency E:\smartparkingcopy\ParkingApp\node_modules\ncp
2748 silly reify mark deleted [
2748 silly reify   'E:\\smartparkingcopy\\ParkingApp\\node_modules\\ncp',
2748 silly reify   'E:\\smartparkingcopy\\ParkingApp\\node_modules\\.bin\\ncp',
2748 silly reify   'E:\\smartparkingcopy\\ParkingApp\\node_modules\\.bin\\ncp.cmd',
2748 silly reify   'E:\\smartparkingcopy\\ParkingApp\\node_modules\\.bin\\ncp.ps1'
2748 silly reify ]
2749 verbose reify failed optional dependency E:\smartparkingcopy\ParkingApp\node_modules\mv\node_modules\rimraf
2750 silly reify mark deleted [
2750 silly reify   'E:\\smartparkingcopy\\ParkingApp\\node_modules\\mv\\node_modules\\rimraf',
2750 silly reify   'E:\\smartparkingcopy\\ParkingApp\\node_modules\\mv\\node_modules\\.bin\\rimraf',
2750 silly reify   'E:\\smartparkingcopy\\ParkingApp\\node_modules\\mv\\node_modules\\.bin\\rimraf.cmd',
2750 silly reify   'E:\\smartparkingcopy\\ParkingApp\\node_modules\\mv\\node_modules\\.bin\\rimraf.ps1'
2750 silly reify ]
2751 verbose reify failed optional dependency E:\smartparkingcopy\ParkingApp\node_modules\mv\node_modules\glob
2752 silly reify mark deleted [
2752 silly reify   'E:\\smartparkingcopy\\ParkingApp\\node_modules\\mv\\node_modules\\glob'
2752 silly reify ]
2753 verbose reify failed optional dependency E:\smartparkingcopy\ParkingApp\node_modules\mv\node_modules\glob
2754 silly reify mark deleted [
2754 silly reify   'E:\\smartparkingcopy\\ParkingApp\\node_modules\\mv\\node_modules\\glob'
2754 silly reify ]
2755 verbose reify failed optional dependency E:\smartparkingcopy\ParkingApp\node_modules\mv\node_modules\rimraf
2756 silly reify mark deleted [
2756 silly reify   'E:\\smartparkingcopy\\ParkingApp\\node_modules\\mv\\node_modules\\rimraf',
2756 silly reify   'E:\\smartparkingcopy\\ParkingApp\\node_modules\\mv\\node_modules\\.bin\\rimraf',
2756 silly reify   'E:\\smartparkingcopy\\ParkingApp\\node_modules\\mv\\node_modules\\.bin\\rimraf.cmd',
2756 silly reify   'E:\\smartparkingcopy\\ParkingApp\\node_modules\\mv\\node_modules\\.bin\\rimraf.ps1'
2756 silly reify ]
2757 verbose reify failed optional dependency E:\smartparkingcopy\ParkingApp\node_modules\mv
2758 silly reify mark deleted [ 'E:\\smartparkingcopy\\ParkingApp\\node_modules\\mv' ]
2759 verbose reify failed optional dependency E:\smartparkingcopy\ParkingApp\node_modules\mv\node_modules\mkdirp
2760 silly reify mark deleted [
2760 silly reify   'E:\\smartparkingcopy\\ParkingApp\\node_modules\\mv\\node_modules\\mkdirp',
2760 silly reify   'E:\\smartparkingcopy\\ParkingApp\\node_modules\\mv\\node_modules\\.bin\\mkdirp',
2760 silly reify   'E:\\smartparkingcopy\\ParkingApp\\node_modules\\mv\\node_modules\\.bin\\mkdirp.cmd',
2760 silly reify   'E:\\smartparkingcopy\\ParkingApp\\node_modules\\mv\\node_modules\\.bin\\mkdirp.ps1'
2760 silly reify ]
2761 verbose reify failed optional dependency E:\smartparkingcopy\ParkingApp\node_modules\ncp
2762 silly reify mark deleted [
2762 silly reify   'E:\\smartparkingcopy\\ParkingApp\\node_modules\\ncp',
2762 silly reify   'E:\\smartparkingcopy\\ParkingApp\\node_modules\\.bin\\ncp',
2762 silly reify   'E:\\smartparkingcopy\\ParkingApp\\node_modules\\.bin\\ncp.cmd',
2762 silly reify   'E:\\smartparkingcopy\\ParkingApp\\node_modules\\.bin\\ncp.ps1'
2762 silly reify ]
2763 warn cleanup Failed to remove some directories [
2763 warn cleanup   [
2763 warn cleanup     '\\\\?\\E:\\smartparkingcopy\\ParkingApp\\node_modules\\acorn',
2763 warn cleanup     [Error: EPERM: operation not permitted, rmdir 'E:\smartparkingcopy\ParkingApp\node_modules\acorn'] {
2763 warn cleanup       errno: -4048,
2763 warn cleanup       code: 'EPERM',
2763 warn cleanup       syscall: 'rmdir',
2763 warn cleanup       path: 'E:\\smartparkingcopy\\ParkingApp\\node_modules\\acorn'
2763 warn cleanup     }
2763 warn cleanup   ],
2763 warn cleanup   [
2763 warn cleanup     '\\\\?\\E:\\smartparkingcopy\\ParkingApp\\node_modules\\acorn-walk',
2763 warn cleanup     [Error: EPERM: operation not permitted, rmdir 'E:\smartparkingcopy\ParkingApp\node_modules\acorn-walk'] {
2763 warn cleanup       errno: -4048,
2763 warn cleanup       code: 'EPERM',
2763 warn cleanup       syscall: 'rmdir',
2763 warn cleanup       path: 'E:\\smartparkingcopy\\ParkingApp\\node_modules\\acorn-walk'
2763 warn cleanup     }
2763 warn cleanup   ],
2763 warn cleanup   [
2763 warn cleanup     '\\\\?\\E:\\smartparkingcopy\\ParkingApp\\node_modules\\abort-controller',
2763 warn cleanup     [Error: EPERM: operation not permitted, rmdir 'E:\smartparkingcopy\ParkingApp\node_modules\abort-controller'] {
2763 warn cleanup       errno: -4048,
2763 warn cleanup       code: 'EPERM',
2763 warn cleanup       syscall: 'rmdir',
2763 warn cleanup       path: 'E:\\smartparkingcopy\\ParkingApp\\node_modules\\abort-controller'
2763 warn cleanup     }
2763 warn cleanup   ],
2763 warn cleanup   [
2763 warn cleanup     '\\\\?\\E:\\smartparkingcopy\\ParkingApp\\node_modules\\ajv',
2763 warn cleanup     [Error: EPERM: operation not permitted, rmdir 'E:\smartparkingcopy\ParkingApp\node_modules\ajv'] {
2763 warn cleanup       errno: -4048,
2763 warn cleanup       code: 'EPERM',
2763 warn cleanup       syscall: 'rmdir',
2763 warn cleanup       path: 'E:\\smartparkingcopy\\ParkingApp\\node_modules\\ajv'
2763 warn cleanup     }
2763 warn cleanup   ],
2763 warn cleanup   [
2763 warn cleanup     '\\\\?\\E:\\smartparkingcopy\\ParkingApp\\node_modules\\acorn-jsx',
2763 warn cleanup     [Error: EPERM: operation not permitted, rmdir 'E:\smartparkingcopy\ParkingApp\node_modules\acorn-jsx'] {
2763 warn cleanup       errno: -4048,
2763 warn cleanup       code: 'EPERM',
2763 warn cleanup       syscall: 'rmdir',
2763 warn cleanup       path: 'E:\\smartparkingcopy\\ParkingApp\\node_modules\\acorn-jsx'
2763 warn cleanup     }
2763 warn cleanup   ],
2763 warn cleanup   [
2763 warn cleanup     '\\\\?\\E:\\smartparkingcopy\\ParkingApp\\node_modules\\agent-base',
2763 warn cleanup     [Error: EPERM: operation not permitted, rmdir 'E:\smartparkingcopy\ParkingApp\node_modules\agent-base'] {
2763 warn cleanup       errno: -4048,
2763 warn cleanup       code: 'EPERM',
2763 warn cleanup       syscall: 'rmdir',
2763 warn cleanup       path: 'E:\\smartparkingcopy\\ParkingApp\\node_modules\\agent-base'
2763 warn cleanup     }
2763 warn cleanup   ],
2763 warn cleanup   [
2763 warn cleanup     '\\\\?\\E:\\smartparkingcopy\\ParkingApp\\node_modules\\ansi-regex',
2763 warn cleanup     [Error: EPERM: operation not permitted, rmdir 'E:\smartparkingcopy\ParkingApp\node_modules\ansi-regex'] {
2763 warn cleanup       errno: -4048,
2763 warn cleanup       code: 'EPERM',
2763 warn cleanup       syscall: 'rmdir',
2763 warn cleanup       path: 'E:\\smartparkingcopy\\ParkingApp\\node_modules\\ansi-regex'
2763 warn cleanup     }
2763 warn cleanup   ],
2763 warn cleanup   [
2763 warn cleanup     '\\\\?\\E:\\smartparkingcopy\\ParkingApp\\node_modules\\ansi-styles',
2763 warn cleanup     [Error: EPERM: operation not permitted, rmdir 'E:\smartparkingcopy\ParkingApp\node_modules\ansi-styles'] {
2763 warn cleanup       errno: -4048,
2763 warn cleanup       code: 'EPERM',
2763 warn cleanup       syscall: 'rmdir',
2763 warn cleanup       path: 'E:\\smartparkingcopy\\ParkingApp\\node_modules\\ansi-styles'
2763 warn cleanup     }
2763 warn cleanup   ],
2763 warn cleanup   [
2763 warn cleanup     '\\\\?\\E:\\smartparkingcopy\\ParkingApp\\node_modules\\ansicolors',
2763 warn cleanup     [Error: EPERM: operation not permitted, rmdir 'E:\smartparkingcopy\ParkingApp\node_modules\ansicolors'] {
2763 warn cleanup       errno: -4048,
2763 warn cleanup       code: 'EPERM',
2763 warn cleanup       syscall: 'rmdir',
2763 warn cleanup       path: 'E:\\smartparkingcopy\\ParkingApp\\node_modules\\ansicolors'
2763 warn cleanup     }
2763 warn cleanup   ],
2763 warn cleanup   [
2763 warn cleanup     '\\\\?\\E:\\smartparkingcopy\\ParkingApp\\node_modules\\any-promise',
2763 warn cleanup     [Error: EPERM: operation not permitted, rmdir 'E:\smartparkingcopy\ParkingApp\node_modules\any-promise'] {
2763 warn cleanup       errno: -4048,
2763 warn cleanup       code: 'EPERM',
2763 warn cleanup       syscall: 'rmdir',
2763 warn cleanup       path: 'E:\\smartparkingcopy\\ParkingApp\\node_modules\\any-promise'
2763 warn cleanup     }
2763 warn cleanup   ],
2763 warn cleanup   [
2763 warn cleanup     '\\\\?\\E:\\smartparkingcopy\\ParkingApp\\node_modules\\ansis',
2763 warn cleanup     [Error: EPERM: operation not permitted, rmdir 'E:\smartparkingcopy\ParkingApp\node_modules\ansis'] {
2763 warn cleanup       errno: -4048,
2763 warn cleanup       code: 'EPERM',
2763 warn cleanup       syscall: 'rmdir',
2763 warn cleanup       path: 'E:\\smartparkingcopy\\ParkingApp\\node_modules\\ansis'
2763 warn cleanup     }
2763 warn cleanup   ],
2763 warn cleanup   [
2763 warn cleanup     '\\\\?\\E:\\smartparkingcopy\\ParkingApp\\node_modules\\anser',
2763 warn cleanup     [Error: EPERM: operation not permitted, rmdir 'E:\smartparkingcopy\ParkingApp\node_modules\anser'] {
2763 warn cleanup       errno: -4048,
2763 warn cleanup       code: 'EPERM',
2763 warn cleanup       syscall: 'rmdir',
2763 warn cleanup       path: 'E:\\smartparkingcopy\\ParkingApp\\node_modules\\anser'
2763 warn cleanup     }
2763 warn cleanup   ],
2763 warn cleanup   [
2763 warn cleanup     '\\\\?\\E:\\smartparkingcopy\\ParkingApp\\node_modules\\argparse',
2763 warn cleanup     [Error: EPERM: operation not permitted, rmdir 'E:\smartparkingcopy\ParkingApp\node_modules\argparse'] {
2763 warn cleanup       errno: -4048,
2763 warn cleanup       code: 'EPERM',
2763 warn cleanup       syscall: 'rmdir',
2763 warn cleanup       path: 'E:\\smartparkingcopy\\ParkingApp\\node_modules\\argparse'
2763 warn cleanup     }
2763 warn cleanup   ],
2763 warn cleanup   [
2763 warn cleanup     '\\\\?\\E:\\smartparkingcopy\\ParkingApp\\node_modules\\arg',
2763 warn cleanup     [Error: EPERM: operation not permitted, rmdir 'E:\smartparkingcopy\ParkingApp\node_modules\arg'] {
2763 warn cleanup       errno: -4048,
2763 warn cleanup       code: 'EPERM',
2763 warn cleanup       syscall: 'rmdir',
2763 warn cleanup       path: 'E:\\smartparkingcopy\\ParkingApp\\node_modules\\arg'
2763 warn cleanup     }
2763 warn cleanup   ],
2763 warn cleanup   [
2763 warn cleanup     '\\\\?\\E:\\smartparkingcopy\\ParkingApp\\node_modules\\array-buffer-byte-length',
2763 warn cleanup     [Error: EPERM: operation not permitted, rmdir 'E:\smartparkingcopy\ParkingApp\node_modules\array-buffer-byte-length'] {
2763 warn cleanup       errno: -4048,
2763 warn cleanup       code: 'EPERM',
2763 warn cleanup       syscall: 'rmdir',
2763 warn cleanup       path: 'E:\\smartparkingcopy\\ParkingApp\\node_modules\\array-buffer-byte-length'
2763 warn cleanup     }
2763 warn cleanup   ],
2763 warn cleanup   [
2763 warn cleanup     '\\\\?\\E:\\smartparkingcopy\\ParkingApp\\node_modules\\anymatch',
2763 warn cleanup     [Error: EPERM: operation not permitted, rmdir 'E:\smartparkingcopy\ParkingApp\node_modules\anymatch'] {
2763 warn cleanup       errno: -4048,
2763 warn cleanup       code: 'EPERM',
2763 warn cleanup       syscall: 'rmdir',
2763 warn cleanup       path: 'E:\\smartparkingcopy\\ParkingApp\\node_modules\\anymatch'
2763 warn cleanup     }
2763 warn cleanup   ],
2763 warn cleanup   [
2763 warn cleanup     '\\\\?\\E:\\smartparkingcopy\\ParkingApp\\node_modules\\aria-hidden',
2763 warn cleanup     [Error: EPERM: operation not permitted, rmdir 'E:\smartparkingcopy\ParkingApp\node_modules\aria-hidden'] {
2763 warn cleanup       errno: -4048,
2763 warn cleanup       code: 'EPERM',
2763 warn cleanup       syscall: 'rmdir',
2763 warn cleanup       path: 'E:\\smartparkingcopy\\ParkingApp\\node_modules\\aria-hidden'
2763 warn cleanup     }
2763 warn cleanup   ],
2763 warn cleanup   [
2763 warn cleanup     '\\\\?\\E:\\smartparkingcopy\\ParkingApp\\node_modules\\array-includes',
2763 warn cleanup     [Error: EPERM: operation not permitted, rmdir 'E:\smartparkingcopy\ParkingApp\node_modules\array-includes'] {
2763 warn cleanup       errno: -4048,
2763 warn cleanup       code: 'EPERM',
2763 warn cleanup       syscall: 'rmdir',
2763 warn cleanup       path: 'E:\\smartparkingcopy\\ParkingApp\\node_modules\\array-includes'
2763 warn cleanup     }
2763 warn cleanup   ],
2763 warn cleanup   [
2763 warn cleanup     '\\\\?\\E:\\smartparkingcopy\\ParkingApp\\node_modules\\array-union',
2763 warn cleanup     [Error: EPERM: operation not permitted, rmdir 'E:\smartparkingcopy\ParkingApp\node_modules\array-union'] {
2763 warn cleanup       errno: -4048,
2763 warn cleanup       code: 'EPERM',
2763 warn cleanup       syscall: 'rmdir',
2763 warn cleanup       path: 'E:\\smartparkingcopy\\ParkingApp\\node_modules\\array-union'
2763 warn cleanup     }
2763 warn cleanup   ],
2763 warn cleanup   [
2763 warn cleanup     '\\\\?\\E:\\smartparkingcopy\\ParkingApp\\node_modules\\array.prototype.flat',
2763 warn cleanup     [Error: EPERM: operation not permitted, rmdir 'E:\smartparkingcopy\ParkingApp\node_modules\array.prototype.flat'] {
2763 warn cleanup       errno: -4048,
2763 warn cleanup       code: 'EPERM',
2763 warn cleanup       syscall: 'rmdir',
2763 warn cleanup       path: 'E:\\smartparkingcopy\\ParkingApp\\node_modules\\array.prototype.flat'
2763 warn cleanup     }
2763 warn cleanup   ],
2763 warn cleanup   [
2763 warn cleanup     '\\\\?\\E:\\smartparkingcopy\\ParkingApp\\node_modules\\array.prototype.findlast',
2763 warn cleanup     [Error: EPERM: operation not permitted, rmdir 'E:\smartparkingcopy\ParkingApp\node_modules\array.prototype.findlast'] {
2763 warn cleanup       errno: -4048,
2763 warn cleanup       code: 'EPERM',
2763 warn cleanup       syscall: 'rmdir',
2763 warn cleanup       path: 'E:\\smartparkingcopy\\ParkingApp\\node_modules\\array.prototype.findlast'
2763 warn cleanup     }
2763 warn cleanup   ],
2763 warn cleanup   [
2763 warn cleanup     '\\\\?\\E:\\smartparkingcopy\\ParkingApp\\node_modules\\array.prototype.findlastindex',
2763 warn cleanup     [Error: EPERM: operation not permitted, rmdir 'E:\smartparkingcopy\ParkingApp\node_modules\array.prototype.findlastindex'] {
2763 warn cleanup       errno: -4048,
2763 warn cleanup       code: 'EPERM',
2763 warn cleanup       syscall: 'rmdir',
2763 warn cleanup       path: 'E:\\smartparkingcopy\\ParkingApp\\node_modules\\array.prototype.findlastindex'
2763 warn cleanup     }
2763 warn cleanup   ],
2763 warn cleanup   [
2763 warn cleanup     '\\\\?\\E:\\smartparkingcopy\\ParkingApp\\node_modules\\array.prototype.tosorted',
2763 warn cleanup     [Error: EPERM: operation not permitted, rmdir 'E:\smartparkingcopy\ParkingApp\node_modules\array.prototype.tosorted'] {
2763 warn cleanup       errno: -4048,
2763 warn cleanup       code: 'EPERM',
2763 warn cleanup       syscall: 'rmdir',
2763 warn cleanup       path: 'E:\\smartparkingcopy\\ParkingApp\\node_modules\\array.prototype.tosorted'
2763 warn cleanup     }
2763 warn cleanup   ],
2763 warn cleanup   [
2763 warn cleanup     '\\\\?\\E:\\smartparkingcopy\\ParkingApp\\node_modules\\asap',
2763 warn cleanup     [Error: EPERM: operation not permitted, rmdir 'E:\smartparkingcopy\ParkingApp\node_modules\asap'] {
2763 warn cleanup       errno: -4048,
2763 warn cleanup       code: 'EPERM',
2763 warn cleanup       syscall: 'rmdir',
2763 warn cleanup       path: 'E:\\smartparkingcopy\\ParkingApp\\node_modules\\asap'
2763 warn cleanup     }
2763 warn cleanup   ],
2763 warn cleanup   [
2763 warn cleanup     '\\\\?\\E:\\smartparkingcopy\\ParkingApp\\node_modules\\asn1',
2763 warn cleanup     [Error: EPERM: operation not permitted, rmdir 'E:\smartparkingcopy\ParkingApp\node_modules\asn1'] {
2763 warn cleanup       errno: -4048,
2763 warn cleanup       code: 'EPERM',
2763 warn cleanup       syscall: 'rmdir',
2763 warn cleanup       path: 'E:\\smartparkingcopy\\ParkingApp\\node_modules\\asn1'
2763 warn cleanup     }
2763 warn cleanup   ],
2763 warn cleanup   [
2763 warn cleanup     '\\\\?\\E:\\smartparkingcopy\\ParkingApp\\node_modules\\array.prototype.flatmap',
2763 warn cleanup     [Error: EPERM: operation not permitted, rmdir 'E:\smartparkingcopy\ParkingApp\node_modules\array.prototype.flatmap'] {
2763 warn cleanup       errno: -4048,
2763 warn cleanup       code: 'EPERM',
2763 warn cleanup       syscall: 'rmdir',
2763 warn cleanup       path: 'E:\\smartparkingcopy\\ParkingApp\\node_modules\\array.prototype.flatmap'
2763 warn cleanup     }
2763 warn cleanup   ],
2763 warn cleanup   [
2763 warn cleanup     '\\\\?\\E:\\smartparkingcopy\\ParkingApp\\node_modules\\async',
2763 warn cleanup     [Error: EPERM: operation not permitted, rmdir 'E:\smartparkingcopy\ParkingApp\node_modules\async'] {
2763 warn cleanup       errno: -4048,
2763 warn cleanup       code: 'EPERM',
2763 warn cleanup       syscall: 'rmdir',
2763 warn cleanup       path: 'E:\\smartparkingcopy\\ParkingApp\\node_modules\\async'
2763 warn cleanup     }
2763 warn cleanup   ],
2763 warn cleanup   [
2763 warn cleanup     '\\\\?\\E:\\smartparkingcopy\\ParkingApp\\node_modules\\arraybuffer.prototype.slice',
2763 warn cleanup     [Error: EPERM: operation not permitted, rmdir 'E:\smartparkingcopy\ParkingApp\node_modules\arraybuffer.prototype.slice'] {
2763 warn cleanup       errno: -4048,
2763 warn cleanup       code: 'EPERM',
2763 warn cleanup       syscall: 'rmdir',
2763 warn cleanup       path: 'E:\\smartparkingcopy\\ParkingApp\\node_modules\\arraybuffer.prototype.slice'
2763 warn cleanup     }
2763 warn cleanup   ],
2763 warn cleanup   [
2763 warn cleanup     '\\\\?\\E:\\smartparkingcopy\\ParkingApp\\node_modules\\astral-regex',
2763 warn cleanup     [Error: EPERM: operation not permitted, rmdir 'E:\smartparkingcopy\ParkingApp\node_modules\astral-regex'] {
2763 warn cleanup       errno: -4048,
2763 warn cleanup       code: 'EPERM',
2763 warn cleanup       syscall: 'rmdir',
2763 warn cleanup       path: 'E:\\smartparkingcopy\\ParkingApp\\node_modules\\astral-regex'
2763 warn cleanup     }
2763 warn cleanup   ],
2763 warn cleanup   [
2763 warn cleanup     '\\\\?\\E:\\smartparkingcopy\\ParkingApp\\node_modules\\available-typed-arrays',
2763 warn cleanup     [Error: EPERM: operation not permitted, rmdir 'E:\smartparkingcopy\ParkingApp\node_modules\available-typed-arrays'] {
2763 warn cleanup       errno: -4048,
2763 warn cleanup       code: 'EPERM',
2763 warn cleanup       syscall: 'rmdir',
2763 warn cleanup       path: 'E:\\smartparkingcopy\\ParkingApp\\node_modules\\available-typed-arrays'
2763 warn cleanup     }
2763 warn cleanup   ],
2763 warn cleanup   [
2763 warn cleanup     '\\\\?\\E:\\smartparkingcopy\\ParkingApp\\node_modules\\async-limiter',
2763 warn cleanup     [Error: EPERM: operation not permitted, rmdir 'E:\smartparkingcopy\ParkingApp\node_modules\async-limiter'] {
2763 warn cleanup       errno: -4048,
2763 warn cleanup       code: 'EPERM',
2763 warn cleanup       syscall: 'rmdir',
2763 warn cleanup       path: 'E:\\smartparkingcopy\\ParkingApp\\node_modules\\async-limiter'
2763 warn cleanup     }
2763 warn cleanup   ],
2763 warn cleanup   [
2763 warn cleanup     '\\\\?\\E:\\smartparkingcopy\\ParkingApp\\node_modules\\async-function',
2763 warn cleanup     [Error: EPERM: operation not permitted, rmdir 'E:\smartparkingcopy\ParkingApp\node_modules\async-function'] {
2763 warn cleanup       errno: -4048,
2763 warn cleanup       code: 'EPERM',
2763 warn cleanup       syscall: 'rmdir',
2763 warn cleanup       path: 'E:\\smartparkingcopy\\ParkingApp\\node_modules\\async-function'
2763 warn cleanup     }
2763 warn cleanup   ],
2763 warn cleanup   [
2763 warn cleanup     '\\\\?\\E:\\smartparkingcopy\\ParkingApp\\node_modules\\babel-jest',
2763 warn cleanup     [Error: EPERM: operation not permitted, rmdir 'E:\smartparkingcopy\ParkingApp\node_modules\babel-jest'] {
2763 warn cleanup       errno: -4048,
2763 warn cleanup       code: 'EPERM',
2763 warn cleanup       syscall: 'rmdir',
2763 warn cleanup       path: 'E:\\smartparkingcopy\\ParkingApp\\node_modules\\babel-jest'
2763 warn cleanup     }
2763 warn cleanup   ],
2763 warn cleanup   [
2763 warn cleanup     '\\\\?\\E:\\smartparkingcopy\\ParkingApp\\node_modules\\b4a',
2763 warn cleanup     [Error: EPERM: operation not permitted, rmdir 'E:\smartparkingcopy\ParkingApp\node_modules\b4a'] {
2763 warn cleanup       errno: -4048,
2763 warn cleanup       code: 'EPERM',
2763 warn cleanup       syscall: 'rmdir',
2763 warn cleanup       path: 'E:\\smartparkingcopy\\ParkingApp\\node_modules\\b4a'
2763 warn cleanup     }
2763 warn cleanup   ],
2763 warn cleanup   [
2763 warn cleanup     '\\\\?\\E:\\smartparkingcopy\\ParkingApp\\node_modules\\at-least-node',
2763 warn cleanup     [Error: EPERM: operation not permitted, rmdir 'E:\smartparkingcopy\ParkingApp\node_modules\at-least-node'] {
2763 warn cleanup       errno: -4048,
2763 warn cleanup       code: 'EPERM',
2763 warn cleanup       syscall: 'rmdir',
2763 warn cleanup       path: 'E:\\smartparkingcopy\\ParkingApp\\node_modules\\at-least-node'
2763 warn cleanup     }
2763 warn cleanup   ],
2763 warn cleanup   [
2763 warn cleanup     '\\\\?\\E:\\smartparkingcopy\\ParkingApp\\node_modules\\asynckit',
2763 warn cleanup     [Error: EPERM: operation not permitted, rmdir 'E:\smartparkingcopy\ParkingApp\node_modules\asynckit'] {
2763 warn cleanup       errno: -4048,
2763 warn cleanup       code: 'EPERM',
2763 warn cleanup       syscall: 'rmdir',
2763 warn cleanup       path: 'E:\\smartparkingcopy\\ParkingApp\\node_modules\\asynckit'
2763 warn cleanup     }
2763 warn cleanup   ],
2763 warn cleanup   [
2763 warn cleanup     '\\\\?\\E:\\smartparkingcopy\\ParkingApp\\node_modules\\babel-plugin-polyfill-corejs2',
2763 warn cleanup     [Error: EPERM: operation not permitted, rmdir 'E:\smartparkingcopy\ParkingApp\node_modules\babel-plugin-polyfill-corejs2'] {
2763 warn cleanup       errno: -4048,
2763 warn cleanup       code: 'EPERM',
2763 warn cleanup       syscall: 'rmdir',
2763 warn cleanup       path: 'E:\\smartparkingcopy\\ParkingApp\\node_modules\\babel-plugin-polyfill-corejs2'
2763 warn cleanup     }
2763 warn cleanup   ],
2763 warn cleanup   [
2763 warn cleanup     '\\\\?\\E:\\smartparkingcopy\\ParkingApp\\node_modules\\babel-plugin-jest-hoist',
2763 warn cleanup     [Error: EPERM: operation not permitted, rmdir 'E:\smartparkingcopy\ParkingApp\node_modules\babel-plugin-jest-hoist'] {
2763 warn cleanup       errno: -4048,
2763 warn cleanup       code: 'EPERM',
2763 warn cleanup       syscall: 'rmdir',
2763 warn cleanup       path: 'E:\\smartparkingcopy\\ParkingApp\\node_modules\\babel-plugin-jest-hoist'
2763 warn cleanup     }
2763 warn cleanup   ],
2763 warn cleanup   [
2763 warn cleanup     '\\\\?\\E:\\smartparkingcopy\\ParkingApp\\node_modules\\babel-plugin-istanbul',
2763 warn cleanup     [Error: EPERM: operation not permitted, rmdir 'E:\smartparkingcopy\ParkingApp\node_modules\babel-plugin-istanbul'] {
2763 warn cleanup       errno: -4048,
2763 warn cleanup       code: 'EPERM',
2763 warn cleanup       syscall: 'rmdir',
2763 warn cleanup       path: 'E:\\smartparkingcopy\\ParkingApp\\node_modules\\babel-plugin-istanbul'
2763 warn cleanup     }
2763 warn cleanup   ],
2763 warn cleanup   [
2763 warn cleanup     '\\\\?\\E:\\smartparkingcopy\\ParkingApp\\node_modules\\babel-plugin-polyfill-corejs3',
2763 warn cleanup     [Error: EPERM: operation not permitted, rmdir 'E:\smartparkingcopy\ParkingApp\node_modules\babel-plugin-polyfill-corejs3'] {
2763 warn cleanup       errno: -4048,
2763 warn cleanup       code: 'EPERM',
2763 warn cleanup       syscall: 'rmdir',
2763 warn cleanup       path: 'E:\\smartparkingcopy\\ParkingApp\\node_modules\\babel-plugin-polyfill-corejs3'
2763 warn cleanup     }
2763 warn cleanup   ],
2763 warn cleanup   [
2763 warn cleanup     '\\\\?\\E:\\smartparkingcopy\\ParkingApp\\node_modules\\babel-plugin-polyfill-regenerator',
2763 warn cleanup     [Error: EPERM: operation not permitted, rmdir 'E:\smartparkingcopy\ParkingApp\node_modules\babel-plugin-polyfill-regenerator'] {
2763 warn cleanup       errno: -4048,
2763 warn cleanup       code: 'EPERM',
2763 warn cleanup       syscall: 'rmdir',
2763 warn cleanup       path: 'E:\\smartparkingcopy\\ParkingApp\\node_modules\\babel-plugin-polyfill-regenerator'
2763 warn cleanup     }
2763 warn cleanup   ],
2763 warn cleanup   [
2763 warn cleanup     '\\\\?\\E:\\smartparkingcopy\\ParkingApp\\node_modules\\babel-plugin-react-compiler',
2763 warn cleanup     [Error: EPERM: operation not permitted, rmdir 'E:\smartparkingcopy\ParkingApp\node_modules\babel-plugin-react-compiler'] {
2763 warn cleanup       errno: -4048,
2763 warn cleanup       code: 'EPERM',
2763 warn cleanup       syscall: 'rmdir',
2763 warn cleanup       path: 'E:\\smartparkingcopy\\ParkingApp\\node_modules\\babel-plugin-react-compiler'
2763 warn cleanup     }
2763 warn cleanup   ],
2763 warn cleanup   [
2763 warn cleanup     '\\\\?\\E:\\smartparkingcopy\\ParkingApp\\node_modules\\babel-plugin-react-native-web',
2763 warn cleanup     [Error: EPERM: operation not permitted, rmdir 'E:\smartparkingcopy\ParkingApp\node_modules\babel-plugin-react-native-web'] {
2763 warn cleanup       errno: -4048,
2763 warn cleanup       code: 'EPERM',
2763 warn cleanup       syscall: 'rmdir',
2763 warn cleanup       path: 'E:\\smartparkingcopy\\ParkingApp\\node_modules\\babel-plugin-react-native-web'
2763 warn cleanup     }
2763 warn cleanup   ],
2763 warn cleanup   [
2763 warn cleanup     '\\\\?\\E:\\smartparkingcopy\\ParkingApp\\node_modules\\babel-plugin-transform-flow-enums',
2763 warn cleanup     [Error: EPERM: operation not permitted, rmdir 'E:\smartparkingcopy\ParkingApp\node_modules\babel-plugin-transform-flow-enums'] {
2763 warn cleanup       errno: -4048,
2763 warn cleanup       code: 'EPERM',
2763 warn cleanup       syscall: 'rmdir',
2763 warn cleanup       path: 'E:\\smartparkingcopy\\ParkingApp\\node_modules\\babel-plugin-transform-flow-enums'
2763 warn cleanup     }
2763 warn cleanup   ],
2763 warn cleanup   [
2763 warn cleanup     '\\\\?\\E:\\smartparkingcopy\\ParkingApp\\node_modules\\babel-plugin-syntax-hermes-parser',
2763 warn cleanup     [Error: EPERM: operation not permitted, rmdir 'E:\smartparkingcopy\ParkingApp\node_modules\babel-plugin-syntax-hermes-parser'] {
2763 warn cleanup       errno: -4048,
2763 warn cleanup       code: 'EPERM',
2763 warn cleanup       syscall: 'rmdir',
2763 warn cleanup       path: 'E:\\smartparkingcopy\\ParkingApp\\node_modules\\babel-plugin-syntax-hermes-parser'
2763 warn cleanup     }
2763 warn cleanup   ],
2763 warn cleanup   [
2763 warn cleanup     '\\\\?\\E:\\smartparkingcopy\\ParkingApp\\node_modules\\babel-preset-current-node-syntax',
2763 warn cleanup     [Error: EPERM: operation not permitted, rmdir 'E:\smartparkingcopy\ParkingApp\node_modules\babel-preset-current-node-syntax'] {
2763 warn cleanup       errno: -4048,
2763 warn cleanup       code: 'EPERM',
2763 warn cleanup       syscall: 'rmdir',
2763 warn cleanup       path: 'E:\\smartparkingcopy\\ParkingApp\\node_modules\\babel-preset-current-node-syntax'
2763 warn cleanup     }
2763 warn cleanup   ],
2763 warn cleanup   [
2763 warn cleanup     '\\\\?\\E:\\smartparkingcopy\\ParkingApp\\node_modules\\babel-preset-expo',
2763 warn cleanup     [Error: EPERM: operation not permitted, rmdir 'E:\smartparkingcopy\ParkingApp\node_modules\babel-preset-expo'] {
2763 warn cleanup       errno: -4048,
2763 warn cleanup       code: 'EPERM',
2763 warn cleanup       syscall: 'rmdir',
2763 warn cleanup       path: 'E:\\smartparkingcopy\\ParkingApp\\node_modules\\babel-preset-expo'
2763 warn cleanup     }
2763 warn cleanup   ],
2763 warn cleanup   [
2763 warn cleanup     '\\\\?\\E:\\smartparkingcopy\\ParkingApp\\node_modules\\babel-preset-jest',
2763 warn cleanup     [Error: EPERM: operation not permitted, rmdir 'E:\smartparkingcopy\ParkingApp\node_modules\babel-preset-jest'] {
2763 warn cleanup       errno: -4048,
2763 warn cleanup       code: 'EPERM',
2763 warn cleanup       syscall: 'rmdir',
2763 warn cleanup       path: 'E:\\smartparkingcopy\\ParkingApp\\node_modules\\babel-preset-jest'
2763 warn cleanup     }
2763 warn cleanup   ],
2763 warn cleanup   [
2763 warn cleanup     '\\\\?\\E:\\smartparkingcopy\\ParkingApp\\node_modules\\bare-events',
2763 warn cleanup     [Error: EPERM: operation not permitted, rmdir 'E:\smartparkingcopy\ParkingApp\node_modules\bare-events'] {
2763 warn cleanup       errno: -4048,
2763 warn cleanup       code: 'EPERM',
2763 warn cleanup       syscall: 'rmdir',
2763 warn cleanup       path: 'E:\\smartparkingcopy\\ParkingApp\\node_modules\\bare-events'
2763 warn cleanup     }
2763 warn cleanup   ],
2763 warn cleanup   [
2763 warn cleanup     '\\\\?\\E:\\smartparkingcopy\\ParkingApp\\node_modules\\balanced-match',
2763 warn cleanup     [Error: EPERM: operation not permitted, rmdir 'E:\smartparkingcopy\ParkingApp\node_modules\balanced-match'] {
2763 warn cleanup       errno: -4048,
2763 warn cleanup       code: 'EPERM',
2763 warn cleanup       syscall: 'rmdir',
2763 warn cleanup       path: 'E:\\smartparkingcopy\\ParkingApp\\node_modules\\balanced-match'
2763 warn cleanup     }
2763 warn cleanup   ],
2763 warn cleanup   [
2763 warn cleanup     '\\\\?\\E:\\smartparkingcopy\\ParkingApp\\node_modules\\base64-js',
2763 warn cleanup     [Error: EPERM: operation not permitted, rmdir 'E:\smartparkingcopy\ParkingApp\node_modules\base64-js'] {
2763 warn cleanup       errno: -4048,
2763 warn cleanup       code: 'EPERM',
2763 warn cleanup       syscall: 'rmdir',
2763 warn cleanup       path: 'E:\\smartparkingcopy\\ParkingApp\\node_modules\\base64-js'
2763 warn cleanup     }
2763 warn cleanup   ],
2763 warn cleanup   [
2763 warn cleanup     '\\\\?\\E:\\smartparkingcopy\\ParkingApp\\node_modules\\big-integer',
2763 warn cleanup     [Error: EPERM: operation not permitted, rmdir 'E:\smartparkingcopy\ParkingApp\node_modules\big-integer'] {
2763 warn cleanup       errno: -4048,
2763 warn cleanup       code: 'EPERM',
2763 warn cleanup       syscall: 'rmdir',
2763 warn cleanup       path: 'E:\\smartparkingcopy\\ParkingApp\\node_modules\\big-integer'
2763 warn cleanup     }
2763 warn cleanup   ],
2763 warn cleanup   [
2763 warn cleanup     '\\\\?\\E:\\smartparkingcopy\\ParkingApp\\node_modules\\baseline-browser-mapping',
2763 warn cleanup     [Error: EPERM: operation not permitted, rmdir 'E:\smartparkingcopy\ParkingApp\node_modules\baseline-browser-mapping'] {
2763 warn cleanup       errno: -4048,
2763 warn cleanup       code: 'EPERM',
2763 warn cleanup       syscall: 'rmdir',
2763 warn cleanup       path: 'E:\\smartparkingcopy\\ParkingApp\\node_modules\\baseline-browser-mapping'
2763 warn cleanup     }
2763 warn cleanup   ],
2763 warn cleanup   [
2763 warn cleanup     '\\\\?\\E:\\smartparkingcopy\\ParkingApp\\node_modules\\bplist-creator',
2763 warn cleanup     [Error: EPERM: operation not permitted, rmdir 'E:\smartparkingcopy\ParkingApp\node_modules\bplist-creator'] {
2763 warn cleanup       errno: -4048,
2763 warn cleanup       code: 'EPERM',
2763 warn cleanup       syscall: 'rmdir',
2763 warn cleanup       path: 'E:\\smartparkingcopy\\ParkingApp\\node_modules\\bplist-creator'
2763 warn cleanup     }
2763 warn cleanup   ],
2763 warn cleanup   [
2763 warn cleanup     '\\\\?\\E:\\smartparkingcopy\\ParkingApp\\node_modules\\boolbase',
2763 warn cleanup     [Error: EPERM: operation not permitted, rmdir 'E:\smartparkingcopy\ParkingApp\node_modules\boolbase'] {
2763 warn cleanup       errno: -4048,
2763 warn cleanup       code: 'EPERM',
2763 warn cleanup       syscall: 'rmdir',
2763 warn cleanup       path: 'E:\\smartparkingcopy\\ParkingApp\\node_modules\\boolbase'
2763 warn cleanup     }
2763 warn cleanup   ],
2763 warn cleanup   [
2763 warn cleanup     '\\\\?\\E:\\smartparkingcopy\\ParkingApp\\node_modules\\brace-expansion',
2763 warn cleanup     [Error: EPERM: operation not permitted, rmdir 'E:\smartparkingcopy\ParkingApp\node_modules\brace-expansion'] {
2763 warn cleanup       errno: -4048,
2763 warn cleanup       code: 'EPERM',
2763 warn cleanup       syscall: 'rmdir',
2763 warn cleanup       path: 'E:\\smartparkingcopy\\ParkingApp\\node_modules\\brace-expansion'
2763 warn cleanup     }
2763 warn cleanup   ],
2763 warn cleanup   [
2763 warn cleanup     '\\\\?\\E:\\smartparkingcopy\\ParkingApp\\node_modules\\bplist-parser',
2763 warn cleanup     [Error: EPERM: operation not permitted, rmdir 'E:\smartparkingcopy\ParkingApp\node_modules\bplist-parser'] {
2763 warn cleanup       errno: -4048,
2763 warn cleanup       code: 'EPERM',
2763 warn cleanup       syscall: 'rmdir',
2763 warn cleanup       path: 'E:\\smartparkingcopy\\ParkingApp\\node_modules\\bplist-parser'
2763 warn cleanup     }
2763 warn cleanup   ],
2763 warn cleanup   [
2763 warn cleanup     '\\\\?\\E:\\smartparkingcopy\\ParkingApp\\node_modules\\browserslist',
2763 warn cleanup     [Error: EPERM: operation not permitted, rmdir 'E:\smartparkingcopy\ParkingApp\node_modules\browserslist'] {
2763 warn cleanup       errno: -4048,
2763 warn cleanup       code: 'EPERM',
2763 warn cleanup       syscall: 'rmdir',
2763 warn cleanup       path: 'E:\\smartparkingcopy\\ParkingApp\\node_modules\\browserslist'
2763 warn cleanup     }
2763 warn cleanup   ],
2763 warn cleanup   [
2763 warn cleanup     '\\\\?\\E:\\smartparkingcopy\\ParkingApp\\node_modules\\buffer',
2763 warn cleanup     [Error: EPERM: operation not permitted, rmdir 'E:\smartparkingcopy\ParkingApp\node_modules\buffer'] {
2763 warn cleanup       errno: -4048,
2763 warn cleanup       code: 'EPERM',
2763 warn cleanup       syscall: 'rmdir',
2763 warn cleanup       path: 'E:\\smartparkingcopy\\ParkingApp\\node_modules\\buffer'
2763 warn cleanup     }
2763 warn cleanup   ],
2763 warn cleanup   [
2763 warn cleanup     '\\\\?\\E:\\smartparkingcopy\\ParkingApp\\node_modules\\braces',
2763 warn cleanup     [Error: EPERM: operation not permitted, rmdir 'E:\smartparkingcopy\ParkingApp\node_modules\braces'] {
2763 warn cleanup       errno: -4048,
2763 warn cleanup       code: 'EPERM',
2763 warn cleanup       syscall: 'rmdir',
2763 warn cleanup       path: 'E:\\smartparkingcopy\\ParkingApp\\node_modules\\braces'
2763 warn cleanup     }
2763 warn cleanup   ],
2763 warn cleanup   [
2763 warn cleanup     '\\\\?\\E:\\smartparkingcopy\\ParkingApp\\node_modules\\bser',
2763 warn cleanup     [Error: EPERM: operation not permitted, rmdir 'E:\smartparkingcopy\ParkingApp\node_modules\bser'] {
2763 warn cleanup       errno: -4048,
2763 warn cleanup       code: 'EPERM',
2763 warn cleanup       syscall: 'rmdir',
2763 warn cleanup       path: 'E:\\smartparkingcopy\\ParkingApp\\node_modules\\bser'
2763 warn cleanup     }
2763 warn cleanup   ],
2763 warn cleanup   [
2763 warn cleanup     '\\\\?\\E:\\smartparkingcopy\\ParkingApp\\node_modules\\bunyan',
2763 warn cleanup     [Error: EPERM: operation not permitted, rmdir 'E:\smartparkingcopy\ParkingApp\node_modules\bunyan'] {
2763 warn cleanup       errno: -4048,
2763 warn cleanup       code: 'EPERM',
2763 warn cleanup       syscall: 'rmdir',
2763 warn cleanup       path: 'E:\\smartparkingcopy\\ParkingApp\\node_modules\\bunyan'
2763 warn cleanup     }
2763 warn cleanup   ],
2763 warn cleanup   [
2763 warn cleanup     '\\\\?\\E:\\smartparkingcopy\\ParkingApp\\node_modules\\buffer-from',
2763 warn cleanup     [Error: EPERM: operation not permitted, rmdir 'E:\smartparkingcopy\ParkingApp\node_modules\buffer-from'] {
2763 warn cleanup       errno: -4048,
2763 warn cleanup       code: 'EPERM',
2763 warn cleanup       syscall: 'rmdir',
2763 warn cleanup       path: 'E:\\smartparkingcopy\\ParkingApp\\node_modules\\buffer-from'
2763 warn cleanup     }
2763 warn cleanup   ],
2763 warn cleanup   [
2763 warn cleanup     '\\\\?\\E:\\smartparkingcopy\\ParkingApp\\node_modules\\call-bind',
2763 warn cleanup     [Error: EPERM: operation not permitted, rmdir 'E:\smartparkingcopy\ParkingApp\node_modules\call-bind'] {
2763 warn cleanup       errno: -4048,
2763 warn cleanup       code: 'EPERM',
2763 warn cleanup       syscall: 'rmdir',
2763 warn cleanup       path: 'E:\\smartparkingcopy\\ParkingApp\\node_modules\\call-bind'
2763 warn cleanup     }
2763 warn cleanup   ],
2763 warn cleanup   [
2763 warn cleanup     '\\\\?\\E:\\smartparkingcopy\\ParkingApp\\node_modules\\bytes',
2763 warn cleanup     [Error: EPERM: operation not permitted, rmdir 'E:\smartparkingcopy\ParkingApp\node_modules\bytes'] {
2763 warn cleanup       errno: -4048,
2763 warn cleanup       code: 'EPERM',
2763 warn cleanup       syscall: 'rmdir',
2763 warn cleanup       path: 'E:\\smartparkingcopy\\ParkingApp\\node_modules\\bytes'
2763 warn cleanup     }
2763 warn cleanup   ],
2763 warn cleanup   [
2763 warn cleanup     '\\\\?\\E:\\smartparkingcopy\\ParkingApp\\node_modules\\camelcase',
2763 warn cleanup     [Error: EPERM: operation not permitted, rmdir 'E:\smartparkingcopy\ParkingApp\node_modules\camelcase'] {
2763 warn cleanup       errno: -4048,
2763 warn cleanup       code: 'EPERM',
2763 warn cleanup       syscall: 'rmdir',
2763 warn cleanup       path: 'E:\\smartparkingcopy\\ParkingApp\\node_modules\\camelcase'
2763 warn cleanup     }
2763 warn cleanup   ],
2763 warn cleanup   [
2763 warn cleanup     '\\\\?\\E:\\smartparkingcopy\\ParkingApp\\node_modules\\caniuse-lite',
2763 warn cleanup     [Error: EPERM: operation not permitted, rmdir 'E:\smartparkingcopy\ParkingApp\node_modules\caniuse-lite'] {
2763 warn cleanup       errno: -4048,
2763 warn cleanup       code: 'EPERM',
2763 warn cleanup       syscall: 'rmdir',
2763 warn cleanup       path: 'E:\\smartparkingcopy\\ParkingApp\\node_modules\\caniuse-lite'
2763 warn cleanup     }
2763 warn cleanup   ],
2763 warn cleanup   [
2763 warn cleanup     '\\\\?\\E:\\smartparkingcopy\\ParkingApp\\node_modules\\call-bound',
2763 warn cleanup     [Error: EPERM: operation not permitted, rmdir 'E:\smartparkingcopy\ParkingApp\node_modules\call-bound'] {
2763 warn cleanup       errno: -4048,
2763 warn cleanup       code: 'EPERM',
2763 warn cleanup       syscall: 'rmdir',
2763 warn cleanup       path: 'E:\\smartparkingcopy\\ParkingApp\\node_modules\\call-bound'
2763 warn cleanup     }
2763 warn cleanup   ],
2763 warn cleanup   [
2763 warn cleanup     '\\\\?\\E:\\smartparkingcopy\\ParkingApp\\node_modules\\cardinal',
2763 warn cleanup     [Error: EPERM: operation not permitted, rmdir 'E:\smartparkingcopy\ParkingApp\node_modules\cardinal'] {
2763 warn cleanup       errno: -4048,
2763 warn cleanup       code: 'EPERM',
2763 warn cleanup       syscall: 'rmdir',
2763 warn cleanup       path: 'E:\\smartparkingcopy\\ParkingApp\\node_modules\\cardinal'
2763 warn cleanup     }
2763 warn cleanup   ],
2763 warn cleanup   [
2763 warn cleanup     '\\\\?\\E:\\smartparkingcopy\\ParkingApp\\node_modules\\chalk',
2763 warn cleanup     [Error: EPERM: operation not permitted, rmdir 'E:\smartparkingcopy\ParkingApp\node_modules\chalk'] {
2763 warn cleanup       errno: -4048,
2763 warn cleanup       code: 'EPERM',
2763 warn cleanup       syscall: 'rmdir',
2763 warn cleanup       path: 'E:\\smartparkingcopy\\ParkingApp\\node_modules\\chalk'
2763 warn cleanup     }
2763 warn cleanup   ],
2763 warn cleanup   [
2763 warn cleanup     '\\\\?\\E:\\smartparkingcopy\\ParkingApp\\node_modules\\charenc',
2763 warn cleanup     [Error: EPERM: operation not permitted, rmdir 'E:\smartparkingcopy\ParkingApp\node_modules\charenc'] {
2763 warn cleanup       errno: -4048,
2763 warn cleanup       code: 'EPERM',
2763 warn cleanup       syscall: 'rmdir',
2763 warn cleanup       path: 'E:\\smartparkingcopy\\ParkingApp\\node_modules\\charenc'
2763 warn cleanup     }
2763 warn cleanup   ],
2763 warn cleanup   [
2763 warn cleanup     '\\\\?\\E:\\smartparkingcopy\\ParkingApp\\node_modules\\chownr',
2763 warn cleanup     [Error: EPERM: operation not permitted, rmdir 'E:\smartparkingcopy\ParkingApp\node_modules\chownr'] {
2763 warn cleanup       errno: -4048,
2763 warn cleanup       code: 'EPERM',
2763 warn cleanup       syscall: 'rmdir',
2763 warn cleanup       path: 'E:\\smartparkingcopy\\ParkingApp\\node_modules\\chownr'
2763 warn cleanup     }
2763 warn cleanup   ],
2763 warn cleanup   [
2763 warn cleanup     '\\\\?\\E:\\smartparkingcopy\\ParkingApp\\node_modules\\chrome-launcher',
2763 warn cleanup     [Error: EPERM: operation not permitted, rmdir 'E:\smartparkingcopy\ParkingApp\node_modules\chrome-launcher'] {
2763 warn cleanup       errno: -4048,
2763 warn cleanup       code: 'EPERM',
2763 warn cleanup       syscall: 'rmdir',
2763 warn cleanup       path: 'E:\\smartparkingcopy\\ParkingApp\\node_modules\\chrome-launcher'
2763 warn cleanup     }
2763 warn cleanup   ],
2763 warn cleanup   [
2763 warn cleanup     '\\\\?\\E:\\smartparkingcopy\\ParkingApp\\node_modules\\call-bind-apply-helpers',
2763 warn cleanup     [Error: EPERM: operation not permitted, rmdir 'E:\smartparkingcopy\ParkingApp\node_modules\call-bind-apply-helpers'] {
2763 warn cleanup       errno: -4048,
2763 warn cleanup       code: 'EPERM',
2763 warn cleanup       syscall: 'rmdir',
2763 warn cleanup       path: 'E:\\smartparkingcopy\\ParkingApp\\node_modules\\call-bind-apply-helpers'
2763 warn cleanup     }
2763 warn cleanup   ],
2763 warn cleanup   [
2763 warn cleanup     '\\\\?\\E:\\smartparkingcopy\\ParkingApp\\node_modules\\callsites',
2763 warn cleanup     [Error: EPERM: operation not permitted, rmdir 'E:\smartparkingcopy\ParkingApp\node_modules\callsites'] {
2763 warn cleanup       errno: -4048,
2763 warn cleanup       code: 'EPERM',
2763 warn cleanup       syscall: 'rmdir',
2763 warn cleanup       path: 'E:\\smartparkingcopy\\ParkingApp\\node_modules\\callsites'
2763 warn cleanup     }
2763 warn cleanup   ],
2763 warn cleanup   [
2763 warn cleanup     '\\\\?\\E:\\smartparkingcopy\\ParkingApp\\node_modules\\clean-stack',
2763 warn cleanup     [Error: EPERM: operation not permitted, rmdir 'E:\smartparkingcopy\ParkingApp\node_modules\clean-stack'] {
2763 warn cleanup       errno: -4048,
2763 warn cleanup       code: 'EPERM',
2763 warn cleanup       syscall: 'rmdir',
2763 warn cleanup       path: 'E:\\smartparkingcopy\\ParkingApp\\node_modules\\clean-stack'
2763 warn cleanup     }
2763 warn cleanup   ],
2763 warn cleanup   [
2763 warn cleanup     '\\\\?\\E:\\smartparkingcopy\\ParkingApp\\node_modules\\cli-cursor',
2763 warn cleanup     [Error: EPERM: operation not permitted, rmdir 'E:\smartparkingcopy\ParkingApp\node_modules\cli-cursor'] {
2763 warn cleanup       errno: -4048,
2763 warn cleanup       code: 'EPERM',
2763 warn cleanup       syscall: 'rmdir',
2763 warn cleanup       path: 'E:\\smartparkingcopy\\ParkingApp\\node_modules\\cli-cursor'
2763 warn cleanup     }
2763 warn cleanup   ],
2763 warn cleanup   [
2763 warn cleanup     '\\\\?\\E:\\smartparkingcopy\\ParkingApp\\node_modules\\cli-spinners',
2763 warn cleanup     [Error: EPERM: operation not permitted, rmdir 'E:\smartparkingcopy\ParkingApp\node_modules\cli-spinners'] {
2763 warn cleanup       errno: -4048,
2763 warn cleanup       code: 'EPERM',
2763 warn cleanup       syscall: 'rmdir',
2763 warn cleanup       path: 'E:\\smartparkingcopy\\ParkingApp\\node_modules\\cli-spinners'
2763 warn cleanup     }
2763 warn cleanup   ],
2763 warn cleanup   [
2763 warn cleanup     '\\\\?\\E:\\smartparkingcopy\\ParkingApp\\node_modules\\cli-progress',
2763 warn cleanup     [Error: EPERM: operation not permitted, rmdir 'E:\smartparkingcopy\ParkingApp\node_modules\cli-progress'] {
2763 warn cleanup       errno: -4048,
2763 warn cleanup       code: 'EPERM',
2763 warn cleanup       syscall: 'rmdir',
2763 warn cleanup       path: 'E:\\smartparkingcopy\\ParkingApp\\node_modules\\cli-progress'
2763 warn cleanup     }
2763 warn cleanup   ],
2763 warn cleanup   [
2763 warn cleanup     '\\\\?\\E:\\smartparkingcopy\\ParkingApp\\node_modules\\client-only',
2763 warn cleanup     [Error: EPERM: operation not permitted, rmdir 'E:\smartparkingcopy\ParkingApp\node_modules\client-only'] {
2763 warn cleanup       errno: -4048,
2763 warn cleanup       code: 'EPERM',
2763 warn cleanup       syscall: 'rmdir',
2763 warn cleanup       path: 'E:\\smartparkingcopy\\ParkingApp\\node_modules\\client-only'
2763 warn cleanup     }
2763 warn cleanup   ],
2763 warn cleanup   [
2763 warn cleanup     '\\\\?\\E:\\smartparkingcopy\\ParkingApp\\node_modules\\cliui',
2763 warn cleanup     [Error: EPERM: operation not permitted, rmdir 'E:\smartparkingcopy\ParkingApp\node_modules\cliui'] {
2763 warn cleanup       errno: -4048,
2763 warn cleanup       code: 'EPERM',
2763 warn cleanup       syscall: 'rmdir',
2763 warn cleanup       path: 'E:\\smartparkingcopy\\ParkingApp\\node_modules\\cliui'
2763 warn cleanup     }
2763 warn cleanup   ],
2763 warn cleanup   [
2763 warn cleanup     '\\\\?\\E:\\smartparkingcopy\\ParkingApp\\node_modules\\color-convert',
2763 warn cleanup     [Error: EPERM: operation not permitted, rmdir 'E:\smartparkingcopy\ParkingApp\node_modules\color-convert'] {
2763 warn cleanup       errno: -4048,
2763 warn cleanup       code: 'EPERM',
2763 warn cleanup       syscall: 'rmdir',
2763 warn cleanup       path: 'E:\\smartparkingcopy\\ParkingApp\\node_modules\\color-convert'
2763 warn cleanup     }
2763 warn cleanup   ],
2763 warn cleanup   [
2763 warn cleanup     '\\\\?\\E:\\smartparkingcopy\\ParkingApp\\node_modules\\color',
2763 warn cleanup     [Error: EPERM: operation not permitted, rmdir 'E:\smartparkingcopy\ParkingApp\node_modules\color'] {
2763 warn cleanup       errno: -4048,
2763 warn cleanup       code: 'EPERM',
2763 warn cleanup       syscall: 'rmdir',
2763 warn cleanup       path: 'E:\\smartparkingcopy\\ParkingApp\\node_modules\\color'
2763 warn cleanup     }
2763 warn cleanup   ],
2763 warn cleanup   [
2763 warn cleanup     '\\\\?\\E:\\smartparkingcopy\\ParkingApp\\node_modules\\color-name',
2763 warn cleanup     [Error: EPERM: operation not permitted, rmdir 'E:\smartparkingcopy\ParkingApp\node_modules\color-name'] {
2763 warn cleanup       errno: -4048,
2763 warn cleanup       code: 'EPERM',
2763 warn cleanup       syscall: 'rmdir',
2763 warn cleanup       path: 'E:\\smartparkingcopy\\ParkingApp\\node_modules\\color-name'
2763 warn cleanup     }
2763 warn cleanup   ],
2763 warn cleanup   [
2763 warn cleanup     '\\\\?\\E:\\smartparkingcopy\\ParkingApp\\node_modules\\color-string',
2763 warn cleanup     [Error: EPERM: operation not permitted, rmdir 'E:\smartparkingcopy\ParkingApp\node_modules\color-string'] {
2763 warn cleanup       errno: -4048,
2763 warn cleanup       code: 'EPERM',
2763 warn cleanup       syscall: 'rmdir',
2763 warn cleanup       path: 'E:\\smartparkingcopy\\ParkingApp\\node_modules\\color-string'
2763 warn cleanup     }
2763 warn cleanup   ],
2763 warn cleanup   [
2763 warn cleanup     '\\\\?\\E:\\smartparkingcopy\\ParkingApp\\node_modules\\clone',
2763 warn cleanup     [Error: EPERM: operation not permitted, rmdir 'E:\smartparkingcopy\ParkingApp\node_modules\clone'] {
2763 warn cleanup       errno: -4048,
2763 warn cleanup       code: 'EPERM',
2763 warn cleanup       syscall: 'rmdir',
2763 warn cleanup       path: 'E:\\smartparkingcopy\\ParkingApp\\node_modules\\clone'
2763 warn cleanup     }
2763 warn cleanup   ],
2763 warn cleanup   [
2763 warn cleanup     '\\\\?\\E:\\smartparkingcopy\\ParkingApp\\node_modules\\combined-stream',
2763 warn cleanup     [Error: EPERM: operation not permitted, rmdir 'E:\smartparkingcopy\ParkingApp\node_modules\combined-stream'] {
2763 warn cleanup       errno: -4048,
2763 warn cleanup       code: 'EPERM',
2763 warn cleanup       syscall: 'rmdir',
2763 warn cleanup       path: 'E:\\smartparkingcopy\\ParkingApp\\node_modules\\combined-stream'
2763 warn cleanup     }
2763 warn cleanup   ],
2763 warn cleanup   [
2763 warn cleanup     '\\\\?\\E:\\smartparkingcopy\\ParkingApp\\node_modules\\chromium-edge-launcher',
2763 warn cleanup     [Error: EPERM: operation not permitted, rmdir 'E:\smartparkingcopy\ParkingApp\node_modules\chromium-edge-launcher'] {
2763 warn cleanup       errno: -4048,
2763 warn cleanup       code: 'EPERM',
2763 warn cleanup       syscall: 'rmdir',
2763 warn cleanup       path: 'E:\\smartparkingcopy\\ParkingApp\\node_modules\\chromium-edge-launcher'
2763 warn cleanup     }
2763 warn cleanup   ],
2763 warn cleanup   [
2763 warn cleanup     '\\\\?\\E:\\smartparkingcopy\\ParkingApp\\node_modules\\component-type',
2763 warn cleanup     [Error: EPERM: operation not permitted, rmdir 'E:\smartparkingcopy\ParkingApp\node_modules\component-type'] {
2763 warn cleanup       errno: -4048,
2763 warn cleanup       code: 'EPERM',
2763 warn cleanup       syscall: 'rmdir',
2763 warn cleanup       path: 'E:\\smartparkingcopy\\ParkingApp\\node_modules\\component-type'
2763 warn cleanup     }
2763 warn cleanup   ],
2763 warn cleanup   [
2763 warn cleanup     '\\\\?\\E:\\smartparkingcopy\\ParkingApp\\node_modules\\commander',
2763 warn cleanup     [Error: EPERM: operation not permitted, rmdir 'E:\smartparkingcopy\ParkingApp\node_modules\commander'] {
2763 warn cleanup       errno: -4048,
2763 warn cleanup       code: 'EPERM',
2763 warn cleanup       syscall: 'rmdir',
2763 warn cleanup       path: 'E:\\smartparkingcopy\\ParkingApp\\node_modules\\commander'
2763 warn cleanup     }
2763 warn cleanup   ],
2763 warn cleanup   [
2763 warn cleanup     '\\\\?\\E:\\smartparkingcopy\\ParkingApp\\node_modules\\compressible',
2763 warn cleanup     [Error: EPERM: operation not permitted, rmdir 'E:\smartparkingcopy\ParkingApp\node_modules\compressible'] {
2763 warn cleanup       errno: -4048,
2763 warn cleanup       code: 'EPERM',
2763 warn cleanup       syscall: 'rmdir',
2763 warn cleanup       path: 'E:\\smartparkingcopy\\ParkingApp\\node_modules\\compressible'
2763 warn cleanup     }
2763 warn cleanup   ],
2763 warn cleanup   [
2763 warn cleanup     '\\\\?\\E:\\smartparkingcopy\\ParkingApp\\node_modules\\ci-info',
2763 warn cleanup     [Error: EPERM: operation not permitted, rmdir 'E:\smartparkingcopy\ParkingApp\node_modules\ci-info'] {
2763 warn cleanup       errno: -4048,
2763 warn cleanup       code: 'EPERM',
2763 warn cleanup       syscall: 'rmdir',
2763 warn cleanup       path: 'E:\\smartparkingcopy\\ParkingApp\\node_modules\\ci-info'
2763 warn cleanup     }
2763 warn cleanup   ],
2763 warn cleanup   [
2763 warn cleanup     '\\\\?\\E:\\smartparkingcopy\\ParkingApp\\node_modules\\concat-map',
2763 warn cleanup     [Error: EPERM: operation not permitted, rmdir 'E:\smartparkingcopy\ParkingApp\node_modules\concat-map'] {
2763 warn cleanup       errno: -4048,
2763 warn cleanup       code: 'EPERM',
2763 warn cleanup       syscall: 'rmdir',
2763 warn cleanup       path: 'E:\\smartparkingcopy\\ParkingApp\\node_modules\\concat-map'
2763 warn cleanup     }
2763 warn cleanup   ],
2763 warn cleanup   [
2763 warn cleanup     '\\\\?\\E:\\smartparkingcopy\\ParkingApp\\node_modules\\convert-source-map',
2763 warn cleanup     [Error: EPERM: operation not permitted, rmdir 'E:\smartparkingcopy\ParkingApp\node_modules\convert-source-map'] {
2763 warn cleanup       errno: -4048,
2763 warn cleanup       code: 'EPERM',
2763 warn cleanup       syscall: 'rmdir',
2763 warn cleanup       path: 'E:\\smartparkingcopy\\ParkingApp\\node_modules\\convert-source-map'
2763 warn cleanup     }
2763 warn cleanup   ],
2763 warn cleanup   [
2763 warn cleanup     '\\\\?\\E:\\smartparkingcopy\\ParkingApp\\node_modules\\content-type',
2763 warn cleanup     [Error: EPERM: operation not permitted, rmdir 'E:\smartparkingcopy\ParkingApp\node_modules\content-type'] {
2763 warn cleanup       errno: -4048,
2763 warn cleanup       code: 'EPERM',
2763 warn cleanup       syscall: 'rmdir',
2763 warn cleanup       path: 'E:\\smartparkingcopy\\ParkingApp\\node_modules\\content-type'
2763 warn cleanup     }
2763 warn cleanup   ],
2763 warn cleanup   [
2763 warn cleanup     '\\\\?\\E:\\smartparkingcopy\\ParkingApp\\node_modules\\create-require',
2763 warn cleanup     [Error: EPERM: operation not permitted, rmdir 'E:\smartparkingcopy\ParkingApp\node_modules\create-require'] {
2763 warn cleanup       errno: -4048,
2763 warn cleanup       code: 'EPERM',
2763 warn cleanup       syscall: 'rmdir',
2763 warn cleanup       path: 'E:\\smartparkingcopy\\ParkingApp\\node_modules\\create-require'
2763 warn cleanup     }
2763 warn cleanup   ],
2763 warn cleanup   [
2763 warn cleanup     '\\\\?\\E:\\smartparkingcopy\\ParkingApp\\node_modules\\core-js-compat',
2763 warn cleanup     [Error: EPERM: operation not permitted, rmdir 'E:\smartparkingcopy\ParkingApp\node_modules\core-js-compat'] {
2763 warn cleanup       errno: -4048,
2763 warn cleanup       code: 'EPERM',
2763 warn cleanup       syscall: 'rmdir',
2763 warn cleanup       path: 'E:\\smartparkingcopy\\ParkingApp\\node_modules\\core-js-compat'
2763 warn cleanup     }
2763 warn cleanup   ],
2763 warn cleanup   [
2763 warn cleanup     '\\\\?\\E:\\smartparkingcopy\\ParkingApp\\node_modules\\cross-spawn',
2763 warn cleanup     [Error: EPERM: operation not permitted, rmdir 'E:\smartparkingcopy\ParkingApp\node_modules\cross-spawn'] {
2763 warn cleanup       errno: -4048,
2763 warn cleanup       code: 'EPERM',
2763 warn cleanup       syscall: 'rmdir',
2763 warn cleanup       path: 'E:\\smartparkingcopy\\ParkingApp\\node_modules\\cross-spawn'
2763 warn cleanup     }
2763 warn cleanup   ],
2763 warn cleanup   [
2763 warn cleanup     '\\\\?\\E:\\smartparkingcopy\\ParkingApp\\node_modules\\cross-fetch',
2763 warn cleanup     [Error: EPERM: operation not permitted, rmdir 'E:\smartparkingcopy\ParkingApp\node_modules\cross-fetch'] {
2763 warn cleanup       errno: -4048,
2763 warn cleanup       code: 'EPERM',
2763 warn cleanup       syscall: 'rmdir',
2763 warn cleanup       path: 'E:\\smartparkingcopy\\ParkingApp\\node_modules\\cross-fetch'
2763 warn cleanup     }
2763 warn cleanup   ],
2763 warn cleanup   [
2763 warn cleanup     '\\\\?\\E:\\smartparkingcopy\\ParkingApp\\node_modules\\crypt',
2763 warn cleanup     [Error: EPERM: operation not permitted, rmdir 'E:\smartparkingcopy\ParkingApp\node_modules\crypt'] {
2763 warn cleanup       errno: -4048,
2763 warn cleanup       code: 'EPERM',
2763 warn cleanup       syscall: 'rmdir',
2763 warn cleanup       path: 'E:\\smartparkingcopy\\ParkingApp\\node_modules\\crypt'
2763 warn cleanup     }
2763 warn cleanup   ],
2763 warn cleanup   ... 1095 more items
2763 warn cleanup ]
2764 verbose stack Error: request to https://registry.npmjs.org/zod/-/zod-4.3.6.tgz failed: cache mode is 'only-if-cached' but no cached response is available.
2764 verbose stack     at cacheFetch (C:\Users\Karthik\AppData\Roaming\npm\node_modules\npm\node_modules\make-fetch-happen\lib\cache\index.js:12:13)
2764 verbose stack     at async fetch (C:\Users\Karthik\AppData\Roaming\npm\node_modules\npm\node_modules\make-fetch-happen\lib\fetch.js:98:7)
2765 error code ENOTCACHED
2766 error request to https://registry.npmjs.org/zod/-/zod-4.3.6.tgz failed: cache mode is 'only-if-cached' but no cached response is available.
2767 silly unfinished npm timer reify 1775733601005
2768 silly unfinished npm timer reify:unpack 1775733605490
2769 silly unfinished npm timer reifyNode:node_modules/zod 1775733605490
2770 silly unfinished npm timer reifyNode:node_modules/yocto-queue 1775733605490
2771 silly unfinished npm timer reifyNode:node_modules/yn 1775733605490
2772 silly unfinished npm timer reifyNode:node_modules/yargs-parser 1775733605490
2773 silly unfinished npm timer reifyNode:node_modules/yargs 1775733605490
2774 silly unfinished npm timer reifyNode:node_modules/yaml 1775733605490
2775 silly unfinished npm timer reifyNode:node_modules/yallist 1775733605491
2776 silly unfinished npm timer reifyNode:node_modules/y18n 1775733605491
2777 silly unfinished npm timer reifyNode:node_modules/xmlbuilder 1775733605491
2778 silly unfinished npm timer reifyNode:node_modules/xml2js 1775733605491
2779 silly unfinished npm timer reifyNode:node_modules/xml2js/node_modules/xmlbuilder 1775733605491
2780 silly unfinished npm timer reifyNode:node_modules/xcode 1775733605491
2781 silly unfinished npm timer reifyNode:node_modules/ws 1775733605491
2782 silly unfinished npm timer reifyNode:node_modules/write-file-atomic 1775733605491
2783 silly unfinished npm timer reifyNode:node_modules/wrappy 1775733605491
2784 silly unfinished npm timer reifyNode:node_modules/wrap-ansi-cjs 1775733605491
2785 silly unfinished npm timer reifyNode:node_modules/wrap-ansi 1775733605491
2786 silly unfinished npm timer reifyNode:node_modules/wordwrap 1775733605491
2787 silly unfinished npm timer reifyNode:node_modules/word-wrap 1775733605491
2788 silly unfinished npm timer reifyNode:node_modules/wonka 1775733605491
2789 silly unfinished npm timer reifyNode:node_modules/widest-line 1775733605491
2790 silly unfinished npm timer reifyNode:node_modules/which-typed-array 1775733605491
2791 silly unfinished npm timer reifyNode:node_modules/which-module 1775733605491
2792 silly unfinished npm timer reifyNode:node_modules/which-collection 1775733605491
2793 silly unfinished npm timer reifyNode:node_modules/which-builtin-type 1775733605491
2794 silly unfinished npm timer reifyNode:node_modules/which-boxed-primitive 1775733605491
2795 silly unfinished npm timer reifyNode:node_modules/which 1775733605491
2796 silly unfinished npm timer reifyNode:node_modules/whatwg-url-without-unicode 1775733605491
2797 silly unfinished npm timer reifyNode:node_modules/whatwg-url-without-unicode/node_modules/webidl-conversions 1775733605491
2798 silly unfinished npm timer reifyNode:node_modules/whatwg-url 1775733605491
2799 silly unfinished npm timer reifyNode:node_modules/whatwg-fetch 1775733605493
2800 silly unfinished npm timer reifyNode:node_modules/webidl-conversions 1775733605493
2801 silly unfinished npm timer reifyNode:node_modules/wcwidth 1775733605493
2802 silly unfinished npm timer reifyNode:node_modules/warn-once 1775733605493
2803 silly unfinished npm timer reifyNode:node_modules/walker 1775733605493
2804 silly unfinished npm timer reifyNode:node_modules/vlq 1775733605493
2805 silly unfinished npm timer reifyNode:node_modules/vaul 1775733605493
2806 silly unfinished npm timer reifyNode:node_modules/vaul/node_modules/@radix-ui/react-slot 1775733605493
2807 silly unfinished npm timer reifyNode:node_modules/vaul/node_modules/@radix-ui/react-primitive 1775733605493
2808 silly unfinished npm timer reifyNode:node_modules/vaul/node_modules/@radix-ui/react-presence 1775733605493
2809 silly unfinished npm timer reifyNode:node_modules/vaul/node_modules/@radix-ui/react-portal 1775733605493
2810 silly unfinished npm timer reifyNode:node_modules/vaul/node_modules/@radix-ui/react-focus-scope 1775733605493
2811 silly unfinished npm timer reifyNode:node_modules/vaul/node_modules/@radix-ui/react-dismissable-layer 1775733605493
2812 silly unfinished npm timer reifyNode:node_modules/vaul/node_modules/@radix-ui/react-dialog 1775733605493
2813 silly unfinished npm timer reifyNode:node_modules/vary 1775733605493
2814 silly unfinished npm timer reifyNode:node_modules/validate-npm-package-name 1775733605493
2815 silly unfinished npm timer reifyNode:node_modules/v8-compile-cache-lib 1775733605493
2816 silly unfinished npm timer reifyNode:node_modules/uuid 1775733605493
2817 silly unfinished npm timer reifyNode:node_modules/utils-merge 1775733605493
2818 silly unfinished npm timer reifyNode:node_modules/use-sync-external-store 1775733605493
2819 silly unfinished npm timer reifyNode:node_modules/use-sidecar 1775733605493
2820 silly unfinished npm timer reifyNode:node_modules/use-latest-callback 1775733605493
2821 silly unfinished npm timer reifyNode:node_modules/use-callback-ref 1775733605493
2822 silly unfinished npm timer reifyNode:node_modules/uri-js 1775733605493
2823 silly unfinished npm timer reifyNode:node_modules/update-browserslist-db 1775733605494
2824 silly unfinished npm timer reifyNode:node_modules/untildify 1775733605494
2825 silly unfinished npm timer reifyNode:node_modules/unrs-resolver 1775733605494
2826 silly unfinished npm timer reifyNode:node_modules/unpipe 1775733605494
2827 silly unfinished npm timer reifyNode:node_modules/universalify 1775733605494
2828 silly unfinished npm timer reifyNode:node_modules/unique-string 1775733605494
2829 silly unfinished npm timer reifyNode:node_modules/unicode-property-aliases-ecmascript 1775733605494
2830 silly unfinished npm timer reifyNode:node_modules/unicode-match-property-value-ecmascript 1775733605494
2831 silly unfinished npm timer reifyNode:node_modules/unicode-match-property-ecmascript 1775733605494
2832 silly unfinished npm timer reifyNode:node_modules/unicode-canonical-property-names-ecmascript 1775733605494
2833 silly unfinished npm timer reifyNode:node_modules/undici-types 1775733605494
2834 silly unfinished npm timer reifyNode:node_modules/undici 1775733605494
2835 silly unfinished npm timer reifyNode:node_modules/unbox-primitive 1775733605494
2836 silly unfinished npm timer reifyNode:node_modules/ua-parser-js 1775733605494
2837 silly unfinished npm timer reifyNode:node_modules/typescript 1775733605494
2838 silly unfinished npm timer reifyNode:node_modules/typed-array-length 1775733605494
2839 silly unfinished npm timer reifyNode:node_modules/typed-array-byte-offset 1775733605494
2840 silly unfinished npm timer reifyNode:node_modules/typed-array-byte-length 1775733605494
2841 silly unfinished npm timer reifyNode:node_modules/typed-array-buffer 1775733605494
2842 silly unfinished npm timer reifyNode:node_modules/type-fest 1775733605494
2843 silly unfinished npm timer reifyNode:node_modules/type-detect 1775733605494
2844 silly unfinished npm timer reifyNode:node_modules/type-check 1775733605494
2845 silly unfinished npm timer reifyNode:node_modules/turndown 1775733605494
2846 silly unfinished npm timer reifyNode:node_modules/tunnel-agent 1775733605494
2847 silly unfinished npm timer reifyNode:node_modules/tslib 1775733605494
2848 silly unfinished npm timer reifyNode:node_modules/tsconfig-paths 1775733605494
2849 silly unfinished npm timer reifyNode:node_modules/tsconfig-paths/node_modules/json5 1775733605494
2850 silly unfinished npm timer reifyNode:node_modules/ts-node 1775733605494
2851 silly unfinished npm timer reifyNode:node_modules/ts-node/node_modules/diff 1775733605494
2852 silly unfinished npm timer reifyNode:node_modules/ts-node/node_modules/arg 1775733605494
2853 silly unfinished npm timer reifyNode:node_modules/ts-interface-checker 1775733605494
2854 silly unfinished npm timer reifyNode:node_modules/ts-deepmerge 1775733605494
2855 silly unfinished npm timer reifyNode:node_modules/ts-api-utils 1775733605494
2856 silly unfinished npm timer reifyNode:node_modules/tr46 1775733605494
2857 silly unfinished npm timer reifyNode:node_modules/toidentifier 1775733605494
2858 silly unfinished npm timer reifyNode:node_modules/to-regex-range 1775733605494
2859 silly unfinished npm timer reifyNode:node_modules/tmpl 1775733605494
2860 silly unfinished npm timer reifyNode:node_modules/tinyglobby 1775733605494
2861 silly unfinished npm timer reifyNode:node_modules/tinyglobby/node_modules/picomatch 1775733605494
2862 silly unfinished npm timer reifyNode:node_modules/tinyglobby/node_modules/fdir 1775733605494
2863 silly unfinished npm timer reifyNode:node_modules/throat 1775733605494
2864 silly unfinished npm timer reifyNode:node_modules/thenify-all 1775733605494
2865 silly unfinished npm timer reifyNode:node_modules/thenify 1775733605494
2866 silly unfinished npm timer reifyNode:node_modules/text-encoding 1775733605494
2867 silly unfinished npm timer reifyNode:node_modules/text-decoder 1775733605494
2868 silly unfinished npm timer reifyNode:node_modules/test-exclude 1775733605494
2869 silly unfinished npm timer reifyNode:node_modules/test-exclude/node_modules/glob 1775733605494
2870 silly unfinished npm timer reifyNode:node_modules/terser 1775733605494
2871 silly unfinished npm timer reifyNode:node_modules/terser/node_modules/commander 1775733605494
2872 silly unfinished npm timer reifyNode:node_modules/terminal-link 1775733605494
2873 silly unfinished npm timer reifyNode:node_modules/temp-dir 1775733605494
2874 silly unfinished npm timer reifyNode:node_modules/tar-stream 1775733605494
2875 silly unfinished npm timer reifyNode:node_modules/tar 1775733605494
2876 silly unfinished npm timer reifyNode:node_modules/tar/node_modules/yallist 1775733605494
2877 silly unfinished npm timer reifyNode:node_modules/supports-preserve-symlinks-flag 1775733605494
2878 silly unfinished npm timer reifyNode:node_modules/supports-hyperlinks 1775733605494
2879 silly unfinished npm timer reifyNode:node_modules/supports-color 1775733605494
2880 silly unfinished npm timer reifyNode:node_modules/sucrase 1775733605494
2881 silly unfinished npm timer reifyNode:node_modules/sucrase/node_modules/commander 1775733605494
2882 silly unfinished npm timer reifyNode:node_modules/styleq 1775733605494
2883 silly unfinished npm timer reifyNode:node_modules/structured-headers 1775733605494
2884 silly unfinished npm timer reifyNode:node_modules/strip-json-comments 1775733605494
2885 silly unfinished npm timer reifyNode:node_modules/strip-bom 1775733605494
2886 silly unfinished npm timer reifyNode:node_modules/strip-ansi-cjs 1775733605494
2887 silly unfinished npm timer reifyNode:node_modules/strip-ansi 1775733605494
2888 silly unfinished npm timer reifyNode:node_modules/string.prototype.trimstart 1775733605494
2889 silly unfinished npm timer reifyNode:node_modules/string.prototype.trimend 1775733605494
2890 silly unfinished npm timer reifyNode:node_modules/string.prototype.trim 1775733605495
2891 silly unfinished npm timer reifyNode:node_modules/string.prototype.repeat 1775733605495
2892 silly unfinished npm timer reifyNode:node_modules/string.prototype.matchall 1775733605495
2893 silly unfinished npm timer reifyNode:node_modules/string-width-cjs 1775733605495
2894 silly unfinished npm timer reifyNode:node_modules/string-width 1775733605496
2895 silly unfinished npm timer reifyNode:node_modules/strict-uri-encode 1775733605496
2896 silly unfinished npm timer reifyNode:node_modules/streamx 1775733605496
2897 silly unfinished npm timer reifyNode:node_modules/stream-buffers 1775733605496
2898 silly unfinished npm timer reifyNode:node_modules/stop-iteration-iterator 1775733605496
2899 silly unfinished npm timer reifyNode:node_modules/statuses 1775733605496
2900 silly unfinished npm timer reifyNode:node_modules/stacktrace-parser 1775733605496
2901 silly unfinished npm timer reifyNode:node_modules/stackframe 1775733605496
2902 silly unfinished npm timer reifyNode:node_modules/stack-utils 1775733605496
2903 silly unfinished npm timer reifyNode:node_modules/stack-utils/node_modules/escape-string-regexp 1775733605496
2904 silly unfinished npm timer reifyNode:node_modules/stable-hash 1775733605496
2905 silly unfinished npm timer reifyNode:node_modules/sprintf-js 1775733605496
2906 silly unfinished npm timer reifyNode:node_modules/split-on-first 1775733605496
2907 silly unfinished npm timer reifyNode:node_modules/source-map-support 1775733605496
2908 silly unfinished npm timer reifyNode:node_modules/source-map-support/node_modules/source-map 1775733605496
2909 silly unfinished npm timer reifyNode:node_modules/source-map-js 1775733605496
2910 silly unfinished npm timer reifyNode:node_modules/source-map 1775733605496
2911 silly unfinished npm timer reifyNode:node_modules/slugify 1775733605496
2912 silly unfinished npm timer reifyNode:node_modules/slice-ansi 1775733605496
2913 silly unfinished npm timer reifyNode:node_modules/slash 1775733605496
2914 silly unfinished npm timer reifyNode:node_modules/sisteransi 1775733605496
2915 silly unfinished npm timer reifyNode:node_modules/simple-swizzle 1775733605496
2916 silly unfinished npm timer reifyNode:node_modules/simple-plist 1775733605496
2917 silly unfinished npm timer reifyNode:node_modules/signal-exit 1775733605496
2918 silly unfinished npm timer reifyNode:node_modules/side-channel-weakmap 1775733605496
2919 silly unfinished npm timer reifyNode:node_modules/side-channel-map 1775733605496
2920 silly unfinished npm timer reifyNode:node_modules/side-channel-list 1775733605496
2921 silly unfinished npm timer reifyNode:node_modules/side-channel 1775733605496
2922 silly unfinished npm timer reifyNode:node_modules/shell-quote 1775733605496
2923 silly unfinished npm timer reifyNode:node_modules/shebang-regex 1775733605496
2924 silly unfinished npm timer reifyNode:node_modules/shebang-command 1775733605496
2925 silly unfinished npm timer reifyNode:node_modules/shallowequal 1775733605497
2926 silly unfinished npm timer reifyNode:node_modules/sf-symbols-typescript 1775733605497
2927 silly unfinished npm timer reifyNode:node_modules/setprototypeof 1775733605497
2928 silly unfinished npm timer reifyNode:node_modules/setimmediate 1775733605497
2929 silly unfinished npm timer reifyNode:node_modules/set-proto 1775733605497
2930 silly unfinished npm timer reifyNode:node_modules/set-interval-async 1775733605497
2931 silly unfinished npm timer reifyNode:node_modules/set-function-name 1775733605497
2932 silly unfinished npm timer reifyNode:node_modules/set-function-length 1775733605497
2933 silly unfinished npm timer reifyNode:node_modules/set-blocking 1775733605497
2934 silly unfinished npm timer reifyNode:node_modules/server-only 1775733605497
2935 silly unfinished npm timer reifyNode:node_modules/serve-static 1775733605497
2936 silly unfinished npm timer reifyNode:node_modules/serve-static/node_modules/encodeurl 1775733605497
2937 silly unfinished npm timer reifyNode:node_modules/serialize-error 1775733605497
2938 silly unfinished npm timer reifyNode:node_modules/send 1775733605497
2939 silly unfinished npm timer reifyNode:node_modules/send/node_modules/statuses 1775733605497
2940 silly unfinished npm timer reifyNode:node_modules/send/node_modules/on-finished 1775733605497
2941 silly unfinished npm timer reifyNode:node_modules/send/node_modules/encodeurl 1775733605497
2942 silly unfinished npm timer reifyNode:node_modules/send/node_modules/debug 1775733605497
2943 silly unfinished npm timer reifyNode:node_modules/send/node_modules/debug/node_modules/ms 1775733605497
2944 silly unfinished npm timer reifyNode:node_modules/semver 1775733605500
2945 silly unfinished npm timer reifyNode:node_modules/scheduler 1775733605500
2946 silly unfinished npm timer reifyNode:node_modules/sax 1775733605500
2947 silly unfinished npm timer reifyNode:node_modules/safer-buffer 1775733605500
2948 silly unfinished npm timer reifyNode:node_modules/safe-regex-test 1775733605500
2949 silly unfinished npm timer reifyNode:node_modules/safe-push-apply 1775733605500
2950 silly unfinished npm timer reifyNode:node_modules/safe-buffer 1775733605500
2951 silly unfinished npm timer reifyNode:node_modules/safe-array-concat 1775733605500
2952 silly unfinished npm timer reifyNode:node_modules/run-parallel 1775733605501
2953 silly unfinished npm timer reifyNode:node_modules/rimraf 1775733605501
2954 silly unfinished npm timer reifyNode:node_modules/rimraf/node_modules/glob 1775733605501
2955 silly unfinished npm timer reifyNode:node_modules/reusify 1775733605501
2956 silly unfinished npm timer reifyNode:node_modules/retry 1775733605501
2957 silly unfinished npm timer reifyNode:node_modules/restore-cursor 1775733605501
2958 silly unfinished npm timer reifyNode:node_modules/resolve.exports 1775733605501
2959 silly unfinished npm timer reifyNode:node_modules/resolve-workspace-root 1775733605501
2960 silly unfinished npm timer reifyNode:node_modules/resolve-pkg-maps 1775733605501
2961 silly unfinished npm timer reifyNode:node_modules/resolve-from 1775733605501
2962 silly unfinished npm timer reifyNode:node_modules/resolve 1775733605501
2963 silly unfinished npm timer reifyNode:node_modules/requireg 1775733605501
2964 silly unfinished npm timer reifyNode:node_modules/requireg/node_modules/resolve 1775733605501
2965 silly unfinished npm timer reifyNode:node_modules/require-main-filename 1775733605501
2966 silly unfinished npm timer reifyNode:node_modules/require-from-string 1775733605501
2967 silly unfinished npm timer reifyNode:node_modules/require-directory 1775733605501
2968 silly unfinished npm timer reifyNode:node_modules/remove-trailing-slash 1775733605501
2969 silly unfinished npm timer reifyNode:node_modules/regjsparser 1775733605501
2970 silly unfinished npm timer reifyNode:node_modules/regjsgen 1775733605501
2971 silly unfinished npm timer reifyNode:node_modules/regexpu-core 1775733605501
2972 silly unfinished npm timer reifyNode:node_modules/regexp.prototype.flags 1775733605501
2973 silly unfinished npm timer reifyNode:node_modules/regenerator-runtime 1775733605501
2974 silly unfinished npm timer reifyNode:node_modules/regenerate-unicode-properties 1775733605501
2975 silly unfinished npm timer reifyNode:node_modules/regenerate 1775733605501
2976 silly unfinished npm timer reifyNode:node_modules/reflect.getprototypeof 1775733605501
2977 silly unfinished npm timer reifyNode:node_modules/redeyed 1775733605501
2978 silly unfinished npm timer reifyNode:node_modules/react-style-singleton 1775733605501
2979 silly unfinished npm timer reifyNode:node_modules/react-remove-scroll-bar 1775733605501
2980 silly unfinished npm timer reifyNode:node_modules/react-remove-scroll 1775733605501
2981 silly unfinished npm timer reifyNode:node_modules/react-refresh 1775733605501
2982 silly unfinished npm timer reifyNode:node_modules/react-native-worklets 1775733605501
2983 silly unfinished npm timer reifyNode:node_modules/react-native-worklets/node_modules/semver 1775733605501
2984 silly unfinished npm timer reifyNode:node_modules/react-native-web 1775733605501
2985 silly unfinished npm timer reifyNode:node_modules/react-native-web/node_modules/memoize-one 1775733605501
2986 silly unfinished npm timer reifyNode:node_modules/react-native-web/node_modules/@react-native/normalize-colors 1775733605501
2987 silly unfinished npm timer reifyNode:node_modules/react-native-svg 1775733605501
2988 silly unfinished npm timer reifyNode:node_modules/react-native-screens 1775733605501
2989 silly unfinished npm timer reifyNode:node_modules/react-native-safe-area-context 1775733605501
2990 silly unfinished npm timer reifyNode:node_modules/react-native-reanimated 1775733605501
2991 silly unfinished npm timer reifyNode:node_modules/react-native-reanimated/node_modules/semver 1775733605501
2992 silly unfinished npm timer reifyNode:node_modules/react-native-razorpay 1775733605501
2993 silly unfinished npm timer reifyNode:node_modules/react-native-qrcode-svg 1775733605501
2994 silly unfinished npm timer reifyNode:node_modules/react-native-maps 1775733605501
2995 silly unfinished npm timer reifyNode:node_modules/react-native-is-edge-to-edge 1775733605501
2996 silly unfinished npm timer reifyNode:node_modules/react-native-gesture-handler 1775733605501
2997 silly unfinished npm timer reifyNode:node_modules/react-native 1775733605501
2998 silly unfinished npm timer reifyNode:node_modules/react-native/node_modules/ws 1775733605501
2999 silly unfinished npm timer reifyNode:node_modules/react-native/node_modules/semver 1775733605501
3000 silly unfinished npm timer reifyNode:node_modules/react-native/node_modules/glob 1775733605501
3001 silly unfinished npm timer reifyNode:node_modules/react-native/node_modules/commander 1775733605501
3002 silly unfinished npm timer reifyNode:node_modules/react-native/node_modules/@react-native/virtualized-lists 1775733605501
3003 silly unfinished npm timer reifyNode:node_modules/react-native/node_modules/@react-native/gradle-plugin 1775733605501
3004 silly unfinished npm timer reifyNode:node_modules/react-is 1775733605501
3005 silly unfinished npm timer reifyNode:node_modules/react-freeze 1775733605501
3006 silly unfinished npm timer reifyNode:node_modules/react-fast-compare 1775733605501
3007 silly unfinished npm timer reifyNode:node_modules/react-dom 1775733605501
3008 silly unfinished npm timer reifyNode:node_modules/react-devtools-core 1775733605501
3009 silly unfinished npm timer reifyNode:node_modules/react 1775733605501
3010 silly unfinished npm timer reifyNode:node_modules/rc 1775733605501
3011 silly unfinished npm timer reifyNode:node_modules/rc/node_modules/strip-json-comments 1775733605501
3012 silly unfinished npm timer reifyNode:node_modules/range-parser 1775733605501
3013 silly unfinished npm timer reifyNode:node_modules/queue-microtask 1775733605501
3014 silly unfinished npm timer reifyNode:node_modules/queue 1775733605501
3015 silly unfinished npm timer reifyNode:node_modules/query-string 1775733605501
3016 silly unfinished npm timer reifyNode:node_modules/qrcode-terminal 1775733605501
3017 silly unfinished npm timer reifyNode:node_modules/qrcode 1775733605501
3018 silly unfinished npm timer reifyNode:node_modules/qrcode/node_modules/yargs-parser 1775733605501
3019 silly unfinished npm timer reifyNode:node_modules/qrcode/node_modules/yargs 1775733605501
3020 silly unfinished npm timer reifyNode:node_modules/qrcode/node_modules/y18n 1775733605501
3021 silly unfinished npm timer reifyNode:node_modules/qrcode/node_modules/wrap-ansi 1775733605501
3022 silly unfinished npm timer reifyNode:node_modules/qrcode/node_modules/pngjs 1775733605501
3023 silly unfinished npm timer reifyNode:node_modules/qrcode/node_modules/p-locate 1775733605501
3024 silly unfinished npm timer reifyNode:node_modules/qrcode/node_modules/p-limit 1775733605501
3025 silly unfinished npm timer reifyNode:node_modules/qrcode/node_modules/locate-path 1775733605501
3026 silly unfinished npm timer reifyNode:node_modules/qrcode/node_modules/find-up 1775733605501
3027 silly unfinished npm timer reifyNode:node_modules/qrcode/node_modules/cliui 1775733605501
3028 silly unfinished npm timer reifyNode:node_modules/qrcode/node_modules/camelcase 1775733605501
3029 silly unfinished npm timer reifyNode:node_modules/punycode 1775733605501
3030 silly unfinished npm timer reifyNode:node_modules/prop-types 1775733605501
3031 silly unfinished npm timer reifyNode:node_modules/prop-types/node_modules/react-is 1775733605502
3032 silly unfinished npm timer reifyNode:node_modules/prompts 1775733605502
3033 silly unfinished npm timer reifyNode:node_modules/promise-retry 1775733605502
3034 silly unfinished npm timer reifyNode:node_modules/promise-limit 1775733605502
3035 silly unfinished npm timer reifyNode:node_modules/promise 1775733605502
3036 silly unfinished npm timer reifyNode:node_modules/progress 1775733605502
3037 silly unfinished npm timer reifyNode:node_modules/proc-log 1775733605502
3038 silly unfinished npm timer reifyNode:node_modules/pretty-format 1775733605502
3039 silly unfinished npm timer reifyNode:node_modules/pretty-format/node_modules/react-is 1775733605502
3040 silly unfinished npm timer reifyNode:node_modules/pretty-format/node_modules/ansi-styles 1775733605502
3041 silly unfinished npm timer reifyNode:node_modules/pretty-bytes 1775733605502
3042 silly unfinished npm timer reifyNode:node_modules/prelude-ls 1775733605502
3043 silly unfinished npm timer reifyNode:node_modules/postcss-value-parser 1775733605502
3044 silly unfinished npm timer reifyNode:node_modules/postcss 1775733605502
3045 silly unfinished npm timer reifyNode:node_modules/possible-typed-array-names 1775733605502
3046 silly unfinished npm timer reifyNode:node_modules/pngjs 1775733605502
3047 silly unfinished npm timer reifyNode:node_modules/plist 1775733605502
3048 silly unfinished npm timer reifyNode:node_modules/pkg-dir 1775733605502
3049 silly unfinished npm timer reifyNode:node_modules/pkg-dir/node_modules/p-locate 1775733605502
3050 silly unfinished npm timer reifyNode:node_modules/pkg-dir/node_modules/p-limit 1775733605502
3051 silly unfinished npm timer reifyNode:node_modules/pkg-dir/node_modules/locate-path 1775733605502
3052 silly unfinished npm timer reifyNode:node_modules/pkg-dir/node_modules/find-up 1775733605502
3053 silly unfinished npm timer reifyNode:node_modules/pirates 1775733605502
3054 silly unfinished npm timer reifyNode:node_modules/picomatch 1775733605502
3055 silly unfinished npm timer reifyNode:node_modules/picocolors 1775733605502
3056 silly unfinished npm timer reifyNode:node_modules/path-type 1775733605502
3057 silly unfinished npm timer reifyNode:node_modules/path-scurry 1775733605502
3058 silly unfinished npm timer reifyNode:node_modules/path-scurry/node_modules/lru-cache 1775733605502
3059 silly unfinished npm timer reifyNode:node_modules/path-parse 1775733605502
3060 silly unfinished npm timer reifyNode:node_modules/path-key 1775733605502
3061 silly unfinished npm timer reifyNode:node_modules/path-is-absolute 1775733605503
3062 silly unfinished npm timer reifyNode:node_modules/path-exists 1775733605503
3063 silly unfinished npm timer reifyNode:node_modules/password-prompt 1775733605504
3064 silly unfinished npm timer reifyNode:node_modules/parseurl 1775733605504
3065 silly unfinished npm timer reifyNode:node_modules/parse-png 1775733605504
3066 silly unfinished npm timer reifyNode:node_modules/parse-json 1775733605504
3067 silly unfinished npm timer reifyNode:node_modules/parent-module 1775733605504
3068 silly unfinished npm timer reifyNode:node_modules/package-json-from-dist 1775733605504
3069 silly unfinished npm timer reifyNode:node_modules/p-try 1775733605504
3070 silly unfinished npm timer reifyNode:node_modules/p-locate 1775733605504
3071 silly unfinished npm timer reifyNode:node_modules/p-limit 1775733605504
3072 silly unfinished npm timer reifyNode:node_modules/own-keys 1775733605504
3073 silly unfinished npm timer reifyNode:node_modules/ora 1775733605504
3074 silly unfinished npm timer reifyNode:node_modules/ora/node_modules/supports-color 1775733605504
3075 silly unfinished npm timer reifyNode:node_modules/ora/node_modules/strip-ansi 1775733605504
3076 silly unfinished npm timer reifyNode:node_modules/ora/node_modules/has-flag 1775733605504
3077 silly unfinished npm timer reifyNode:node_modules/ora/node_modules/escape-string-regexp 1775733605504
3078 silly unfinished npm timer reifyNode:node_modules/ora/node_modules/color-name 1775733605504
3079 silly unfinished npm timer reifyNode:node_modules/ora/node_modules/color-convert 1775733605504
3080 silly unfinished npm timer reifyNode:node_modules/ora/node_modules/chalk 1775733605504
3081 silly unfinished npm timer reifyNode:node_modules/ora/node_modules/ansi-styles 1775733605504
3082 silly unfinished npm timer reifyNode:node_modules/ora/node_modules/ansi-regex 1775733605504
3083 silly unfinished npm timer reifyNode:node_modules/optionator 1775733605504
3084 silly unfinished npm timer reifyNode:node_modules/open 1775733605504
3085 silly unfinished npm timer reifyNode:node_modules/onetime 1775733605504
3086 silly unfinished npm timer reifyNode:node_modules/once 1775733605504
3087 silly unfinished npm timer reifyNode:node_modules/on-headers 1775733605504
3088 silly unfinished npm timer reifyNode:node_modules/on-finished 1775733605504
3089 silly unfinished npm timer reifyNode:node_modules/object.values 1775733605504
3090 silly unfinished npm timer reifyNode:node_modules/object.groupby 1775733605504
3091 silly unfinished npm timer reifyNode:node_modules/object.fromentries 1775733605504
3092 silly unfinished npm timer reifyNode:node_modules/object.entries 1775733605504
3093 silly unfinished npm timer reifyNode:node_modules/object.assign 1775733605504
3094 silly unfinished npm timer reifyNode:node_modules/object-treeify 1775733605504
3095 silly unfinished npm timer reifyNode:node_modules/object-keys 1775733605504
3096 silly unfinished npm timer reifyNode:node_modules/object-inspect 1775733605504
3097 silly unfinished npm timer reifyNode:node_modules/object-assign 1775733605504
3098 silly unfinished npm timer reifyNode:node_modules/ob1 1775733605504
3099 silly unfinished npm timer reifyNode:node_modules/nullthrows 1775733605504
3100 silly unfinished npm timer reifyNode:node_modules/nth-check 1775733605504
3101 silly unfinished npm timer reifyNode:node_modules/npm-package-arg 1775733605504
3102 silly unfinished npm timer reifyNode:node_modules/npm-package-arg/node_modules/semver 1775733605505
3103 silly unfinished npm timer reifyNode:node_modules/normalize-path 1775733605505
3104 silly unfinished npm timer reifyNode:node_modules/node-stream-zip 1775733605505
3105 silly unfinished npm timer reifyNode:node_modules/node-rsa 1775733605505
3106 silly unfinished npm timer reifyNode:node_modules/node-releases 1775733605505
3107 silly unfinished npm timer reifyNode:node_modules/node-int64 1775733605505
3108 silly unfinished npm timer reifyNode:node_modules/node-forge 1775733605505
3109 silly unfinished npm timer reifyNode:node_modules/node-fetch 1775733605505
3110 silly unfinished npm timer reifyNode:node_modules/node-exports-info 1775733605505
3111 silly unfinished npm timer reifyNode:node_modules/nested-error-stacks 1775733605505
3112 silly unfinished npm timer reifyNode:node_modules/negotiator 1775733605505
3113 silly unfinished npm timer reifyNode:node_modules/natural-orderby 1775733605505
3114 silly unfinished npm timer reifyNode:node_modules/natural-compare 1775733605505
3115 silly unfinished npm timer reifyNode:node_modules/napi-postinstall 1775733605505
3116 silly unfinished npm timer reifyNode:node_modules/nanoid 1775733605505
3117 silly unfinished npm timer reifyNode:node_modules/mz 1775733605505
3118 silly unfinished npm timer reifyNode:node_modules/mute-stream 1775733605505
3119 silly unfinished npm timer reifyNode:node_modules/multipasta 1775733605505
3120 silly unfinished npm timer reifyNode:node_modules/ms 1775733605505
3121 silly unfinished npm timer reifyNode:node_modules/mkdirp 1775733605505
3122 silly unfinished npm timer reifyNode:node_modules/minizlib 1775733605505
3123 silly unfinished npm timer reifyNode:node_modules/minipass 1775733605505
3124 silly unfinished npm timer reifyNode:node_modules/minimist 1775733605505
3125 silly unfinished npm timer reifyNode:node_modules/minimatch 1775733605505
3126 silly unfinished npm timer reifyNode:node_modules/mimic-fn 1775733605505
3127 silly unfinished npm timer reifyNode:node_modules/mime-types 1775733605505
3128 silly unfinished npm timer reifyNode:node_modules/mime-db 1775733605505
3129 silly unfinished npm timer reifyNode:node_modules/mime 1775733605505
3130 silly unfinished npm timer reifyNode:node_modules/micromatch 1775733605505
3131 silly unfinished npm timer reifyNode:node_modules/metro-transform-worker 1775733605505
3132 silly unfinished npm timer reifyNode:node_modules/metro-transform-plugins 1775733605505
3133 silly unfinished npm timer reifyNode:node_modules/metro-symbolicate 1775733605505
3134 silly unfinished npm timer reifyNode:node_modules/metro-source-map 1775733605505
3135 silly unfinished npm timer reifyNode:node_modules/metro-runtime 1775733605505
3136 silly unfinished npm timer reifyNode:node_modules/metro-resolver 1775733605505
3137 silly unfinished npm timer reifyNode:node_modules/metro-minify-terser 1775733605505
3138 silly unfinished npm timer reifyNode:node_modules/metro-file-map 1775733605505
3139 silly unfinished npm timer reifyNode:node_modules/metro-core 1775733605505
3140 silly unfinished npm timer reifyNode:node_modules/metro-config 1775733605505
3141 silly unfinished npm timer reifyNode:node_modules/metro-cache-key 1775733605505
3142 silly unfinished npm timer reifyNode:node_modules/metro-cache 1775733605505
3143 silly unfinished npm timer reifyNode:node_modules/metro-babel-transformer 1775733605505
3144 silly unfinished npm timer reifyNode:node_modules/metro-babel-transformer/node_modules/hermes-parser 1775733605505
3145 silly unfinished npm timer reifyNode:node_modules/metro-babel-transformer/node_modules/hermes-estree 1775733605505
3146 silly unfinished npm timer reifyNode:node_modules/metro 1775733605505
3147 silly unfinished npm timer reifyNode:node_modules/metro/node_modules/hermes-parser 1775733605505
3148 silly unfinished npm timer reifyNode:node_modules/metro/node_modules/hermes-estree 1775733605505
3149 silly unfinished npm timer reifyNode:node_modules/merge2 1775733605505
3150 silly unfinished npm timer reifyNode:node_modules/merge-stream 1775733605505
3151 silly unfinished npm timer reifyNode:node_modules/merge-options 1775733605505
3152 silly unfinished npm timer reifyNode:node_modules/memoize-one 1775733605505
3153 silly unfinished npm timer reifyNode:node_modules/mdn-data 1775733605505
3154 silly unfinished npm timer reifyNode:node_modules/md5 1775733605505
3155 silly unfinished npm timer reifyNode:node_modules/math-intrinsics 1775733605505
3156 silly unfinished npm timer reifyNode:node_modules/marky 1775733605506
3157 silly unfinished npm timer reifyNode:node_modules/makeerror 1775733605506
3158 silly unfinished npm timer reifyNode:node_modules/make-error 1775733605506
3159 silly unfinished npm timer reifyNode:node_modules/lru-cache 1775733605506
3160 silly unfinished npm timer reifyNode:node_modules/loose-envify 1775733605506
3161 silly unfinished npm timer reifyNode:node_modules/log-symbols 1775733605506
3162 silly unfinished npm timer reifyNode:node_modules/log-symbols/node_modules/supports-color 1775733605506
3163 silly unfinished npm timer reifyNode:node_modules/log-symbols/node_modules/has-flag 1775733605509
3164 silly unfinished npm timer reifyNode:node_modules/log-symbols/node_modules/escape-string-regexp 1775733605509
3165 silly unfinished npm timer reifyNode:node_modules/log-symbols/node_modules/color-name 1775733605509
3166 silly unfinished npm timer reifyNode:node_modules/log-symbols/node_modules/color-convert 1775733605509
3167 silly unfinished npm timer reifyNode:node_modules/log-symbols/node_modules/chalk 1775733605509
3168 silly unfinished npm timer reifyNode:node_modules/log-symbols/node_modules/ansi-styles 1775733605509
3169 silly unfinished npm timer reifyNode:node_modules/lodash.throttle 1775733605509
3170 silly unfinished npm timer reifyNode:node_modules/lodash.merge 1775733605509
3171 silly unfinished npm timer reifyNode:node_modules/lodash.get 1775733605509
3172 silly unfinished npm timer reifyNode:node_modules/lodash.debounce 1775733605509
3173 silly unfinished npm timer reifyNode:node_modules/lodash.clonedeep 1775733605509
3174 silly unfinished npm timer reifyNode:node_modules/locate-path 1775733605509
3175 silly unfinished npm timer reifyNode:node_modules/lines-and-columns 1775733605509
3176 silly unfinished npm timer reifyNode:node_modules/lilconfig 1775733605509
3177 silly unfinished npm timer reifyNode:node_modules/lightningcss 1775733605509
3178 silly unfinished npm timer reifyNode:node_modules/lighthouse-logger 1775733605509
3179 silly unfinished npm timer reifyNode:node_modules/lighthouse-logger/node_modules/ms 1775733605509
3180 silly unfinished npm timer reifyNode:node_modules/lighthouse-logger/node_modules/debug 1775733605509
3181 silly unfinished npm timer reifyNode:node_modules/levn 1775733605509
3182 silly unfinished npm timer reifyNode:node_modules/leven 1775733605509
3183 silly unfinished npm timer reifyNode:node_modules/lan-network 1775733605509
3184 silly unfinished npm timer reifyNode:node_modules/kleur 1775733605509
3185 silly unfinished npm timer reifyNode:node_modules/keyv 1775733605509
3186 silly unfinished npm timer reifyNode:node_modules/keychain 1775733605509
3187 silly unfinished npm timer reifyNode:node_modules/jsx-ast-utils 1775733605509
3188 silly unfinished npm timer reifyNode:node_modules/jsonfile 1775733605509
3189 silly unfinished npm timer reifyNode:node_modules/json5 1775733605509
3190 silly unfinished npm timer reifyNode:node_modules/json-stable-stringify-without-jsonify 1775733605509
3191 silly unfinished npm timer reifyNode:node_modules/json-schema-traverse 1775733605509
3192 silly unfinished npm timer reifyNode:node_modules/json-parse-better-errors 1775733605509
3193 silly unfinished npm timer reifyNode:node_modules/json-buffer 1775733605509
3194 silly unfinished npm timer reifyNode:node_modules/jsesc 1775733605509
3195 silly unfinished npm timer reifyNode:node_modules/jsep 1775733605509
3196 silly unfinished npm timer reifyNode:node_modules/jsc-safe-url 1775733605509
3197 silly unfinished npm timer reifyNode:node_modules/js-yaml 1775733605509
3198 silly unfinished npm timer reifyNode:node_modules/js-tokens 1775733605510
3199 silly unfinished npm timer reifyNode:node_modules/join-component 1775733605510
3200 silly unfinished npm timer reifyNode:node_modules/joi 1775733605510
3201 silly unfinished npm timer reifyNode:node_modules/jks-js 1775733605510
3202 silly unfinished npm timer reifyNode:node_modules/jimp-compact 1775733605510
3203 silly unfinished npm timer reifyNode:node_modules/jest-worker 1775733605510
3204 silly unfinished npm timer reifyNode:node_modules/jest-worker/node_modules/supports-color 1775733605510
3205 silly unfinished npm timer reifyNode:node_modules/jest-validate 1775733605510
3206 silly unfinished npm timer reifyNode:node_modules/jest-util 1775733605510
3207 silly unfinished npm timer reifyNode:node_modules/jest-util/node_modules/ci-info 1775733605510
3208 silly unfinished npm timer reifyNode:node_modules/jest-regex-util 1775733605510
3209 silly unfinished npm timer reifyNode:node_modules/jest-mock 1775733605510
3210 silly unfinished npm timer reifyNode:node_modules/jest-message-util 1775733605510
3211 silly unfinished npm timer reifyNode:node_modules/jest-haste-map 1775733605510
3212 silly unfinished npm timer reifyNode:node_modules/jest-get-type 1775733605510
3213 silly unfinished npm timer reifyNode:node_modules/jest-environment-node 1775733605510
3214 silly unfinished npm timer reifyNode:node_modules/jake 1775733605510
3215 silly unfinished npm timer reifyNode:node_modules/jackspeak 1775733605510
3216 silly unfinished npm timer reifyNode:node_modules/iterator.prototype 1775733605510
3217 silly unfinished npm timer reifyNode:node_modules/istanbul-lib-instrument 1775733605510
3218 silly unfinished npm timer reifyNode:node_modules/istanbul-lib-coverage 1775733605510
3219 silly unfinished npm timer reifyNode:node_modules/isexe 1775733605510
3220 silly unfinished npm timer reifyNode:node_modules/isarray 1775733605510
3221 silly unfinished npm timer reifyNode:node_modules/is-wsl 1775733605510
3222 silly unfinished npm timer reifyNode:node_modules/is-weakset 1775733605510
3223 silly unfinished npm timer reifyNode:node_modules/is-weakref 1775733605510
3224 silly unfinished npm timer reifyNode:node_modules/is-weakmap 1775733605510
3225 silly unfinished npm timer reifyNode:node_modules/is-unicode-supported 1775733605510
3226 silly unfinished npm timer reifyNode:node_modules/is-typed-array 1775733605510
3227 silly unfinished npm timer reifyNode:node_modules/is-symbol 1775733605510
3228 silly unfinished npm timer reifyNode:node_modules/is-string 1775733605510
3229 silly unfinished npm timer reifyNode:node_modules/is-stream 1775733605510
3230 silly unfinished npm timer reifyNode:node_modules/is-shared-array-buffer 1775733605510
3231 silly unfinished npm timer reifyNode:node_modules/is-set 1775733605510
3232 silly unfinished npm timer reifyNode:node_modules/is-retry-allowed 1775733605510
3233 silly unfinished npm timer reifyNode:node_modules/is-regex 1775733605510
3234 silly unfinished npm timer reifyNode:node_modules/is-plain-obj 1775733605510
3235 silly unfinished npm timer reifyNode:node_modules/is-number-object 1775733605510
3236 silly unfinished npm timer reifyNode:node_modules/is-number 1775733605510
3237 silly unfinished npm timer reifyNode:node_modules/is-negative-zero 1775733605510
3238 silly unfinished npm timer reifyNode:node_modules/is-map 1775733605510
3239 silly unfinished npm timer reifyNode:node_modules/is-interactive 1775733605510
3240 silly unfinished npm timer reifyNode:node_modules/is-glob 1775733605510
3241 silly unfinished npm timer reifyNode:node_modules/is-generator-function 1775733605510
3242 silly unfinished npm timer reifyNode:node_modules/is-fullwidth-code-point 1775733605510
3243 silly unfinished npm timer reifyNode:node_modules/is-finalizationregistry 1775733605510
3244 silly unfinished npm timer reifyNode:node_modules/is-extglob 1775733605510
3245 silly unfinished npm timer reifyNode:node_modules/is-docker 1775733605510
3246 silly unfinished npm timer reifyNode:node_modules/is-date-object 1775733605510
3247 silly unfinished npm timer reifyNode:node_modules/is-data-view 1775733605510
3248 silly unfinished npm timer reifyNode:node_modules/is-core-module 1775733605510
3249 silly unfinished npm timer reifyNode:node_modules/is-callable 1775733605510
3250 silly unfinished npm timer reifyNode:node_modules/is-bun-module 1775733605510
3251 silly unfinished npm timer reifyNode:node_modules/is-bun-module/node_modules/semver 1775733605510
3252 silly unfinished npm timer reifyNode:node_modules/is-buffer 1775733605510
3253 silly unfinished npm timer reifyNode:node_modules/is-boolean-object 1775733605510
3254 silly unfinished npm timer reifyNode:node_modules/is-bigint 1775733605510
3255 silly unfinished npm timer reifyNode:node_modules/is-async-function 1775733605510
3256 silly unfinished npm timer reifyNode:node_modules/is-arrayish 1775733605510
3257 silly unfinished npm timer reifyNode:node_modules/is-array-buffer 1775733605510
3258 silly unfinished npm timer reifyNode:node_modules/invariant 1775733605510
3259 silly unfinished npm timer reifyNode:node_modules/internal-slot 1775733605510
3260 silly unfinished npm timer reifyNode:node_modules/inline-style-prefixer 1775733605510
3261 silly unfinished npm timer reifyNode:node_modules/ini 1775733605510
3262 silly unfinished npm timer reifyNode:node_modules/inherits 1775733605511
3263 silly unfinished npm timer reifyNode:node_modules/inflight 1775733605511
3264 silly unfinished npm timer reifyNode:node_modules/indent-string 1775733605511
3265 silly unfinished npm timer reifyNode:node_modules/imurmurhash 1775733605511
3266 silly unfinished npm timer reifyNode:node_modules/import-fresh 1775733605511
3267 silly unfinished npm timer reifyNode:node_modules/import-fresh/node_modules/resolve-from 1775733605511
3268 silly unfinished npm timer reifyNode:node_modules/image-size 1775733605511
3269 silly unfinished npm timer reifyNode:node_modules/ignore 1775733605511
3270 silly unfinished npm timer reifyNode:node_modules/ieee754 1775733605511
3271 silly unfinished npm timer reifyNode:node_modules/hyphenate-style-name 1775733605511
3272 silly unfinished npm timer reifyNode:node_modules/hyperlinker 1775733605511
3273 silly unfinished npm timer reifyNode:node_modules/https-proxy-agent 1775733605511
3274 silly unfinished npm timer reifyNode:node_modules/http-errors 1775733605511
3275 silly unfinished npm timer reifyNode:node_modules/http-errors/node_modules/statuses 1775733605511
3276 silly unfinished npm timer reifyNode:node_modules/http-call 1775733605511
3277 silly unfinished npm timer reifyNode:node_modules/hosted-git-info 1775733605511
3278 silly unfinished npm timer reifyNode:node_modules/hosted-git-info/node_modules/lru-cache 1775733605511
3279 silly unfinished npm timer reifyNode:node_modules/hoist-non-react-statics 1775733605511
3280 silly unfinished npm timer reifyNode:node_modules/hoist-non-react-statics/node_modules/react-is 1775733605511
3281 silly unfinished npm timer reifyNode:node_modules/hermes-parser 1775733605511
3282 silly unfinished npm timer reifyNode:node_modules/hermes-estree 1775733605511
3283 silly unfinished npm timer reifyNode:node_modules/hasown 1775733605512
3284 silly unfinished npm timer reifyNode:node_modules/has-tostringtag 1775733605512
3285 silly unfinished npm timer reifyNode:node_modules/has-symbols 1775733605513
3286 silly unfinished npm timer reifyNode:node_modules/has-proto 1775733605513
3287 silly unfinished npm timer reifyNode:node_modules/has-property-descriptors 1775733605513
3288 silly unfinished npm timer reifyNode:node_modules/has-flag 1775733605513
3289 silly unfinished npm timer reifyNode:node_modules/has-bigints 1775733605513
3290 silly unfinished npm timer reifyNode:node_modules/graphql-tag 1775733605513
3291 silly unfinished npm timer reifyNode:node_modules/graphql 1775733605513
3292 silly unfinished npm timer reifyNode:node_modules/gradle-to-js 1775733605513
3293 silly unfinished npm timer reifyNode:node_modules/graceful-fs 1775733605513
3294 silly unfinished npm timer reifyNode:node_modules/gopd 1775733605513
3295 silly unfinished npm timer reifyNode:node_modules/golden-fleece 1775733605513
3296 silly unfinished npm timer reifyNode:node_modules/globby 1775733605513
3297 silly unfinished npm timer reifyNode:node_modules/globalthis 1775733605513
3298 silly unfinished npm timer reifyNode:node_modules/globals 1775733605513
3299 silly unfinished npm timer reifyNode:node_modules/glob-parent 1775733605513
3300 silly unfinished npm timer reifyNode:node_modules/glob 1775733605513
3301 silly unfinished npm timer reifyNode:node_modules/glob/node_modules/minimatch 1775733605513
3302 silly unfinished npm timer reifyNode:node_modules/glob/node_modules/brace-expansion 1775733605513
3303 silly unfinished npm timer reifyNode:node_modules/glob/node_modules/balanced-match 1775733605513
3304 silly unfinished npm timer reifyNode:node_modules/getenv 1775733605513
3305 silly unfinished npm timer reifyNode:node_modules/get-tsconfig 1775733605513
3306 silly unfinished npm timer reifyNode:node_modules/get-symbol-description 1775733605513
3307 silly unfinished npm timer reifyNode:node_modules/get-proto 1775733605513
3308 silly unfinished npm timer reifyNode:node_modules/get-package-type 1775733605513
3309 silly unfinished npm timer reifyNode:node_modules/get-nonce 1775733605513
3310 silly unfinished npm timer reifyNode:node_modules/get-intrinsic 1775733605513
3311 silly unfinished npm timer reifyNode:node_modules/get-caller-file 1775733605513
3312 silly unfinished npm timer reifyNode:node_modules/gensync 1775733605513
3313 silly unfinished npm timer reifyNode:node_modules/generator-function 1775733605513
3314 silly unfinished npm timer reifyNode:node_modules/functions-have-names 1775733605513
3315 silly unfinished npm timer reifyNode:node_modules/function.prototype.name 1775733605513
3316 silly unfinished npm timer reifyNode:node_modules/function-bind 1775733605513
3317 silly unfinished npm timer reifyNode:node_modules/fs.realpath 1775733605513
3318 silly unfinished npm timer reifyNode:node_modules/fs-extra 1775733605513
3319 silly unfinished npm timer reifyNode:node_modules/fresh 1775733605513
3320 silly unfinished npm timer reifyNode:node_modules/freeport-async 1775733605513
3321 silly unfinished npm timer reifyNode:node_modules/form-data 1775733605513
3322 silly unfinished npm timer reifyNode:node_modules/foreground-child 1775733605513
3323 silly unfinished npm timer reifyNode:node_modules/foreground-child/node_modules/signal-exit 1775733605513
3324 silly unfinished npm timer reifyNode:node_modules/for-each 1775733605513
3325 silly unfinished npm timer reifyNode:node_modules/fontfaceobserver 1775733605513
3326 silly unfinished npm timer reifyNode:node_modules/flow-enums-runtime 1775733605513
3327 silly unfinished npm timer reifyNode:node_modules/flatted 1775733605513
3328 silly unfinished npm timer reifyNode:node_modules/flat-cache 1775733605513
3329 silly unfinished npm timer reifyNode:node_modules/find-up 1775733605513
3330 silly unfinished npm timer reifyNode:node_modules/finalhandler 1775733605513
3331 silly unfinished npm timer reifyNode:node_modules/finalhandler/node_modules/ms 1775733605513
3332 silly unfinished npm timer reifyNode:node_modules/finalhandler/node_modules/debug 1775733605513
3333 silly unfinished npm timer reifyNode:node_modules/filter-obj 1775733605513
3334 silly unfinished npm timer reifyNode:node_modules/fill-range 1775733605513
3335 silly unfinished npm timer reifyNode:node_modules/filelist 1775733605513
3336 silly unfinished npm timer reifyNode:node_modules/filelist/node_modules/minimatch 1775733605513
3337 silly unfinished npm timer reifyNode:node_modules/filelist/node_modules/brace-expansion 1775733605513
3338 silly unfinished npm timer reifyNode:node_modules/file-entry-cache 1775733605513
3339 silly unfinished npm timer reifyNode:node_modules/figures 1775733605513
3340 silly unfinished npm timer reifyNode:node_modules/figures/node_modules/escape-string-regexp 1775733605513
3341 silly unfinished npm timer reifyNode:node_modules/fetch-retry 1775733605513
3342 silly unfinished npm timer reifyNode:node_modules/fbjs-css-vars 1775733605513
3343 silly unfinished npm timer reifyNode:node_modules/fbjs 1775733605513
3344 silly unfinished npm timer reifyNode:node_modules/fbjs/node_modules/promise 1775733605513
3345 silly unfinished npm timer reifyNode:node_modules/fb-watchman 1775733605514
3346 silly unfinished npm timer reifyNode:node_modules/fastq 1775733605514
3347 silly unfinished npm timer reifyNode:node_modules/fast-uri 1775733605514
3348 silly unfinished npm timer reifyNode:node_modules/fast-levenshtein 1775733605514
3349 silly unfinished npm timer reifyNode:node_modules/fast-json-stable-stringify 1775733605514
3350 silly unfinished npm timer reifyNode:node_modules/fast-glob 1775733605514
3351 silly unfinished npm timer reifyNode:node_modules/fast-glob/node_modules/glob-parent 1775733605514
3352 silly unfinished npm timer reifyNode:node_modules/fast-fifo 1775733605514
3353 silly unfinished npm timer reifyNode:node_modules/fast-deep-equal 1775733605514
3354 silly unfinished npm timer reifyNode:node_modules/exponential-backoff 1775733605514
3355 silly unfinished npm timer reifyNode:node_modules/expo-web-browser 1775733605514
3356 silly unfinished npm timer reifyNode:node_modules/expo-system-ui 1775733605514
3357 silly unfinished npm timer reifyNode:node_modules/expo-symbols 1775733605514
3358 silly unfinished npm timer reifyNode:node_modules/expo-status-bar 1775733605514
3359 silly unfinished npm timer reifyNode:node_modules/expo-splash-screen 1775733605514
3360 silly unfinished npm timer reifyNode:node_modules/expo-server 1775733605514
3361 silly unfinished npm timer reifyNode:node_modules/expo-router 1775733605514
3362 silly unfinished npm timer reifyNode:node_modules/expo-router/node_modules/semver 1775733605514
3363 silly unfinished npm timer reifyNode:node_modules/expo-router/node_modules/@radix-ui/react-tabs 1775733605514
3364 silly unfinished npm timer reifyNode:node_modules/expo-router/node_modules/@radix-ui/react-roving-focus 1775733605514
3365 silly unfinished npm timer reifyNode:node_modules/expo-router/node_modules/@radix-ui/react-primitive 1775733605514
3366 silly unfinished npm timer reifyNode:node_modules/expo-router/node_modules/@radix-ui/react-primitive/node_modules/@radix-ui/react-slot 1775733605514
3367 silly unfinished npm timer reifyNode:node_modules/expo-router/node_modules/@radix-ui/react-presence 1775733605514
3368 silly unfinished npm timer reifyNode:node_modules/expo-router/node_modules/@radix-ui/react-collection 1775733605514
3369 silly unfinished npm timer reifyNode:node_modules/expo-router/node_modules/@radix-ui/react-collection/node_modules/@radix-ui/react-slot 1775733605514
3370 silly unfinished npm timer reifyNode:node_modules/expo-modules-core 1775733605514
3371 silly unfinished npm timer reifyNode:node_modules/expo-modules-autolinking 1775733605515
3372 silly unfinished npm timer reifyNode:node_modules/expo-location 1775733605515
3373 silly unfinished npm timer reifyNode:node_modules/expo-linking 1775733605515
3374 silly unfinished npm timer reifyNode:node_modules/expo-linear-gradient 1775733605515
3375 silly unfinished npm timer reifyNode:node_modules/expo-keep-awake 1775733605515
3376 silly unfinished npm timer reifyNode:node_modules/expo-image-picker 1775733605515
3377 silly unfinished npm timer reifyNode:node_modules/expo-image-loader 1775733605515
3378 silly unfinished npm timer reifyNode:node_modules/expo-image 1775733605515
3379 silly unfinished npm timer reifyNode:node_modules/expo-haptics 1775733605515
3380 silly unfinished npm timer reifyNode:node_modules/expo-font 1775733605515
3381 silly unfinished npm timer reifyNode:node_modules/expo-file-system 1775733605515
3382 silly unfinished npm timer reifyNode:node_modules/expo-constants 1775733605515
3383 silly unfinished npm timer reifyNode:node_modules/expo-asset 1775733605515
3384 silly unfinished npm timer reifyNode:node_modules/expo 1775733605515
3385 silly unfinished npm timer reifyNode:node_modules/expo/node_modules/ws 1775733605515
3386 silly unfinished npm timer reifyNode:node_modules/expo/node_modules/semver 1775733605515
3387 silly unfinished npm timer reifyNode:node_modules/expo/node_modules/resolve 1775733605515
3388 silly unfinished npm timer reifyNode:node_modules/expo/node_modules/picomatch 1775733605515
3389 silly unfinished npm timer reifyNode:node_modules/expo/node_modules/minimatch 1775733605515
3390 silly unfinished npm timer reifyNode:node_modules/expo/node_modules/ci-info 1775733605515
3391 silly unfinished npm timer reifyNode:node_modules/expo/node_modules/brace-expansion 1775733605515
3392 silly unfinished npm timer reifyNode:node_modules/expo/node_modules/@expo/cli 1775733605515
3393 silly unfinished npm timer reifyNode:node_modules/exec-async 1775733605515
3394 silly unfinished npm timer reifyNode:node_modules/events-universal 1775733605515
3395 silly unfinished npm timer reifyNode:node_modules/event-target-shim 1775733605515
3396 silly unfinished npm timer reifyNode:node_modules/etag 1775733605515
3397 silly unfinished npm timer reifyNode:node_modules/esutils 1775733605515
3398 silly unfinished npm timer reifyNode:node_modules/estraverse 1775733605515
3399 silly unfinished npm timer reifyNode:node_modules/esrecurse 1775733605515
3400 silly unfinished npm timer reifyNode:node_modules/esquery 1775733605515
3401 silly unfinished npm timer reifyNode:node_modules/esprima 1775733605515
3402 silly unfinished npm timer reifyNode:node_modules/espree 1775733605515
3403 silly unfinished npm timer reifyNode:node_modules/eslint-visitor-keys 1775733605515
3404 silly unfinished npm timer reifyNode:node_modules/eslint-scope 1775733605515
3405 silly unfinished npm timer reifyNode:node_modules/eslint-plugin-react-hooks 1775733605515
3406 silly unfinished npm timer reifyNode:node_modules/eslint-plugin-react 1775733605515
3407 silly unfinished npm timer reifyNode:node_modules/eslint-plugin-import 1775733605515
3408 silly unfinished npm timer reifyNode:node_modules/eslint-plugin-import/node_modules/debug 1775733605515
3409 silly unfinished npm timer reifyNode:node_modules/eslint-plugin-expo 1775733605515
3410 silly unfinished npm timer reifyNode:node_modules/eslint-module-utils 1775733605515
3411 silly unfinished npm timer reifyNode:node_modules/eslint-module-utils/node_modules/debug 1775733605516
3412 silly unfinished npm timer reifyNode:node_modules/eslint-import-resolver-typescript 1775733605516
3413 silly unfinished npm timer reifyNode:node_modules/eslint-import-resolver-node 1775733605516
3414 silly unfinished npm timer reifyNode:node_modules/eslint-import-resolver-node/node_modules/debug 1775733605516
3415 silly unfinished npm timer reifyNode:node_modules/eslint-config-expo 1775733605516
3416 silly unfinished npm timer reifyNode:node_modules/eslint-config-expo/node_modules/globals 1775733605516
3417 silly unfinished npm timer reifyNode:node_modules/eslint 1775733605516
3418 silly unfinished npm timer reifyNode:node_modules/escape-string-regexp 1775733605516
3419 silly unfinished npm timer reifyNode:node_modules/escape-html 1775733605516
3420 silly unfinished npm timer reifyNode:node_modules/escalade 1775733605516
3421 silly unfinished npm timer reifyNode:node_modules/es-to-primitive 1775733605516
3422 silly unfinished npm timer reifyNode:node_modules/es-shim-unscopables 1775733605517
3423 silly unfinished npm timer reifyNode:node_modules/es-set-tostringtag 1775733605517
3424 silly unfinished npm timer reifyNode:node_modules/es-object-atoms 1775733605517
3425 silly unfinished npm timer reifyNode:node_modules/es-iterator-helpers 1775733605517
3426 silly unfinished npm timer reifyNode:node_modules/es-errors 1775733605517
3427 silly unfinished npm timer reifyNode:node_modules/es-define-property 1775733605517
3428 silly unfinished npm timer reifyNode:node_modules/es-abstract 1775733605517
3429 silly unfinished npm timer reifyNode:node_modules/error-stack-parser 1775733605517
3430 silly unfinished npm timer reifyNode:node_modules/error-ex 1775733605517
3431 silly unfinished npm timer reifyNode:node_modules/error-ex/node_modules/is-arrayish 1775733605517
3432 silly unfinished npm timer reifyNode:node_modules/err-code 1775733605517
3433 silly unfinished npm timer reifyNode:node_modules/envinfo 1775733605517
3434 silly unfinished npm timer reifyNode:node_modules/env-string 1775733605517
3435 silly unfinished npm timer reifyNode:node_modules/env-paths 1775733605517
3436 silly unfinished npm timer reifyNode:node_modules/env-editor 1775733605517
3437 silly unfinished npm timer reifyNode:node_modules/entities 1775733605517
3438 silly unfinished npm timer reifyNode:node_modules/encodeurl 1775733605517
3439 silly unfinished npm timer reifyNode:node_modules/emoji-regex 1775733605517
3440 silly unfinished npm timer reifyNode:node_modules/electron-to-chromium 1775733605517
3441 silly unfinished npm timer reifyNode:node_modules/ejs 1775733605517
3442 silly unfinished npm timer reifyNode:node_modules/ee-first 1775733605517
3443 silly unfinished npm timer reifyNode:node_modules/eastasianwidth 1775733605517
3444 silly unfinished npm timer reifyNode:node_modules/eas-cli 1775733605517
3445 silly unfinished npm timer reifyNode:node_modules/eas-cli/node_modules/yaml 1775733605517
3446 silly unfinished npm timer reifyNode:node_modules/eas-cli/node_modules/yallist 1775733605517
3447 silly unfinished npm timer reifyNode:node_modules/eas-cli/node_modules/write-file-atomic 1775733605517
3448 silly unfinished npm timer reifyNode:node_modules/eas-cli/node_modules/uuid 1775733605517
3449 silly unfinished npm timer reifyNode:node_modules/eas-cli/node_modules/tslib 1775733605517
3450 silly unfinished npm timer reifyNode:node_modules/eas-cli/node_modules/tar 1775733605517
3451 silly unfinished npm timer reifyNode:node_modules/eas-cli/node_modules/tar/node_modules/yallist 1775733605517
3452 silly unfinished npm timer reifyNode:node_modules/eas-cli/node_modules/tar/node_modules/minizlib 1775733605517
3453 silly unfinished npm timer reifyNode:node_modules/eas-cli/node_modules/supports-color 1775733605517
3454 silly unfinished npm timer reifyNode:node_modules/eas-cli/node_modules/sucrase 1775733605517
3455 silly unfinished npm timer reifyNode:node_modules/eas-cli/node_modules/sucrase/node_modules/minimatch 1775733605517
3456 silly unfinished npm timer reifyNode:node_modules/eas-cli/node_modules/sucrase/node_modules/glob 1775733605517
3457 silly unfinished npm timer reifyNode:node_modules/eas-cli/node_modules/semver 1775733605517
3458 silly unfinished npm timer reifyNode:node_modules/eas-cli/node_modules/rimraf 1775733605517
3459 silly unfinished npm timer reifyNode:node_modules/eas-cli/node_modules/rimraf/node_modules/minimatch 1775733605517
3460 silly unfinished npm timer reifyNode:node_modules/eas-cli/node_modules/rimraf/node_modules/glob 1775733605517
3461 silly unfinished npm timer reifyNode:node_modules/eas-cli/node_modules/restore-cursor 1775733605517
3462 silly unfinished npm timer reifyNode:node_modules/eas-cli/node_modules/qrcode-terminal 1775733605517
3463 silly unfinished npm timer reifyNode:node_modules/eas-cli/node_modules/pngjs 1775733605517
3464 silly unfinished npm timer reifyNode:node_modules/eas-cli/node_modules/path-scurry 1775733605517
3465 silly unfinished npm timer reifyNode:node_modules/eas-cli/node_modules/path-scurry/node_modules/lru-cache 1775733605517
3466 silly unfinished npm timer reifyNode:node_modules/eas-cli/node_modules/ora 1775733605517
3467 silly unfinished npm timer reifyNode:node_modules/eas-cli/node_modules/ora/node_modules/cli-cursor 1775733605517
3468 silly unfinished npm timer reifyNode:node_modules/eas-cli/node_modules/onetime 1775733605517
3469 silly unfinished npm timer reifyNode:node_modules/eas-cli/node_modules/node-forge 1775733605517
3470 silly unfinished npm timer reifyNode:node_modules/eas-cli/node_modules/node-fetch 1775733605517
3471 silly unfinished npm timer reifyNode:node_modules/eas-cli/node_modules/nanoid 1775733605517
3472 silly unfinished npm timer reifyNode:node_modules/eas-cli/node_modules/minizlib 1775733605517
3473 silly unfinished npm timer reifyNode:node_modules/eas-cli/node_modules/minimatch 1775733605517
3474 silly unfinished npm timer reifyNode:node_modules/eas-cli/node_modules/mimic-fn 1775733605517
3475 silly unfinished npm timer reifyNode:node_modules/eas-cli/node_modules/mime 1775733605517
3476 silly unfinished npm timer reifyNode:node_modules/eas-cli/node_modules/lru-cache 1775733605517
3477 silly unfinished npm timer reifyNode:node_modules/eas-cli/node_modules/log-symbols 1775733605517
3478 silly unfinished npm timer reifyNode:node_modules/eas-cli/node_modules/json-schema-traverse 1775733605517
3479 silly unfinished npm timer reifyNode:node_modules/eas-cli/node_modules/ignore 1775733605517
3480 silly unfinished npm timer reifyNode:node_modules/eas-cli/node_modules/https-proxy-agent 1775733605517
3481 silly unfinished npm timer reifyNode:node_modules/eas-cli/node_modules/has-flag 1775733605518
3482 silly unfinished npm timer reifyNode:node_modules/eas-cli/node_modules/getenv 1775733605518
3483 silly unfinished npm timer reifyNode:node_modules/eas-cli/node_modules/escape-string-regexp 1775733605518
3484 silly unfinished npm timer reifyNode:node_modules/eas-cli/node_modules/dotenv 1775733605518
3485 silly unfinished npm timer reifyNode:node_modules/eas-cli/node_modules/commander 1775733605518
3486 silly unfinished npm timer reifyNode:node_modules/eas-cli/node_modules/color-name 1775733605518
3487 silly unfinished npm timer reifyNode:node_modules/eas-cli/node_modules/color-convert 1775733605518
3488 silly unfinished npm timer reifyNode:node_modules/eas-cli/node_modules/brace-expansion 1775733605518
3489 silly unfinished npm timer reifyNode:node_modules/eas-cli/node_modules/ansi-styles 1775733605518
3490 silly unfinished npm timer reifyNode:node_modules/eas-cli/node_modules/ansi-regex 1775733605518
3491 silly unfinished npm timer reifyNode:node_modules/eas-cli/node_modules/ajv 1775733605518
3492 silly unfinished npm timer reifyNode:node_modules/eas-cli/node_modules/agent-base 1775733605518
3493 silly unfinished npm timer reifyNode:node_modules/eas-cli/node_modules/@urql/exchange-retry 1775733605518
3494 silly unfinished npm timer reifyNode:node_modules/eas-cli/node_modules/@urql/core 1775733605518
3495 silly unfinished npm timer reifyNode:node_modules/eas-cli/node_modules/@segment/ajv-human-errors 1775733605518
3496 silly unfinished npm timer reifyNode:node_modules/eas-cli/node_modules/@react-native/normalize-colors 1775733605518
3497 silly unfinished npm timer reifyNode:node_modules/eas-cli/node_modules/@expo/prebuild-config 1775733605518
3498 silly unfinished npm timer reifyNode:node_modules/eas-cli/node_modules/@expo/prebuild-config/node_modules/xmlbuilder 1775733605518
3499 silly unfinished npm timer reifyNode:node_modules/eas-cli/node_modules/@expo/prebuild-config/node_modules/semver 1775733605518
3500 silly unfinished npm timer reifyNode:node_modules/eas-cli/node_modules/@expo/prebuild-config/node_modules/minimatch 1775733605518
3501 silly unfinished npm timer reifyNode:node_modules/eas-cli/node_modules/@expo/prebuild-config/node_modules/glob 1775733605518
3502 silly unfinished npm timer reifyNode:node_modules/eas-cli/node_modules/@expo/prebuild-config/node_modules/fs-extra 1775733605518
3503 silly unfinished npm timer reifyNode:node_modules/eas-cli/node_modules/@expo/prebuild-config/node_modules/@xmldom/xmldom 1775733605518
3504 silly unfinished npm timer reifyNode:node_modules/eas-cli/node_modules/@expo/prebuild-config/node_modules/@expo/plist 1775733605518
3505 silly unfinished npm timer reifyNode:node_modules/eas-cli/node_modules/@expo/prebuild-config/node_modules/@expo/json-file 1775733605518
3506 silly unfinished npm timer reifyNode:node_modules/eas-cli/node_modules/@expo/prebuild-config/node_modules/@expo/config-types 1775733605518
3507 silly unfinished npm timer reifyNode:node_modules/eas-cli/node_modules/@expo/prebuild-config/node_modules/@expo/config-plugins 1775733605518
3508 silly unfinished npm timer reifyNode:node_modules/eas-cli/node_modules/@expo/prebuild-config/node_modules/@expo/config-plugins/node_modules/@expo/json-file 1775733605518
3509 silly unfinished npm timer reifyNode:node_modules/eas-cli/node_modules/@expo/prebuild-config/node_modules/@expo/config 1775733605518
3510 silly unfinished npm timer reifyNode:node_modules/eas-cli/node_modules/@expo/prebuild-config/node_modules/@babel/code-frame 1775733605518
3511 silly unfinished npm timer reifyNode:node_modules/eas-cli/node_modules/@expo/plist 1775733605518
3512 silly unfinished npm timer reifyNode:node_modules/eas-cli/node_modules/@expo/plist/node_modules/xmlbuilder 1775733605518
3513 silly unfinished npm timer reifyNode:node_modules/eas-cli/node_modules/@expo/plist/node_modules/@xmldom/xmldom 1775733605518
3514 silly unfinished npm timer reifyNode:node_modules/eas-cli/node_modules/@expo/package-manager 1775733605518
3515 silly unfinished npm timer reifyNode:node_modules/eas-cli/node_modules/@expo/package-manager/node_modules/strip-ansi 1775733605518
3516 silly unfinished npm timer reifyNode:node_modules/eas-cli/node_modules/@expo/package-manager/node_modules/ora 1775733605518
3517 silly unfinished npm timer reifyNode:node_modules/eas-cli/node_modules/@expo/package-manager/node_modules/ora/node_modules/chalk 1775733605518
3518 silly unfinished npm timer reifyNode:node_modules/eas-cli/node_modules/@expo/package-manager/node_modules/log-symbols 1775733605518
3519 silly unfinished npm timer reifyNode:node_modules/eas-cli/node_modules/@expo/package-manager/node_modules/log-symbols/node_modules/chalk 1775733605518
3520 silly unfinished npm timer reifyNode:node_modules/eas-cli/node_modules/@expo/package-manager/node_modules/@expo/json-file 1775733605518
3521 silly unfinished npm timer reifyNode:node_modules/eas-cli/node_modules/@expo/osascript 1775733605518
3522 silly unfinished npm timer reifyNode:node_modules/eas-cli/node_modules/@expo/json-file 1775733605518
3523 silly unfinished npm timer reifyNode:node_modules/eas-cli/node_modules/@expo/json-file/node_modules/@babel/code-frame 1775733605518
3524 silly unfinished npm timer reifyNode:node_modules/eas-cli/node_modules/@expo/image-utils 1775733605518
3525 silly unfinished npm timer reifyNode:node_modules/eas-cli/node_modules/@expo/image-utils/node_modules/universalify 1775733605518
3526 silly unfinished npm timer reifyNode:node_modules/eas-cli/node_modules/@expo/image-utils/node_modules/semver 1775733605518
3527 silly unfinished npm timer reifyNode:node_modules/eas-cli/node_modules/@expo/image-utils/node_modules/fs-extra 1775733605518
3528 silly unfinished npm timer reifyNode:node_modules/eas-cli/node_modules/@expo/env 1775733605518
3529 silly unfinished npm timer reifyNode:node_modules/eas-cli/node_modules/@expo/env/node_modules/getenv 1775733605518
3530 silly unfinished npm timer reifyNode:node_modules/eas-cli/node_modules/@expo/env/node_modules/dotenv 1775733605518
3531 silly unfinished npm timer reifyNode:node_modules/eas-cli/node_modules/@expo/config-types 1775733605518
3532 silly unfinished npm timer reifyNode:node_modules/eas-cli/node_modules/@expo/config-plugins 1775733605518
3533 silly unfinished npm timer reifyNode:node_modules/eas-cli/node_modules/@expo/config-plugins/node_modules/getenv 1775733605518
3534 silly unfinished npm timer reifyNode:node_modules/eas-cli/node_modules/@expo/config-plugins/node_modules/@expo/plist 1775733605518
3535 silly unfinished npm timer reifyNode:node_modules/eas-cli/node_modules/@expo/config-plugins/node_modules/@expo/json-file 1775733605518
3536 silly unfinished npm timer reifyNode:node_modules/eas-cli/node_modules/@expo/config 1775733605518
3537 silly unfinished npm timer reifyNode:node_modules/eas-cli/node_modules/@expo/config/node_modules/semver 1775733605518
3538 silly unfinished npm timer reifyNode:node_modules/eas-cli/node_modules/@expo/config/node_modules/getenv 1775733605518
3539 silly unfinished npm timer reifyNode:node_modules/eas-cli/node_modules/@expo/config/node_modules/@expo/json-file 1775733605518
3540 silly unfinished npm timer reifyNode:node_modules/eas-cli/node_modules/@expo/code-signing-certificates 1775733605518
3541 silly unfinished npm timer reifyNode:node_modules/dunder-proto 1775733605518
3542 silly unfinished npm timer reifyNode:node_modules/dotenv-expand 1775733605518
3543 silly unfinished npm timer reifyNode:node_modules/dotenv 1775733605518
3544 silly unfinished npm timer reifyNode:node_modules/domutils 1775733605518
3545 silly unfinished npm timer reifyNode:node_modules/domino 1775733605518
3546 silly unfinished npm timer reifyNode:node_modules/domhandler 1775733605518
3547 silly unfinished npm timer reifyNode:node_modules/domelementtype 1775733605518
3548 silly unfinished npm timer reifyNode:node_modules/dom-serializer 1775733605518
3549 silly unfinished npm timer reifyNode:node_modules/doctrine 1775733605518
3550 silly unfinished npm timer reifyNode:node_modules/dir-glob 1775733605518
3551 silly unfinished npm timer reifyNode:node_modules/dijkstrajs 1775733605518
3552 silly unfinished npm timer reifyNode:node_modules/diff 1775733605518
3553 silly unfinished npm timer reifyNode:node_modules/detect-node-es 1775733605518
3554 silly unfinished npm timer reifyNode:node_modules/detect-libc 1775733605518
3555 silly unfinished npm timer reifyNode:node_modules/destroy 1775733605518
3556 silly unfinished npm timer reifyNode:node_modules/depd 1775733605518
3557 silly unfinished npm timer reifyNode:node_modules/delayed-stream 1775733605518
3558 silly unfinished npm timer reifyNode:node_modules/define-properties 1775733605519
3559 silly unfinished npm timer reifyNode:node_modules/define-lazy-prop 1775733605519
3560 silly unfinished npm timer reifyNode:node_modules/define-data-property 1775733605519
3561 silly unfinished npm timer reifyNode:node_modules/defaults 1775733605520
3562 silly unfinished npm timer reifyNode:node_modules/deepmerge 1775733605520
3563 silly unfinished npm timer reifyNode:node_modules/deep-is 1775733605520
3564 silly unfinished npm timer reifyNode:node_modules/deep-extend 1775733605520
3565 silly unfinished npm timer reifyNode:node_modules/decode-uri-component 1775733605520
3566 silly unfinished npm timer reifyNode:node_modules/decamelize 1775733605520
3567 silly unfinished npm timer reifyNode:node_modules/debug 1775733605520
3568 silly unfinished npm timer reifyNode:node_modules/dateformat 1775733605520
3569 silly unfinished npm timer reifyNode:node_modules/data-view-byte-offset 1775733605520
3570 silly unfinished npm timer reifyNode:node_modules/data-view-byte-length 1775733605520
3571 silly unfinished npm timer reifyNode:node_modules/data-view-buffer 1775733605520
3572 silly unfinished npm timer reifyNode:node_modules/csstype 1775733605520
3573 silly unfinished npm timer reifyNode:node_modules/css-what 1775733605520
3574 silly unfinished npm timer reifyNode:node_modules/css-tree 1775733605520
3575 silly unfinished npm timer reifyNode:node_modules/css-tree/node_modules/source-map 1775733605520
3576 silly unfinished npm timer reifyNode:node_modules/css-select 1775733605520
3577 silly unfinished npm timer reifyNode:node_modules/css-in-js-utils 1775733605520
3578 silly unfinished npm timer reifyNode:node_modules/crypto-random-string 1775733605520
3579 silly unfinished npm timer reifyNode:node_modules/crypt 1775733605520
3580 silly unfinished npm timer reifyNode:node_modules/cross-spawn 1775733605520
3581 silly unfinished npm timer reifyNode:node_modules/cross-fetch 1775733605520
3582 silly unfinished npm timer reifyNode:node_modules/create-require 1775733605520
3583 silly unfinished npm timer reifyNode:node_modules/core-js-compat 1775733605520
3584 silly unfinished npm timer reifyNode:node_modules/convert-source-map 1775733605520
3585 silly unfinished npm timer reifyNode:node_modules/content-type 1775733605521
3586 silly unfinished npm timer reifyNode:node_modules/connect 1775733605521
3587 silly unfinished npm timer reifyNode:node_modules/connect/node_modules/ms 1775733605521
3588 silly unfinished npm timer reifyNode:node_modules/connect/node_modules/debug 1775733605521
3589 silly unfinished npm timer reifyNode:node_modules/concat-map 1775733605521
3590 silly unfinished npm timer reifyNode:node_modules/compression 1775733605521
3591 silly unfinished npm timer reifyNode:node_modules/compression/node_modules/negotiator 1775733605521
3592 silly unfinished npm timer reifyNode:node_modules/compression/node_modules/ms 1775733605521
3593 silly unfinished npm timer reifyNode:node_modules/compression/node_modules/debug 1775733605521
3594 silly unfinished npm timer reifyNode:node_modules/compressible 1775733605521
3595 silly unfinished npm timer reifyNode:node_modules/component-type 1775733605521
3596 silly unfinished npm timer reifyNode:node_modules/commander 1775733605521
3597 silly unfinished npm timer reifyNode:node_modules/combined-stream 1775733605521
3598 silly unfinished npm timer reifyNode:node_modules/color-string 1775733605521
3599 silly unfinished npm timer reifyNode:node_modules/color-name 1775733605521
3600 silly unfinished npm timer reifyNode:node_modules/color-convert 1775733605521
3601 silly unfinished npm timer reifyNode:node_modules/color 1775733605521
3602 silly unfinished npm timer reifyNode:node_modules/clone 1775733605521
3603 silly unfinished npm timer reifyNode:node_modules/cliui 1775733605521
3604 silly unfinished npm timer reifyNode:node_modules/client-only 1775733605521
3605 silly unfinished npm timer reifyNode:node_modules/cli-spinners 1775733605521
3606 silly unfinished npm timer reifyNode:node_modules/cli-progress 1775733605521
3607 silly unfinished npm timer reifyNode:node_modules/cli-cursor 1775733605521
3608 silly unfinished npm timer reifyNode:node_modules/clean-stack 1775733605521
3609 silly unfinished npm timer reifyNode:node_modules/ci-info 1775733605521
3610 silly unfinished npm timer reifyNode:node_modules/chromium-edge-launcher 1775733605521
3611 silly unfinished npm timer reifyNode:node_modules/chrome-launcher 1775733605521
3612 silly unfinished npm timer reifyNode:node_modules/chownr 1775733605521
3613 silly unfinished npm timer reifyNode:node_modules/charenc 1775733605521
3614 silly unfinished npm timer reifyNode:node_modules/chalk 1775733605521
3615 silly unfinished npm timer reifyNode:node_modules/cardinal 1775733605521
3616 silly unfinished npm timer reifyNode:node_modules/caniuse-lite 1775733605521
3617 silly unfinished npm timer reifyNode:node_modules/camelcase 1775733605521
3618 silly unfinished npm timer reifyNode:node_modules/callsites 1775733605521
3619 silly unfinished npm timer reifyNode:node_modules/call-bound 1775733605521
3620 silly unfinished npm timer reifyNode:node_modules/call-bind-apply-helpers 1775733605521
3621 silly unfinished npm timer reifyNode:node_modules/call-bind 1775733605521
3622 silly unfinished npm timer reifyNode:node_modules/bytes 1775733605521
3623 silly unfinished npm timer reifyNode:node_modules/bunyan 1775733605521
3624 silly unfinished npm timer reifyNode:node_modules/buffer-from 1775733605521
3625 silly unfinished npm timer reifyNode:node_modules/buffer 1775733605521
3626 silly unfinished npm timer reifyNode:node_modules/bser 1775733605521
3627 silly unfinished npm timer reifyNode:node_modules/browserslist 1775733605521
3628 silly unfinished npm timer reifyNode:node_modules/braces 1775733605521
3629 silly unfinished npm timer reifyNode:node_modules/brace-expansion 1775733605521
3630 silly unfinished npm timer reifyNode:node_modules/bplist-parser 1775733605521
3631 silly unfinished npm timer reifyNode:node_modules/bplist-creator 1775733605521
3632 silly unfinished npm timer reifyNode:node_modules/boolbase 1775733605521
3633 silly unfinished npm timer reifyNode:node_modules/big-integer 1775733605521
3634 silly unfinished npm timer reifyNode:node_modules/better-opn 1775733605521
3635 silly unfinished npm timer reifyNode:node_modules/better-opn/node_modules/open 1775733605521
3636 silly unfinished npm timer reifyNode:node_modules/baseline-browser-mapping 1775733605521
3637 silly unfinished npm timer reifyNode:node_modules/base64-js 1775733605521
3638 silly unfinished npm timer reifyNode:node_modules/bare-events 1775733605521
3639 silly unfinished npm timer reifyNode:node_modules/balanced-match 1775733605521
3640 silly unfinished npm timer reifyNode:node_modules/babel-preset-jest 1775733605521
3641 silly unfinished npm timer reifyNode:node_modules/babel-preset-expo 1775733605521
3642 silly unfinished npm timer reifyNode:node_modules/babel-preset-current-node-syntax 1775733605521
3643 silly unfinished npm timer reifyNode:node_modules/babel-plugin-transform-flow-enums 1775733605522
3644 silly unfinished npm timer reifyNode:node_modules/babel-plugin-syntax-hermes-parser 1775733605522
3645 silly unfinished npm timer reifyNode:node_modules/babel-plugin-react-native-web 1775733605522
3646 silly unfinished npm timer reifyNode:node_modules/babel-plugin-react-compiler 1775733605522
3647 silly unfinished npm timer reifyNode:node_modules/babel-plugin-polyfill-regenerator 1775733605522
3648 silly unfinished npm timer reifyNode:node_modules/babel-plugin-polyfill-corejs3 1775733605522
3649 silly unfinished npm timer reifyNode:node_modules/babel-plugin-polyfill-corejs2 1775733605522
3650 silly unfinished npm timer reifyNode:node_modules/babel-plugin-jest-hoist 1775733605522
3651 silly unfinished npm timer reifyNode:node_modules/babel-plugin-istanbul 1775733605522
3652 silly unfinished npm timer reifyNode:node_modules/babel-jest 1775733605522
3653 silly unfinished npm timer reifyNode:node_modules/b4a 1775733605522
3654 silly unfinished npm timer reifyNode:node_modules/available-typed-arrays 1775733605522
3655 silly unfinished npm timer reifyNode:node_modules/at-least-node 1775733605522
3656 silly unfinished npm timer reifyNode:node_modules/asynckit 1775733605522
3657 silly unfinished npm timer reifyNode:node_modules/async-limiter 1775733605522
3658 silly unfinished npm timer reifyNode:node_modules/async-function 1775733605522
3659 silly unfinished npm timer reifyNode:node_modules/async 1775733605522
3660 silly unfinished npm timer reifyNode:node_modules/astral-regex 1775733605522
3661 silly unfinished npm timer reifyNode:node_modules/asn1 1775733605522
3662 silly unfinished npm timer reifyNode:node_modules/asap 1775733605522
3663 silly unfinished npm timer reifyNode:node_modules/arraybuffer.prototype.slice 1775733605522
3664 silly unfinished npm timer reifyNode:node_modules/array.prototype.tosorted 1775733605522
3665 silly unfinished npm timer reifyNode:node_modules/array.prototype.flatmap 1775733605522
3666 silly unfinished npm timer reifyNode:node_modules/array.prototype.flat 1775733605522
3667 silly unfinished npm timer reifyNode:node_modules/array.prototype.findlastindex 1775733605522
3668 silly unfinished npm timer reifyNode:node_modules/array.prototype.findlast 1775733605522
3669 silly unfinished npm timer reifyNode:node_modules/array-union 1775733605522
3670 silly unfinished npm timer reifyNode:node_modules/array-includes 1775733605522
3671 silly unfinished npm timer reifyNode:node_modules/array-buffer-byte-length 1775733605522
3672 silly unfinished npm timer reifyNode:node_modules/aria-hidden 1775733605522
3673 silly unfinished npm timer reifyNode:node_modules/argparse 1775733605522
3674 silly unfinished npm timer reifyNode:node_modules/arg 1775733605522
3675 silly unfinished npm timer reifyNode:node_modules/anymatch 1775733605522
3676 silly unfinished npm timer reifyNode:node_modules/any-promise 1775733605522
3677 silly unfinished npm timer reifyNode:node_modules/ansis 1775733605522
3678 silly unfinished npm timer reifyNode:node_modules/ansicolors 1775733605522
3679 silly unfinished npm timer reifyNode:node_modules/ansi-styles 1775733605522
3680 silly unfinished npm timer reifyNode:node_modules/ansi-regex 1775733605522
3681 silly unfinished npm timer reifyNode:node_modules/ansi-escapes 1775733605522
3682 silly unfinished npm timer reifyNode:node_modules/ansi-escapes/node_modules/type-fest 1775733605522
3683 silly unfinished npm timer reifyNode:node_modules/anser 1775733605522
3684 silly unfinished npm timer reifyNode:node_modules/ajv-formats 1775733605522
3685 silly unfinished npm timer reifyNode:node_modules/ajv-formats/node_modules/json-schema-traverse 1775733605522
3686 silly unfinished npm timer reifyNode:node_modules/ajv-formats/node_modules/ajv 1775733605522
3687 silly unfinished npm timer reifyNode:node_modules/ajv 1775733605522
3688 silly unfinished npm timer reifyNode:node_modules/agent-base 1775733605522
3689 silly unfinished npm timer reifyNode:node_modules/acorn-walk 1775733605522
3690 silly unfinished npm timer reifyNode:node_modules/acorn-jsx 1775733605522
3691 silly unfinished npm timer reifyNode:node_modules/acorn 1775733605522
3692 silly unfinished npm timer reifyNode:node_modules/accepts 1775733605522
3693 silly unfinished npm timer reifyNode:node_modules/abort-controller 1775733605522
3694 silly unfinished npm timer reifyNode:node_modules/@xmldom/xmldom 1775733605522
3695 silly unfinished npm timer reifyNode:node_modules/@urql/exchange-retry 1775733605522
3696 silly unfinished npm timer reifyNode:node_modules/@urql/core 1775733605522
3697 silly unfinished npm timer reifyNode:node_modules/@ungap/structured-clone 1775733605522
3698 silly unfinished npm timer reifyNode:node_modules/@typescript-eslint/visitor-keys 1775733605522
3699 silly unfinished npm timer reifyNode:node_modules/@typescript-eslint/visitor-keys/node_modules/eslint-visitor-keys 1775733605522
3700 silly unfinished npm timer reifyNode:node_modules/@typescript-eslint/utils 1775733605522
3701 silly unfinished npm timer reifyNode:node_modules/@typescript-eslint/typescript-estree 1775733605522
3702 silly unfinished npm timer reifyNode:node_modules/@typescript-eslint/typescript-estree/node_modules/semver 1775733605522
3703 silly unfinished npm timer reifyNode:node_modules/@typescript-eslint/typescript-estree/node_modules/minimatch 1775733605522
3704 silly unfinished npm timer reifyNode:node_modules/@typescript-eslint/typescript-estree/node_modules/brace-expansion 1775733605522
3705 silly unfinished npm timer reifyNode:node_modules/@typescript-eslint/typescript-estree/node_modules/balanced-match 1775733605522
3706 silly unfinished npm timer reifyNode:node_modules/@typescript-eslint/types 1775733605522
3707 silly unfinished npm timer reifyNode:node_modules/@typescript-eslint/type-utils 1775733605522
3708 silly unfinished npm timer reifyNode:node_modules/@typescript-eslint/tsconfig-utils 1775733605522
3709 silly unfinished npm timer reifyNode:node_modules/@typescript-eslint/scope-manager 1775733605522
3710 silly unfinished npm timer reifyNode:node_modules/@typescript-eslint/project-service 1775733605522
3711 silly unfinished npm timer reifyNode:node_modules/@typescript-eslint/parser 1775733605522
3712 silly unfinished npm timer reifyNode:node_modules/@typescript-eslint/eslint-plugin 1775733605522
3713 silly unfinished npm timer reifyNode:node_modules/@typescript-eslint/eslint-plugin/node_modules/ignore 1775733605522
3714 silly unfinished npm timer reifyNode:node_modules/@types/yargs-parser 1775733605522
3715 silly unfinished npm timer reifyNode:node_modules/@types/yargs 1775733605522
3716 silly unfinished npm timer reifyNode:node_modules/@types/stack-utils 1775733605522
3717 silly unfinished npm timer reifyNode:node_modules/@types/react 1775733605522
3718 silly unfinished npm timer reifyNode:node_modules/@types/node 1775733605522
3719 silly unfinished npm timer reifyNode:node_modules/@types/json5 1775733605522
3720 silly unfinished npm timer reifyNode:node_modules/@types/json-schema 1775733605522
3721 silly unfinished npm timer reifyNode:node_modules/@types/istanbul-reports 1775733605523
3722 silly unfinished npm timer reifyNode:node_modules/@types/istanbul-lib-report 1775733605523
3723 silly unfinished npm timer reifyNode:node_modules/@types/istanbul-lib-coverage 1775733605523
3724 silly unfinished npm timer reifyNode:node_modules/@types/hammerjs 1775733605523
3725 silly unfinished npm timer reifyNode:node_modules/@types/graceful-fs 1775733605523
3726 silly unfinished npm timer reifyNode:node_modules/@types/geojson 1775733605523
3727 silly unfinished npm timer reifyNode:node_modules/@types/estree 1775733605523
3728 silly unfinished npm timer reifyNode:node_modules/@types/cli-progress 1775733605523
3729 silly unfinished npm timer reifyNode:node_modules/@types/bunyan 1775733605523
3730 silly unfinished npm timer reifyNode:node_modules/@types/babel__traverse 1775733605523
3731 silly unfinished npm timer reifyNode:node_modules/@types/babel__template 1775733605523
3732 silly unfinished npm timer reifyNode:node_modules/@types/babel__generator 1775733605523
3733 silly unfinished npm timer reifyNode:node_modules/@types/babel__core 1775733605523
3734 silly unfinished npm timer reifyNode:node_modules/@tsconfig/node16 1775733605523
3735 silly unfinished npm timer reifyNode:node_modules/@tsconfig/node14 1775733605523
3736 silly unfinished npm timer reifyNode:node_modules/@tsconfig/node12 1775733605523
3737 silly unfinished npm timer reifyNode:node_modules/@tsconfig/node10 1775733605523
3738 silly unfinished npm timer reifyNode:node_modules/@sinonjs/fake-timers 1775733605523
3739 silly unfinished npm timer reifyNode:node_modules/@sinonjs/commons 1775733605523
3740 silly unfinished npm timer reifyNode:node_modules/@sinclair/typebox 1775733605523
3741 silly unfinished npm timer reifyNode:node_modules/@sideway/pinpoint 1775733605523
3742 silly unfinished npm timer reifyNode:node_modules/@sideway/formula 1775733605523
3743 silly unfinished npm timer reifyNode:node_modules/@sideway/address 1775733605523
3744 silly unfinished npm timer reifyNode:node_modules/@sentry/utils 1775733605523
3745 silly unfinished npm timer reifyNode:node_modules/@sentry/types 1775733605523
3746 silly unfinished npm timer reifyNode:node_modules/@sentry/node 1775733605523
3747 silly unfinished npm timer reifyNode:node_modules/@sentry/node/node_modules/https-proxy-agent 1775733605523
3748 silly unfinished npm timer reifyNode:node_modules/@sentry/node/node_modules/agent-base 1775733605523
3749 silly unfinished npm timer reifyNode:node_modules/@sentry/core 1775733605523
3750 silly unfinished npm timer reifyNode:node_modules/@sentry-internal/tracing 1775733605523
3751 silly unfinished npm timer reifyNode:node_modules/@segment/loosely-validate-event 1775733605523
3752 silly unfinished npm timer reifyNode:node_modules/@rtsao/scc 1775733605523
3753 silly unfinished npm timer reifyNode:node_modules/@react-navigation/routers 1775733605524
3754 silly unfinished npm timer reifyNode:node_modules/@react-navigation/native-stack 1775733605524
3755 silly unfinished npm timer reifyNode:node_modules/@react-navigation/native 1775733605524
3756 silly unfinished npm timer reifyNode:node_modules/@react-navigation/elements 1775733605524
3757 silly unfinished npm timer reifyNode:node_modules/@react-navigation/core 1775733605524
3758 silly unfinished npm timer reifyNode:node_modules/@react-navigation/bottom-tabs 1775733605524
3759 silly unfinished npm timer reifyNode:node_modules/@react-native/normalize-colors 1775733605524
3760 silly unfinished npm timer reifyNode:node_modules/@react-native/js-polyfills 1775733605524
3761 silly unfinished npm timer reifyNode:node_modules/@react-native/dev-middleware 1775733605524
3762 silly unfinished npm timer reifyNode:node_modules/@react-native/dev-middleware/node_modules/ws 1775733605524
3763 silly unfinished npm timer reifyNode:node_modules/@react-native/debugger-frontend 1775733605524
3764 silly unfinished npm timer reifyNode:node_modules/@react-native/community-cli-plugin 1775733605524
3765 silly unfinished npm timer reifyNode:node_modules/@react-native/community-cli-plugin/node_modules/semver 1775733605524
3766 silly unfinished npm timer reifyNode:node_modules/@react-native/codegen 1775733605524
3767 silly unfinished npm timer reifyNode:node_modules/@react-native/codegen/node_modules/glob 1775733605524
3768 silly unfinished npm timer reifyNode:node_modules/@react-native/babel-preset 1775733605524
3769 silly unfinished npm timer reifyNode:node_modules/@react-native/babel-plugin-codegen 1775733605524
3770 silly unfinished npm timer reifyNode:node_modules/@react-native/assets-registry 1775733605524
3771 silly unfinished npm timer reifyNode:node_modules/@react-native-google-signin/google-signin 1775733605524
3772 silly unfinished npm timer reifyNode:node_modules/@react-native-community/datetimepicker 1775733605524
3773 silly unfinished npm timer reifyNode:node_modules/@react-native-async-storage/async-storage 1775733605524
3774 silly unfinished npm timer reifyNode:node_modules/@radix-ui/react-use-layout-effect 1775733605524
3775 silly unfinished npm timer reifyNode:node_modules/@radix-ui/react-use-escape-keydown 1775733605524
3776 silly unfinished npm timer reifyNode:node_modules/@radix-ui/react-use-effect-event 1775733605524
3777 silly unfinished npm timer reifyNode:node_modules/@radix-ui/react-use-controllable-state 1775733605524
3778 silly unfinished npm timer reifyNode:node_modules/@radix-ui/react-use-callback-ref 1775733605524
3779 silly unfinished npm timer reifyNode:node_modules/@radix-ui/react-slot 1775733605524
3780 silly unfinished npm timer reifyNode:node_modules/@radix-ui/react-id 1775733605524
3781 silly unfinished npm timer reifyNode:node_modules/@radix-ui/react-focus-guards 1775733605524
3782 silly unfinished npm timer reifyNode:node_modules/@radix-ui/react-direction 1775733605524
3783 silly unfinished npm timer reifyNode:node_modules/@radix-ui/react-context 1775733605524
3784 silly unfinished npm timer reifyNode:node_modules/@radix-ui/react-compose-refs 1775733605524
3785 silly unfinished npm timer reifyNode:node_modules/@radix-ui/primitive 1775733605524
3786 silly unfinished npm timer reifyNode:node_modules/@oclif/plugin-autocomplete 1775733605524
3787 silly unfinished npm timer reifyNode:node_modules/@oclif/core 1775733605524
3788 silly unfinished npm timer reifyNode:node_modules/@oclif/core/node_modules/supports-color 1775733605524
3789 silly unfinished npm timer reifyNode:node_modules/@oclif/core/node_modules/semver 1775733605524
3790 silly unfinished npm timer reifyNode:node_modules/@oclif/core/node_modules/minimatch 1775733605524
3791 silly unfinished npm timer reifyNode:node_modules/@oclif/core/node_modules/brace-expansion 1775733605524
3792 silly unfinished npm timer reifyNode:node_modules/@oclif/core/node_modules/balanced-match 1775733605524
3793 silly unfinished npm timer reifyNode:node_modules/@nolyfill/is-core-module 1775733605524
3794 silly unfinished npm timer reifyNode:node_modules/@nodelib/fs.walk 1775733605524
3795 silly unfinished npm timer reifyNode:node_modules/@nodelib/fs.stat 1775733605524
3796 silly unfinished npm timer reifyNode:node_modules/@nodelib/fs.scandir 1775733605524
3797 silly unfinished npm timer reifyNode:node_modules/@jridgewell/trace-mapping 1775733605524
3798 silly unfinished npm timer reifyNode:node_modules/@jridgewell/sourcemap-codec 1775733605524
3799 silly unfinished npm timer reifyNode:node_modules/@jridgewell/source-map 1775733605524
3800 silly unfinished npm timer reifyNode:node_modules/@jridgewell/resolve-uri 1775733605524
3801 silly unfinished npm timer reifyNode:node_modules/@jridgewell/remapping 1775733605524
3802 silly unfinished npm timer reifyNode:node_modules/@jridgewell/gen-mapping 1775733605524
3803 silly unfinished npm timer reifyNode:node_modules/@jest/types 1775733605524
3804 silly unfinished npm timer reifyNode:node_modules/@jest/transform 1775733605524
3805 silly unfinished npm timer reifyNode:node_modules/@jest/schemas 1775733605525
3806 silly unfinished npm timer reifyNode:node_modules/@jest/fake-timers 1775733605525
3807 silly unfinished npm timer reifyNode:node_modules/@jest/environment 1775733605525
3808 silly unfinished npm timer reifyNode:node_modules/@jest/create-cache-key-function 1775733605525
3809 silly unfinished npm timer reifyNode:node_modules/@istanbuljs/schema 1775733605525
3810 silly unfinished npm timer reifyNode:node_modules/@istanbuljs/load-nyc-config 1775733605525
3811 silly unfinished npm timer reifyNode:node_modules/@istanbuljs/load-nyc-config/node_modules/p-locate 1775733605525
3812 silly unfinished npm timer reifyNode:node_modules/@istanbuljs/load-nyc-config/node_modules/p-limit 1775733605525
3813 silly unfinished npm timer reifyNode:node_modules/@istanbuljs/load-nyc-config/node_modules/locate-path 1775733605525
3814 silly unfinished npm timer reifyNode:node_modules/@istanbuljs/load-nyc-config/node_modules/js-yaml 1775733605525
3815 silly unfinished npm timer reifyNode:node_modules/@istanbuljs/load-nyc-config/node_modules/find-up 1775733605525
3816 silly unfinished npm timer reifyNode:node_modules/@istanbuljs/load-nyc-config/node_modules/camelcase 1775733605525
3817 silly unfinished npm timer reifyNode:node_modules/@istanbuljs/load-nyc-config/node_modules/argparse 1775733605525
3818 silly unfinished npm timer reifyNode:node_modules/@isaacs/ttlcache 1775733605525
3819 silly unfinished npm timer reifyNode:node_modules/@isaacs/fs-minipass 1775733605525
3820 silly unfinished npm timer reifyNode:node_modules/@isaacs/cliui 1775733605525
3821 silly unfinished npm timer reifyNode:node_modules/@isaacs/cliui/node_modules/wrap-ansi 1775733605525
3822 silly unfinished npm timer reifyNode:node_modules/@isaacs/cliui/node_modules/strip-ansi 1775733605525
3823 silly unfinished npm timer reifyNode:node_modules/@isaacs/cliui/node_modules/string-width 1775733605525
3824 silly unfinished npm timer reifyNode:node_modules/@isaacs/cliui/node_modules/emoji-regex 1775733605525
3825 silly unfinished npm timer reifyNode:node_modules/@isaacs/cliui/node_modules/ansi-styles 1775733605525
3826 silly unfinished npm timer reifyNode:node_modules/@isaacs/cliui/node_modules/ansi-regex 1775733605525
3827 silly unfinished npm timer reifyNode:node_modules/@humanwhocodes/retry 1775733605525
3828 silly unfinished npm timer reifyNode:node_modules/@humanwhocodes/module-importer 1775733605525
3829 silly unfinished npm timer reifyNode:node_modules/@humanfs/node 1775733605525
3830 silly unfinished npm timer reifyNode:node_modules/@humanfs/core 1775733605525
3831 silly unfinished npm timer reifyNode:node_modules/@hapi/topo 1775733605525
3832 silly unfinished npm timer reifyNode:node_modules/@hapi/hoek 1775733605525
3833 silly unfinished npm timer reifyNode:node_modules/@expo/xcpretty 1775733605525
3834 silly unfinished npm timer reifyNode:node_modules/@expo/ws-tunnel 1775733605525
3835 silly unfinished npm timer reifyNode:node_modules/@expo/vector-icons 1775733605525
3836 silly unfinished npm timer reifyNode:node_modules/@expo/timeago.js 1775733605525
3837 silly unfinished npm timer reifyNode:node_modules/@expo/sudo-prompt 1775733605525
3838 silly unfinished npm timer reifyNode:node_modules/@expo/steps 1775733605525
3839 silly unfinished npm timer reifyNode:node_modules/@expo/steps/node_modules/uuid 1775733605525
3840 silly unfinished npm timer reifyNode:node_modules/@expo/steps/node_modules/joi 1775733605525
3841 silly unfinished npm timer reifyNode:node_modules/@expo/spawn-async 1775733605525
3842 silly unfinished npm timer reifyNode:node_modules/@expo/sdk-runtime-versions 1775733605525
3843 silly unfinished npm timer reifyNode:node_modules/@expo/schema-utils 1775733605525
3844 silly unfinished npm timer reifyNode:node_modules/@expo/rudder-sdk-node 1775733605525
3845 silly unfinished npm timer reifyNode:node_modules/@expo/rudder-sdk-node/node_modules/uuid 1775733605525
3846 silly unfinished npm timer reifyNode:node_modules/@expo/results 1775733605525
3847 silly unfinished npm timer reifyNode:node_modules/@expo/require-utils 1775733605525
3848 silly unfinished npm timer reifyNode:node_modules/@expo/prebuild-config 1775733605525
3849 silly unfinished npm timer reifyNode:node_modules/@expo/prebuild-config/node_modules/semver 1775733605525
3850 silly unfinished npm timer reifyNode:node_modules/@expo/plugin-warn-if-update-available 1775733605525
3851 silly unfinished npm timer reifyNode:node_modules/@expo/plugin-warn-if-update-available/node_modules/supports-color 1775733605525
3852 silly unfinished npm timer reifyNode:node_modules/@expo/plugin-warn-if-update-available/node_modules/semver 1775733605525
3853 silly unfinished npm timer reifyNode:node_modules/@expo/plugin-warn-if-update-available/node_modules/js-yaml 1775733605525
3854 silly unfinished npm timer reifyNode:node_modules/@expo/plugin-warn-if-update-available/node_modules/fs-extra 1775733605525
3855 silly unfinished npm timer reifyNode:node_modules/@expo/plugin-warn-if-update-available/node_modules/argparse 1775733605525
3856 silly unfinished npm timer reifyNode:node_modules/@expo/plugin-warn-if-update-available/node_modules/@oclif/core 1775733605525
3857 silly unfinished npm timer reifyNode:node_modules/@expo/plugin-help 1775733605525
3858 silly unfinished npm timer reifyNode:node_modules/@expo/plugin-help/node_modules/supports-color 1775733605525
3859 silly unfinished npm timer reifyNode:node_modules/@expo/plugin-help/node_modules/js-yaml 1775733605525
3860 silly unfinished npm timer reifyNode:node_modules/@expo/plugin-help/node_modules/argparse 1775733605525
3861 silly unfinished npm timer reifyNode:node_modules/@expo/plugin-help/node_modules/@oclif/core 1775733605525
3862 silly unfinished npm timer reifyNode:node_modules/@expo/plist 1775733605525
3863 silly unfinished npm timer reifyNode:node_modules/@expo/pkcs12 1775733605525
3864 silly unfinished npm timer reifyNode:node_modules/@expo/package-manager 1775733605525
3865 silly unfinished npm timer reifyNode:node_modules/@expo/osascript 1775733605525
3866 silly unfinished npm timer reifyNode:node_modules/@expo/multipart-body-parser 1775733605525
3867 silly unfinished npm timer reifyNode:node_modules/@expo/metro-runtime 1775733605525
3868 silly unfinished npm timer reifyNode:node_modules/@expo/metro-config 1775733605525
3869 silly unfinished npm timer reifyNode:node_modules/@expo/metro-config/node_modules/minimatch 1775733605525
3870 silly unfinished npm timer reifyNode:node_modules/@expo/metro-config/node_modules/brace-expansion 1775733605525
3871 silly unfinished npm timer reifyNode:node_modules/@expo/metro 1775733605525
3872 silly unfinished npm timer reifyNode:node_modules/@expo/logger 1775733605525
3873 silly unfinished npm timer reifyNode:node_modules/@expo/json-file 1775733605525
3874 silly unfinished npm timer reifyNode:node_modules/@expo/image-utils 1775733605525
3875 silly unfinished npm timer reifyNode:node_modules/@expo/image-utils/node_modules/semver 1775733605525
3876 silly unfinished npm timer reifyNode:node_modules/@expo/fingerprint 1775733605525
3877 silly unfinished npm timer reifyNode:node_modules/@expo/fingerprint/node_modules/semver 1775733605525
3878 silly unfinished npm timer reifyNode:node_modules/@expo/fingerprint/node_modules/minimatch 1775733605525
3879 silly unfinished npm timer reifyNode:node_modules/@expo/fingerprint/node_modules/brace-expansion 1775733605525
3880 silly unfinished npm timer reifyNode:node_modules/@expo/env 1775733605525
3881 silly unfinished npm timer reifyNode:node_modules/@expo/eas-json 1775733605525
3882 silly unfinished npm timer reifyNode:node_modules/@expo/eas-json/node_modules/yallist 1775733605525
3883 silly unfinished npm timer reifyNode:node_modules/@expo/eas-json/node_modules/tslib 1775733605525
3884 silly unfinished npm timer reifyNode:node_modules/@expo/eas-json/node_modules/supports-color 1775733605525
3885 silly unfinished npm timer reifyNode:node_modules/@expo/eas-json/node_modules/semver 1775733605525
3886 silly unfinished npm timer reifyNode:node_modules/@expo/eas-json/node_modules/lru-cache 1775733605525
3887 silly unfinished npm timer reifyNode:node_modules/@expo/eas-json/node_modules/log-symbols 1775733605525
3888 silly unfinished npm timer reifyNode:node_modules/@expo/eas-json/node_modules/has-flag 1775733605525
3889 silly unfinished npm timer reifyNode:node_modules/@expo/eas-json/node_modules/escape-string-regexp 1775733605525
3890 silly unfinished npm timer reifyNode:node_modules/@expo/eas-json/node_modules/color-name 1775733605525
3891 silly unfinished npm timer reifyNode:node_modules/@expo/eas-json/node_modules/color-convert 1775733605525
3892 silly unfinished npm timer reifyNode:node_modules/@expo/eas-json/node_modules/ansi-styles 1775733605525
3893 silly unfinished npm timer reifyNode:node_modules/@expo/eas-json/node_modules/@babel/code-frame 1775733605525
3894 silly unfinished npm timer reifyNode:node_modules/@expo/eas-json/node_modules/@babel/code-frame/node_modules/chalk 1775733605525
3895 silly unfinished npm timer reifyNode:node_modules/@expo/eas-build-job 1775733605525
3896 silly unfinished npm timer reifyNode:node_modules/@expo/eas-build-job/node_modules/semver 1775733605525
3897 silly unfinished npm timer reifyNode:node_modules/@expo/eas-build-job/node_modules/joi 1775733605525
3898 silly unfinished npm timer reifyNode:node_modules/@expo/devtools 1775733605525
3899 silly unfinished npm timer reifyNode:node_modules/@expo/devcert 1775733605525
3900 silly unfinished npm timer reifyNode:node_modules/@expo/devcert/node_modules/debug 1775733605525
3901 silly unfinished npm timer reifyNode:node_modules/@expo/config-types 1775733605525
3902 silly unfinished npm timer reifyNode:node_modules/@expo/config-plugins 1775733605525
3903 silly unfinished npm timer reifyNode:node_modules/@expo/config-plugins/node_modules/semver 1775733605525
3904 silly unfinished npm timer reifyNode:node_modules/@expo/config 1775733605525
3905 silly unfinished npm timer reifyNode:node_modules/@expo/config/node_modules/semver 1775733605525
3906 silly unfinished npm timer reifyNode:node_modules/@expo/config/node_modules/@babel/code-frame 1775733605525
3907 silly unfinished npm timer reifyNode:node_modules/@expo/code-signing-certificates 1775733605525
3908 silly unfinished npm timer reifyNode:node_modules/@expo/bunyan 1775733605525
3909 silly unfinished npm timer reifyNode:node_modules/@expo/bunyan/node_modules/uuid 1775733605525
3910 silly unfinished npm timer reifyNode:node_modules/@expo/apple-utils 1775733605525
3911 silly unfinished npm timer reifyNode:node_modules/@eslint/plugin-kit 1775733605525
3912 silly unfinished npm timer reifyNode:node_modules/@eslint/object-schema 1775733605525
3913 silly unfinished npm timer reifyNode:node_modules/@eslint/js 1775733605525
3914 silly unfinished npm timer reifyNode:node_modules/@eslint/eslintrc 1775733605525
3915 silly unfinished npm timer reifyNode:node_modules/@eslint/core 1775733605525
3916 silly unfinished npm timer reifyNode:node_modules/@eslint/config-helpers 1775733605526
3917 silly unfinished npm timer reifyNode:node_modules/@eslint/config-array 1775733605526
3918 silly unfinished npm timer reifyNode:node_modules/@eslint-community/regexpp 1775733605526
3919 silly unfinished npm timer reifyNode:node_modules/@eslint-community/eslint-utils 1775733605526
3920 silly unfinished npm timer reifyNode:node_modules/@eslint-community/eslint-utils/node_modules/eslint-visitor-keys 1775733605526
3921 silly unfinished npm timer reifyNode:node_modules/@egjs/hammerjs 1775733605526
3922 silly unfinished npm timer reifyNode:node_modules/@cspotcode/source-map-support 1775733605526
3923 silly unfinished npm timer reifyNode:node_modules/@cspotcode/source-map-support/node_modules/@jridgewell/trace-mapping 1775733605526
3924 silly unfinished npm timer reifyNode:node_modules/@babel/types 1775733605526
3925 silly unfinished npm timer reifyNode:node_modules/@babel/traverse--for-generate-function-map 1775733605526
3926 silly unfinished npm timer reifyNode:node_modules/@babel/traverse 1775733605526
3927 silly unfinished npm timer reifyNode:node_modules/@babel/template 1775733605526
3928 silly unfinished npm timer reifyNode:node_modules/@babel/runtime 1775733605526
3929 silly unfinished npm timer reifyNode:node_modules/@babel/preset-typescript 1775733605526
3930 silly unfinished npm timer reifyNode:node_modules/@babel/preset-react 1775733605526
3931 silly unfinished npm timer reifyNode:node_modules/@babel/plugin-transform-unicode-regex 1775733605526
3932 silly unfinished npm timer reifyNode:node_modules/@babel/plugin-transform-typescript 1775733605526
3933 silly unfinished npm timer reifyNode:node_modules/@babel/plugin-transform-template-literals 1775733605526
3934 silly unfinished npm timer reifyNode:node_modules/@babel/plugin-transform-sticky-regex 1775733605526
3935 silly unfinished npm timer reifyNode:node_modules/@babel/plugin-transform-spread 1775733605526
3936 silly unfinished npm timer reifyNode:node_modules/@babel/plugin-transform-shorthand-properties 1775733605526
3937 silly unfinished npm timer reifyNode:node_modules/@babel/plugin-transform-runtime 1775733605526
3938 silly unfinished npm timer reifyNode:node_modules/@babel/plugin-transform-regenerator 1775733605526
3939 silly unfinished npm timer reifyNode:node_modules/@babel/plugin-transform-react-pure-annotations 1775733605526
3940 silly unfinished npm timer reifyNode:node_modules/@babel/plugin-transform-react-jsx-source 1775733605526
3941 silly unfinished npm timer reifyNode:node_modules/@babel/plugin-transform-react-jsx-self 1775733605526
3942 silly unfinished npm timer reifyNode:node_modules/@babel/plugin-transform-react-jsx-development 1775733605526
3943 silly unfinished npm timer reifyNode:node_modules/@babel/plugin-transform-react-jsx 1775733605526
3944 silly unfinished npm timer reifyNode:node_modules/@babel/plugin-transform-react-display-name 1775733605526
3945 silly unfinished npm timer reifyNode:node_modules/@babel/plugin-transform-private-property-in-object 1775733605526
3946 silly unfinished npm timer reifyNode:node_modules/@babel/plugin-transform-private-methods 1775733605526
3947 silly unfinished npm timer reifyNode:node_modules/@babel/plugin-transform-parameters 1775733605526
3948 silly unfinished npm timer reifyNode:node_modules/@babel/plugin-transform-optional-chaining 1775733605526
3949 silly unfinished npm timer reifyNode:node_modules/@babel/plugin-transform-optional-catch-binding 1775733605526
3950 silly unfinished npm timer reifyNode:node_modules/@babel/plugin-transform-object-rest-spread 1775733605526
3951 silly unfinished npm timer reifyNode:node_modules/@babel/plugin-transform-numeric-separator 1775733605526
3952 silly unfinished npm timer reifyNode:node_modules/@babel/plugin-transform-nullish-coalescing-operator 1775733605526
3953 silly unfinished npm timer reifyNode:node_modules/@babel/plugin-transform-named-capturing-groups-regex 1775733605526
3954 silly unfinished npm timer reifyNode:node_modules/@babel/plugin-transform-modules-commonjs 1775733605526
3955 silly unfinished npm timer reifyNode:node_modules/@babel/plugin-transform-logical-assignment-operators 1775733605526
3956 silly unfinished npm timer reifyNode:node_modules/@babel/plugin-transform-literals 1775733605526
3957 silly unfinished npm timer reifyNode:node_modules/@babel/plugin-transform-function-name 1775733605526
3958 silly unfinished npm timer reifyNode:node_modules/@babel/plugin-transform-for-of 1775733605526
3959 silly unfinished npm timer reifyNode:node_modules/@babel/plugin-transform-flow-strip-types 1775733605526
3960 silly unfinished npm timer reifyNode:node_modules/@babel/plugin-transform-export-namespace-from 1775733605526
3961 silly unfinished npm timer reifyNode:node_modules/@babel/plugin-transform-destructuring 1775733605526
3962 silly unfinished npm timer reifyNode:node_modules/@babel/plugin-transform-computed-properties 1775733605526
3963 silly unfinished npm timer reifyNode:node_modules/@babel/plugin-transform-classes 1775733605526
3964 silly unfinished npm timer reifyNode:node_modules/@babel/plugin-transform-class-static-block 1775733605526
3965 silly unfinished npm timer reifyNode:node_modules/@babel/plugin-transform-class-properties 1775733605526
3966 silly unfinished npm timer reifyNode:node_modules/@babel/plugin-transform-block-scoping 1775733605526
3967 silly unfinished npm timer reifyNode:node_modules/@babel/plugin-transform-async-to-generator 1775733605526
3968 silly unfinished npm timer reifyNode:node_modules/@babel/plugin-transform-async-generator-functions 1775733605526
3969 silly unfinished npm timer reifyNode:node_modules/@babel/plugin-transform-arrow-functions 1775733605526
3970 silly unfinished npm timer reifyNode:node_modules/@babel/plugin-syntax-typescript 1775733605526
3971 silly unfinished npm timer reifyNode:node_modules/@babel/plugin-syntax-top-level-await 1775733605526
3972 silly unfinished npm timer reifyNode:node_modules/@babel/plugin-syntax-private-property-in-object 1775733605526
3973 silly unfinished npm timer reifyNode:node_modules/@babel/plugin-syntax-optional-chaining 1775733605526
3974 silly unfinished npm timer reifyNode:node_modules/@babel/plugin-syntax-optional-catch-binding 1775733605526
3975 silly unfinished npm timer reifyNode:node_modules/@babel/plugin-syntax-object-rest-spread 1775733605526
3976 silly unfinished npm timer reifyNode:node_modules/@babel/plugin-syntax-numeric-separator 1775733605526
3977 silly unfinished npm timer reifyNode:node_modules/@babel/plugin-syntax-nullish-coalescing-operator 1775733605527
3978 silly unfinished npm timer reifyNode:node_modules/@babel/plugin-syntax-logical-assignment-operators 1775733605527
3979 silly unfinished npm timer reifyNode:node_modules/@babel/plugin-syntax-jsx 1775733605527
3980 silly unfinished npm timer reifyNode:node_modules/@babel/plugin-syntax-json-strings 1775733605527
3981 silly unfinished npm timer reifyNode:node_modules/@babel/plugin-syntax-import-meta 1775733605527
3982 silly unfinished npm timer reifyNode:node_modules/@babel/plugin-syntax-import-attributes 1775733605527
3983 silly unfinished npm timer reifyNode:node_modules/@babel/plugin-syntax-flow 1775733605527
3984 silly unfinished npm timer reifyNode:node_modules/@babel/plugin-syntax-export-default-from 1775733605527
3985 silly unfinished npm timer reifyNode:node_modules/@babel/plugin-syntax-dynamic-import 1775733605527
3986 silly unfinished npm timer reifyNode:node_modules/@babel/plugin-syntax-decorators 1775733605527
3987 silly unfinished npm timer reifyNode:node_modules/@babel/plugin-syntax-class-static-block 1775733605527
3988 silly unfinished npm timer reifyNode:node_modules/@babel/plugin-syntax-class-properties 1775733605527
3989 silly unfinished npm timer reifyNode:node_modules/@babel/plugin-syntax-bigint 1775733605527
3990 silly unfinished npm timer reifyNode:node_modules/@babel/plugin-syntax-async-generators 1775733605527
3991 silly unfinished npm timer reifyNode:node_modules/@babel/plugin-proposal-export-default-from 1775733605527
3992 silly unfinished npm timer reifyNode:node_modules/@babel/plugin-proposal-decorators 1775733605527
3993 silly unfinished npm timer reifyNode:node_modules/@babel/parser 1775733605527
3994 silly unfinished npm timer reifyNode:node_modules/@babel/highlight 1775733605527
3995 silly unfinished npm timer reifyNode:node_modules/@babel/highlight/node_modules/supports-color 1775733605527
3996 silly unfinished npm timer reifyNode:node_modules/@babel/highlight/node_modules/has-flag 1775733605527
3997 silly unfinished npm timer reifyNode:node_modules/@babel/highlight/node_modules/escape-string-regexp 1775733605527
3998 silly unfinished npm timer reifyNode:node_modules/@babel/highlight/node_modules/color-name 1775733605527
3999 silly unfinished npm timer reifyNode:node_modules/@babel/highlight/node_modules/color-convert 1775733605527
4000 silly unfinished npm timer reifyNode:node_modules/@babel/highlight/node_modules/chalk 1775733605527
4001 silly unfinished npm timer reifyNode:node_modules/@babel/highlight/node_modules/ansi-styles 1775733605527
4002 silly unfinished npm timer reifyNode:node_modules/@babel/helpers 1775733605527
4003 silly unfinished npm timer reifyNode:node_modules/@babel/helper-wrap-function 1775733605527
4004 silly unfinished npm timer reifyNode:node_modules/@babel/helper-validator-option 1775733605527
4005 silly unfinished npm timer reifyNode:node_modules/@babel/helper-validator-identifier 1775733605527
4006 silly unfinished npm timer reifyNode:node_modules/@babel/helper-string-parser 1775733605527
4007 silly unfinished npm timer reifyNode:node_modules/@babel/helper-skip-transparent-expression-wrappers 1775733605527
4008 silly unfinished npm timer reifyNode:node_modules/@babel/helper-replace-supers 1775733605527
4009 silly unfinished npm timer reifyNode:node_modules/@babel/helper-remap-async-to-generator 1775733605527
4010 silly unfinished npm timer reifyNode:node_modules/@babel/helper-plugin-utils 1775733605527
4011 silly unfinished npm timer reifyNode:node_modules/@babel/helper-optimise-call-expression 1775733605527
4012 silly unfinished npm timer reifyNode:node_modules/@babel/helper-module-transforms 1775733605527
4013 silly unfinished npm timer reifyNode:node_modules/@babel/helper-module-imports 1775733605528
4014 silly unfinished npm timer reifyNode:node_modules/@babel/helper-member-expression-to-functions 1775733605528
4015 silly unfinished npm timer reifyNode:node_modules/@babel/helper-globals 1775733605528
4016 silly unfinished npm timer reifyNode:node_modules/@babel/helper-define-polyfill-provider 1775733605528
4017 silly unfinished npm timer reifyNode:node_modules/@babel/helper-define-polyfill-provider/node_modules/resolve 1775733605528
4018 silly unfinished npm timer reifyNode:node_modules/@babel/helper-create-regexp-features-plugin 1775733605528
4019 silly unfinished npm timer reifyNode:node_modules/@babel/helper-create-class-features-plugin 1775733605528
4020 silly unfinished npm timer reifyNode:node_modules/@babel/helper-compilation-targets 1775733605528
4021 silly unfinished npm timer reifyNode:node_modules/@babel/helper-annotate-as-pure 1775733605528
4022 silly unfinished npm timer reifyNode:node_modules/@babel/generator 1775733605528
4023 silly unfinished npm timer reifyNode:node_modules/@babel/core 1775733605528
4024 silly unfinished npm timer reifyNode:node_modules/@babel/compat-data 1775733605528
4025 silly unfinished npm timer reifyNode:node_modules/@babel/code-frame 1775733605528
4026 silly unfinished npm timer reifyNode:node_modules/@0no-co/graphql.web 1775733605528
4027 verbose cwd E:\smartparkingcopy\ParkingApp
4028 verbose os Windows_NT 10.0.26200
4029 verbose node v22.12.0
4030 verbose npm  v10.9.2
4031 verbose exit 1
4032 verbose code 1
4033 error A complete log of this run can be found in: e:\smartparkingcopy\.npm-cache\_logs\2026-04-09T11_19_59_367Z-debug-0.log
