0 verbose cli C:\Program Files\nodejs\node.exe C:\Users\Karthik\AppData\Roaming\npm\node_modules\npm\bin\npm-cli.js
1 info using npm@10.9.2
2 info using node@v22.12.0
3 silly config load:file:C:\Users\Karthik\AppData\Roaming\npm\node_modules\npm\npmrc
4 silly config load:file:E:\smartparkingcopy\ParkingApp\.npmrc
5 silly config load:file:C:\Users\Karthik\.npmrc
6 silly config load:file:C:\Users\Karthik\AppData\Roaming\npm\etc\npmrc
7 verbose title npm install
8 verbose argv "install" "--cache" "e:\\smartparkingcopy\\.npm-cache"
9 verbose logfile logs-max:10 dir:e:\smartparkingcopy\.npm-cache\_logs\2026-04-09T11_21_04_554Z-
10 verbose logfile e:\smartparkingcopy\.npm-cache\_logs\2026-04-09T11_21_04_554Z-debug-0.log
11 silly logfile done cleaning log files
12 silly packumentCache heap:2197815296 maxSize:549453824 maxEntrySize:274726912
13 silly idealTree buildDeps
14 warn EBADENGINE Unsupported engine {
14 warn EBADENGINE   package: 'eslint-visitor-keys@5.0.1',
14 warn EBADENGINE   required: { node: '^20.19.0 || ^22.13.0 || >=24' },
14 warn EBADENGINE   current: { node: 'v22.12.0', npm: '10.9.2' }
14 warn EBADENGINE }
15 silly reify mark retired [ 'E:\\smartparkingcopy\\ParkingApp\\node_modules\\abort-controller' ]
16 silly reify mark retired [ 'E:\\smartparkingcopy\\ParkingApp\\node_modules\\accepts' ]
17 silly reify mark retired [ 'E:\\smartparkingcopy\\ParkingApp\\node_modules\\acorn' ]
18 silly reify mark retired [ 'E:\\smartparkingcopy\\ParkingApp\\node_modules\\acorn-jsx' ]
19 silly reify mark retired [ 'E:\\smartparkingcopy\\ParkingApp\\node_modules\\acorn-walk' ]
20 silly reify mark retired [ 'E:\\smartparkingcopy\\ParkingApp\\node_modules\\agent-base' ]
21 silly reify mark retired [ 'E:\\smartparkingcopy\\ParkingApp\\node_modules\\ajv' ]
22 silly reify mark retired [ 'E:\\smartparkingcopy\\ParkingApp\\node_modules\\ajv-formats' ]
23 silly reify mark retired [ 'E:\\smartparkingcopy\\ParkingApp\\node_modules\\anser' ]
24 silly reify mark retired [ 'E:\\smartparkingcopy\\ParkingApp\\node_modules\\ansi-escapes' ]
25 silly reify mark retired [ 'E:\\smartparkingcopy\\ParkingApp\\node_modules\\ansi-regex' ]
26 silly reify mark retired [ 'E:\\smartparkingcopy\\ParkingApp\\node_modules\\ansi-styles' ]
27 silly reify mark retired [ 'E:\\smartparkingcopy\\ParkingApp\\node_modules\\ansicolors' ]
28 silly reify mark retired [ 'E:\\smartparkingcopy\\ParkingApp\\node_modules\\ansis' ]
29 silly reify mark retired [ 'E:\\smartparkingcopy\\ParkingApp\\node_modules\\any-promise' ]
30 silly reify mark retired [ 'E:\\smartparkingcopy\\ParkingApp\\node_modules\\anymatch' ]
31 silly reify mark retired [ 'E:\\smartparkingcopy\\ParkingApp\\node_modules\\arg' ]
32 silly reify mark retired [ 'E:\\smartparkingcopy\\ParkingApp\\node_modules\\argparse' ]
33 silly reify mark retired [ 'E:\\smartparkingcopy\\ParkingApp\\node_modules\\aria-hidden' ]
34 silly reify mark retired [
34 silly reify   'E:\\smartparkingcopy\\ParkingApp\\node_modules\\array-buffer-byte-length'
34 silly reify ]
35 silly reify mark retired [ 'E:\\smartparkingcopy\\ParkingApp\\node_modules\\array-includes' ]
36 silly reify mark retired [ 'E:\\smartparkingcopy\\ParkingApp\\node_modules\\array-union' ]
37 silly reify mark retired [
37 silly reify   'E:\\smartparkingcopy\\ParkingApp\\node_modules\\array.prototype.findlast'
37 silly reify ]
38 silly reify mark retired [
38 silly reify   'E:\\smartparkingcopy\\ParkingApp\\node_modules\\array.prototype.findlastindex'
38 silly reify ]
39 silly reify mark retired [
39 silly reify   'E:\\smartparkingcopy\\ParkingApp\\node_modules\\array.prototype.flat'
39 silly reify ]
40 silly reify mark retired [
40 silly reify   'E:\\smartparkingcopy\\ParkingApp\\node_modules\\array.prototype.flatmap'
40 silly reify ]
41 silly reify mark retired [
41 silly reify   'E:\\smartparkingcopy\\ParkingApp\\node_modules\\array.prototype.tosorted'
41 silly reify ]
42 silly reify mark retired [
42 silly reify   'E:\\smartparkingcopy\\ParkingApp\\node_modules\\arraybuffer.prototype.slice'
42 silly reify ]
43 silly reify mark retired [ 'E:\\smartparkingcopy\\ParkingApp\\node_modules\\asap' ]
44 silly reify mark retired [ 'E:\\smartparkingcopy\\ParkingApp\\node_modules\\asn1' ]
45 silly reify mark retired [ 'E:\\smartparkingcopy\\ParkingApp\\node_modules\\astral-regex' ]
46 silly reify mark retired [ 'E:\\smartparkingcopy\\ParkingApp\\node_modules\\async' ]
47 silly reify mark retired [ 'E:\\smartparkingcopy\\ParkingApp\\node_modules\\async-function' ]
48 silly reify mark retired [ 'E:\\smartparkingcopy\\ParkingApp\\node_modules\\async-limiter' ]
49 silly reify mark retired [ 'E:\\smartparkingcopy\\ParkingApp\\node_modules\\asynckit' ]
50 silly reify mark retired [ 'E:\\smartparkingcopy\\ParkingApp\\node_modules\\at-least-node' ]
51 silly reify mark retired [
51 silly reify   'E:\\smartparkingcopy\\ParkingApp\\node_modules\\available-typed-arrays'
51 silly reify ]
52 silly reify mark retired [ 'E:\\smartparkingcopy\\ParkingApp\\node_modules\\b4a' ]
53 silly reify mark retired [ 'E:\\smartparkingcopy\\ParkingApp\\node_modules\\babel-jest' ]
54 silly reify mark retired [
54 silly reify   'E:\\smartparkingcopy\\ParkingApp\\node_modules\\babel-plugin-istanbul'
54 silly reify ]
55 silly reify mark retired [
55 silly reify   'E:\\smartparkingcopy\\ParkingApp\\node_modules\\babel-plugin-jest-hoist'
55 silly reify ]
56 silly reify mark retired [
56 silly reify   'E:\\smartparkingcopy\\ParkingApp\\node_modules\\babel-plugin-polyfill-corejs2'
56 silly reify ]
57 silly reify mark retired [
57 silly reify   'E:\\smartparkingcopy\\ParkingApp\\node_modules\\babel-plugin-polyfill-corejs3'
57 silly reify ]
58 silly reify mark retired [
58 silly reify   'E:\\smartparkingcopy\\ParkingApp\\node_modules\\babel-plugin-polyfill-regenerator'
58 silly reify ]
59 silly reify mark retired [
59 silly reify   'E:\\smartparkingcopy\\ParkingApp\\node_modules\\babel-plugin-react-compiler'
59 silly reify ]
60 silly reify mark retired [
60 silly reify   'E:\\smartparkingcopy\\ParkingApp\\node_modules\\babel-plugin-react-native-web'
60 silly reify ]
61 silly reify mark retired [
61 silly reify   'E:\\smartparkingcopy\\ParkingApp\\node_modules\\babel-plugin-syntax-hermes-parser'
61 silly reify ]
62 silly reify mark retired [
62 silly reify   'E:\\smartparkingcopy\\ParkingApp\\node_modules\\babel-plugin-transform-flow-enums'
62 silly reify ]
63 silly reify mark retired [
63 silly reify   'E:\\smartparkingcopy\\ParkingApp\\node_modules\\babel-preset-current-node-syntax'
63 silly reify ]
64 silly reify mark retired [ 'E:\\smartparkingcopy\\ParkingApp\\node_modules\\babel-preset-expo' ]
65 silly reify mark retired [ 'E:\\smartparkingcopy\\ParkingApp\\node_modules\\babel-preset-jest' ]
66 silly reify mark retired [ 'E:\\smartparkingcopy\\ParkingApp\\node_modules\\balanced-match' ]
67 silly reify mark retired [ 'E:\\smartparkingcopy\\ParkingApp\\node_modules\\bare-events' ]
68 silly reify mark retired [ 'E:\\smartparkingcopy\\ParkingApp\\node_modules\\base64-js' ]
69 silly reify mark retired [
69 silly reify   'E:\\smartparkingcopy\\ParkingApp\\node_modules\\baseline-browser-mapping'
69 silly reify ]
70 silly reify mark retired [ 'E:\\smartparkingcopy\\ParkingApp\\node_modules\\better-opn' ]
71 silly reify mark retired [ 'E:\\smartparkingcopy\\ParkingApp\\node_modules\\big-integer' ]
72 silly reify mark retired [ 'E:\\smartparkingcopy\\ParkingApp\\node_modules\\boolbase' ]
73 silly reify mark retired [ 'E:\\smartparkingcopy\\ParkingApp\\node_modules\\bplist-creator' ]
74 silly reify mark retired [ 'E:\\smartparkingcopy\\ParkingApp\\node_modules\\bplist-parser' ]
75 silly reify mark retired [ 'E:\\smartparkingcopy\\ParkingApp\\node_modules\\brace-expansion' ]
76 silly reify mark retired [ 'E:\\smartparkingcopy\\ParkingApp\\node_modules\\braces' ]
77 silly reify mark retired [ 'E:\\smartparkingcopy\\ParkingApp\\node_modules\\browserslist' ]
78 silly reify mark retired [ 'E:\\smartparkingcopy\\ParkingApp\\node_modules\\bser' ]
79 silly reify mark retired [ 'E:\\smartparkingcopy\\ParkingApp\\node_modules\\buffer' ]
80 silly reify mark retired [ 'E:\\smartparkingcopy\\ParkingApp\\node_modules\\buffer-from' ]
81 silly reify mark retired [ 'E:\\smartparkingcopy\\ParkingApp\\node_modules\\bunyan' ]
82 silly reify mark retired [ 'E:\\smartparkingcopy\\ParkingApp\\node_modules\\bytes' ]
83 silly reify mark retired [ 'E:\\smartparkingcopy\\ParkingApp\\node_modules\\call-bind' ]
84 silly reify mark retired [
84 silly reify   'E:\\smartparkingcopy\\ParkingApp\\node_modules\\call-bind-apply-helpers'
84 silly reify ]
85 silly reify mark retired [ 'E:\\smartparkingcopy\\ParkingApp\\node_modules\\call-bound' ]
86 silly reify mark retired [ 'E:\\smartparkingcopy\\ParkingApp\\node_modules\\callsites' ]
87 silly reify mark retired [ 'E:\\smartparkingcopy\\ParkingApp\\node_modules\\camelcase' ]
88 silly reify mark retired [ 'E:\\smartparkingcopy\\ParkingApp\\node_modules\\caniuse-lite' ]
89 silly reify mark retired [ 'E:\\smartparkingcopy\\ParkingApp\\node_modules\\cardinal' ]
90 silly reify mark retired [ 'E:\\smartparkingcopy\\ParkingApp\\node_modules\\chalk' ]
91 silly reify mark retired [ 'E:\\smartparkingcopy\\ParkingApp\\node_modules\\charenc' ]
92 silly reify mark retired [ 'E:\\smartparkingcopy\\ParkingApp\\node_modules\\chownr' ]
93 silly reify mark retired [ 'E:\\smartparkingcopy\\ParkingApp\\node_modules\\chrome-launcher' ]
94 silly reify mark retired [
94 silly reify   'E:\\smartparkingcopy\\ParkingApp\\node_modules\\chromium-edge-launcher'
94 silly reify ]
95 silly reify mark retired [ 'E:\\smartparkingcopy\\ParkingApp\\node_modules\\ci-info' ]
96 silly reify mark retired [ 'E:\\smartparkingcopy\\ParkingApp\\node_modules\\clean-stack' ]
97 silly reify mark retired [ 'E:\\smartparkingcopy\\ParkingApp\\node_modules\\cli-cursor' ]
98 silly reify mark retired [ 'E:\\smartparkingcopy\\ParkingApp\\node_modules\\cli-progress' ]
99 silly reify mark retired [ 'E:\\smartparkingcopy\\ParkingApp\\node_modules\\cli-spinners' ]
100 silly reify mark retired [ 'E:\\smartparkingcopy\\ParkingApp\\node_modules\\client-only' ]
101 silly reify mark retired [ 'E:\\smartparkingcopy\\ParkingApp\\node_modules\\cliui' ]
102 silly reify mark retired [ 'E:\\smartparkingcopy\\ParkingApp\\node_modules\\clone' ]
103 silly reify mark retired [ 'E:\\smartparkingcopy\\ParkingApp\\node_modules\\color' ]
104 silly reify mark retired [ 'E:\\smartparkingcopy\\ParkingApp\\node_modules\\color-convert' ]
105 silly reify mark retired [ 'E:\\smartparkingcopy\\ParkingApp\\node_modules\\color-name' ]
106 silly reify mark retired [ 'E:\\smartparkingcopy\\ParkingApp\\node_modules\\color-string' ]
107 silly reify mark retired [ 'E:\\smartparkingcopy\\ParkingApp\\node_modules\\combined-stream' ]
108 silly reify mark retired [ 'E:\\smartparkingcopy\\ParkingApp\\node_modules\\commander' ]
109 silly reify mark retired [ 'E:\\smartparkingcopy\\ParkingApp\\node_modules\\component-type' ]
110 silly reify mark retired [ 'E:\\smartparkingcopy\\ParkingApp\\node_modules\\compressible' ]
111 silly reify mark retired [ 'E:\\smartparkingcopy\\ParkingApp\\node_modules\\compression' ]
112 silly reify mark retired [ 'E:\\smartparkingcopy\\ParkingApp\\node_modules\\concat-map' ]
113 silly reify mark retired [ 'E:\\smartparkingcopy\\ParkingApp\\node_modules\\connect' ]
114 silly reify mark retired [ 'E:\\smartparkingcopy\\ParkingApp\\node_modules\\content-type' ]
115 silly reify mark retired [
115 silly reify   'E:\\smartparkingcopy\\ParkingApp\\node_modules\\convert-source-map'
115 silly reify ]
116 silly reify mark retired [ 'E:\\smartparkingcopy\\ParkingApp\\node_modules\\core-js-compat' ]
117 silly reify mark retired [ 'E:\\smartparkingcopy\\ParkingApp\\node_modules\\create-require' ]
118 silly reify mark retired [ 'E:\\smartparkingcopy\\ParkingApp\\node_modules\\cross-fetch' ]
119 silly reify mark retired [ 'E:\\smartparkingcopy\\ParkingApp\\node_modules\\cross-spawn' ]
120 silly reify mark retired [ 'E:\\smartparkingcopy\\ParkingApp\\node_modules\\crypt' ]
121 silly reify mark retired [
121 silly reify   'E:\\smartparkingcopy\\ParkingApp\\node_modules\\crypto-random-string'
121 silly reify ]
122 silly reify mark retired [ 'E:\\smartparkingcopy\\ParkingApp\\node_modules\\css-in-js-utils' ]
123 silly reify mark retired [ 'E:\\smartparkingcopy\\ParkingApp\\node_modules\\css-select' ]
124 silly reify mark retired [ 'E:\\smartparkingcopy\\ParkingApp\\node_modules\\css-tree' ]
125 silly reify mark retired [ 'E:\\smartparkingcopy\\ParkingApp\\node_modules\\css-what' ]
126 silly reify mark retired [ 'E:\\smartparkingcopy\\ParkingApp\\node_modules\\csstype' ]
127 silly reify mark retired [ 'E:\\smartparkingcopy\\ParkingApp\\node_modules\\data-view-buffer' ]
128 silly reify mark retired [
128 silly reify   'E:\\smartparkingcopy\\ParkingApp\\node_modules\\data-view-byte-length'
128 silly reify ]
129 silly reify mark retired [
129 silly reify   'E:\\smartparkingcopy\\ParkingApp\\node_modules\\data-view-byte-offset'
129 silly reify ]
130 silly reify mark retired [ 'E:\\smartparkingcopy\\ParkingApp\\node_modules\\dateformat' ]
131 silly reify mark retired [ 'E:\\smartparkingcopy\\ParkingApp\\node_modules\\debug' ]
132 silly reify mark retired [ 'E:\\smartparkingcopy\\ParkingApp\\node_modules\\decamelize' ]
133 silly reify mark retired [
133 silly reify   'E:\\smartparkingcopy\\ParkingApp\\node_modules\\decode-uri-component'
133 silly reify ]
134 silly reify mark retired [ 'E:\\smartparkingcopy\\ParkingApp\\node_modules\\deep-extend' ]
135 silly reify mark retired [ 'E:\\smartparkingcopy\\ParkingApp\\node_modules\\deep-is' ]
136 silly reify mark retired [ 'E:\\smartparkingcopy\\ParkingApp\\node_modules\\deepmerge' ]
137 silly reify mark retired [
137 silly reify   'E:\\smartparkingcopy\\ParkingApp\\node_modules\\define-data-property'
137 silly reify ]
138 silly reify mark retired [ 'E:\\smartparkingcopy\\ParkingApp\\node_modules\\defaults' ]
139 silly reify mark retired [ 'E:\\smartparkingcopy\\ParkingApp\\node_modules\\define-lazy-prop' ]
140 silly reify mark retired [ 'E:\\smartparkingcopy\\ParkingApp\\node_modules\\define-properties' ]
141 silly reify mark retired [ 'E:\\smartparkingcopy\\ParkingApp\\node_modules\\delayed-stream' ]
142 silly reify mark retired [ 'E:\\smartparkingcopy\\ParkingApp\\node_modules\\depd' ]
143 silly reify mark retired [ 'E:\\smartparkingcopy\\ParkingApp\\node_modules\\destroy' ]
144 silly reify mark retired [ 'E:\\smartparkingcopy\\ParkingApp\\node_modules\\detect-libc' ]
145 silly reify mark retired [ 'E:\\smartparkingcopy\\ParkingApp\\node_modules\\detect-node-es' ]
146 silly reify mark retired [ 'E:\\smartparkingcopy\\ParkingApp\\node_modules\\diff' ]
147 silly reify mark retired [ 'E:\\smartparkingcopy\\ParkingApp\\node_modules\\dijkstrajs' ]
148 silly reify mark retired [ 'E:\\smartparkingcopy\\ParkingApp\\node_modules\\dir-glob' ]
149 silly reify mark retired [ 'E:\\smartparkingcopy\\ParkingApp\\node_modules\\doctrine' ]
150 silly reify mark retired [ 'E:\\smartparkingcopy\\ParkingApp\\node_modules\\dom-serializer' ]
151 silly reify mark retired [ 'E:\\smartparkingcopy\\ParkingApp\\node_modules\\domelementtype' ]
152 silly reify mark retired [ 'E:\\smartparkingcopy\\ParkingApp\\node_modules\\domhandler' ]
153 silly reify mark retired [ 'E:\\smartparkingcopy\\ParkingApp\\node_modules\\domino' ]
154 silly reify mark retired [ 'E:\\smartparkingcopy\\ParkingApp\\node_modules\\domutils' ]
155 silly reify mark retired [ 'E:\\smartparkingcopy\\ParkingApp\\node_modules\\dotenv' ]
156 silly reify mark retired [ 'E:\\smartparkingcopy\\ParkingApp\\node_modules\\dotenv-expand' ]
157 silly reify mark retired [ 'E:\\smartparkingcopy\\ParkingApp\\node_modules\\dtrace-provider' ]
158 silly reify mark retired [ 'E:\\smartparkingcopy\\ParkingApp\\node_modules\\dunder-proto' ]
159 silly reify mark retired [ 'E:\\smartparkingcopy\\ParkingApp\\node_modules\\eas-cli' ]
160 silly reify mark retired [ 'E:\\smartparkingcopy\\ParkingApp\\node_modules\\eastasianwidth' ]
161 silly reify mark retired [ 'E:\\smartparkingcopy\\ParkingApp\\node_modules\\ee-first' ]
162 silly reify mark retired [ 'E:\\smartparkingcopy\\ParkingApp\\node_modules\\ejs' ]
163 silly reify mark retired [
163 silly reify   'E:\\smartparkingcopy\\ParkingApp\\node_modules\\electron-to-chromium'
163 silly reify ]
164 silly reify mark retired [ 'E:\\smartparkingcopy\\ParkingApp\\node_modules\\emoji-regex' ]
165 silly reify mark retired [ 'E:\\smartparkingcopy\\ParkingApp\\node_modules\\encodeurl' ]
166 silly reify mark retired [ 'E:\\smartparkingcopy\\ParkingApp\\node_modules\\entities' ]
167 silly reify mark retired [ 'E:\\smartparkingcopy\\ParkingApp\\node_modules\\env-editor' ]
168 silly reify mark retired [ 'E:\\smartparkingcopy\\ParkingApp\\node_modules\\env-paths' ]
169 silly reify mark retired [ 'E:\\smartparkingcopy\\ParkingApp\\node_modules\\env-string' ]
170 silly reify mark retired [ 'E:\\smartparkingcopy\\ParkingApp\\node_modules\\envinfo' ]
171 silly reify mark retired [ 'E:\\smartparkingcopy\\ParkingApp\\node_modules\\error-ex' ]
172 silly reify mark retired [ 'E:\\smartparkingcopy\\ParkingApp\\node_modules\\err-code' ]
173 silly reify mark retired [
173 silly reify   'E:\\smartparkingcopy\\ParkingApp\\node_modules\\error-stack-parser'
173 silly reify ]
174 silly reify mark retired [ 'E:\\smartparkingcopy\\ParkingApp\\node_modules\\es-abstract' ]
175 silly reify mark retired [
175 silly reify   'E:\\smartparkingcopy\\ParkingApp\\node_modules\\es-define-property'
175 silly reify ]
176 silly reify mark retired [ 'E:\\smartparkingcopy\\ParkingApp\\node_modules\\es-errors' ]
177 silly reify mark retired [
177 silly reify   'E:\\smartparkingcopy\\ParkingApp\\node_modules\\es-iterator-helpers'
177 silly reify ]
178 silly reify mark retired [ 'E:\\smartparkingcopy\\ParkingApp\\node_modules\\es-object-atoms' ]
179 silly reify mark retired [
179 silly reify   'E:\\smartparkingcopy\\ParkingApp\\node_modules\\es-set-tostringtag'
179 silly reify ]
180 silly reify mark retired [
180 silly reify   'E:\\smartparkingcopy\\ParkingApp\\node_modules\\es-shim-unscopables'
180 silly reify ]
181 silly reify mark retired [ 'E:\\smartparkingcopy\\ParkingApp\\node_modules\\es-to-primitive' ]
182 silly reify mark retired [ 'E:\\smartparkingcopy\\ParkingApp\\node_modules\\escalade' ]
183 silly reify mark retired [ 'E:\\smartparkingcopy\\ParkingApp\\node_modules\\escape-html' ]
184 silly reify mark retired [
184 silly reify   'E:\\smartparkingcopy\\ParkingApp\\node_modules\\escape-string-regexp'
184 silly reify ]
185 silly reify mark retired [ 'E:\\smartparkingcopy\\ParkingApp\\node_modules\\eslint' ]
186 silly reify mark retired [
186 silly reify   'E:\\smartparkingcopy\\ParkingApp\\node_modules\\eslint-config-expo'
186 silly reify ]
187 silly reify mark retired [
187 silly reify   'E:\\smartparkingcopy\\ParkingApp\\node_modules\\eslint-import-resolver-node'
187 silly reify ]
188 silly reify mark retired [
188 silly reify   'E:\\smartparkingcopy\\ParkingApp\\node_modules\\eslint-import-resolver-typescript'
188 silly reify ]
189 silly reify mark retired [
189 silly reify   'E:\\smartparkingcopy\\ParkingApp\\node_modules\\eslint-module-utils'
189 silly reify ]
190 silly reify mark retired [
190 silly reify   'E:\\smartparkingcopy\\ParkingApp\\node_modules\\eslint-plugin-expo'
190 silly reify ]
191 silly reify mark retired [
191 silly reify   'E:\\smartparkingcopy\\ParkingApp\\node_modules\\eslint-plugin-import'
191 silly reify ]
192 silly reify mark retired [
192 silly reify   'E:\\smartparkingcopy\\ParkingApp\\node_modules\\eslint-plugin-react'
192 silly reify ]
193 silly reify mark retired [
193 silly reify   'E:\\smartparkingcopy\\ParkingApp\\node_modules\\eslint-plugin-react-hooks'
193 silly reify ]
194 silly reify mark retired [ 'E:\\smartparkingcopy\\ParkingApp\\node_modules\\eslint-scope' ]
195 silly reify mark retired [
195 silly reify   'E:\\smartparkingcopy\\ParkingApp\\node_modules\\eslint-visitor-keys'
195 silly reify ]
196 silly reify mark retired [ 'E:\\smartparkingcopy\\ParkingApp\\node_modules\\espree' ]
197 silly reify mark retired [ 'E:\\smartparkingcopy\\ParkingApp\\node_modules\\esprima' ]
198 silly reify mark retired [ 'E:\\smartparkingcopy\\ParkingApp\\node_modules\\esquery' ]
199 silly reify mark retired [ 'E:\\smartparkingcopy\\ParkingApp\\node_modules\\esrecurse' ]
200 silly reify mark retired [ 'E:\\smartparkingcopy\\ParkingApp\\node_modules\\estraverse' ]
201 silly reify mark retired [ 'E:\\smartparkingcopy\\ParkingApp\\node_modules\\etag' ]
202 silly reify mark retired [ 'E:\\smartparkingcopy\\ParkingApp\\node_modules\\event-target-shim' ]
203 silly reify mark retired [ 'E:\\smartparkingcopy\\ParkingApp\\node_modules\\esutils' ]
204 silly reify mark retired [ 'E:\\smartparkingcopy\\ParkingApp\\node_modules\\events-universal' ]
205 silly reify mark retired [ 'E:\\smartparkingcopy\\ParkingApp\\node_modules\\exec-async' ]
206 silly reify mark retired [ 'E:\\smartparkingcopy\\ParkingApp\\node_modules\\expo' ]
207 silly reify mark retired [ 'E:\\smartparkingcopy\\ParkingApp\\node_modules\\expo-asset' ]
208 silly reify mark retired [ 'E:\\smartparkingcopy\\ParkingApp\\node_modules\\expo-constants' ]
209 silly reify mark retired [ 'E:\\smartparkingcopy\\ParkingApp\\node_modules\\expo-file-system' ]
210 silly reify mark retired [ 'E:\\smartparkingcopy\\ParkingApp\\node_modules\\expo-font' ]
211 silly reify mark retired [ 'E:\\smartparkingcopy\\ParkingApp\\node_modules\\expo-haptics' ]
212 silly reify mark retired [ 'E:\\smartparkingcopy\\ParkingApp\\node_modules\\expo-image' ]
213 silly reify mark retired [ 'E:\\smartparkingcopy\\ParkingApp\\node_modules\\expo-image-loader' ]
214 silly reify mark retired [ 'E:\\smartparkingcopy\\ParkingApp\\node_modules\\expo-image-picker' ]
215 silly reify mark retired [ 'E:\\smartparkingcopy\\ParkingApp\\node_modules\\expo-keep-awake' ]
216 silly reify mark retired [
216 silly reify   'E:\\smartparkingcopy\\ParkingApp\\node_modules\\expo-linear-gradient'
216 silly reify ]
217 silly reify mark retired [ 'E:\\smartparkingcopy\\ParkingApp\\node_modules\\expo-linking' ]
218 silly reify mark retired [ 'E:\\smartparkingcopy\\ParkingApp\\node_modules\\expo-location' ]
219 silly reify mark retired [
219 silly reify   'E:\\smartparkingcopy\\ParkingApp\\node_modules\\expo-modules-autolinking'
219 silly reify ]
220 silly reify mark retired [ 'E:\\smartparkingcopy\\ParkingApp\\node_modules\\expo-modules-core' ]
221 silly reify mark retired [ 'E:\\smartparkingcopy\\ParkingApp\\node_modules\\expo-router' ]
222 silly reify mark retired [ 'E:\\smartparkingcopy\\ParkingApp\\node_modules\\expo-server' ]
223 silly reify mark retired [
223 silly reify   'E:\\smartparkingcopy\\ParkingApp\\node_modules\\expo-splash-screen'
223 silly reify ]
224 silly reify mark retired [ 'E:\\smartparkingcopy\\ParkingApp\\node_modules\\expo-status-bar' ]
225 silly reify mark retired [ 'E:\\smartparkingcopy\\ParkingApp\\node_modules\\expo-symbols' ]
226 silly reify mark retired [ 'E:\\smartparkingcopy\\ParkingApp\\node_modules\\expo-system-ui' ]
227 silly reify mark retired [ 'E:\\smartparkingcopy\\ParkingApp\\node_modules\\expo-web-browser' ]
228 silly reify mark retired [
228 silly reify   'E:\\smartparkingcopy\\ParkingApp\\node_modules\\exponential-backoff'
228 silly reify ]
229 silly reify mark retired [ 'E:\\smartparkingcopy\\ParkingApp\\node_modules\\fast-deep-equal' ]
230 silly reify mark retired [ 'E:\\smartparkingcopy\\ParkingApp\\node_modules\\fast-fifo' ]
231 silly reify mark retired [ 'E:\\smartparkingcopy\\ParkingApp\\node_modules\\fast-glob' ]
232 silly reify mark retired [
232 silly reify   'E:\\smartparkingcopy\\ParkingApp\\node_modules\\fast-json-stable-stringify'
232 silly reify ]
233 silly reify mark retired [ 'E:\\smartparkingcopy\\ParkingApp\\node_modules\\fast-levenshtein' ]
234 silly reify mark retired [ 'E:\\smartparkingcopy\\ParkingApp\\node_modules\\fast-uri' ]
235 silly reify mark retired [ 'E:\\smartparkingcopy\\ParkingApp\\node_modules\\fastq' ]
236 silly reify mark retired [ 'E:\\smartparkingcopy\\ParkingApp\\node_modules\\fb-watchman' ]
237 silly reify mark retired [ 'E:\\smartparkingcopy\\ParkingApp\\node_modules\\fbjs' ]
238 silly reify mark retired [ 'E:\\smartparkingcopy\\ParkingApp\\node_modules\\fbjs-css-vars' ]
239 silly reify mark retired [ 'E:\\smartparkingcopy\\ParkingApp\\node_modules\\fetch-retry' ]
240 silly reify mark retired [ 'E:\\smartparkingcopy\\ParkingApp\\node_modules\\figures' ]
241 silly reify mark retired [ 'E:\\smartparkingcopy\\ParkingApp\\node_modules\\file-entry-cache' ]
242 silly reify mark retired [ 'E:\\smartparkingcopy\\ParkingApp\\node_modules\\filelist' ]
243 silly reify mark retired [ 'E:\\smartparkingcopy\\ParkingApp\\node_modules\\fill-range' ]
244 silly reify mark retired [ 'E:\\smartparkingcopy\\ParkingApp\\node_modules\\filter-obj' ]
245 silly reify mark retired [ 'E:\\smartparkingcopy\\ParkingApp\\node_modules\\finalhandler' ]
246 silly reify mark retired [ 'E:\\smartparkingcopy\\ParkingApp\\node_modules\\find-up' ]
247 silly reify mark retired [ 'E:\\smartparkingcopy\\ParkingApp\\node_modules\\flat-cache' ]
248 silly reify mark retired [ 'E:\\smartparkingcopy\\ParkingApp\\node_modules\\flatted' ]
249 silly reify mark retired [
249 silly reify   'E:\\smartparkingcopy\\ParkingApp\\node_modules\\flow-enums-runtime'
249 silly reify ]
250 silly reify mark retired [ 'E:\\smartparkingcopy\\ParkingApp\\node_modules\\fontfaceobserver' ]
251 silly reify mark retired [ 'E:\\smartparkingcopy\\ParkingApp\\node_modules\\for-each' ]
252 silly reify mark retired [ 'E:\\smartparkingcopy\\ParkingApp\\node_modules\\foreground-child' ]
253 silly reify mark retired [ 'E:\\smartparkingcopy\\ParkingApp\\node_modules\\form-data' ]
254 silly reify mark retired [ 'E:\\smartparkingcopy\\ParkingApp\\node_modules\\freeport-async' ]
255 silly reify mark retired [ 'E:\\smartparkingcopy\\ParkingApp\\node_modules\\fresh' ]
256 silly reify mark retired [ 'E:\\smartparkingcopy\\ParkingApp\\node_modules\\fs-extra' ]
257 silly reify mark retired [ 'E:\\smartparkingcopy\\ParkingApp\\node_modules\\fs.realpath' ]
258 silly reify mark retired [ 'E:\\smartparkingcopy\\ParkingApp\\node_modules\\fsevents' ]
259 silly reify mark retired [ 'E:\\smartparkingcopy\\ParkingApp\\node_modules\\function-bind' ]
260 silly reify mark retired [
260 silly reify   'E:\\smartparkingcopy\\ParkingApp\\node_modules\\function.prototype.name'
260 silly reify ]
261 silly reify mark retired [
261 silly reify   'E:\\smartparkingcopy\\ParkingApp\\node_modules\\functions-have-names'
261 silly reify ]
262 silly reify mark retired [
262 silly reify   'E:\\smartparkingcopy\\ParkingApp\\node_modules\\generator-function'
262 silly reify ]
263 silly reify mark retired [ 'E:\\smartparkingcopy\\ParkingApp\\node_modules\\gensync' ]
264 silly reify mark retired [ 'E:\\smartparkingcopy\\ParkingApp\\node_modules\\get-caller-file' ]
265 silly reify mark retired [ 'E:\\smartparkingcopy\\ParkingApp\\node_modules\\get-intrinsic' ]
266 silly reify mark retired [ 'E:\\smartparkingcopy\\ParkingApp\\node_modules\\get-nonce' ]
267 silly reify mark retired [ 'E:\\smartparkingcopy\\ParkingApp\\node_modules\\get-package-type' ]
268 silly reify mark retired [ 'E:\\smartparkingcopy\\ParkingApp\\node_modules\\get-proto' ]
269 silly reify mark retired [
269 silly reify   'E:\\smartparkingcopy\\ParkingApp\\node_modules\\get-symbol-description'
269 silly reify ]
270 silly reify mark retired [ 'E:\\smartparkingcopy\\ParkingApp\\node_modules\\get-tsconfig' ]
271 silly reify mark retired [ 'E:\\smartparkingcopy\\ParkingApp\\node_modules\\getenv' ]
272 silly reify mark retired [ 'E:\\smartparkingcopy\\ParkingApp\\node_modules\\glob' ]
273 silly reify mark retired [ 'E:\\smartparkingcopy\\ParkingApp\\node_modules\\glob-parent' ]
274 silly reify mark retired [ 'E:\\smartparkingcopy\\ParkingApp\\node_modules\\globals' ]
275 silly reify mark retired [ 'E:\\smartparkingcopy\\ParkingApp\\node_modules\\globalthis' ]
276 silly reify mark retired [ 'E:\\smartparkingcopy\\ParkingApp\\node_modules\\globby' ]
277 silly reify mark retired [ 'E:\\smartparkingcopy\\ParkingApp\\node_modules\\golden-fleece' ]
278 silly reify mark retired [ 'E:\\smartparkingcopy\\ParkingApp\\node_modules\\gopd' ]
279 silly reify mark retired [ 'E:\\smartparkingcopy\\ParkingApp\\node_modules\\graceful-fs' ]
280 silly reify mark retired [ 'E:\\smartparkingcopy\\ParkingApp\\node_modules\\gradle-to-js' ]
281 silly reify mark retired [ 'E:\\smartparkingcopy\\ParkingApp\\node_modules\\graphql' ]
282 silly reify mark retired [ 'E:\\smartparkingcopy\\ParkingApp\\node_modules\\graphql-tag' ]
283 silly reify mark retired [ 'E:\\smartparkingcopy\\ParkingApp\\node_modules\\has-bigints' ]
284 silly reify mark retired [ 'E:\\smartparkingcopy\\ParkingApp\\node_modules\\has-flag' ]
285 silly reify mark retired [
285 silly reify   'E:\\smartparkingcopy\\ParkingApp\\node_modules\\has-property-descriptors'
285 silly reify ]
286 silly reify mark retired [ 'E:\\smartparkingcopy\\ParkingApp\\node_modules\\has-proto' ]
287 silly reify mark retired [ 'E:\\smartparkingcopy\\ParkingApp\\node_modules\\has-symbols' ]
288 silly reify mark retired [ 'E:\\smartparkingcopy\\ParkingApp\\node_modules\\has-tostringtag' ]
289 silly reify mark retired [ 'E:\\smartparkingcopy\\ParkingApp\\node_modules\\hasown' ]
290 silly reify mark retired [ 'E:\\smartparkingcopy\\ParkingApp\\node_modules\\hermes-estree' ]
291 silly reify mark retired [ 'E:\\smartparkingcopy\\ParkingApp\\node_modules\\hermes-parser' ]
292 silly reify mark retired [
292 silly reify   'E:\\smartparkingcopy\\ParkingApp\\node_modules\\hoist-non-react-statics'
292 silly reify ]
293 silly reify mark retired [ 'E:\\smartparkingcopy\\ParkingApp\\node_modules\\hosted-git-info' ]
294 silly reify mark retired [ 'E:\\smartparkingcopy\\ParkingApp\\node_modules\\http-call' ]
295 silly reify mark retired [ 'E:\\smartparkingcopy\\ParkingApp\\node_modules\\http-errors' ]
296 silly reify mark retired [ 'E:\\smartparkingcopy\\ParkingApp\\node_modules\\https-proxy-agent' ]
297 silly reify mark retired [ 'E:\\smartparkingcopy\\ParkingApp\\node_modules\\hyperlinker' ]
298 silly reify mark retired [
298 silly reify   'E:\\smartparkingcopy\\ParkingApp\\node_modules\\hyphenate-style-name'
298 silly reify ]
299 silly reify mark retired [ 'E:\\smartparkingcopy\\ParkingApp\\node_modules\\ieee754' ]
300 silly reify mark retired [ 'E:\\smartparkingcopy\\ParkingApp\\node_modules\\ignore' ]
301 silly reify mark retired [ 'E:\\smartparkingcopy\\ParkingApp\\node_modules\\image-size' ]
302 silly reify mark retired [ 'E:\\smartparkingcopy\\ParkingApp\\node_modules\\import-fresh' ]
303 silly reify mark retired [ 'E:\\smartparkingcopy\\ParkingApp\\node_modules\\imurmurhash' ]
304 silly reify mark retired [ 'E:\\smartparkingcopy\\ParkingApp\\node_modules\\indent-string' ]
305 silly reify mark retired [ 'E:\\smartparkingcopy\\ParkingApp\\node_modules\\inflight' ]
306 silly reify mark retired [ 'E:\\smartparkingcopy\\ParkingApp\\node_modules\\inherits' ]
307 silly reify mark retired [ 'E:\\smartparkingcopy\\ParkingApp\\node_modules\\ini' ]
308 silly reify mark retired [
308 silly reify   'E:\\smartparkingcopy\\ParkingApp\\node_modules\\inline-style-prefixer'
308 silly reify ]
309 silly reify mark retired [ 'E:\\smartparkingcopy\\ParkingApp\\node_modules\\internal-slot' ]
310 silly reify mark retired [ 'E:\\smartparkingcopy\\ParkingApp\\node_modules\\invariant' ]
311 silly reify mark retired [ 'E:\\smartparkingcopy\\ParkingApp\\node_modules\\is-array-buffer' ]
312 silly reify mark retired [ 'E:\\smartparkingcopy\\ParkingApp\\node_modules\\is-arrayish' ]
313 silly reify mark retired [ 'E:\\smartparkingcopy\\ParkingApp\\node_modules\\is-async-function' ]
314 silly reify mark retired [ 'E:\\smartparkingcopy\\ParkingApp\\node_modules\\is-bigint' ]
315 silly reify mark retired [ 'E:\\smartparkingcopy\\ParkingApp\\node_modules\\is-boolean-object' ]
316 silly reify mark retired [ 'E:\\smartparkingcopy\\ParkingApp\\node_modules\\is-buffer' ]
317 silly reify mark retired [ 'E:\\smartparkingcopy\\ParkingApp\\node_modules\\is-bun-module' ]
318 silly reify mark retired [ 'E:\\smartparkingcopy\\ParkingApp\\node_modules\\is-callable' ]
319 silly reify mark retired [ 'E:\\smartparkingcopy\\ParkingApp\\node_modules\\is-core-module' ]
320 silly reify mark retired [ 'E:\\smartparkingcopy\\ParkingApp\\node_modules\\is-data-view' ]
321 silly reify mark retired [ 'E:\\smartparkingcopy\\ParkingApp\\node_modules\\is-date-object' ]
322 silly reify mark retired [ 'E:\\smartparkingcopy\\ParkingApp\\node_modules\\is-docker' ]
323 silly reify mark retired [ 'E:\\smartparkingcopy\\ParkingApp\\node_modules\\is-extglob' ]
324 silly reify mark retired [
324 silly reify   'E:\\smartparkingcopy\\ParkingApp\\node_modules\\is-finalizationregistry'
324 silly reify ]
325 silly reify mark retired [
325 silly reify   'E:\\smartparkingcopy\\ParkingApp\\node_modules\\is-fullwidth-code-point'
325 silly reify ]
326 silly reify mark retired [
326 silly reify   'E:\\smartparkingcopy\\ParkingApp\\node_modules\\is-generator-function'
326 silly reify ]
327 silly reify mark retired [ 'E:\\smartparkingcopy\\ParkingApp\\node_modules\\is-glob' ]
328 silly reify mark retired [ 'E:\\smartparkingcopy\\ParkingApp\\node_modules\\is-interactive' ]
329 silly reify mark retired [ 'E:\\smartparkingcopy\\ParkingApp\\node_modules\\is-map' ]
330 silly reify mark retired [ 'E:\\smartparkingcopy\\ParkingApp\\node_modules\\is-negative-zero' ]
331 silly reify mark retired [ 'E:\\smartparkingcopy\\ParkingApp\\node_modules\\is-number' ]
332 silly reify mark retired [ 'E:\\smartparkingcopy\\ParkingApp\\node_modules\\is-number-object' ]
333 silly reify mark retired [ 'E:\\smartparkingcopy\\ParkingApp\\node_modules\\is-plain-obj' ]
334 silly reify mark retired [ 'E:\\smartparkingcopy\\ParkingApp\\node_modules\\is-regex' ]
335 silly reify mark retired [ 'E:\\smartparkingcopy\\ParkingApp\\node_modules\\is-retry-allowed' ]
336 silly reify mark retired [ 'E:\\smartparkingcopy\\ParkingApp\\node_modules\\is-set' ]
337 silly reify mark retired [
337 silly reify   'E:\\smartparkingcopy\\ParkingApp\\node_modules\\is-shared-array-buffer'
337 silly reify ]
338 silly reify mark retired [ 'E:\\smartparkingcopy\\ParkingApp\\node_modules\\is-stream' ]
339 silly reify mark retired [ 'E:\\smartparkingcopy\\ParkingApp\\node_modules\\is-string' ]
340 silly reify mark retired [ 'E:\\smartparkingcopy\\ParkingApp\\node_modules\\is-symbol' ]
341 silly reify mark retired [ 'E:\\smartparkingcopy\\ParkingApp\\node_modules\\is-typed-array' ]
342 silly reify mark retired [
342 silly reify   'E:\\smartparkingcopy\\ParkingApp\\node_modules\\is-unicode-supported'
342 silly reify ]
343 silly reify mark retired [ 'E:\\smartparkingcopy\\ParkingApp\\node_modules\\is-weakmap' ]
344 silly reify mark retired [ 'E:\\smartparkingcopy\\ParkingApp\\node_modules\\is-weakref' ]
345 silly reify mark retired [ 'E:\\smartparkingcopy\\ParkingApp\\node_modules\\is-weakset' ]
346 silly reify mark retired [ 'E:\\smartparkingcopy\\ParkingApp\\node_modules\\is-wsl' ]
347 silly reify mark retired [ 'E:\\smartparkingcopy\\ParkingApp\\node_modules\\isarray' ]
348 silly reify mark retired [ 'E:\\smartparkingcopy\\ParkingApp\\node_modules\\isexe' ]
349 silly reify mark retired [
349 silly reify   'E:\\smartparkingcopy\\ParkingApp\\node_modules\\istanbul-lib-coverage'
349 silly reify ]
350 silly reify mark retired [
350 silly reify   'E:\\smartparkingcopy\\ParkingApp\\node_modules\\istanbul-lib-instrument'
350 silly reify ]
351 silly reify mark retired [
351 silly reify   'E:\\smartparkingcopy\\ParkingApp\\node_modules\\iterator.prototype'
351 silly reify ]
352 silly reify mark retired [ 'E:\\smartparkingcopy\\ParkingApp\\node_modules\\jackspeak' ]
353 silly reify mark retired [ 'E:\\smartparkingcopy\\ParkingApp\\node_modules\\jake' ]
354 silly reify mark retired [
354 silly reify   'E:\\smartparkingcopy\\ParkingApp\\node_modules\\jest-environment-node'
354 silly reify ]
355 silly reify mark retired [ 'E:\\smartparkingcopy\\ParkingApp\\node_modules\\jest-get-type' ]
356 silly reify mark retired [ 'E:\\smartparkingcopy\\ParkingApp\\node_modules\\jest-haste-map' ]
357 silly reify mark retired [ 'E:\\smartparkingcopy\\ParkingApp\\node_modules\\jest-message-util' ]
358 silly reify mark retired [ 'E:\\smartparkingcopy\\ParkingApp\\node_modules\\jest-mock' ]
359 silly reify mark retired [ 'E:\\smartparkingcopy\\ParkingApp\\node_modules\\jest-regex-util' ]
360 silly reify mark retired [ 'E:\\smartparkingcopy\\ParkingApp\\node_modules\\jest-util' ]
361 silly reify mark retired [ 'E:\\smartparkingcopy\\ParkingApp\\node_modules\\jest-validate' ]
362 silly reify mark retired [ 'E:\\smartparkingcopy\\ParkingApp\\node_modules\\jest-worker' ]
363 silly reify mark retired [ 'E:\\smartparkingcopy\\ParkingApp\\node_modules\\jimp-compact' ]
364 silly reify mark retired [ 'E:\\smartparkingcopy\\ParkingApp\\node_modules\\jks-js' ]
365 silly reify mark retired [ 'E:\\smartparkingcopy\\ParkingApp\\node_modules\\joi' ]
366 silly reify mark retired [ 'E:\\smartparkingcopy\\ParkingApp\\node_modules\\join-component' ]
367 silly reify mark retired [ 'E:\\smartparkingcopy\\ParkingApp\\node_modules\\js-tokens' ]
368 silly reify mark retired [ 'E:\\smartparkingcopy\\ParkingApp\\node_modules\\js-yaml' ]
369 silly reify mark retired [ 'E:\\smartparkingcopy\\ParkingApp\\node_modules\\jsc-safe-url' ]
370 silly reify mark retired [ 'E:\\smartparkingcopy\\ParkingApp\\node_modules\\jsep' ]
371 silly reify mark retired [ 'E:\\smartparkingcopy\\ParkingApp\\node_modules\\jsesc' ]
372 silly reify mark retired [ 'E:\\smartparkingcopy\\ParkingApp\\node_modules\\json-buffer' ]
373 silly reify mark retired [
373 silly reify   'E:\\smartparkingcopy\\ParkingApp\\node_modules\\json-parse-better-errors'
373 silly reify ]
374 silly reify mark retired [
374 silly reify   'E:\\smartparkingcopy\\ParkingApp\\node_modules\\json-schema-traverse'
374 silly reify ]
375 silly reify mark retired [
375 silly reify   'E:\\smartparkingcopy\\ParkingApp\\node_modules\\json-stable-stringify-without-jsonify'
375 silly reify ]
376 silly reify mark retired [ 'E:\\smartparkingcopy\\ParkingApp\\node_modules\\json5' ]
377 silly reify mark retired [ 'E:\\smartparkingcopy\\ParkingApp\\node_modules\\jsonfile' ]
378 silly reify mark retired [ 'E:\\smartparkingcopy\\ParkingApp\\node_modules\\jsx-ast-utils' ]
379 silly reify mark retired [ 'E:\\smartparkingcopy\\ParkingApp\\node_modules\\keychain' ]
380 silly reify mark retired [ 'E:\\smartparkingcopy\\ParkingApp\\node_modules\\keyv' ]
381 silly reify mark retired [ 'E:\\smartparkingcopy\\ParkingApp\\node_modules\\kleur' ]
382 silly reify mark retired [ 'E:\\smartparkingcopy\\ParkingApp\\node_modules\\lan-network' ]
383 silly reify mark retired [ 'E:\\smartparkingcopy\\ParkingApp\\node_modules\\leven' ]
384 silly reify mark retired [ 'E:\\smartparkingcopy\\ParkingApp\\node_modules\\levn' ]
385 silly reify mark retired [ 'E:\\smartparkingcopy\\ParkingApp\\node_modules\\lighthouse-logger' ]
386 silly reify mark retired [ 'E:\\smartparkingcopy\\ParkingApp\\node_modules\\lightningcss' ]
387 silly reify mark retired [
387 silly reify   'E:\\smartparkingcopy\\ParkingApp\\node_modules\\lightningcss-android-arm64'
387 silly reify ]
388 silly reify mark retired [
388 silly reify   'E:\\smartparkingcopy\\ParkingApp\\node_modules\\lightningcss-darwin-arm64'
388 silly reify ]
389 silly reify mark retired [
389 silly reify   'E:\\smartparkingcopy\\ParkingApp\\node_modules\\lightningcss-darwin-x64'
389 silly reify ]
390 silly reify mark retired [
390 silly reify   'E:\\smartparkingcopy\\ParkingApp\\node_modules\\lightningcss-freebsd-x64'
390 silly reify ]
391 silly reify mark retired [
391 silly reify   'E:\\smartparkingcopy\\ParkingApp\\node_modules\\lightningcss-linux-arm-gnueabihf'
391 silly reify ]
392 silly reify mark retired [
392 silly reify   'E:\\smartparkingcopy\\ParkingApp\\node_modules\\lightningcss-linux-arm64-gnu'
392 silly reify ]
393 silly reify mark retired [
393 silly reify   'E:\\smartparkingcopy\\ParkingApp\\node_modules\\lightningcss-linux-arm64-musl'
393 silly reify ]
394 silly reify mark retired [
394 silly reify   'E:\\smartparkingcopy\\ParkingApp\\node_modules\\lightningcss-linux-x64-gnu'
394 silly reify ]
395 silly reify mark retired [
395 silly reify   'E:\\smartparkingcopy\\ParkingApp\\node_modules\\lightningcss-linux-x64-musl'
395 silly reify ]
396 silly reify mark retired [
396 silly reify   'E:\\smartparkingcopy\\ParkingApp\\node_modules\\lightningcss-win32-arm64-msvc'
396 silly reify ]
397 silly reify mark retired [
397 silly reify   'E:\\smartparkingcopy\\ParkingApp\\node_modules\\lightningcss-win32-x64-msvc'
397 silly reify ]
398 silly reify mark retired [ 'E:\\smartparkingcopy\\ParkingApp\\node_modules\\lilconfig' ]
399 silly reify mark retired [ 'E:\\smartparkingcopy\\ParkingApp\\node_modules\\lines-and-columns' ]
400 silly reify mark retired [ 'E:\\smartparkingcopy\\ParkingApp\\node_modules\\locate-path' ]
401 silly reify mark retired [ 'E:\\smartparkingcopy\\ParkingApp\\node_modules\\lodash.clonedeep' ]
402 silly reify mark retired [ 'E:\\smartparkingcopy\\ParkingApp\\node_modules\\lodash.debounce' ]
403 silly reify mark retired [ 'E:\\smartparkingcopy\\ParkingApp\\node_modules\\lodash.get' ]
404 silly reify mark retired [ 'E:\\smartparkingcopy\\ParkingApp\\node_modules\\lodash.merge' ]
405 silly reify mark retired [ 'E:\\smartparkingcopy\\ParkingApp\\node_modules\\lodash.throttle' ]
406 silly reify mark retired [ 'E:\\smartparkingcopy\\ParkingApp\\node_modules\\log-symbols' ]
407 silly reify mark retired [ 'E:\\smartparkingcopy\\ParkingApp\\node_modules\\loose-envify' ]
408 silly reify mark retired [ 'E:\\smartparkingcopy\\ParkingApp\\node_modules\\lru-cache' ]
409 silly reify mark retired [ 'E:\\smartparkingcopy\\ParkingApp\\node_modules\\make-error' ]
410 silly reify mark retired [ 'E:\\smartparkingcopy\\ParkingApp\\node_modules\\makeerror' ]
411 silly reify mark retired [ 'E:\\smartparkingcopy\\ParkingApp\\node_modules\\marky' ]
412 silly reify mark retired [ 'E:\\smartparkingcopy\\ParkingApp\\node_modules\\math-intrinsics' ]
413 silly reify mark retired [ 'E:\\smartparkingcopy\\ParkingApp\\node_modules\\md5' ]
414 silly reify mark retired [ 'E:\\smartparkingcopy\\ParkingApp\\node_modules\\mdn-data' ]
415 silly reify mark retired [ 'E:\\smartparkingcopy\\ParkingApp\\node_modules\\memoize-one' ]
416 silly reify mark retired [ 'E:\\smartparkingcopy\\ParkingApp\\node_modules\\merge-options' ]
417 silly reify mark retired [ 'E:\\smartparkingcopy\\ParkingApp\\node_modules\\merge-stream' ]
418 silly reify mark retired [ 'E:\\smartparkingcopy\\ParkingApp\\node_modules\\merge2' ]
419 silly reify mark retired [ 'E:\\smartparkingcopy\\ParkingApp\\node_modules\\metro' ]
420 silly reify mark retired [
420 silly reify   'E:\\smartparkingcopy\\ParkingApp\\node_modules\\metro-babel-transformer'
420 silly reify ]
421 silly reify mark retired [ 'E:\\smartparkingcopy\\ParkingApp\\node_modules\\metro-cache' ]
422 silly reify mark retired [ 'E:\\smartparkingcopy\\ParkingApp\\node_modules\\metro-cache-key' ]
423 silly reify mark retired [ 'E:\\smartparkingcopy\\ParkingApp\\node_modules\\metro-config' ]
424 silly reify mark retired [ 'E:\\smartparkingcopy\\ParkingApp\\node_modules\\metro-core' ]
425 silly reify mark retired [ 'E:\\smartparkingcopy\\ParkingApp\\node_modules\\metro-file-map' ]
426 silly reify mark retired [
426 silly reify   'E:\\smartparkingcopy\\ParkingApp\\node_modules\\metro-minify-terser'
426 silly reify ]
427 silly reify mark retired [ 'E:\\smartparkingcopy\\ParkingApp\\node_modules\\metro-resolver' ]
428 silly reify mark retired [ 'E:\\smartparkingcopy\\ParkingApp\\node_modules\\metro-runtime' ]
429 silly reify mark retired [ 'E:\\smartparkingcopy\\ParkingApp\\node_modules\\metro-source-map' ]
430 silly reify mark retired [ 'E:\\smartparkingcopy\\ParkingApp\\node_modules\\metro-symbolicate' ]
431 silly reify mark retired [
431 silly reify   'E:\\smartparkingcopy\\ParkingApp\\node_modules\\metro-transform-plugins'
431 silly reify ]
432 silly reify mark retired [
432 silly reify   'E:\\smartparkingcopy\\ParkingApp\\node_modules\\metro-transform-worker'
432 silly reify ]
433 silly reify mark retired [ 'E:\\smartparkingcopy\\ParkingApp\\node_modules\\micromatch' ]
434 silly reify mark retired [ 'E:\\smartparkingcopy\\ParkingApp\\node_modules\\mime' ]
435 silly reify mark retired [ 'E:\\smartparkingcopy\\ParkingApp\\node_modules\\mime-db' ]
436 silly reify mark retired [ 'E:\\smartparkingcopy\\ParkingApp\\node_modules\\mime-types' ]
437 silly reify mark retired [ 'E:\\smartparkingcopy\\ParkingApp\\node_modules\\mimic-fn' ]
438 silly reify mark retired [ 'E:\\smartparkingcopy\\ParkingApp\\node_modules\\minimatch' ]
439 silly reify mark retired [ 'E:\\smartparkingcopy\\ParkingApp\\node_modules\\minimist' ]
440 silly reify mark retired [ 'E:\\smartparkingcopy\\ParkingApp\\node_modules\\minipass' ]
441 silly reify mark retired [ 'E:\\smartparkingcopy\\ParkingApp\\node_modules\\minizlib' ]
442 silly reify mark retired [ 'E:\\smartparkingcopy\\ParkingApp\\node_modules\\mkdirp' ]
443 silly reify mark retired [ 'E:\\smartparkingcopy\\ParkingApp\\node_modules\\moment' ]
444 silly reify mark retired [ 'E:\\smartparkingcopy\\ParkingApp\\node_modules\\ms' ]
445 silly reify mark retired [ 'E:\\smartparkingcopy\\ParkingApp\\node_modules\\multipasta' ]
446 silly reify mark retired [ 'E:\\smartparkingcopy\\ParkingApp\\node_modules\\mute-stream' ]
447 silly reify mark retired [ 'E:\\smartparkingcopy\\ParkingApp\\node_modules\\mv' ]
448 silly reify mark retired [ 'E:\\smartparkingcopy\\ParkingApp\\node_modules\\mz' ]
449 silly reify mark retired [ 'E:\\smartparkingcopy\\ParkingApp\\node_modules\\nanoid' ]
450 silly reify mark retired [ 'E:\\smartparkingcopy\\ParkingApp\\node_modules\\napi-postinstall' ]
451 silly reify mark retired [ 'E:\\smartparkingcopy\\ParkingApp\\node_modules\\nan' ]
452 silly reify mark retired [ 'E:\\smartparkingcopy\\ParkingApp\\node_modules\\natural-compare' ]
453 silly reify mark retired [ 'E:\\smartparkingcopy\\ParkingApp\\node_modules\\natural-orderby' ]
454 silly reify mark retired [ 'E:\\smartparkingcopy\\ParkingApp\\node_modules\\ncp' ]
455 silly reify mark retired [ 'E:\\smartparkingcopy\\ParkingApp\\node_modules\\negotiator' ]
456 silly reify mark retired [
456 silly reify   'E:\\smartparkingcopy\\ParkingApp\\node_modules\\nested-error-stacks'
456 silly reify ]
457 silly reify mark retired [ 'E:\\smartparkingcopy\\ParkingApp\\node_modules\\node-exports-info' ]
458 silly reify mark retired [ 'E:\\smartparkingcopy\\ParkingApp\\node_modules\\node-fetch' ]
459 silly reify mark retired [ 'E:\\smartparkingcopy\\ParkingApp\\node_modules\\node-forge' ]
460 silly reify mark retired [ 'E:\\smartparkingcopy\\ParkingApp\\node_modules\\node-int64' ]
461 silly reify mark retired [ 'E:\\smartparkingcopy\\ParkingApp\\node_modules\\node-releases' ]
462 silly reify mark retired [ 'E:\\smartparkingcopy\\ParkingApp\\node_modules\\node-rsa' ]
463 silly reify mark retired [ 'E:\\smartparkingcopy\\ParkingApp\\node_modules\\node-stream-zip' ]
464 silly reify mark retired [ 'E:\\smartparkingcopy\\ParkingApp\\node_modules\\normalize-path' ]
465 silly reify mark retired [ 'E:\\smartparkingcopy\\ParkingApp\\node_modules\\npm-package-arg' ]
466 silly reify mark retired [ 'E:\\smartparkingcopy\\ParkingApp\\node_modules\\nth-check' ]
467 silly reify mark retired [ 'E:\\smartparkingcopy\\ParkingApp\\node_modules\\nullthrows' ]
468 silly reify mark retired [ 'E:\\smartparkingcopy\\ParkingApp\\node_modules\\ob1' ]
469 silly reify mark retired [ 'E:\\smartparkingcopy\\ParkingApp\\node_modules\\object-assign' ]
470 silly reify mark retired [ 'E:\\smartparkingcopy\\ParkingApp\\node_modules\\object-inspect' ]
471 silly reify mark retired [ 'E:\\smartparkingcopy\\ParkingApp\\node_modules\\object-keys' ]
472 silly reify mark retired [ 'E:\\smartparkingcopy\\ParkingApp\\node_modules\\object-treeify' ]
473 silly reify mark retired [ 'E:\\smartparkingcopy\\ParkingApp\\node_modules\\object.assign' ]
474 silly reify mark retired [ 'E:\\smartparkingcopy\\ParkingApp\\node_modules\\object.entries' ]
475 silly reify mark retired [
475 silly reify   'E:\\smartparkingcopy\\ParkingApp\\node_modules\\object.fromentries'
475 silly reify ]
476 silly reify mark retired [ 'E:\\smartparkingcopy\\ParkingApp\\node_modules\\object.groupby' ]
477 silly reify mark retired [ 'E:\\smartparkingcopy\\ParkingApp\\node_modules\\object.values' ]
478 silly reify mark retired [ 'E:\\smartparkingcopy\\ParkingApp\\node_modules\\on-finished' ]
479 silly reify mark retired [ 'E:\\smartparkingcopy\\ParkingApp\\node_modules\\on-headers' ]
480 silly reify mark retired [ 'E:\\smartparkingcopy\\ParkingApp\\node_modules\\once' ]
481 silly reify mark retired [ 'E:\\smartparkingcopy\\ParkingApp\\node_modules\\onetime' ]
482 silly reify mark retired [ 'E:\\smartparkingcopy\\ParkingApp\\node_modules\\open' ]
483 silly reify mark retired [ 'E:\\smartparkingcopy\\ParkingApp\\node_modules\\optionator' ]
484 silly reify mark retired [ 'E:\\smartparkingcopy\\ParkingApp\\node_modules\\ora' ]
485 silly reify mark retired [ 'E:\\smartparkingcopy\\ParkingApp\\node_modules\\own-keys' ]
486 silly reify mark retired [ 'E:\\smartparkingcopy\\ParkingApp\\node_modules\\p-limit' ]
487 silly reify mark retired [ 'E:\\smartparkingcopy\\ParkingApp\\node_modules\\p-locate' ]
488 silly reify mark retired [ 'E:\\smartparkingcopy\\ParkingApp\\node_modules\\p-try' ]
489 silly reify mark retired [
489 silly reify   'E:\\smartparkingcopy\\ParkingApp\\node_modules\\package-json-from-dist'
489 silly reify ]
490 silly reify mark retired [ 'E:\\smartparkingcopy\\ParkingApp\\node_modules\\parent-module' ]
491 silly reify mark retired [ 'E:\\smartparkingcopy\\ParkingApp\\node_modules\\parse-json' ]
492 silly reify mark retired [ 'E:\\smartparkingcopy\\ParkingApp\\node_modules\\parse-png' ]
493 silly reify mark retired [ 'E:\\smartparkingcopy\\ParkingApp\\node_modules\\parseurl' ]
494 silly reify mark retired [ 'E:\\smartparkingcopy\\ParkingApp\\node_modules\\password-prompt' ]
495 silly reify mark retired [ 'E:\\smartparkingcopy\\ParkingApp\\node_modules\\path-exists' ]
496 silly reify mark retired [ 'E:\\smartparkingcopy\\ParkingApp\\node_modules\\path-is-absolute' ]
497 silly reify mark retired [ 'E:\\smartparkingcopy\\ParkingApp\\node_modules\\path-key' ]
498 silly reify mark retired [ 'E:\\smartparkingcopy\\ParkingApp\\node_modules\\path-parse' ]
499 silly reify mark retired [ 'E:\\smartparkingcopy\\ParkingApp\\node_modules\\path-scurry' ]
500 silly reify mark retired [ 'E:\\smartparkingcopy\\ParkingApp\\node_modules\\path-type' ]
501 silly reify mark retired [ 'E:\\smartparkingcopy\\ParkingApp\\node_modules\\picocolors' ]
502 silly reify mark retired [ 'E:\\smartparkingcopy\\ParkingApp\\node_modules\\picomatch' ]
503 silly reify mark retired [ 'E:\\smartparkingcopy\\ParkingApp\\node_modules\\pirates' ]
504 silly reify mark retired [ 'E:\\smartparkingcopy\\ParkingApp\\node_modules\\pkg-dir' ]
505 silly reify mark retired [ 'E:\\smartparkingcopy\\ParkingApp\\node_modules\\plist' ]
506 silly reify mark retired [ 'E:\\smartparkingcopy\\ParkingApp\\node_modules\\pngjs' ]
507 silly reify mark retired [
507 silly reify   'E:\\smartparkingcopy\\ParkingApp\\node_modules\\possible-typed-array-names'
507 silly reify ]
508 silly reify mark retired [ 'E:\\smartparkingcopy\\ParkingApp\\node_modules\\postcss' ]
509 silly reify mark retired [
509 silly reify   'E:\\smartparkingcopy\\ParkingApp\\node_modules\\postcss-value-parser'
509 silly reify ]
510 silly reify mark retired [ 'E:\\smartparkingcopy\\ParkingApp\\node_modules\\prelude-ls' ]
511 silly reify mark retired [ 'E:\\smartparkingcopy\\ParkingApp\\node_modules\\pretty-bytes' ]
512 silly reify mark retired [ 'E:\\smartparkingcopy\\ParkingApp\\node_modules\\pretty-format' ]
513 silly reify mark retired [ 'E:\\smartparkingcopy\\ParkingApp\\node_modules\\proc-log' ]
514 silly reify mark retired [ 'E:\\smartparkingcopy\\ParkingApp\\node_modules\\progress' ]
515 silly reify mark retired [ 'E:\\smartparkingcopy\\ParkingApp\\node_modules\\promise' ]
516 silly reify mark retired [ 'E:\\smartparkingcopy\\ParkingApp\\node_modules\\promise-limit' ]
517 silly reify mark retired [ 'E:\\smartparkingcopy\\ParkingApp\\node_modules\\promise-retry' ]
518 silly reify mark retired [ 'E:\\smartparkingcopy\\ParkingApp\\node_modules\\prompts' ]
519 silly reify mark retired [ 'E:\\smartparkingcopy\\ParkingApp\\node_modules\\prop-types' ]
520 silly reify mark retired [ 'E:\\smartparkingcopy\\ParkingApp\\node_modules\\punycode' ]
521 silly reify mark retired [ 'E:\\smartparkingcopy\\ParkingApp\\node_modules\\qrcode' ]
522 silly reify mark retired [ 'E:\\smartparkingcopy\\ParkingApp\\node_modules\\qrcode-terminal' ]
523 silly reify mark retired [ 'E:\\smartparkingcopy\\ParkingApp\\node_modules\\query-string' ]
524 silly reify mark retired [ 'E:\\smartparkingcopy\\ParkingApp\\node_modules\\queue' ]
525 silly reify mark retired [ 'E:\\smartparkingcopy\\ParkingApp\\node_modules\\queue-microtask' ]
526 silly reify mark retired [ 'E:\\smartparkingcopy\\ParkingApp\\node_modules\\range-parser' ]
527 silly reify mark retired [ 'E:\\smartparkingcopy\\ParkingApp\\node_modules\\rc' ]
528 silly reify mark retired [ 'E:\\smartparkingcopy\\ParkingApp\\node_modules\\react' ]
529 silly reify mark retired [
529 silly reify   'E:\\smartparkingcopy\\ParkingApp\\node_modules\\react-devtools-core'
529 silly reify ]
530 silly reify mark retired [ 'E:\\smartparkingcopy\\ParkingApp\\node_modules\\react-dom' ]
531 silly reify mark retired [
531 silly reify   'E:\\smartparkingcopy\\ParkingApp\\node_modules\\react-fast-compare'
531 silly reify ]
532 silly reify mark retired [ 'E:\\smartparkingcopy\\ParkingApp\\node_modules\\react-freeze' ]
533 silly reify mark retired [ 'E:\\smartparkingcopy\\ParkingApp\\node_modules\\react-is' ]
534 silly reify mark retired [ 'E:\\smartparkingcopy\\ParkingApp\\node_modules\\react-native' ]
535 silly reify mark retired [
535 silly reify   'E:\\smartparkingcopy\\ParkingApp\\node_modules\\react-native-gesture-handler'
535 silly reify ]
536 silly reify mark retired [
536 silly reify   'E:\\smartparkingcopy\\ParkingApp\\node_modules\\react-native-is-edge-to-edge'
536 silly reify ]
537 silly reify mark retired [ 'E:\\smartparkingcopy\\ParkingApp\\node_modules\\react-native-maps' ]
538 silly reify mark retired [
538 silly reify   'E:\\smartparkingcopy\\ParkingApp\\node_modules\\react-native-qrcode-svg'
538 silly reify ]
539 silly reify mark retired [
539 silly reify   'E:\\smartparkingcopy\\ParkingApp\\node_modules\\react-native-razorpay'
539 silly reify ]
540 silly reify mark retired [
540 silly reify   'E:\\smartparkingcopy\\ParkingApp\\node_modules\\react-native-reanimated'
540 silly reify ]
541 silly reify mark retired [
541 silly reify   'E:\\smartparkingcopy\\ParkingApp\\node_modules\\react-native-safe-area-context'
541 silly reify ]
542 silly reify mark retired [
542 silly reify   'E:\\smartparkingcopy\\ParkingApp\\node_modules\\react-native-screens'
542 silly reify ]
543 silly reify mark retired [ 'E:\\smartparkingcopy\\ParkingApp\\node_modules\\react-native-svg' ]
544 silly reify mark retired [ 'E:\\smartparkingcopy\\ParkingApp\\node_modules\\react-native-web' ]
545 silly reify mark retired [
545 silly reify   'E:\\smartparkingcopy\\ParkingApp\\node_modules\\react-native-worklets'
545 silly reify ]
546 silly reify mark retired [ 'E:\\smartparkingcopy\\ParkingApp\\node_modules\\react-refresh' ]
547 silly reify mark retired [
547 silly reify   'E:\\smartparkingcopy\\ParkingApp\\node_modules\\react-remove-scroll'
547 silly reify ]
548 silly reify mark retired [
548 silly reify   'E:\\smartparkingcopy\\ParkingApp\\node_modules\\react-remove-scroll-bar'
548 silly reify ]
549 silly reify mark retired [
549 silly reify   'E:\\smartparkingcopy\\ParkingApp\\node_modules\\react-style-singleton'
549 silly reify ]
550 silly reify mark retired [ 'E:\\smartparkingcopy\\ParkingApp\\node_modules\\redeyed' ]
551 silly reify mark retired [
551 silly reify   'E:\\smartparkingcopy\\ParkingApp\\node_modules\\reflect.getprototypeof'
551 silly reify ]
552 silly reify mark retired [ 'E:\\smartparkingcopy\\ParkingApp\\node_modules\\regenerate' ]
553 silly reify mark retired [
553 silly reify   'E:\\smartparkingcopy\\ParkingApp\\node_modules\\regenerate-unicode-properties'
553 silly reify ]
554 silly reify mark retired [
554 silly reify   'E:\\smartparkingcopy\\ParkingApp\\node_modules\\regenerator-runtime'
554 silly reify ]
555 silly reify mark retired [
555 silly reify   'E:\\smartparkingcopy\\ParkingApp\\node_modules\\regexp.prototype.flags'
555 silly reify ]
556 silly reify mark retired [ 'E:\\smartparkingcopy\\ParkingApp\\node_modules\\regexpu-core' ]
557 silly reify mark retired [ 'E:\\smartparkingcopy\\ParkingApp\\node_modules\\regjsgen' ]
558 silly reify mark retired [ 'E:\\smartparkingcopy\\ParkingApp\\node_modules\\regjsparser' ]
559 silly reify mark retired [
559 silly reify   'E:\\smartparkingcopy\\ParkingApp\\node_modules\\remove-trailing-slash'
559 silly reify ]
560 silly reify mark retired [ 'E:\\smartparkingcopy\\ParkingApp\\node_modules\\require-directory' ]
561 silly reify mark retired [
561 silly reify   'E:\\smartparkingcopy\\ParkingApp\\node_modules\\require-from-string'
561 silly reify ]
562 silly reify mark retired [
562 silly reify   'E:\\smartparkingcopy\\ParkingApp\\node_modules\\require-main-filename'
562 silly reify ]
563 silly reify mark retired [ 'E:\\smartparkingcopy\\ParkingApp\\node_modules\\requireg' ]
564 silly reify mark retired [ 'E:\\smartparkingcopy\\ParkingApp\\node_modules\\resolve' ]
565 silly reify mark retired [ 'E:\\smartparkingcopy\\ParkingApp\\node_modules\\resolve-from' ]
566 silly reify mark retired [ 'E:\\smartparkingcopy\\ParkingApp\\node_modules\\resolve-pkg-maps' ]
567 silly reify mark retired [
567 silly reify   'E:\\smartparkingcopy\\ParkingApp\\node_modules\\resolve-workspace-root'
567 silly reify ]
568 silly reify mark retired [ 'E:\\smartparkingcopy\\ParkingApp\\node_modules\\resolve.exports' ]
569 silly reify mark retired [ 'E:\\smartparkingcopy\\ParkingApp\\node_modules\\restore-cursor' ]
570 silly reify mark retired [ 'E:\\smartparkingcopy\\ParkingApp\\node_modules\\retry' ]
571 silly reify mark retired [ 'E:\\smartparkingcopy\\ParkingApp\\node_modules\\reusify' ]
572 silly reify mark retired [ 'E:\\smartparkingcopy\\ParkingApp\\node_modules\\rimraf' ]
573 silly reify mark retired [ 'E:\\smartparkingcopy\\ParkingApp\\node_modules\\run-parallel' ]
574 silly reify mark retired [ 'E:\\smartparkingcopy\\ParkingApp\\node_modules\\safe-array-concat' ]
575 silly reify mark retired [ 'E:\\smartparkingcopy\\ParkingApp\\node_modules\\safe-buffer' ]
576 silly reify mark retired [
576 silly reify   'E:\\smartparkingcopy\\ParkingApp\\node_modules\\safe-json-stringify'
576 silly reify ]
577 silly reify mark retired [ 'E:\\smartparkingcopy\\ParkingApp\\node_modules\\safe-push-apply' ]
578 silly reify mark retired [ 'E:\\smartparkingcopy\\ParkingApp\\node_modules\\safe-regex-test' ]
579 silly reify mark retired [ 'E:\\smartparkingcopy\\ParkingApp\\node_modules\\safer-buffer' ]
580 silly reify mark retired [ 'E:\\smartparkingcopy\\ParkingApp\\node_modules\\sax' ]
581 silly reify mark retired [ 'E:\\smartparkingcopy\\ParkingApp\\node_modules\\scheduler' ]
582 silly reify mark retired [ 'E:\\smartparkingcopy\\ParkingApp\\node_modules\\semver' ]
583 silly reify mark retired [ 'E:\\smartparkingcopy\\ParkingApp\\node_modules\\send' ]
584 silly reify mark retired [ 'E:\\smartparkingcopy\\ParkingApp\\node_modules\\serialize-error' ]
585 silly reify mark retired [ 'E:\\smartparkingcopy\\ParkingApp\\node_modules\\serve-static' ]
586 silly reify mark retired [ 'E:\\smartparkingcopy\\ParkingApp\\node_modules\\server-only' ]
587 silly reify mark retired [ 'E:\\smartparkingcopy\\ParkingApp\\node_modules\\set-blocking' ]
588 silly reify mark retired [
588 silly reify   'E:\\smartparkingcopy\\ParkingApp\\node_modules\\set-function-length'
588 silly reify ]
589 silly reify mark retired [ 'E:\\smartparkingcopy\\ParkingApp\\node_modules\\set-function-name' ]
590 silly reify mark retired [
590 silly reify   'E:\\smartparkingcopy\\ParkingApp\\node_modules\\set-interval-async'
590 silly reify ]
591 silly reify mark retired [ 'E:\\smartparkingcopy\\ParkingApp\\node_modules\\set-proto' ]
592 silly reify mark retired [ 'E:\\smartparkingcopy\\ParkingApp\\node_modules\\setimmediate' ]
593 silly reify mark retired [ 'E:\\smartparkingcopy\\ParkingApp\\node_modules\\setprototypeof' ]
594 silly reify mark retired [
594 silly reify   'E:\\smartparkingcopy\\ParkingApp\\node_modules\\sf-symbols-typescript'
594 silly reify ]
595 silly reify mark retired [ 'E:\\smartparkingcopy\\ParkingApp\\node_modules\\shallowequal' ]
596 silly reify mark retired [ 'E:\\smartparkingcopy\\ParkingApp\\node_modules\\shebang-command' ]
597 silly reify mark retired [ 'E:\\smartparkingcopy\\ParkingApp\\node_modules\\shebang-regex' ]
598 silly reify mark retired [ 'E:\\smartparkingcopy\\ParkingApp\\node_modules\\shell-quote' ]
599 silly reify mark retired [ 'E:\\smartparkingcopy\\ParkingApp\\node_modules\\side-channel' ]
600 silly reify mark retired [ 'E:\\smartparkingcopy\\ParkingApp\\node_modules\\side-channel-list' ]
601 silly reify mark retired [ 'E:\\smartparkingcopy\\ParkingApp\\node_modules\\side-channel-map' ]
602 silly reify mark retired [ 'E:\\smartparkingcopy\\ParkingApp\\node_modules\\signal-exit' ]
603 silly reify mark retired [
603 silly reify   'E:\\smartparkingcopy\\ParkingApp\\node_modules\\side-channel-weakmap'
603 silly reify ]
604 silly reify mark retired [ 'E:\\smartparkingcopy\\ParkingApp\\node_modules\\simple-plist' ]
605 silly reify mark retired [ 'E:\\smartparkingcopy\\ParkingApp\\node_modules\\simple-swizzle' ]
606 silly reify mark retired [ 'E:\\smartparkingcopy\\ParkingApp\\node_modules\\sisteransi' ]
607 silly reify mark retired [ 'E:\\smartparkingcopy\\ParkingApp\\node_modules\\slash' ]
608 silly reify mark retired [ 'E:\\smartparkingcopy\\ParkingApp\\node_modules\\slice-ansi' ]
609 silly reify mark retired [ 'E:\\smartparkingcopy\\ParkingApp\\node_modules\\slugify' ]
610 silly reify mark retired [ 'E:\\smartparkingcopy\\ParkingApp\\node_modules\\source-map' ]
611 silly reify mark retired [ 'E:\\smartparkingcopy\\ParkingApp\\node_modules\\source-map-js' ]
612 silly reify mark retired [
612 silly reify   'E:\\smartparkingcopy\\ParkingApp\\node_modules\\source-map-support'
612 silly reify ]
613 silly reify mark retired [ 'E:\\smartparkingcopy\\ParkingApp\\node_modules\\split-on-first' ]
614 silly reify mark retired [ 'E:\\smartparkingcopy\\ParkingApp\\node_modules\\sprintf-js' ]
615 silly reify mark retired [ 'E:\\smartparkingcopy\\ParkingApp\\node_modules\\stable-hash' ]
616 silly reify mark retired [ 'E:\\smartparkingcopy\\ParkingApp\\node_modules\\stack-utils' ]
617 silly reify mark retired [ 'E:\\smartparkingcopy\\ParkingApp\\node_modules\\stackframe' ]
618 silly reify mark retired [ 'E:\\smartparkingcopy\\ParkingApp\\node_modules\\stacktrace-parser' ]
619 silly reify mark retired [ 'E:\\smartparkingcopy\\ParkingApp\\node_modules\\statuses' ]
620 silly reify mark retired [
620 silly reify   'E:\\smartparkingcopy\\ParkingApp\\node_modules\\stop-iteration-iterator'
620 silly reify ]
621 silly reify mark retired [ 'E:\\smartparkingcopy\\ParkingApp\\node_modules\\stream-buffers' ]
622 silly reify mark retired [ 'E:\\smartparkingcopy\\ParkingApp\\node_modules\\streamx' ]
623 silly reify mark retired [ 'E:\\smartparkingcopy\\ParkingApp\\node_modules\\strict-uri-encode' ]
624 silly reify mark retired [ 'E:\\smartparkingcopy\\ParkingApp\\node_modules\\string-width' ]
625 silly reify mark retired [ 'E:\\smartparkingcopy\\ParkingApp\\node_modules\\string-width-cjs' ]
626 silly reify mark retired [
626 silly reify   'E:\\smartparkingcopy\\ParkingApp\\node_modules\\string.prototype.matchall'
626 silly reify ]
627 silly reify mark retired [
627 silly reify   'E:\\smartparkingcopy\\ParkingApp\\node_modules\\string.prototype.repeat'
627 silly reify ]
628 silly reify mark retired [
628 silly reify   'E:\\smartparkingcopy\\ParkingApp\\node_modules\\string.prototype.trim'
628 silly reify ]
629 silly reify mark retired [
629 silly reify   'E:\\smartparkingcopy\\ParkingApp\\node_modules\\string.prototype.trimend'
629 silly reify ]
630 silly reify mark retired [
630 silly reify   'E:\\smartparkingcopy\\ParkingApp\\node_modules\\string.prototype.trimstart'
630 silly reify ]
631 silly reify mark retired [ 'E:\\smartparkingcopy\\ParkingApp\\node_modules\\strip-ansi' ]
632 silly reify mark retired [ 'E:\\smartparkingcopy\\ParkingApp\\node_modules\\strip-ansi-cjs' ]
633 silly reify mark retired [ 'E:\\smartparkingcopy\\ParkingApp\\node_modules\\strip-bom' ]
634 silly reify mark retired [
634 silly reify   'E:\\smartparkingcopy\\ParkingApp\\node_modules\\strip-json-comments'
634 silly reify ]
635 silly reify mark retired [
635 silly reify   'E:\\smartparkingcopy\\ParkingApp\\node_modules\\structured-headers'
635 silly reify ]
636 silly reify mark retired [ 'E:\\smartparkingcopy\\ParkingApp\\node_modules\\styleq' ]
637 silly reify mark retired [ 'E:\\smartparkingcopy\\ParkingApp\\node_modules\\sucrase' ]
638 silly reify mark retired [ 'E:\\smartparkingcopy\\ParkingApp\\node_modules\\supports-color' ]
639 silly reify mark retired [
639 silly reify   'E:\\smartparkingcopy\\ParkingApp\\node_modules\\supports-hyperlinks'
639 silly reify ]
640 silly reify mark retired [
640 silly reify   'E:\\smartparkingcopy\\ParkingApp\\node_modules\\supports-preserve-symlinks-flag'
640 silly reify ]
641 silly reify mark retired [ 'E:\\smartparkingcopy\\ParkingApp\\node_modules\\tar' ]
642 silly reify mark retired [ 'E:\\smartparkingcopy\\ParkingApp\\node_modules\\tar-stream' ]
643 silly reify mark retired [ 'E:\\smartparkingcopy\\ParkingApp\\node_modules\\temp-dir' ]
644 silly reify mark retired [ 'E:\\smartparkingcopy\\ParkingApp\\node_modules\\terminal-link' ]
645 silly reify mark retired [ 'E:\\smartparkingcopy\\ParkingApp\\node_modules\\terser' ]
646 silly reify mark retired [ 'E:\\smartparkingcopy\\ParkingApp\\node_modules\\test-exclude' ]
647 silly reify mark retired [ 'E:\\smartparkingcopy\\ParkingApp\\node_modules\\text-decoder' ]
648 silly reify mark retired [ 'E:\\smartparkingcopy\\ParkingApp\\node_modules\\text-encoding' ]
649 silly reify mark retired [ 'E:\\smartparkingcopy\\ParkingApp\\node_modules\\thenify' ]
650 silly reify mark retired [ 'E:\\smartparkingcopy\\ParkingApp\\node_modules\\thenify-all' ]
651 silly reify mark retired [ 'E:\\smartparkingcopy\\ParkingApp\\node_modules\\throat' ]
652 silly reify mark retired [ 'E:\\smartparkingcopy\\ParkingApp\\node_modules\\tinyglobby' ]
653 silly reify mark retired [ 'E:\\smartparkingcopy\\ParkingApp\\node_modules\\tmpl' ]
654 silly reify mark retired [ 'E:\\smartparkingcopy\\ParkingApp\\node_modules\\to-regex-range' ]
655 silly reify mark retired [ 'E:\\smartparkingcopy\\ParkingApp\\node_modules\\toidentifier' ]
656 silly reify mark retired [ 'E:\\smartparkingcopy\\ParkingApp\\node_modules\\tr46' ]
657 silly reify mark retired [ 'E:\\smartparkingcopy\\ParkingApp\\node_modules\\ts-api-utils' ]
658 silly reify mark retired [ 'E:\\smartparkingcopy\\ParkingApp\\node_modules\\ts-deepmerge' ]
659 silly reify mark retired [
659 silly reify   'E:\\smartparkingcopy\\ParkingApp\\node_modules\\ts-interface-checker'
659 silly reify ]
660 silly reify mark retired [ 'E:\\smartparkingcopy\\ParkingApp\\node_modules\\ts-node' ]
661 silly reify mark retired [ 'E:\\smartparkingcopy\\ParkingApp\\node_modules\\tsconfig-paths' ]
662 silly reify mark retired [ 'E:\\smartparkingcopy\\ParkingApp\\node_modules\\tslib' ]
663 silly reify mark retired [ 'E:\\smartparkingcopy\\ParkingApp\\node_modules\\tunnel-agent' ]
664 silly reify mark retired [ 'E:\\smartparkingcopy\\ParkingApp\\node_modules\\turndown' ]
665 silly reify mark retired [ 'E:\\smartparkingcopy\\ParkingApp\\node_modules\\type-check' ]
666 silly reify mark retired [ 'E:\\smartparkingcopy\\ParkingApp\\node_modules\\type-detect' ]
667 silly reify mark retired [ 'E:\\smartparkingcopy\\ParkingApp\\node_modules\\type-fest' ]
668 silly reify mark retired [
668 silly reify   'E:\\smartparkingcopy\\ParkingApp\\node_modules\\typed-array-buffer'
668 silly reify ]
669 silly reify mark retired [
669 silly reify   'E:\\smartparkingcopy\\ParkingApp\\node_modules\\typed-array-byte-length'
669 silly reify ]
670 silly reify mark retired [
670 silly reify   'E:\\smartparkingcopy\\ParkingApp\\node_modules\\typed-array-byte-offset'
670 silly reify ]
671 silly reify mark retired [
671 silly reify   'E:\\smartparkingcopy\\ParkingApp\\node_modules\\typed-array-length'
671 silly reify ]
672 silly reify mark retired [ 'E:\\smartparkingcopy\\ParkingApp\\node_modules\\typescript' ]
673 silly reify mark retired [ 'E:\\smartparkingcopy\\ParkingApp\\node_modules\\ua-parser-js' ]
674 silly reify mark retired [ 'E:\\smartparkingcopy\\ParkingApp\\node_modules\\unbox-primitive' ]
675 silly reify mark retired [ 'E:\\smartparkingcopy\\ParkingApp\\node_modules\\undici' ]
676 silly reify mark retired [ 'E:\\smartparkingcopy\\ParkingApp\\node_modules\\undici-types' ]
677 silly reify mark retired [
677 silly reify   'E:\\smartparkingcopy\\ParkingApp\\node_modules\\unicode-canonical-property-names-ecmascript'
677 silly reify ]
678 silly reify mark retired [
678 silly reify   'E:\\smartparkingcopy\\ParkingApp\\node_modules\\unicode-match-property-ecmascript'
678 silly reify ]
679 silly reify mark retired [
679 silly reify   'E:\\smartparkingcopy\\ParkingApp\\node_modules\\unicode-match-property-value-ecmascript'
679 silly reify ]
680 silly reify mark retired [
680 silly reify   'E:\\smartparkingcopy\\ParkingApp\\node_modules\\unicode-property-aliases-ecmascript'
680 silly reify ]
681 silly reify mark retired [ 'E:\\smartparkingcopy\\ParkingApp\\node_modules\\unique-string' ]
682 silly reify mark retired [ 'E:\\smartparkingcopy\\ParkingApp\\node_modules\\universalify' ]
683 silly reify mark retired [ 'E:\\smartparkingcopy\\ParkingApp\\node_modules\\unpipe' ]
684 silly reify mark retired [ 'E:\\smartparkingcopy\\ParkingApp\\node_modules\\unrs-resolver' ]
685 silly reify mark retired [ 'E:\\smartparkingcopy\\ParkingApp\\node_modules\\untildify' ]
686 silly reify mark retired [
686 silly reify   'E:\\smartparkingcopy\\ParkingApp\\node_modules\\update-browserslist-db'
686 silly reify ]
687 silly reify mark retired [ 'E:\\smartparkingcopy\\ParkingApp\\node_modules\\uri-js' ]
688 silly reify mark retired [ 'E:\\smartparkingcopy\\ParkingApp\\node_modules\\use-callback-ref' ]
689 silly reify mark retired [
689 silly reify   'E:\\smartparkingcopy\\ParkingApp\\node_modules\\use-latest-callback'
689 silly reify ]
690 silly reify mark retired [ 'E:\\smartparkingcopy\\ParkingApp\\node_modules\\use-sidecar' ]
691 silly reify mark retired [
691 silly reify   'E:\\smartparkingcopy\\ParkingApp\\node_modules\\use-sync-external-store'
691 silly reify ]
692 silly reify mark retired [ 'E:\\smartparkingcopy\\ParkingApp\\node_modules\\utils-merge' ]
693 silly reify mark retired [ 'E:\\smartparkingcopy\\ParkingApp\\node_modules\\uuid' ]
694 silly reify mark retired [
694 silly reify   'E:\\smartparkingcopy\\ParkingApp\\node_modules\\v8-compile-cache-lib'
694 silly reify ]
695 silly reify mark retired [
695 silly reify   'E:\\smartparkingcopy\\ParkingApp\\node_modules\\validate-npm-package-name'
695 silly reify ]
696 silly reify mark retired [ 'E:\\smartparkingcopy\\ParkingApp\\node_modules\\vary' ]
697 silly reify mark retired [ 'E:\\smartparkingcopy\\ParkingApp\\node_modules\\vaul' ]
698 silly reify mark retired [ 'E:\\smartparkingcopy\\ParkingApp\\node_modules\\vlq' ]
699 silly reify mark retired [ 'E:\\smartparkingcopy\\ParkingApp\\node_modules\\walker' ]
700 silly reify mark retired [ 'E:\\smartparkingcopy\\ParkingApp\\node_modules\\warn-once' ]
701 silly reify mark retired [ 'E:\\smartparkingcopy\\ParkingApp\\node_modules\\wcwidth' ]
702 silly reify mark retired [
702 silly reify   'E:\\smartparkingcopy\\ParkingApp\\node_modules\\webidl-conversions'
702 silly reify ]
703 silly reify mark retired [ 'E:\\smartparkingcopy\\ParkingApp\\node_modules\\whatwg-fetch' ]
704 silly reify mark retired [ 'E:\\smartparkingcopy\\ParkingApp\\node_modules\\whatwg-url' ]
705 silly reify mark retired [
705 silly reify   'E:\\smartparkingcopy\\ParkingApp\\node_modules\\whatwg-url-without-unicode'
705 silly reify ]
706 silly reify mark retired [ 'E:\\smartparkingcopy\\ParkingApp\\node_modules\\which' ]
707 silly reify mark retired [
707 silly reify   'E:\\smartparkingcopy\\ParkingApp\\node_modules\\which-boxed-primitive'
707 silly reify ]
708 silly reify mark retired [
708 silly reify   'E:\\smartparkingcopy\\ParkingApp\\node_modules\\which-builtin-type'
708 silly reify ]
709 silly reify mark retired [ 'E:\\smartparkingcopy\\ParkingApp\\node_modules\\which-collection' ]
710 silly reify mark retired [ 'E:\\smartparkingcopy\\ParkingApp\\node_modules\\which-module' ]
711 silly reify mark retired [ 'E:\\smartparkingcopy\\ParkingApp\\node_modules\\which-typed-array' ]
712 silly reify mark retired [ 'E:\\smartparkingcopy\\ParkingApp\\node_modules\\widest-line' ]
713 silly reify mark retired [ 'E:\\smartparkingcopy\\ParkingApp\\node_modules\\wonka' ]
714 silly reify mark retired [ 'E:\\smartparkingcopy\\ParkingApp\\node_modules\\word-wrap' ]
715 silly reify mark retired [ 'E:\\smartparkingcopy\\ParkingApp\\node_modules\\wordwrap' ]
716 silly reify mark retired [ 'E:\\smartparkingcopy\\ParkingApp\\node_modules\\wrap-ansi' ]
717 silly reify mark retired [ 'E:\\smartparkingcopy\\ParkingApp\\node_modules\\wrap-ansi-cjs' ]
718 silly reify mark retired [ 'E:\\smartparkingcopy\\ParkingApp\\node_modules\\wrappy' ]
719 silly reify mark retired [ 'E:\\smartparkingcopy\\ParkingApp\\node_modules\\write-file-atomic' ]
720 silly reify mark retired [ 'E:\\smartparkingcopy\\ParkingApp\\node_modules\\ws' ]
721 silly reify mark retired [ 'E:\\smartparkingcopy\\ParkingApp\\node_modules\\xcode' ]
722 silly reify mark retired [ 'E:\\smartparkingcopy\\ParkingApp\\node_modules\\xml2js' ]
723 silly reify mark retired [ 'E:\\smartparkingcopy\\ParkingApp\\node_modules\\xmlbuilder' ]
724 silly reify mark retired [ 'E:\\smartparkingcopy\\ParkingApp\\node_modules\\y18n' ]
725 silly reify mark retired [ 'E:\\smartparkingcopy\\ParkingApp\\node_modules\\yallist' ]
726 silly reify mark retired [ 'E:\\smartparkingcopy\\ParkingApp\\node_modules\\yaml' ]
727 silly reify mark retired [ 'E:\\smartparkingcopy\\ParkingApp\\node_modules\\yargs' ]
728 silly reify mark retired [ 'E:\\smartparkingcopy\\ParkingApp\\node_modules\\yargs-parser' ]
729 silly reify mark retired [ 'E:\\smartparkingcopy\\ParkingApp\\node_modules\\yn' ]
730 silly reify mark retired [ 'E:\\smartparkingcopy\\ParkingApp\\node_modules\\yocto-queue' ]
731 silly reify mark retired [ 'E:\\smartparkingcopy\\ParkingApp\\node_modules\\zod' ]
732 silly reify mark retired [
732 silly reify   'E:\\smartparkingcopy\\ParkingApp\\node_modules\\@0no-co\\graphql.web'
732 silly reify ]
733 silly reify mark retired [
733 silly reify   'E:\\smartparkingcopy\\ParkingApp\\node_modules\\@babel\\code-frame'
733 silly reify ]
734 silly reify mark retired [
734 silly reify   'E:\\smartparkingcopy\\ParkingApp\\node_modules\\@babel\\compat-data'
734 silly reify ]
735 silly reify mark retired [ 'E:\\smartparkingcopy\\ParkingApp\\node_modules\\@babel\\core' ]
736 silly reify mark retired [ 'E:\\smartparkingcopy\\ParkingApp\\node_modules\\@babel\\generator' ]
737 silly reify mark retired [
737 silly reify   'E:\\smartparkingcopy\\ParkingApp\\node_modules\\@babel\\helper-compilation-targets'
737 silly reify ]
738 silly reify mark retired [
738 silly reify   'E:\\smartparkingcopy\\ParkingApp\\node_modules\\@babel\\helper-annotate-as-pure'
738 silly reify ]
739 silly reify mark retired [
739 silly reify   'E:\\smartparkingcopy\\ParkingApp\\node_modules\\@babel\\helper-create-class-features-plugin'
739 silly reify ]
740 silly reify mark retired [
740 silly reify   'E:\\smartparkingcopy\\ParkingApp\\node_modules\\@babel\\helper-create-regexp-features-plugin'
740 silly reify ]
741 silly reify mark retired [
741 silly reify   'E:\\smartparkingcopy\\ParkingApp\\node_modules\\@babel\\helper-define-polyfill-provider'
741 silly reify ]
742 silly reify mark retired [
742 silly reify   'E:\\smartparkingcopy\\ParkingApp\\node_modules\\@babel\\helper-globals'
742 silly reify ]
743 silly reify mark retired [
743 silly reify   'E:\\smartparkingcopy\\ParkingApp\\node_modules\\@babel\\helper-member-expression-to-functions'
743 silly reify ]
744 silly reify mark retired [
744 silly reify   'E:\\smartparkingcopy\\ParkingApp\\node_modules\\@babel\\helper-module-imports'
744 silly reify ]
745 silly reify mark retired [
745 silly reify   'E:\\smartparkingcopy\\ParkingApp\\node_modules\\@babel\\helper-module-transforms'
745 silly reify ]
746 silly reify mark retired [
746 silly reify   'E:\\smartparkingcopy\\ParkingApp\\node_modules\\@babel\\helper-optimise-call-expression'
746 silly reify ]
747 silly reify mark retired [
747 silly reify   'E:\\smartparkingcopy\\ParkingApp\\node_modules\\@babel\\helper-plugin-utils'
747 silly reify ]
748 silly reify mark retired [
748 silly reify   'E:\\smartparkingcopy\\ParkingApp\\node_modules\\@babel\\helper-remap-async-to-generator'
748 silly reify ]
749 silly reify mark retired [
749 silly reify   'E:\\smartparkingcopy\\ParkingApp\\node_modules\\@babel\\helper-replace-supers'
749 silly reify ]
750 silly reify mark retired [
750 silly reify   'E:\\smartparkingcopy\\ParkingApp\\node_modules\\@babel\\helper-skip-transparent-expression-wrappers'
750 silly reify ]
751 silly reify mark retired [
751 silly reify   'E:\\smartparkingcopy\\ParkingApp\\node_modules\\@babel\\helper-string-parser'
751 silly reify ]
752 silly reify mark retired [
752 silly reify   'E:\\smartparkingcopy\\ParkingApp\\node_modules\\@babel\\helper-validator-identifier'
752 silly reify ]
753 silly reify mark retired [
753 silly reify   'E:\\smartparkingcopy\\ParkingApp\\node_modules\\@babel\\helper-validator-option'
753 silly reify ]
754 silly reify mark retired [
754 silly reify   'E:\\smartparkingcopy\\ParkingApp\\node_modules\\@babel\\helper-wrap-function'
754 silly reify ]
755 silly reify mark retired [ 'E:\\smartparkingcopy\\ParkingApp\\node_modules\\@babel\\helpers' ]
756 silly reify mark retired [ 'E:\\smartparkingcopy\\ParkingApp\\node_modules\\@babel\\highlight' ]
757 silly reify mark retired [ 'E:\\smartparkingcopy\\ParkingApp\\node_modules\\@babel\\parser' ]
758 silly reify mark retired [
758 silly reify   'E:\\smartparkingcopy\\ParkingApp\\node_modules\\@babel\\plugin-proposal-decorators'
758 silly reify ]
759 silly reify mark retired [
759 silly reify   'E:\\smartparkingcopy\\ParkingApp\\node_modules\\@babel\\plugin-proposal-export-default-from'
759 silly reify ]
760 silly reify mark retired [
760 silly reify   'E:\\smartparkingcopy\\ParkingApp\\node_modules\\@babel\\plugin-syntax-async-generators'
760 silly reify ]
761 silly reify mark retired [
761 silly reify   'E:\\smartparkingcopy\\ParkingApp\\node_modules\\@babel\\plugin-syntax-bigint'
761 silly reify ]
762 silly reify mark retired [
762 silly reify   'E:\\smartparkingcopy\\ParkingApp\\node_modules\\@babel\\plugin-syntax-class-properties'
762 silly reify ]
763 silly reify mark retired [
763 silly reify   'E:\\smartparkingcopy\\ParkingApp\\node_modules\\@babel\\plugin-syntax-class-static-block'
763 silly reify ]
764 silly reify mark retired [
764 silly reify   'E:\\smartparkingcopy\\ParkingApp\\node_modules\\@babel\\plugin-syntax-decorators'
764 silly reify ]
765 silly reify mark retired [
765 silly reify   'E:\\smartparkingcopy\\ParkingApp\\node_modules\\@babel\\plugin-syntax-dynamic-import'
765 silly reify ]
766 silly reify mark retired [
766 silly reify   'E:\\smartparkingcopy\\ParkingApp\\node_modules\\@babel\\plugin-syntax-export-default-from'
766 silly reify ]
767 silly reify mark retired [
767 silly reify   'E:\\smartparkingcopy\\ParkingApp\\node_modules\\@babel\\plugin-syntax-flow'
767 silly reify ]
768 silly reify mark retired [
768 silly reify   'E:\\smartparkingcopy\\ParkingApp\\node_modules\\@babel\\plugin-syntax-import-attributes'
768 silly reify ]
769 silly reify mark retired [
769 silly reify   'E:\\smartparkingcopy\\ParkingApp\\node_modules\\@babel\\plugin-syntax-import-meta'
769 silly reify ]
770 silly reify mark retired [
770 silly reify   'E:\\smartparkingcopy\\ParkingApp\\node_modules\\@babel\\plugin-syntax-json-strings'
770 silly reify ]
771 silly reify mark retired [
771 silly reify   'E:\\smartparkingcopy\\ParkingApp\\node_modules\\@babel\\plugin-syntax-jsx'
771 silly reify ]
772 silly reify mark retired [
772 silly reify   'E:\\smartparkingcopy\\ParkingApp\\node_modules\\@babel\\plugin-syntax-logical-assignment-operators'
772 silly reify ]
773 silly reify mark retired [
773 silly reify   'E:\\smartparkingcopy\\ParkingApp\\node_modules\\@babel\\plugin-syntax-nullish-coalescing-operator'
773 silly reify ]
774 silly reify mark retired [
774 silly reify   'E:\\smartparkingcopy\\ParkingApp\\node_modules\\@babel\\plugin-syntax-numeric-separator'
774 silly reify ]
775 silly reify mark retired [
775 silly reify   'E:\\smartparkingcopy\\ParkingApp\\node_modules\\@babel\\plugin-syntax-object-rest-spread'
775 silly reify ]
776 silly reify mark retired [
776 silly reify   'E:\\smartparkingcopy\\ParkingApp\\node_modules\\@babel\\plugin-syntax-optional-catch-binding'
776 silly reify ]
777 silly reify mark retired [
777 silly reify   'E:\\smartparkingcopy\\ParkingApp\\node_modules\\@babel\\plugin-syntax-optional-chaining'
777 silly reify ]
778 silly reify mark retired [
778 silly reify   'E:\\smartparkingcopy\\ParkingApp\\node_modules\\@babel\\plugin-syntax-private-property-in-object'
778 silly reify ]
779 silly reify mark retired [
779 silly reify   'E:\\smartparkingcopy\\ParkingApp\\node_modules\\@babel\\plugin-syntax-top-level-await'
779 silly reify ]
780 silly reify mark retired [
780 silly reify   'E:\\smartparkingcopy\\ParkingApp\\node_modules\\@babel\\plugin-syntax-typescript'
780 silly reify ]
781 silly reify mark retired [
781 silly reify   'E:\\smartparkingcopy\\ParkingApp\\node_modules\\@babel\\plugin-transform-arrow-functions'
781 silly reify ]
782 silly reify mark retired [
782 silly reify   'E:\\smartparkingcopy\\ParkingApp\\node_modules\\@babel\\plugin-transform-async-generator-functions'
782 silly reify ]
783 silly reify mark retired [
783 silly reify   'E:\\smartparkingcopy\\ParkingApp\\node_modules\\@babel\\plugin-transform-async-to-generator'
783 silly reify ]
784 silly reify mark retired [
784 silly reify   'E:\\smartparkingcopy\\ParkingApp\\node_modules\\@babel\\plugin-transform-block-scoping'
784 silly reify ]
785 silly reify mark retired [
785 silly reify   'E:\\smartparkingcopy\\ParkingApp\\node_modules\\@babel\\plugin-transform-class-properties'
785 silly reify ]
786 silly reify mark retired [
786 silly reify   'E:\\smartparkingcopy\\ParkingApp\\node_modules\\@babel\\plugin-transform-class-static-block'
786 silly reify ]
787 silly reify mark retired [
787 silly reify   'E:\\smartparkingcopy\\ParkingApp\\node_modules\\@babel\\plugin-transform-classes'
787 silly reify ]
788 silly reify mark retired [
788 silly reify   'E:\\smartparkingcopy\\ParkingApp\\node_modules\\@babel\\plugin-transform-computed-properties'
788 silly reify ]
789 silly reify mark retired [
789 silly reify   'E:\\smartparkingcopy\\ParkingApp\\node_modules\\@babel\\plugin-transform-destructuring'
789 silly reify ]
790 silly reify mark retired [
790 silly reify   'E:\\smartparkingcopy\\ParkingApp\\node_modules\\@babel\\plugin-transform-export-namespace-from'
790 silly reify ]
791 silly reify mark retired [
791 silly reify   'E:\\smartparkingcopy\\ParkingApp\\node_modules\\@babel\\plugin-transform-flow-strip-types'
791 silly reify ]
792 silly reify mark retired [
792 silly reify   'E:\\smartparkingcopy\\ParkingApp\\node_modules\\@babel\\plugin-transform-for-of'
792 silly reify ]
793 silly reify mark retired [
793 silly reify   'E:\\smartparkingcopy\\ParkingApp\\node_modules\\@babel\\plugin-transform-function-name'
793 silly reify ]
794 silly reify mark retired [
794 silly reify   'E:\\smartparkingcopy\\ParkingApp\\node_modules\\@babel\\plugin-transform-literals'
794 silly reify ]
795 silly reify mark retired [
795 silly reify   'E:\\smartparkingcopy\\ParkingApp\\node_modules\\@babel\\plugin-transform-logical-assignment-operators'
795 silly reify ]
796 silly reify mark retired [
796 silly reify   'E:\\smartparkingcopy\\ParkingApp\\node_modules\\@babel\\plugin-transform-modules-commonjs'
796 silly reify ]
797 silly reify mark retired [
797 silly reify   'E:\\smartparkingcopy\\ParkingApp\\node_modules\\@babel\\plugin-transform-named-capturing-groups-regex'
797 silly reify ]
798 silly reify mark retired [
798 silly reify   'E:\\smartparkingcopy\\ParkingApp\\node_modules\\@babel\\plugin-transform-nullish-coalescing-operator'
798 silly reify ]
799 silly reify mark retired [
799 silly reify   'E:\\smartparkingcopy\\ParkingApp\\node_modules\\@babel\\plugin-transform-numeric-separator'
799 silly reify ]
800 silly reify mark retired [
800 silly reify   'E:\\smartparkingcopy\\ParkingApp\\node_modules\\@babel\\plugin-transform-object-rest-spread'
800 silly reify ]
801 silly reify mark retired [
801 silly reify   'E:\\smartparkingcopy\\ParkingApp\\node_modules\\@babel\\plugin-transform-optional-catch-binding'
801 silly reify ]
802 silly reify mark retired [
802 silly reify   'E:\\smartparkingcopy\\ParkingApp\\node_modules\\@babel\\plugin-transform-optional-chaining'
802 silly reify ]
803 silly reify mark retired [
803 silly reify   'E:\\smartparkingcopy\\ParkingApp\\node_modules\\@babel\\plugin-transform-parameters'
803 silly reify ]
804 silly reify mark retired [
804 silly reify   'E:\\smartparkingcopy\\ParkingApp\\node_modules\\@babel\\plugin-transform-private-methods'
804 silly reify ]
805 silly reify mark retired [
805 silly reify   'E:\\smartparkingcopy\\ParkingApp\\node_modules\\@babel\\plugin-transform-private-property-in-object'
805 silly reify ]
806 silly reify mark retired [
806 silly reify   'E:\\smartparkingcopy\\ParkingApp\\node_modules\\@babel\\plugin-transform-react-display-name'
806 silly reify ]
807 silly reify mark retired [
807 silly reify   'E:\\smartparkingcopy\\ParkingApp\\node_modules\\@babel\\plugin-transform-react-jsx'
807 silly reify ]
808 silly reify mark retired [
808 silly reify   'E:\\smartparkingcopy\\ParkingApp\\node_modules\\@babel\\plugin-transform-react-jsx-development'
808 silly reify ]
809 silly reify mark retired [
809 silly reify   'E:\\smartparkingcopy\\ParkingApp\\node_modules\\@babel\\plugin-transform-react-jsx-self'
809 silly reify ]
810 silly reify mark retired [
810 silly reify   'E:\\smartparkingcopy\\ParkingApp\\node_modules\\@babel\\plugin-transform-react-jsx-source'
810 silly reify ]
811 silly reify mark retired [
811 silly reify   'E:\\smartparkingcopy\\ParkingApp\\node_modules\\@babel\\plugin-transform-react-pure-annotations'
811 silly reify ]
812 silly reify mark retired [
812 silly reify   'E:\\smartparkingcopy\\ParkingApp\\node_modules\\@babel\\plugin-transform-regenerator'
812 silly reify ]
813 silly reify mark retired [
813 silly reify   'E:\\smartparkingcopy\\ParkingApp\\node_modules\\@babel\\plugin-transform-runtime'
813 silly reify ]
814 silly reify mark retired [
814 silly reify   'E:\\smartparkingcopy\\ParkingApp\\node_modules\\@babel\\plugin-transform-shorthand-properties'
814 silly reify ]
815 silly reify mark retired [
815 silly reify   'E:\\smartparkingcopy\\ParkingApp\\node_modules\\@babel\\plugin-transform-spread'
815 silly reify ]
816 silly reify mark retired [
816 silly reify   'E:\\smartparkingcopy\\ParkingApp\\node_modules\\@babel\\plugin-transform-sticky-regex'
816 silly reify ]
817 silly reify mark retired [
817 silly reify   'E:\\smartparkingcopy\\ParkingApp\\node_modules\\@babel\\plugin-transform-template-literals'
817 silly reify ]
818 silly reify mark retired [
818 silly reify   'E:\\smartparkingcopy\\ParkingApp\\node_modules\\@babel\\plugin-transform-typescript'
818 silly reify ]
819 silly reify mark retired [
819 silly reify   'E:\\smartparkingcopy\\ParkingApp\\node_modules\\@babel\\plugin-transform-unicode-regex'
819 silly reify ]
820 silly reify mark retired [
820 silly reify   'E:\\smartparkingcopy\\ParkingApp\\node_modules\\@babel\\preset-react'
820 silly reify ]
821 silly reify mark retired [
821 silly reify   'E:\\smartparkingcopy\\ParkingApp\\node_modules\\@babel\\preset-typescript'
821 silly reify ]
822 silly reify mark retired [ 'E:\\smartparkingcopy\\ParkingApp\\node_modules\\@babel\\runtime' ]
823 silly reify mark retired [ 'E:\\smartparkingcopy\\ParkingApp\\node_modules\\@babel\\template' ]
824 silly reify mark retired [ 'E:\\smartparkingcopy\\ParkingApp\\node_modules\\@babel\\traverse' ]
825 silly reify mark retired [
825 silly reify   'E:\\smartparkingcopy\\ParkingApp\\node_modules\\@babel\\traverse--for-generate-function-map'
825 silly reify ]
826 silly reify mark retired [ 'E:\\smartparkingcopy\\ParkingApp\\node_modules\\@babel\\types' ]
827 silly reify mark retired [
827 silly reify   'E:\\smartparkingcopy\\ParkingApp\\node_modules\\@cspotcode\\source-map-support'
827 silly reify ]
828 silly reify mark retired [ 'E:\\smartparkingcopy\\ParkingApp\\node_modules\\@egjs\\hammerjs' ]
829 silly reify mark retired [ 'E:\\smartparkingcopy\\ParkingApp\\node_modules\\@emnapi\\core' ]
830 silly reify mark retired [ 'E:\\smartparkingcopy\\ParkingApp\\node_modules\\@emnapi\\runtime' ]
831 silly reify mark retired [
831 silly reify   'E:\\smartparkingcopy\\ParkingApp\\node_modules\\@emnapi\\wasi-threads'
831 silly reify ]
832 silly reify mark retired [
832 silly reify   'E:\\smartparkingcopy\\ParkingApp\\node_modules\\@eslint\\config-array'
832 silly reify ]
833 silly reify mark retired [
833 silly reify   'E:\\smartparkingcopy\\ParkingApp\\node_modules\\@eslint\\config-helpers'
833 silly reify ]
834 silly reify mark retired [ 'E:\\smartparkingcopy\\ParkingApp\\node_modules\\@eslint\\core' ]
835 silly reify mark retired [ 'E:\\smartparkingcopy\\ParkingApp\\node_modules\\@eslint\\eslintrc' ]
836 silly reify mark retired [ 'E:\\smartparkingcopy\\ParkingApp\\node_modules\\@eslint\\js' ]
837 silly reify mark retired [
837 silly reify   'E:\\smartparkingcopy\\ParkingApp\\node_modules\\@eslint\\object-schema'
837 silly reify ]
838 silly reify mark retired [
838 silly reify   'E:\\smartparkingcopy\\ParkingApp\\node_modules\\@eslint\\plugin-kit'
838 silly reify ]
839 silly reify mark retired [
839 silly reify   'E:\\smartparkingcopy\\ParkingApp\\node_modules\\@eslint-community\\regexpp'
839 silly reify ]
840 silly reify mark retired [
840 silly reify   'E:\\smartparkingcopy\\ParkingApp\\node_modules\\@eslint-community\\eslint-utils'
840 silly reify ]
841 silly reify mark retired [
841 silly reify   'E:\\smartparkingcopy\\ParkingApp\\node_modules\\@expo\\apple-utils'
841 silly reify ]
842 silly reify mark retired [ 'E:\\smartparkingcopy\\ParkingApp\\node_modules\\@expo\\bunyan' ]
843 silly reify mark retired [
843 silly reify   'E:\\smartparkingcopy\\ParkingApp\\node_modules\\@expo\\code-signing-certificates'
843 silly reify ]
844 silly reify mark retired [ 'E:\\smartparkingcopy\\ParkingApp\\node_modules\\@expo\\config' ]
845 silly reify mark retired [
845 silly reify   'E:\\smartparkingcopy\\ParkingApp\\node_modules\\@expo\\config-plugins'
845 silly reify ]
846 silly reify mark retired [
846 silly reify   'E:\\smartparkingcopy\\ParkingApp\\node_modules\\@expo\\config-types'
846 silly reify ]
847 silly reify mark retired [ 'E:\\smartparkingcopy\\ParkingApp\\node_modules\\@expo\\devcert' ]
848 silly reify mark retired [ 'E:\\smartparkingcopy\\ParkingApp\\node_modules\\@expo\\devtools' ]
849 silly reify mark retired [
849 silly reify   'E:\\smartparkingcopy\\ParkingApp\\node_modules\\@expo\\eas-build-job'
849 silly reify ]
850 silly reify mark retired [ 'E:\\smartparkingcopy\\ParkingApp\\node_modules\\@expo\\eas-json' ]
851 silly reify mark retired [ 'E:\\smartparkingcopy\\ParkingApp\\node_modules\\@expo\\env' ]
852 silly reify mark retired [
852 silly reify   'E:\\smartparkingcopy\\ParkingApp\\node_modules\\@expo\\fingerprint'
852 silly reify ]
853 silly reify mark retired [
853 silly reify   'E:\\smartparkingcopy\\ParkingApp\\node_modules\\@expo\\image-utils'
853 silly reify ]
854 silly reify mark retired [ 'E:\\smartparkingcopy\\ParkingApp\\node_modules\\@expo\\json-file' ]
855 silly reify mark retired [ 'E:\\smartparkingcopy\\ParkingApp\\node_modules\\@expo\\logger' ]
856 silly reify mark retired [ 'E:\\smartparkingcopy\\ParkingApp\\node_modules\\@expo\\metro' ]
857 silly reify mark retired [
857 silly reify   'E:\\smartparkingcopy\\ParkingApp\\node_modules\\@expo\\metro-config'
857 silly reify ]
858 silly reify mark retired [
858 silly reify   'E:\\smartparkingcopy\\ParkingApp\\node_modules\\@expo\\metro-runtime'
858 silly reify ]
859 silly reify mark retired [
859 silly reify   'E:\\smartparkingcopy\\ParkingApp\\node_modules\\@expo\\multipart-body-parser'
859 silly reify ]
860 silly reify mark retired [ 'E:\\smartparkingcopy\\ParkingApp\\node_modules\\@expo\\osascript' ]
861 silly reify mark retired [
861 silly reify   'E:\\smartparkingcopy\\ParkingApp\\node_modules\\@expo\\package-manager'
861 silly reify ]
862 silly reify mark retired [ 'E:\\smartparkingcopy\\ParkingApp\\node_modules\\@expo\\pkcs12' ]
863 silly reify mark retired [ 'E:\\smartparkingcopy\\ParkingApp\\node_modules\\@expo\\plist' ]
864 silly reify mark retired [
864 silly reify   'E:\\smartparkingcopy\\ParkingApp\\node_modules\\@expo\\plugin-help'
864 silly reify ]
865 silly reify mark retired [
865 silly reify   'E:\\smartparkingcopy\\ParkingApp\\node_modules\\@expo\\plugin-warn-if-update-available'
865 silly reify ]
866 silly reify mark retired [
866 silly reify   'E:\\smartparkingcopy\\ParkingApp\\node_modules\\@expo\\prebuild-config'
866 silly reify ]
867 silly reify mark retired [
867 silly reify   'E:\\smartparkingcopy\\ParkingApp\\node_modules\\@expo\\require-utils'
867 silly reify ]
868 silly reify mark retired [ 'E:\\smartparkingcopy\\ParkingApp\\node_modules\\@expo\\results' ]
869 silly reify mark retired [
869 silly reify   'E:\\smartparkingcopy\\ParkingApp\\node_modules\\@expo\\rudder-sdk-node'
869 silly reify ]
870 silly reify mark retired [
870 silly reify   'E:\\smartparkingcopy\\ParkingApp\\node_modules\\@expo\\schema-utils'
870 silly reify ]
871 silly reify mark retired [
871 silly reify   'E:\\smartparkingcopy\\ParkingApp\\node_modules\\@expo\\sdk-runtime-versions'
871 silly reify ]
872 silly reify mark retired [
872 silly reify   'E:\\smartparkingcopy\\ParkingApp\\node_modules\\@expo\\spawn-async'
872 silly reify ]
873 silly reify mark retired [ 'E:\\smartparkingcopy\\ParkingApp\\node_modules\\@expo\\steps' ]
874 silly reify mark retired [
874 silly reify   'E:\\smartparkingcopy\\ParkingApp\\node_modules\\@expo\\sudo-prompt'
874 silly reify ]
875 silly reify mark retired [ 'E:\\smartparkingcopy\\ParkingApp\\node_modules\\@expo\\timeago.js' ]
876 silly reify mark retired [
876 silly reify   'E:\\smartparkingcopy\\ParkingApp\\node_modules\\@expo\\vector-icons'
876 silly reify ]
877 silly reify mark retired [ 'E:\\smartparkingcopy\\ParkingApp\\node_modules\\@expo\\ws-tunnel' ]
878 silly reify mark retired [ 'E:\\smartparkingcopy\\ParkingApp\\node_modules\\@expo\\xcpretty' ]
879 silly reify mark retired [ 'E:\\smartparkingcopy\\ParkingApp\\node_modules\\@hapi\\hoek' ]
880 silly reify mark retired [ 'E:\\smartparkingcopy\\ParkingApp\\node_modules\\@hapi\\topo' ]
881 silly reify mark retired [ 'E:\\smartparkingcopy\\ParkingApp\\node_modules\\@humanfs\\core' ]
882 silly reify mark retired [ 'E:\\smartparkingcopy\\ParkingApp\\node_modules\\@humanfs\\node' ]
883 silly reify mark retired [
883 silly reify   'E:\\smartparkingcopy\\ParkingApp\\node_modules\\@humanwhocodes\\module-importer'
883 silly reify ]
884 silly reify mark retired [
884 silly reify   'E:\\smartparkingcopy\\ParkingApp\\node_modules\\@humanwhocodes\\retry'
884 silly reify ]
885 silly reify mark retired [ 'E:\\smartparkingcopy\\ParkingApp\\node_modules\\@isaacs\\cliui' ]
886 silly reify mark retired [
886 silly reify   'E:\\smartparkingcopy\\ParkingApp\\node_modules\\@isaacs\\fs-minipass'
886 silly reify ]
887 silly reify mark retired [ 'E:\\smartparkingcopy\\ParkingApp\\node_modules\\@isaacs\\ttlcache' ]
888 silly reify mark retired [
888 silly reify   'E:\\smartparkingcopy\\ParkingApp\\node_modules\\@istanbuljs\\load-nyc-config'
888 silly reify ]
889 silly reify mark retired [
889 silly reify   'E:\\smartparkingcopy\\ParkingApp\\node_modules\\@istanbuljs\\schema'
889 silly reify ]
890 silly reify mark retired [
890 silly reify   'E:\\smartparkingcopy\\ParkingApp\\node_modules\\@jest\\create-cache-key-function'
890 silly reify ]
891 silly reify mark retired [
891 silly reify   'E:\\smartparkingcopy\\ParkingApp\\node_modules\\@jest\\environment'
891 silly reify ]
892 silly reify mark retired [
892 silly reify   'E:\\smartparkingcopy\\ParkingApp\\node_modules\\@jest\\fake-timers'
892 silly reify ]
893 silly reify mark retired [ 'E:\\smartparkingcopy\\ParkingApp\\node_modules\\@jest\\schemas' ]
894 silly reify mark retired [ 'E:\\smartparkingcopy\\ParkingApp\\node_modules\\@jest\\transform' ]
895 silly reify mark retired [ 'E:\\smartparkingcopy\\ParkingApp\\node_modules\\@jest\\types' ]
896 silly reify mark retired [
896 silly reify   'E:\\smartparkingcopy\\ParkingApp\\node_modules\\@jridgewell\\gen-mapping'
896 silly reify ]
897 silly reify mark retired [
897 silly reify   'E:\\smartparkingcopy\\ParkingApp\\node_modules\\@jridgewell\\remapping'
897 silly reify ]
898 silly reify mark retired [
898 silly reify   'E:\\smartparkingcopy\\ParkingApp\\node_modules\\@jridgewell\\resolve-uri'
898 silly reify ]
899 silly reify mark retired [
899 silly reify   'E:\\smartparkingcopy\\ParkingApp\\node_modules\\@jridgewell\\source-map'
899 silly reify ]
900 silly reify mark retired [
900 silly reify   'E:\\smartparkingcopy\\ParkingApp\\node_modules\\@jridgewell\\sourcemap-codec'
900 silly reify ]
901 silly reify mark retired [
901 silly reify   'E:\\smartparkingcopy\\ParkingApp\\node_modules\\@jridgewell\\trace-mapping'
901 silly reify ]
902 silly reify mark retired [
902 silly reify   'E:\\smartparkingcopy\\ParkingApp\\node_modules\\@napi-rs\\wasm-runtime'
902 silly reify ]
903 silly reify mark retired [
903 silly reify   'E:\\smartparkingcopy\\ParkingApp\\node_modules\\@nodelib\\fs.scandir'
903 silly reify ]
904 silly reify mark retired [ 'E:\\smartparkingcopy\\ParkingApp\\node_modules\\@nodelib\\fs.stat' ]
905 silly reify mark retired [ 'E:\\smartparkingcopy\\ParkingApp\\node_modules\\@nodelib\\fs.walk' ]
906 silly reify mark retired [
906 silly reify   'E:\\smartparkingcopy\\ParkingApp\\node_modules\\@nolyfill\\is-core-module'
906 silly reify ]
907 silly reify mark retired [ 'E:\\smartparkingcopy\\ParkingApp\\node_modules\\@oclif\\core' ]
908 silly reify mark retired [
908 silly reify   'E:\\smartparkingcopy\\ParkingApp\\node_modules\\@oclif\\plugin-autocomplete'
908 silly reify ]
909 silly reify mark retired [ 'E:\\smartparkingcopy\\ParkingApp\\node_modules\\@pkgjs\\parseargs' ]
910 silly reify mark retired [
910 silly reify   'E:\\smartparkingcopy\\ParkingApp\\node_modules\\@radix-ui\\primitive'
910 silly reify ]
911 silly reify mark retired [
911 silly reify   'E:\\smartparkingcopy\\ParkingApp\\node_modules\\@radix-ui\\react-compose-refs'
911 silly reify ]
912 silly reify mark retired [
912 silly reify   'E:\\smartparkingcopy\\ParkingApp\\node_modules\\@radix-ui\\react-context'
912 silly reify ]
913 silly reify mark retired [
913 silly reify   'E:\\smartparkingcopy\\ParkingApp\\node_modules\\@radix-ui\\react-direction'
913 silly reify ]
914 silly reify mark retired [
914 silly reify   'E:\\smartparkingcopy\\ParkingApp\\node_modules\\@radix-ui\\react-focus-guards'
914 silly reify ]
915 silly reify mark retired [
915 silly reify   'E:\\smartparkingcopy\\ParkingApp\\node_modules\\@radix-ui\\react-id'
915 silly reify ]
916 silly reify mark retired [
916 silly reify   'E:\\smartparkingcopy\\ParkingApp\\node_modules\\@radix-ui\\react-use-callback-ref'
916 silly reify ]
917 silly reify mark retired [
917 silly reify   'E:\\smartparkingcopy\\ParkingApp\\node_modules\\@radix-ui\\react-use-controllable-state'
917 silly reify ]
918 silly reify mark retired [
918 silly reify   'E:\\smartparkingcopy\\ParkingApp\\node_modules\\@radix-ui\\react-slot'
918 silly reify ]
919 silly reify mark retired [
919 silly reify   'E:\\smartparkingcopy\\ParkingApp\\node_modules\\@radix-ui\\react-use-effect-event'
919 silly reify ]
920 silly reify mark retired [
920 silly reify   'E:\\smartparkingcopy\\ParkingApp\\node_modules\\@radix-ui\\react-use-escape-keydown'
920 silly reify ]
921 silly reify mark retired [
921 silly reify   'E:\\smartparkingcopy\\ParkingApp\\node_modules\\@radix-ui\\react-use-layout-effect'
921 silly reify ]
922 silly reify mark retired [
922 silly reify   'E:\\smartparkingcopy\\ParkingApp\\node_modules\\@react-native\\assets-registry'
922 silly reify ]
923 silly reify mark retired [
923 silly reify   'E:\\smartparkingcopy\\ParkingApp\\node_modules\\@react-native\\babel-plugin-codegen'
923 silly reify ]
924 silly reify mark retired [
924 silly reify   'E:\\smartparkingcopy\\ParkingApp\\node_modules\\@react-native\\babel-preset'
924 silly reify ]
925 silly reify mark retired [
925 silly reify   'E:\\smartparkingcopy\\ParkingApp\\node_modules\\@react-native\\codegen'
925 silly reify ]
926 silly reify mark retired [
926 silly reify   'E:\\smartparkingcopy\\ParkingApp\\node_modules\\@react-native\\community-cli-plugin'
926 silly reify ]
927 silly reify mark retired [
927 silly reify   'E:\\smartparkingcopy\\ParkingApp\\node_modules\\@react-native\\debugger-frontend'
927 silly reify ]
928 silly reify mark retired [
928 silly reify   'E:\\smartparkingcopy\\ParkingApp\\node_modules\\@react-native\\dev-middleware'
928 silly reify ]
929 silly reify mark retired [
929 silly reify   'E:\\smartparkingcopy\\ParkingApp\\node_modules\\@react-native\\js-polyfills'
929 silly reify ]
930 silly reify mark retired [
930 silly reify   'E:\\smartparkingcopy\\ParkingApp\\node_modules\\@react-native\\normalize-colors'
930 silly reify ]
931 silly reify mark retired [
931 silly reify   'E:\\smartparkingcopy\\ParkingApp\\node_modules\\@react-native-async-storage\\async-storage'
931 silly reify ]
932 silly reify mark retired [
932 silly reify   'E:\\smartparkingcopy\\ParkingApp\\node_modules\\@react-native-community\\datetimepicker'
932 silly reify ]
933 silly reify mark retired [
933 silly reify   'E:\\smartparkingcopy\\ParkingApp\\node_modules\\@react-native-google-signin\\google-signin'
933 silly reify ]
934 silly reify mark retired [
934 silly reify   'E:\\smartparkingcopy\\ParkingApp\\node_modules\\@react-navigation\\bottom-tabs'
934 silly reify ]
935 silly reify mark retired [
935 silly reify   'E:\\smartparkingcopy\\ParkingApp\\node_modules\\@react-navigation\\core'
935 silly reify ]
936 silly reify mark retired [
936 silly reify   'E:\\smartparkingcopy\\ParkingApp\\node_modules\\@react-navigation\\elements'
936 silly reify ]
937 silly reify mark retired [
937 silly reify   'E:\\smartparkingcopy\\ParkingApp\\node_modules\\@react-navigation\\native'
937 silly reify ]
938 silly reify mark retired [
938 silly reify   'E:\\smartparkingcopy\\ParkingApp\\node_modules\\@react-navigation\\native-stack'
938 silly reify ]
939 silly reify mark retired [
939 silly reify   'E:\\smartparkingcopy\\ParkingApp\\node_modules\\@react-navigation\\routers'
939 silly reify ]
940 silly reify mark retired [ 'E:\\smartparkingcopy\\ParkingApp\\node_modules\\@rtsao\\scc' ]
941 silly reify mark retired [
941 silly reify   'E:\\smartparkingcopy\\ParkingApp\\node_modules\\@segment\\loosely-validate-event'
941 silly reify ]
942 silly reify mark retired [ 'E:\\smartparkingcopy\\ParkingApp\\node_modules\\@sentry\\core' ]
943 silly reify mark retired [ 'E:\\smartparkingcopy\\ParkingApp\\node_modules\\@sentry\\node' ]
944 silly reify mark retired [ 'E:\\smartparkingcopy\\ParkingApp\\node_modules\\@sentry\\types' ]
945 silly reify mark retired [ 'E:\\smartparkingcopy\\ParkingApp\\node_modules\\@sentry\\utils' ]
946 silly reify mark retired [
946 silly reify   'E:\\smartparkingcopy\\ParkingApp\\node_modules\\@sentry-internal\\tracing'
946 silly reify ]
947 silly reify mark retired [ 'E:\\smartparkingcopy\\ParkingApp\\node_modules\\@sideway\\address' ]
948 silly reify mark retired [ 'E:\\smartparkingcopy\\ParkingApp\\node_modules\\@sideway\\formula' ]
949 silly reify mark retired [
949 silly reify   'E:\\smartparkingcopy\\ParkingApp\\node_modules\\@sideway\\pinpoint'
949 silly reify ]
950 silly reify mark retired [
950 silly reify   'E:\\smartparkingcopy\\ParkingApp\\node_modules\\@sinclair\\typebox'
950 silly reify ]
951 silly reify mark retired [ 'E:\\smartparkingcopy\\ParkingApp\\node_modules\\@sinonjs\\commons' ]
952 silly reify mark retired [
952 silly reify   'E:\\smartparkingcopy\\ParkingApp\\node_modules\\@sinonjs\\fake-timers'
952 silly reify ]
953 silly reify mark retired [ 'E:\\smartparkingcopy\\ParkingApp\\node_modules\\@tsconfig\\node10' ]
954 silly reify mark retired [ 'E:\\smartparkingcopy\\ParkingApp\\node_modules\\@tsconfig\\node12' ]
955 silly reify mark retired [ 'E:\\smartparkingcopy\\ParkingApp\\node_modules\\@tsconfig\\node14' ]
956 silly reify mark retired [ 'E:\\smartparkingcopy\\ParkingApp\\node_modules\\@tsconfig\\node16' ]
957 silly reify mark retired [ 'E:\\smartparkingcopy\\ParkingApp\\node_modules\\@tybys\\wasm-util' ]
958 silly reify mark retired [
958 silly reify   'E:\\smartparkingcopy\\ParkingApp\\node_modules\\@types\\babel__core'
958 silly reify ]
959 silly reify mark retired [
959 silly reify   'E:\\smartparkingcopy\\ParkingApp\\node_modules\\@types\\babel__generator'
959 silly reify ]
960 silly reify mark retired [
960 silly reify   'E:\\smartparkingcopy\\ParkingApp\\node_modules\\@types\\babel__template'
960 silly reify ]
961 silly reify mark retired [
961 silly reify   'E:\\smartparkingcopy\\ParkingApp\\node_modules\\@types\\babel__traverse'
961 silly reify ]
962 silly reify mark retired [ 'E:\\smartparkingcopy\\ParkingApp\\node_modules\\@types\\bunyan' ]
963 silly reify mark retired [
963 silly reify   'E:\\smartparkingcopy\\ParkingApp\\node_modules\\@types\\cli-progress'
963 silly reify ]
964 silly reify mark retired [ 'E:\\smartparkingcopy\\ParkingApp\\node_modules\\@types\\estree' ]
965 silly reify mark retired [ 'E:\\smartparkingcopy\\ParkingApp\\node_modules\\@types\\geojson' ]
966 silly reify mark retired [
966 silly reify   'E:\\smartparkingcopy\\ParkingApp\\node_modules\\@types\\graceful-fs'
966 silly reify ]
967 silly reify mark retired [ 'E:\\smartparkingcopy\\ParkingApp\\node_modules\\@types\\hammerjs' ]
968 silly reify mark retired [
968 silly reify   'E:\\smartparkingcopy\\ParkingApp\\node_modules\\@types\\istanbul-lib-coverage'
968 silly reify ]
969 silly reify mark retired [
969 silly reify   'E:\\smartparkingcopy\\ParkingApp\\node_modules\\@types\\istanbul-lib-report'
969 silly reify ]
970 silly reify mark retired [
970 silly reify   'E:\\smartparkingcopy\\ParkingApp\\node_modules\\@types\\istanbul-reports'
970 silly reify ]
971 silly reify mark retired [
971 silly reify   'E:\\smartparkingcopy\\ParkingApp\\node_modules\\@types\\json-schema'
971 silly reify ]
972 silly reify mark retired [ 'E:\\smartparkingcopy\\ParkingApp\\node_modules\\@types\\json5' ]
973 silly reify mark retired [ 'E:\\smartparkingcopy\\ParkingApp\\node_modules\\@types\\node' ]
974 silly reify mark retired [ 'E:\\smartparkingcopy\\ParkingApp\\node_modules\\@types\\react' ]
975 silly reify mark retired [
975 silly reify   'E:\\smartparkingcopy\\ParkingApp\\node_modules\\@types\\stack-utils'
975 silly reify ]
976 silly reify mark retired [ 'E:\\smartparkingcopy\\ParkingApp\\node_modules\\@types\\yargs' ]
977 silly reify mark retired [
977 silly reify   'E:\\smartparkingcopy\\ParkingApp\\node_modules\\@types\\yargs-parser'
977 silly reify ]
978 silly reify mark retired [
978 silly reify   'E:\\smartparkingcopy\\ParkingApp\\node_modules\\@typescript-eslint\\eslint-plugin'
978 silly reify ]
979 silly reify mark retired [
979 silly reify   'E:\\smartparkingcopy\\ParkingApp\\node_modules\\@typescript-eslint\\parser'
979 silly reify ]
980 silly reify mark retired [
980 silly reify   'E:\\smartparkingcopy\\ParkingApp\\node_modules\\@typescript-eslint\\project-service'
980 silly reify ]
981 silly reify mark retired [
981 silly reify   'E:\\smartparkingcopy\\ParkingApp\\node_modules\\@typescript-eslint\\scope-manager'
981 silly reify ]
982 silly reify mark retired [
982 silly reify   'E:\\smartparkingcopy\\ParkingApp\\node_modules\\@typescript-eslint\\tsconfig-utils'
982 silly reify ]
983 silly reify mark retired [
983 silly reify   'E:\\smartparkingcopy\\ParkingApp\\node_modules\\@typescript-eslint\\type-utils'
983 silly reify ]
984 silly reify mark retired [
984 silly reify   'E:\\smartparkingcopy\\ParkingApp\\node_modules\\@typescript-eslint\\types'
984 silly reify ]
985 silly reify mark retired [
985 silly reify   'E:\\smartparkingcopy\\ParkingApp\\node_modules\\@typescript-eslint\\typescript-estree'
985 silly reify ]
986 silly reify mark retired [
986 silly reify   'E:\\smartparkingcopy\\ParkingApp\\node_modules\\@typescript-eslint\\utils'
986 silly reify ]
987 silly reify mark retired [
987 silly reify   'E:\\smartparkingcopy\\ParkingApp\\node_modules\\@typescript-eslint\\visitor-keys'
987 silly reify ]
988 silly reify mark retired [
988 silly reify   'E:\\smartparkingcopy\\ParkingApp\\node_modules\\@ungap\\structured-clone'
988 silly reify ]
989 silly reify mark retired [
989 silly reify   'E:\\smartparkingcopy\\ParkingApp\\node_modules\\@unrs\\resolver-binding-android-arm-eabi'
989 silly reify ]
990 silly reify mark retired [
990 silly reify   'E:\\smartparkingcopy\\ParkingApp\\node_modules\\@unrs\\resolver-binding-android-arm64'
990 silly reify ]
991 silly reify mark retired [
991 silly reify   'E:\\smartparkingcopy\\ParkingApp\\node_modules\\@unrs\\resolver-binding-darwin-arm64'
991 silly reify ]
992 silly reify mark retired [
992 silly reify   'E:\\smartparkingcopy\\ParkingApp\\node_modules\\@unrs\\resolver-binding-darwin-x64'
992 silly reify ]
993 silly reify mark retired [
993 silly reify   'E:\\smartparkingcopy\\ParkingApp\\node_modules\\@unrs\\resolver-binding-freebsd-x64'
993 silly reify ]
994 silly reify mark retired [
994 silly reify   'E:\\smartparkingcopy\\ParkingApp\\node_modules\\@unrs\\resolver-binding-linux-arm-gnueabihf'
994 silly reify ]
995 silly reify mark retired [
995 silly reify   'E:\\smartparkingcopy\\ParkingApp\\node_modules\\@unrs\\resolver-binding-linux-arm-musleabihf'
995 silly reify ]
996 silly reify mark retired [
996 silly reify   'E:\\smartparkingcopy\\ParkingApp\\node_modules\\@unrs\\resolver-binding-linux-arm64-gnu'
996 silly reify ]
997 silly reify mark retired [
997 silly reify   'E:\\smartparkingcopy\\ParkingApp\\node_modules\\@unrs\\resolver-binding-linux-arm64-musl'
997 silly reify ]
998 silly reify mark retired [
998 silly reify   'E:\\smartparkingcopy\\ParkingApp\\node_modules\\@unrs\\resolver-binding-linux-ppc64-gnu'
998 silly reify ]
999 silly reify mark retired [
999 silly reify   'E:\\smartparkingcopy\\ParkingApp\\node_modules\\@unrs\\resolver-binding-linux-riscv64-gnu'
999 silly reify ]
1000 silly reify mark retired [
1000 silly reify   'E:\\smartparkingcopy\\ParkingApp\\node_modules\\@unrs\\resolver-binding-linux-riscv64-musl'
1000 silly reify ]
1001 silly reify mark retired [
1001 silly reify   'E:\\smartparkingcopy\\ParkingApp\\node_modules\\@unrs\\resolver-binding-linux-s390x-gnu'
1001 silly reify ]
1002 silly reify mark retired [
1002 silly reify   'E:\\smartparkingcopy\\ParkingApp\\node_modules\\@unrs\\resolver-binding-linux-x64-gnu'
1002 silly reify ]
1003 silly reify mark retired [
1003 silly reify   'E:\\smartparkingcopy\\ParkingApp\\node_modules\\@unrs\\resolver-binding-linux-x64-musl'
1003 silly reify ]
1004 silly reify mark retired [
1004 silly reify   'E:\\smartparkingcopy\\ParkingApp\\node_modules\\@unrs\\resolver-binding-wasm32-wasi'
1004 silly reify ]
1005 silly reify mark retired [
1005 silly reify   'E:\\smartparkingcopy\\ParkingApp\\node_modules\\@unrs\\resolver-binding-win32-arm64-msvc'
1005 silly reify ]
1006 silly reify mark retired [
1006 silly reify   'E:\\smartparkingcopy\\ParkingApp\\node_modules\\@unrs\\resolver-binding-win32-ia32-msvc'
1006 silly reify ]
1007 silly reify mark retired [
1007 silly reify   'E:\\smartparkingcopy\\ParkingApp\\node_modules\\@unrs\\resolver-binding-win32-x64-msvc'
1007 silly reify ]
1008 silly reify mark retired [ 'E:\\smartparkingcopy\\ParkingApp\\node_modules\\@urql\\core' ]
1009 silly reify mark retired [
1009 silly reify   'E:\\smartparkingcopy\\ParkingApp\\node_modules\\@urql\\exchange-retry'
1009 silly reify ]
1010 silly reify mark retired [ 'E:\\smartparkingcopy\\ParkingApp\\node_modules\\@xmldom\\xmldom' ]
1011 silly reify moves {
1011 silly reify   'E:\\smartparkingcopy\\ParkingApp\\node_modules\\abort-controller': 'E:\\smartparkingcopy\\ParkingApp\\node_modules\\.abort-controller-X3XIP0ds',
1011 silly reify   'E:\\smartparkingcopy\\ParkingApp\\node_modules\\accepts': 'E:\\smartparkingcopy\\ParkingApp\\node_modules\\.accepts-98HQUhyv',
1011 silly reify   'E:\\smartparkingcopy\\ParkingApp\\node_modules\\acorn': 'E:\\smartparkingcopy\\ParkingApp\\node_modules\\.acorn-DqrjOHR4',
1011 silly reify   'E:\\smartparkingcopy\\ParkingApp\\node_modules\\acorn-jsx': 'E:\\smartparkingcopy\\ParkingApp\\node_modules\\.acorn-jsx-z52Rb7vy',
1011 silly reify   'E:\\smartparkingcopy\\ParkingApp\\node_modules\\acorn-walk': 'E:\\smartparkingcopy\\ParkingApp\\node_modules\\.acorn-walk-YDQM2i16',
1011 silly reify   'E:\\smartparkingcopy\\ParkingApp\\node_modules\\agent-base': 'E:\\smartparkingcopy\\ParkingApp\\node_modules\\.agent-base-2z7VO8O4',
1011 silly reify   'E:\\smartparkingcopy\\ParkingApp\\node_modules\\ajv': 'E:\\smartparkingcopy\\ParkingApp\\node_modules\\.ajv-bSU67Sx4',
1011 silly reify   'E:\\smartparkingcopy\\ParkingApp\\node_modules\\ajv-formats': 'E:\\smartparkingcopy\\ParkingApp\\node_modules\\.ajv-formats-Hk8phx5S',
1011 silly reify   'E:\\smartparkingcopy\\ParkingApp\\node_modules\\anser': 'E:\\smartparkingcopy\\ParkingApp\\node_modules\\.anser-ghjqz6uc',
1011 silly reify   'E:\\smartparkingcopy\\ParkingApp\\node_modules\\ansi-escapes': 'E:\\smartparkingcopy\\ParkingApp\\node_modules\\.ansi-escapes-7uIXYI5f',
1011 silly reify   'E:\\smartparkingcopy\\ParkingApp\\node_modules\\ansi-regex': 'E:\\smartparkingcopy\\ParkingApp\\node_modules\\.ansi-regex-ONIN6n6b',
1011 silly reify   'E:\\smartparkingcopy\\ParkingApp\\node_modules\\ansi-styles': 'E:\\smartparkingcopy\\ParkingApp\\node_modules\\.ansi-styles-jeYy9Ft1',
1011 silly reify   'E:\\smartparkingcopy\\ParkingApp\\node_modules\\ansicolors': 'E:\\smartparkingcopy\\ParkingApp\\node_modules\\.ansicolors-E5ehiZvf',
1011 silly reify   'E:\\smartparkingcopy\\ParkingApp\\node_modules\\ansis': 'E:\\smartparkingcopy\\ParkingApp\\node_modules\\.ansis-WFtzc6Hg',
1011 silly reify   'E:\\smartparkingcopy\\ParkingApp\\node_modules\\any-promise': 'E:\\smartparkingcopy\\ParkingApp\\node_modules\\.any-promise-CLBvgfSe',
1011 silly reify   'E:\\smartparkingcopy\\ParkingApp\\node_modules\\anymatch': 'E:\\smartparkingcopy\\ParkingApp\\node_modules\\.anymatch-k5ICIJsa',
1011 silly reify   'E:\\smartparkingcopy\\ParkingApp\\node_modules\\arg': 'E:\\smartparkingcopy\\ParkingApp\\node_modules\\.arg-9VvFTjx2',
1011 silly reify   'E:\\smartparkingcopy\\ParkingApp\\node_modules\\argparse': 'E:\\smartparkingcopy\\ParkingApp\\node_modules\\.argparse-Ma6F4rdQ',
1011 silly reify   'E:\\smartparkingcopy\\ParkingApp\\node_modules\\aria-hidden': 'E:\\smartparkingcopy\\ParkingApp\\node_modules\\.aria-hidden-k0CzIVBP',
1011 silly reify   'E:\\smartparkingcopy\\ParkingApp\\node_modules\\array-buffer-byte-length': 'E:\\smartparkingcopy\\ParkingApp\\node_modules\\.array-buffer-byte-length-8T9zKUyV',
1011 silly reify   'E:\\smartparkingcopy\\ParkingApp\\node_modules\\array-includes': 'E:\\smartparkingcopy\\ParkingApp\\node_modules\\.array-includes-3xsOoV4i',
1011 silly reify   'E:\\smartparkingcopy\\ParkingApp\\node_modules\\array-union': 'E:\\smartparkingcopy\\ParkingApp\\node_modules\\.array-union-xoHAP7l8',
1011 silly reify   'E:\\smartparkingcopy\\ParkingApp\\node_modules\\array.prototype.findlast': 'E:\\smartparkingcopy\\ParkingApp\\node_modules\\.array.prototype.findlast-QjfPbCHq',
1011 silly reify   'E:\\smartparkingcopy\\ParkingApp\\node_modules\\array.prototype.findlastindex': 'E:\\smartparkingcopy\\ParkingApp\\node_modules\\.array.prototype.findlastindex-rRu1kwvO',
1011 silly reify   'E:\\smartparkingcopy\\ParkingApp\\node_modules\\array.prototype.flat': 'E:\\smartparkingcopy\\ParkingApp\\node_modules\\.array.prototype.flat-KoLetKlp',
1011 silly reify   'E:\\smartparkingcopy\\ParkingApp\\node_modules\\array.prototype.flatmap': 'E:\\smartparkingcopy\\ParkingApp\\node_modules\\.array.prototype.flatmap-Lc0nmfWl',
1011 silly reify   'E:\\smartparkingcopy\\ParkingApp\\node_modules\\array.prototype.tosorted': 'E:\\smartparkingcopy\\ParkingApp\\node_modules\\.array.prototype.tosorted-lLSeuZTA',
1011 silly reify   'E:\\smartparkingcopy\\ParkingApp\\node_modules\\arraybuffer.prototype.slice': 'E:\\smartparkingcopy\\ParkingApp\\node_modules\\.arraybuffer.prototype.slice-vjSJTkjP',
1011 silly reify   'E:\\smartparkingcopy\\ParkingApp\\node_modules\\asap': 'E:\\smartparkingcopy\\ParkingApp\\node_modules\\.asap-Al2Jsnw2',
1011 silly reify   'E:\\smartparkingcopy\\ParkingApp\\node_modules\\asn1': 'E:\\smartparkingcopy\\ParkingApp\\node_modules\\.asn1-5Hz4nABZ',
1011 silly reify   'E:\\smartparkingcopy\\ParkingApp\\node_modules\\astral-regex': 'E:\\smartparkingcopy\\ParkingApp\\node_modules\\.astral-regex-rmWOttLw',
1011 silly reify   'E:\\smartparkingcopy\\ParkingApp\\node_modules\\async': 'E:\\smartparkingcopy\\ParkingApp\\node_modules\\.async-gRVkOlOi',
1011 silly reify   'E:\\smartparkingcopy\\ParkingApp\\node_modules\\async-function': 'E:\\smartparkingcopy\\ParkingApp\\node_modules\\.async-function-vMZSYN6A',
1011 silly reify   'E:\\smartparkingcopy\\ParkingApp\\node_modules\\async-limiter': 'E:\\smartparkingcopy\\ParkingApp\\node_modules\\.async-limiter-au0MFw90',
1011 silly reify   'E:\\smartparkingcopy\\ParkingApp\\node_modules\\asynckit': 'E:\\smartparkingcopy\\ParkingApp\\node_modules\\.asynckit-owASiVXn',
1011 silly reify   'E:\\smartparkingcopy\\ParkingApp\\node_modules\\at-least-node': 'E:\\smartparkingcopy\\ParkingApp\\node_modules\\.at-least-node-ipsLAlfB',
1011 silly reify   'E:\\smartparkingcopy\\ParkingApp\\node_modules\\available-typed-arrays': 'E:\\smartparkingcopy\\ParkingApp\\node_modules\\.available-typed-arrays-d2Kn79O7',
1011 silly reify   'E:\\smartparkingcopy\\ParkingApp\\node_modules\\b4a': 'E:\\smartparkingcopy\\ParkingApp\\node_modules\\.b4a-v73dGlK2',
1011 silly reify   'E:\\smartparkingcopy\\ParkingApp\\node_modules\\babel-jest': 'E:\\smartparkingcopy\\ParkingApp\\node_modules\\.babel-jest-pN3Ry3Zj',
1011 silly reify   'E:\\smartparkingcopy\\ParkingApp\\node_modules\\babel-plugin-istanbul': 'E:\\smartparkingcopy\\ParkingApp\\node_modules\\.babel-plugin-istanbul-HhyumMG2',
1011 silly reify   'E:\\smartparkingcopy\\ParkingApp\\node_modules\\babel-plugin-jest-hoist': 'E:\\smartparkingcopy\\ParkingApp\\node_modules\\.babel-plugin-jest-hoist-kSe3UAof',
1011 silly reify   'E:\\smartparkingcopy\\ParkingApp\\node_modules\\babel-plugin-polyfill-corejs2': 'E:\\smartparkingcopy\\ParkingApp\\node_modules\\.babel-plugin-polyfill-corejs2-3KaRYeQr',
1011 silly reify   'E:\\smartparkingcopy\\ParkingApp\\node_modules\\babel-plugin-polyfill-corejs3': 'E:\\smartparkingcopy\\ParkingApp\\node_modules\\.babel-plugin-polyfill-corejs3-WepJbxtw',
1011 silly reify   'E:\\smartparkingcopy\\ParkingApp\\node_modules\\babel-plugin-polyfill-regenerator': 'E:\\smartparkingcopy\\ParkingApp\\node_modules\\.babel-plugin-polyfill-regenerator-BuuIqTnr',
1011 silly reify   'E:\\smartparkingcopy\\ParkingApp\\node_modules\\babel-plugin-react-compiler': 'E:\\smartparkingcopy\\ParkingApp\\node_modules\\.babel-plugin-react-compiler-CrKksihI',
1011 silly reify   'E:\\smartparkingcopy\\ParkingApp\\node_modules\\babel-plugin-react-native-web': 'E:\\smartparkingcopy\\ParkingApp\\node_modules\\.babel-plugin-react-native-web-55wOTzY7',
1011 silly reify   'E:\\smartparkingcopy\\ParkingApp\\node_modules\\babel-plugin-syntax-hermes-parser': 'E:\\smartparkingcopy\\ParkingApp\\node_modules\\.babel-plugin-syntax-hermes-parser-xywBRP3M',
1011 silly reify   'E:\\smartparkingcopy\\ParkingApp\\node_modules\\babel-plugin-transform-flow-enums': 'E:\\smartparkingcopy\\ParkingApp\\node_modules\\.babel-plugin-transform-flow-enums-BGneBUiu',
1011 silly reify   'E:\\smartparkingcopy\\ParkingApp\\node_modules\\babel-preset-current-node-syntax': 'E:\\smartparkingcopy\\ParkingApp\\node_modules\\.babel-preset-current-node-syntax-FzNVYw5e',
1011 silly reify   'E:\\smartparkingcopy\\ParkingApp\\node_modules\\babel-preset-expo': 'E:\\smartparkingcopy\\ParkingApp\\node_modules\\.babel-preset-expo-i0cuwqCP',
1011 silly reify   'E:\\smartparkingcopy\\ParkingApp\\node_modules\\babel-preset-jest': 'E:\\smartparkingcopy\\ParkingApp\\node_modules\\.babel-preset-jest-QMtnqn1U',
1011 silly reify   'E:\\smartparkingcopy\\ParkingApp\\node_modules\\balanced-match': 'E:\\smartparkingcopy\\ParkingApp\\node_modules\\.balanced-match-KRSZh3fS',
1011 silly reify   'E:\\smartparkingcopy\\ParkingApp\\node_modules\\bare-events': 'E:\\smartparkingcopy\\ParkingApp\\node_modules\\.bare-events-ORVAmWAf',
1011 silly reify   'E:\\smartparkingcopy\\ParkingApp\\node_modules\\base64-js': 'E:\\smartparkingcopy\\ParkingApp\\node_modules\\.base64-js-q1kjAY9V',
1011 silly reify   'E:\\smartparkingcopy\\ParkingApp\\node_modules\\baseline-browser-mapping': 'E:\\smartparkingcopy\\ParkingApp\\node_modules\\.baseline-browser-mapping-AP9LYDM3',
1011 silly reify   'E:\\smartparkingcopy\\ParkingApp\\node_modules\\better-opn': 'E:\\smartparkingcopy\\ParkingApp\\node_modules\\.better-opn-0GmJEeiu',
1011 silly reify   'E:\\smartparkingcopy\\ParkingApp\\node_modules\\big-integer': 'E:\\smartparkingcopy\\ParkingApp\\node_modules\\.big-integer-SvhLM8zQ',
1011 silly reify   'E:\\smartparkingcopy\\ParkingApp\\node_modules\\boolbase': 'E:\\smartparkingcopy\\ParkingApp\\node_modules\\.boolbase-4tTKb2Sz',
1011 silly reify   'E:\\smartparkingcopy\\ParkingApp\\node_modules\\bplist-creator': 'E:\\smartparkingcopy\\ParkingApp\\node_modules\\.bplist-creator-DEMvoRKq',
1011 silly reify   'E:\\smartparkingcopy\\ParkingApp\\node_modules\\bplist-parser': 'E:\\smartparkingcopy\\ParkingApp\\node_modules\\.bplist-parser-9YGGDrjC',
1011 silly reify   'E:\\smartparkingcopy\\ParkingApp\\node_modules\\brace-expansion': 'E:\\smartparkingcopy\\ParkingApp\\node_modules\\.brace-expansion-OrcMKdYO',
1011 silly reify   'E:\\smartparkingcopy\\ParkingApp\\node_modules\\braces': 'E:\\smartparkingcopy\\ParkingApp\\node_modules\\.braces-9im6V8SL',
1011 silly reify   'E:\\smartparkingcopy\\ParkingApp\\node_modules\\browserslist': 'E:\\smartparkingcopy\\ParkingApp\\node_modules\\.browserslist-6Kvov7zP',
1011 silly reify   'E:\\smartparkingcopy\\ParkingApp\\node_modules\\bser': 'E:\\smartparkingcopy\\ParkingApp\\node_modules\\.bser-gTNa6n2X',
1011 silly reify   'E:\\smartparkingcopy\\ParkingApp\\node_modules\\buffer': 'E:\\smartparkingcopy\\ParkingApp\\node_modules\\.buffer-HSq2BU1K',
1011 silly reify   'E:\\smartparkingcopy\\ParkingApp\\node_modules\\buffer-from': 'E:\\smartparkingcopy\\ParkingApp\\node_modules\\.buffer-from-ybq5aJHs',
1011 silly reify   'E:\\smartparkingcopy\\ParkingApp\\node_modules\\bunyan': 'E:\\smartparkingcopy\\ParkingApp\\node_modules\\.bunyan-XBum9uDT',
1011 silly reify   'E:\\smartparkingcopy\\ParkingApp\\node_modules\\bytes': 'E:\\smartparkingcopy\\ParkingApp\\node_modules\\.bytes-BdZB60l0',
1011 silly reify   'E:\\smartparkingcopy\\ParkingApp\\node_modules\\call-bind': 'E:\\smartparkingcopy\\ParkingApp\\node_modules\\.call-bind-7NGPo68p',
1011 silly reify   'E:\\smartparkingcopy\\ParkingApp\\node_modules\\call-bind-apply-helpers': 'E:\\smartparkingcopy\\ParkingApp\\node_modules\\.call-bind-apply-helpers-mnw5AVJG',
1011 silly reify   'E:\\smartparkingcopy\\ParkingApp\\node_modules\\call-bound': 'E:\\smartparkingcopy\\ParkingApp\\node_modules\\.call-bound-5MerBGbu',
1011 silly reify   'E:\\smartparkingcopy\\ParkingApp\\node_modules\\callsites': 'E:\\smartparkingcopy\\ParkingApp\\node_modules\\.callsites-jlnY8buD',
1011 silly reify   'E:\\smartparkingcopy\\ParkingApp\\node_modules\\camelcase': 'E:\\smartparkingcopy\\ParkingApp\\node_modules\\.camelcase-sGycya5L',
1011 silly reify   'E:\\smartparkingcopy\\ParkingApp\\node_modules\\caniuse-lite': 'E:\\smartparkingcopy\\ParkingApp\\node_modules\\.caniuse-lite-T8830kvp',
1011 silly reify   'E:\\smartparkingcopy\\ParkingApp\\node_modules\\cardinal': 'E:\\smartparkingcopy\\ParkingApp\\node_modules\\.cardinal-nsFCcR29',
1011 silly reify   'E:\\smartparkingcopy\\ParkingApp\\node_modules\\chalk': 'E:\\smartparkingcopy\\ParkingApp\\node_modules\\.chalk-nOluMIOO',
1011 silly reify   'E:\\smartparkingcopy\\ParkingApp\\node_modules\\charenc': 'E:\\smartparkingcopy\\ParkingApp\\node_modules\\.charenc-A0eNk5dg',
1011 silly reify   'E:\\smartparkingcopy\\ParkingApp\\node_modules\\chownr': 'E:\\smartparkingcopy\\ParkingApp\\node_modules\\.chownr-G314ac2S',
1011 silly reify   'E:\\smartparkingcopy\\ParkingApp\\node_modules\\chrome-launcher': 'E:\\smartparkingcopy\\ParkingApp\\node_modules\\.chrome-launcher-ChxMhv7w',
1011 silly reify   'E:\\smartparkingcopy\\ParkingApp\\node_modules\\chromium-edge-launcher': 'E:\\smartparkingcopy\\ParkingApp\\node_modules\\.chromium-edge-launcher-CX2wLRDD',
1011 silly reify   'E:\\smartparkingcopy\\ParkingApp\\node_modules\\ci-info': 'E:\\smartparkingcopy\\ParkingApp\\node_modules\\.ci-info-usMjiSsU',
1011 silly reify   'E:\\smartparkingcopy\\ParkingApp\\node_modules\\clean-stack': 'E:\\smartparkingcopy\\ParkingApp\\node_modules\\.clean-stack-Nm1CvfeO',
1011 silly reify   'E:\\smartparkingcopy\\ParkingApp\\node_modules\\cli-cursor': 'E:\\smartparkingcopy\\ParkingApp\\node_modules\\.cli-cursor-cIWZO1uc',
1011 silly reify   'E:\\smartparkingcopy\\ParkingApp\\node_modules\\cli-progress': 'E:\\smartparkingcopy\\ParkingApp\\node_modules\\.cli-progress-eJ7P6tid',
1011 silly reify   'E:\\smartparkingcopy\\ParkingApp\\node_modules\\cli-spinners': 'E:\\smartparkingcopy\\ParkingApp\\node_modules\\.cli-spinners-fgZpoNaV',
1011 silly reify   'E:\\smartparkingcopy\\ParkingApp\\node_modules\\client-only': 'E:\\smartparkingcopy\\ParkingApp\\node_modules\\.client-only-zitT2Pmi',
1011 silly reify   'E:\\smartparkingcopy\\ParkingApp\\node_modules\\cliui': 'E:\\smartparkingcopy\\ParkingApp\\node_modules\\.cliui-0DsiavVC',
1011 silly reify   'E:\\smartparkingcopy\\ParkingApp\\node_modules\\clone': 'E:\\smartparkingcopy\\ParkingApp\\node_modules\\.clone-yg5VKktV',
1011 silly reify   'E:\\smartparkingcopy\\ParkingApp\\node_modules\\color': 'E:\\smartparkingcopy\\ParkingApp\\node_modules\\.color-hwDqw9qP',
1011 silly reify   'E:\\smartparkingcopy\\ParkingApp\\node_modules\\color-convert': 'E:\\smartparkingcopy\\ParkingApp\\node_modules\\.color-convert-WeEB2uWp',
1011 silly reify   'E:\\smartparkingcopy\\ParkingApp\\node_modules\\color-name': 'E:\\smartparkingcopy\\ParkingApp\\node_modules\\.color-name-1bqPyO3h',
1011 silly reify   'E:\\smartparkingcopy\\ParkingApp\\node_modules\\color-string': 'E:\\smartparkingcopy\\ParkingApp\\node_modules\\.color-string-jDg3MBPD',
1011 silly reify   'E:\\smartparkingcopy\\ParkingApp\\node_modules\\combined-stream': 'E:\\smartparkingcopy\\ParkingApp\\node_modules\\.combined-stream-EcBesxal',
1011 silly reify   'E:\\smartparkingcopy\\ParkingApp\\node_modules\\commander': 'E:\\smartparkingcopy\\ParkingApp\\node_modules\\.commander-FN8YcJnI',
1011 silly reify   'E:\\smartparkingcopy\\ParkingApp\\node_modules\\component-type': 'E:\\smartparkingcopy\\ParkingApp\\node_modules\\.component-type-Z6slIQjq',
1011 silly reify   'E:\\smartparkingcopy\\ParkingApp\\node_modules\\compressible': 'E:\\smartparkingcopy\\ParkingApp\\node_modules\\.compressible-NWl5PWh9',
1011 silly reify   'E:\\smartparkingcopy\\ParkingApp\\node_modules\\compression': 'E:\\smartparkingcopy\\ParkingApp\\node_modules\\.compression-wsbDYPXg',
1011 silly reify   'E:\\smartparkingcopy\\ParkingApp\\node_modules\\concat-map': 'E:\\smartparkingcopy\\ParkingApp\\node_modules\\.concat-map-c8jy6pL2',
1011 silly reify   'E:\\smartparkingcopy\\ParkingApp\\node_modules\\connect': 'E:\\smartparkingcopy\\ParkingApp\\node_modules\\.connect-9WElP0i2',
1011 silly reify   'E:\\smartparkingcopy\\ParkingApp\\node_modules\\content-type': 'E:\\smartparkingcopy\\ParkingApp\\node_modules\\.content-type-nFuphZex',
1011 silly reify   'E:\\smartparkingcopy\\ParkingApp\\node_modules\\convert-source-map': 'E:\\smartparkingcopy\\ParkingApp\\node_modules\\.convert-source-map-PfiDOZkJ',
1011 silly reify   'E:\\smartparkingcopy\\ParkingApp\\node_modules\\core-js-compat': 'E:\\smartparkingcopy\\ParkingApp\\node_modules\\.core-js-compat-aT4fg0kO',
1011 silly reify   'E:\\smartparkingcopy\\ParkingApp\\node_modules\\create-require': 'E:\\smartparkingcopy\\ParkingApp\\node_modules\\.create-require-lNSPpmSy',
1011 silly reify   'E:\\smartparkingcopy\\ParkingApp\\node_modules\\cross-fetch': 'E:\\smartparkingcopy\\ParkingApp\\node_modules\\.cross-fetch-WRRr83PH',
1011 silly reify   'E:\\smartparkingcopy\\ParkingApp\\node_modules\\cross-spawn': 'E:\\smartparkingcopy\\ParkingApp\\node_modules\\.cross-spawn-DXMR4tUd',
1011 silly reify   'E:\\smartparkingcopy\\ParkingApp\\node_modules\\crypt': 'E:\\smartparkingcopy\\ParkingApp\\node_modules\\.crypt-w0azNWMz',
1011 silly reify   'E:\\smartparkingcopy\\ParkingApp\\node_modules\\crypto-random-string': 'E:\\smartparkingcopy\\ParkingApp\\node_modules\\.crypto-random-string-DTWZoou2',
1011 silly reify   'E:\\smartparkingcopy\\ParkingApp\\node_modules\\css-in-js-utils': 'E:\\smartparkingcopy\\ParkingApp\\node_modules\\.css-in-js-utils-iGJY6tWN',
1011 silly reify   'E:\\smartparkingcopy\\ParkingApp\\node_modules\\css-select': 'E:\\smartparkingcopy\\ParkingApp\\node_modules\\.css-select-6trrrIxF',
1011 silly reify   'E:\\smartparkingcopy\\ParkingApp\\node_modules\\css-tree': 'E:\\smartparkingcopy\\ParkingApp\\node_modules\\.css-tree-qqTYiK8e',
1011 silly reify   'E:\\smartparkingcopy\\ParkingApp\\node_modules\\css-what': 'E:\\smartparkingcopy\\ParkingApp\\node_modules\\.css-what-xK0UILoX',
1011 silly reify   'E:\\smartparkingcopy\\ParkingApp\\node_modules\\csstype': 'E:\\smartparkingcopy\\ParkingApp\\node_modules\\.csstype-LvjHJE1o',
1011 silly reify   'E:\\smartparkingcopy\\ParkingApp\\node_modules\\data-view-buffer': 'E:\\smartparkingcopy\\ParkingApp\\node_modules\\.data-view-buffer-ayONtKk4',
1011 silly reify   'E:\\smartparkingcopy\\ParkingApp\\node_modules\\data-view-byte-length': 'E:\\smartparkingcopy\\ParkingApp\\node_modules\\.data-view-byte-length-AzHA7iPl',
1011 silly reify   'E:\\smartparkingcopy\\ParkingApp\\node_modules\\data-view-byte-offset': 'E:\\smartparkingcopy\\ParkingApp\\node_modules\\.data-view-byte-offset-NahtvHuc',
1011 silly reify   'E:\\smartparkingcopy\\ParkingApp\\node_modules\\dateformat': 'E:\\smartparkingcopy\\ParkingApp\\node_modules\\.dateformat-Z0odIoco',
1011 silly reify   'E:\\smartparkingcopy\\ParkingApp\\node_modules\\debug': 'E:\\smartparkingcopy\\ParkingApp\\node_modules\\.debug-FUFnE3wh',
1011 silly reify   'E:\\smartparkingcopy\\ParkingApp\\node_modules\\decamelize': 'E:\\smartparkingcopy\\ParkingApp\\node_modules\\.decamelize-8aZeuuIm',
1011 silly reify   'E:\\smartparkingcopy\\ParkingApp\\node_modules\\decode-uri-component': 'E:\\smartparkingcopy\\ParkingApp\\node_modules\\.decode-uri-component-GAmQwxaH',
1011 silly reify   'E:\\smartparkingcopy\\ParkingApp\\node_modules\\deep-extend': 'E:\\smartparkingcopy\\ParkingApp\\node_modules\\.deep-extend-ZMi0rTgM',
1011 silly reify   'E:\\smartparkingcopy\\ParkingApp\\node_modules\\deep-is': 'E:\\smartparkingcopy\\ParkingApp\\node_modules\\.deep-is-hL5Tt4Kd',
1011 silly reify   'E:\\smartparkingcopy\\ParkingApp\\node_modules\\deepmerge': 'E:\\smartparkingcopy\\ParkingApp\\node_modules\\.deepmerge-yyXK2Uoi',
1011 silly reify   'E:\\smartparkingcopy\\ParkingApp\\node_modules\\define-data-property': 'E:\\smartparkingcopy\\ParkingApp\\node_modules\\.define-data-property-VZXpfgHa',
1011 silly reify   'E:\\smartparkingcopy\\ParkingApp\\node_modules\\defaults': 'E:\\smartparkingcopy\\ParkingApp\\node_modules\\.defaults-IKvelOrs',
1011 silly reify   'E:\\smartparkingcopy\\ParkingApp\\node_modules\\define-lazy-prop': 'E:\\smartparkingcopy\\ParkingApp\\node_modules\\.define-lazy-prop-mvTuta7M',
1011 silly reify   'E:\\smartparkingcopy\\ParkingApp\\node_modules\\define-properties': 'E:\\smartparkingcopy\\ParkingApp\\node_modules\\.define-properties-NmAVexU6',
1011 silly reify   'E:\\smartparkingcopy\\ParkingApp\\node_modules\\delayed-stream': 'E:\\smartparkingcopy\\ParkingApp\\node_modules\\.delayed-stream-DgmRfSYc',
1011 silly reify   'E:\\smartparkingcopy\\ParkingApp\\node_modules\\depd': 'E:\\smartparkingcopy\\ParkingApp\\node_modules\\.depd-JVkbi5lP',
1011 silly reify   'E:\\smartparkingcopy\\ParkingApp\\node_modules\\destroy': 'E:\\smartparkingcopy\\ParkingApp\\node_modules\\.destroy-e6QSJQBY',
1011 silly reify   'E:\\smartparkingcopy\\ParkingApp\\node_modules\\detect-libc': 'E:\\smartparkingcopy\\ParkingApp\\node_modules\\.detect-libc-tQF2sUtp',
1011 silly reify   'E:\\smartparkingcopy\\ParkingApp\\node_modules\\detect-node-es': 'E:\\smartparkingcopy\\ParkingApp\\node_modules\\.detect-node-es-bviynjF2',
1011 silly reify   'E:\\smartparkingcopy\\ParkingApp\\node_modules\\diff': 'E:\\smartparkingcopy\\ParkingApp\\node_modules\\.diff-yjYs1sA0',
1011 silly reify   'E:\\smartparkingcopy\\ParkingApp\\node_modules\\dijkstrajs': 'E:\\smartparkingcopy\\ParkingApp\\node_modules\\.dijkstrajs-DIRUPezG',
1011 silly reify   'E:\\smartparkingcopy\\ParkingApp\\node_modules\\dir-glob': 'E:\\smartparkingcopy\\ParkingApp\\node_modules\\.dir-glob-4Ap0SLC6',
1011 silly reify   'E:\\smartparkingcopy\\ParkingApp\\node_modules\\doctrine': 'E:\\smartparkingcopy\\ParkingApp\\node_modules\\.doctrine-IC4WFi0U',
1011 silly reify   'E:\\smartparkingcopy\\ParkingApp\\node_modules\\dom-serializer': 'E:\\smartparkingcopy\\ParkingApp\\node_modules\\.dom-serializer-IGl0VoXp',
1011 silly reify   'E:\\smartparkingcopy\\ParkingApp\\node_modules\\domelementtype': 'E:\\smartparkingcopy\\ParkingApp\\node_modules\\.domelementtype-4bNHtYu6',
1011 silly reify   'E:\\smartparkingcopy\\ParkingApp\\node_modules\\domhandler': 'E:\\smartparkingcopy\\ParkingApp\\node_modules\\.domhandler-mvcUvh1w',
1011 silly reify   'E:\\smartparkingcopy\\ParkingApp\\node_modules\\domino': 'E:\\smartparkingcopy\\ParkingApp\\node_modules\\.domino-Br29b8ws',
1011 silly reify   'E:\\smartparkingcopy\\ParkingApp\\node_modules\\domutils': 'E:\\smartparkingcopy\\ParkingApp\\node_modules\\.domutils-UKcW1n7n',
1011 silly reify   'E:\\smartparkingcopy\\ParkingApp\\node_modules\\dotenv': 'E:\\smartparkingcopy\\ParkingApp\\node_modules\\.dotenv-TdQOvdpg',
1011 silly reify   'E:\\smartparkingcopy\\ParkingApp\\node_modules\\dotenv-expand': 'E:\\smartparkingcopy\\ParkingApp\\node_modules\\.dotenv-expand-WCpvbRTa',
1011 silly reify   'E:\\smartparkingcopy\\ParkingApp\\node_modules\\dtrace-provider': 'E:\\smartparkingcopy\\ParkingApp\\node_modules\\.dtrace-provider-1RYrq8u5',
1011 silly reify   'E:\\smartparkingcopy\\ParkingApp\\node_modules\\dunder-proto': 'E:\\smartparkingcopy\\ParkingApp\\node_modules\\.dunder-proto-5xkyZDY3',
1011 silly reify   'E:\\smartparkingcopy\\ParkingApp\\node_modules\\eas-cli': 'E:\\smartparkingcopy\\ParkingApp\\node_modules\\.eas-cli-dku7gjj9',
1011 silly reify   'E:\\smartparkingcopy\\ParkingApp\\node_modules\\eastasianwidth': 'E:\\smartparkingcopy\\ParkingApp\\node_modules\\.eastasianwidth-BmOJS8n0',
1011 silly reify   'E:\\smartparkingcopy\\ParkingApp\\node_modules\\ee-first': 'E:\\smartparkingcopy\\ParkingApp\\node_modules\\.ee-first-XOPguvqo',
1011 silly reify   'E:\\smartparkingcopy\\ParkingApp\\node_modules\\ejs': 'E:\\smartparkingcopy\\ParkingApp\\node_modules\\.ejs-fZnnOTfF',
1011 silly reify   'E:\\smartparkingcopy\\ParkingApp\\node_modules\\electron-to-chromium': 'E:\\smartparkingcopy\\ParkingApp\\node_modules\\.electron-to-chromium-0NMoX1hv',
1011 silly reify   'E:\\smartparkingcopy\\ParkingApp\\node_modules\\emoji-regex': 'E:\\smartparkingcopy\\ParkingApp\\node_modules\\.emoji-regex-OqbH8n2l',
1011 silly reify   'E:\\smartparkingcopy\\ParkingApp\\node_modules\\encodeurl': 'E:\\smartparkingcopy\\ParkingApp\\node_modules\\.encodeurl-PTMgWemx',
1011 silly reify   'E:\\smartparkingcopy\\ParkingApp\\node_modules\\entities': 'E:\\smartparkingcopy\\ParkingApp\\node_modules\\.entities-SahRAGGf',
1011 silly reify   'E:\\smartparkingcopy\\ParkingApp\\node_modules\\env-editor': 'E:\\smartparkingcopy\\ParkingApp\\node_modules\\.env-editor-5ixIRdrk',
1011 silly reify   'E:\\smartparkingcopy\\ParkingApp\\node_modules\\env-paths': 'E:\\smartparkingcopy\\ParkingApp\\node_modules\\.env-paths-oKjCB5HH',
1011 silly reify   'E:\\smartparkingcopy\\ParkingApp\\node_modules\\env-string': 'E:\\smartparkingcopy\\ParkingApp\\node_modules\\.env-string-z8Yi0RqV',
1011 silly reify   'E:\\smartparkingcopy\\ParkingApp\\node_modules\\envinfo': 'E:\\smartparkingcopy\\ParkingApp\\node_modules\\.envinfo-PXW8zPmi',
1011 silly reify   'E:\\smartparkingcopy\\ParkingApp\\node_modules\\error-ex': 'E:\\smartparkingcopy\\ParkingApp\\node_modules\\.error-ex-sqHPrSoA',
1011 silly reify   'E:\\smartparkingcopy\\ParkingApp\\node_modules\\err-code': 'E:\\smartparkingcopy\\ParkingApp\\node_modules\\.err-code-IH9zwItA',
1011 silly reify   'E:\\smartparkingcopy\\ParkingApp\\node_modules\\error-stack-parser': 'E:\\smartparkingcopy\\ParkingApp\\node_modules\\.error-stack-parser-h8LfQZfP',
1011 silly reify   'E:\\smartparkingcopy\\ParkingApp\\node_modules\\es-abstract': 'E:\\smartparkingcopy\\ParkingApp\\node_modules\\.es-abstract-d4ubtFpd',
1011 silly reify   'E:\\smartparkingcopy\\ParkingApp\\node_modules\\es-define-property': 'E:\\smartparkingcopy\\ParkingApp\\node_modules\\.es-define-property-kKZ4GB83',
1011 silly reify   'E:\\smartparkingcopy\\ParkingApp\\node_modules\\es-errors': 'E:\\smartparkingcopy\\ParkingApp\\node_modules\\.es-errors-AZQaTdbH',
1011 silly reify   'E:\\smartparkingcopy\\ParkingApp\\node_modules\\es-iterator-helpers': 'E:\\smartparkingcopy\\ParkingApp\\node_modules\\.es-iterator-helpers-bOTKcVuu',
1011 silly reify   'E:\\smartparkingcopy\\ParkingApp\\node_modules\\es-object-atoms': 'E:\\smartparkingcopy\\ParkingApp\\node_modules\\.es-object-atoms-O0JIaura',
1011 silly reify   'E:\\smartparkingcopy\\ParkingApp\\node_modules\\es-set-tostringtag': 'E:\\smartparkingcopy\\ParkingApp\\node_modules\\.es-set-tostringtag-OFxfFDUH',
1011 silly reify   'E:\\smartparkingcopy\\ParkingApp\\node_modules\\es-shim-unscopables': 'E:\\smartparkingcopy\\ParkingApp\\node_modules\\.es-shim-unscopables-hJtk3FV2',
1011 silly reify   'E:\\smartparkingcopy\\ParkingApp\\node_modules\\es-to-primitive': 'E:\\smartparkingcopy\\ParkingApp\\node_modules\\.es-to-primitive-wADKMRfw',
1011 silly reify   'E:\\smartparkingcopy\\ParkingApp\\node_modules\\escalade': 'E:\\smartparkingcopy\\ParkingApp\\node_modules\\.escalade-s1nf3YL7',
1011 silly reify   'E:\\smartparkingcopy\\ParkingApp\\node_modules\\escape-html': 'E:\\smartparkingcopy\\ParkingApp\\node_modules\\.escape-html-WWoMYCSx',
1011 silly reify   'E:\\smartparkingcopy\\ParkingApp\\node_modules\\escape-string-regexp': 'E:\\smartparkingcopy\\ParkingApp\\node_modules\\.escape-string-regexp-sNPzzmGN',
1011 silly reify   'E:\\smartparkingcopy\\ParkingApp\\node_modules\\eslint': 'E:\\smartparkingcopy\\ParkingApp\\node_modules\\.eslint-swfRWsHe',
1011 silly reify   'E:\\smartparkingcopy\\ParkingApp\\node_modules\\eslint-config-expo': 'E:\\smartparkingcopy\\ParkingApp\\node_modules\\.eslint-config-expo-d65WEHWc',
1011 silly reify   'E:\\smartparkingcopy\\ParkingApp\\node_modules\\eslint-import-resolver-node': 'E:\\smartparkingcopy\\ParkingApp\\node_modules\\.eslint-import-resolver-node-T1vtaNFY',
1011 silly reify   'E:\\smartparkingcopy\\ParkingApp\\node_modules\\eslint-import-resolver-typescript': 'E:\\smartparkingcopy\\ParkingApp\\node_modules\\.eslint-import-resolver-typescript-vKwLD8lf',
1011 silly reify   'E:\\smartparkingcopy\\ParkingApp\\node_modules\\eslint-module-utils': 'E:\\smartparkingcopy\\ParkingApp\\node_modules\\.eslint-module-utils-KTKKihjO',
1011 silly reify   'E:\\smartparkingcopy\\ParkingApp\\node_modules\\eslint-plugin-expo': 'E:\\smartparkingcopy\\ParkingApp\\node_modules\\.eslint-plugin-expo-LhCfLKZk',
1011 silly reify   'E:\\smartparkingcopy\\ParkingApp\\node_modules\\eslint-plugin-import': 'E:\\smartparkingcopy\\ParkingApp\\node_modules\\.eslint-plugin-import-Jp6htHe0',
1011 silly reify   'E:\\smartparkingcopy\\ParkingApp\\node_modules\\eslint-plugin-react': 'E:\\smartparkingcopy\\ParkingApp\\node_modules\\.eslint-plugin-react-9iUNioY7',
1011 silly reify   'E:\\smartparkingcopy\\ParkingApp\\node_modules\\eslint-plugin-react-hooks': 'E:\\smartparkingcopy\\ParkingApp\\node_modules\\.eslint-plugin-react-hooks-i4jR0iPU',
1011 silly reify   'E:\\smartparkingcopy\\ParkingApp\\node_modules\\eslint-scope': 'E:\\smartparkingcopy\\ParkingApp\\node_modules\\.eslint-scope-ZbcaFHP2',
1011 silly reify   'E:\\smartparkingcopy\\ParkingApp\\node_modules\\eslint-visitor-keys': 'E:\\smartparkingcopy\\ParkingApp\\node_modules\\.eslint-visitor-keys-B35nSVC3',
1011 silly reify   'E:\\smartparkingcopy\\ParkingApp\\node_modules\\espree': 'E:\\smartparkingcopy\\ParkingApp\\node_modules\\.espree-nRYYs02b',
1011 silly reify   'E:\\smartparkingcopy\\ParkingApp\\node_modules\\esprima': 'E:\\smartparkingcopy\\ParkingApp\\node_modules\\.esprima-UaYPFqI1',
1011 silly reify   'E:\\smartparkingcopy\\ParkingApp\\node_modules\\esquery': 'E:\\smartparkingcopy\\ParkingApp\\node_modules\\.esquery-O28CBLD6',
1011 silly reify   'E:\\smartparkingcopy\\ParkingApp\\node_modules\\esrecurse': 'E:\\smartparkingcopy\\ParkingApp\\node_modules\\.esrecurse-gkoWog5j',
1011 silly reify   'E:\\smartparkingcopy\\ParkingApp\\node_modules\\estraverse': 'E:\\smartparkingcopy\\ParkingApp\\node_modules\\.estraverse-i7UJv5NB',
1011 silly reify   'E:\\smartparkingcopy\\ParkingApp\\node_modules\\etag': 'E:\\smartparkingcopy\\ParkingApp\\node_modules\\.etag-qH9TqRvY',
1011 silly reify   'E:\\smartparkingcopy\\ParkingApp\\node_modules\\event-target-shim': 'E:\\smartparkingcopy\\ParkingApp\\node_modules\\.event-target-shim-xH4P6kRV',
1011 silly reify   'E:\\smartparkingcopy\\ParkingApp\\node_modules\\esutils': 'E:\\smartparkingcopy\\ParkingApp\\node_modules\\.esutils-WoB8ikqS',
1011 silly reify   'E:\\smartparkingcopy\\ParkingApp\\node_modules\\events-universal': 'E:\\smartparkingcopy\\ParkingApp\\node_modules\\.events-universal-xiU2VSQq',
1011 silly reify   'E:\\smartparkingcopy\\ParkingApp\\node_modules\\exec-async': 'E:\\smartparkingcopy\\ParkingApp\\node_modules\\.exec-async-5aLkVWdt',
1011 silly reify   'E:\\smartparkingcopy\\ParkingApp\\node_modules\\expo': 'E:\\smartparkingcopy\\ParkingApp\\node_modules\\.expo-EXwmfIxk',
1011 silly reify   'E:\\smartparkingcopy\\ParkingApp\\node_modules\\expo-asset': 'E:\\smartparkingcopy\\ParkingApp\\node_modules\\.expo-asset-ep91zOVc',
1011 silly reify   'E:\\smartparkingcopy\\ParkingApp\\node_modules\\expo-constants': 'E:\\smartparkingcopy\\ParkingApp\\node_modules\\.expo-constants-RieBv4Zv',
1011 silly reify   'E:\\smartparkingcopy\\ParkingApp\\node_modules\\expo-file-system': 'E:\\smartparkingcopy\\ParkingApp\\node_modules\\.expo-file-system-EuHLfZu7',
1011 silly reify   'E:\\smartparkingcopy\\ParkingApp\\node_modules\\expo-font': 'E:\\smartparkingcopy\\ParkingApp\\node_modules\\.expo-font-8jpyrO01',
1011 silly reify   'E:\\smartparkingcopy\\ParkingApp\\node_modules\\expo-haptics': 'E:\\smartparkingcopy\\ParkingApp\\node_modules\\.expo-haptics-sdpwp6EJ',
1011 silly reify   'E:\\smartparkingcopy\\ParkingApp\\node_modules\\expo-image': 'E:\\smartparkingcopy\\ParkingApp\\node_modules\\.expo-image-HLN5Z5ah',
1011 silly reify   'E:\\smartparkingcopy\\ParkingApp\\node_modules\\expo-image-loader': 'E:\\smartparkingcopy\\ParkingApp\\node_modules\\.expo-image-loader-zS9HB5A6',
1011 silly reify   'E:\\smartparkingcopy\\ParkingApp\\node_modules\\expo-image-picker': 'E:\\smartparkingcopy\\ParkingApp\\node_modules\\.expo-image-picker-NkooLTjX',
1011 silly reify   'E:\\smartparkingcopy\\ParkingApp\\node_modules\\expo-keep-awake': 'E:\\smartparkingcopy\\ParkingApp\\node_modules\\.expo-keep-awake-Ja3CjQYW',
1011 silly reify   'E:\\smartparkingcopy\\ParkingApp\\node_modules\\expo-linear-gradient': 'E:\\smartparkingcopy\\ParkingApp\\node_modules\\.expo-linear-gradient-VcnwaFM3',
1011 silly reify   'E:\\smartparkingcopy\\ParkingApp\\node_modules\\expo-linking': 'E:\\smartparkingcopy\\ParkingApp\\node_modules\\.expo-linking-JdhI3Y9v',
1011 silly reify   'E:\\smartparkingcopy\\ParkingApp\\node_modules\\expo-location': 'E:\\smartparkingcopy\\ParkingApp\\node_modules\\.expo-location-WfuGJCNE',
1011 silly reify   'E:\\smartparkingcopy\\ParkingApp\\node_modules\\expo-modules-autolinking': 'E:\\smartparkingcopy\\ParkingApp\\node_modules\\.expo-modules-autolinking-jHPckDoK',
1011 silly reify   'E:\\smartparkingcopy\\ParkingApp\\node_modules\\expo-modules-core': 'E:\\smartparkingcopy\\ParkingApp\\node_modules\\.expo-modules-core-JGi5Y7MV',
1011 silly reify   'E:\\smartparkingcopy\\ParkingApp\\node_modules\\expo-router': 'E:\\smartparkingcopy\\ParkingApp\\node_modules\\.expo-router-74u5H4JV',
1011 silly reify   'E:\\smartparkingcopy\\ParkingApp\\node_modules\\expo-server': 'E:\\smartparkingcopy\\ParkingApp\\node_modules\\.expo-server-6AICNWot',
1011 silly reify   'E:\\smartparkingcopy\\ParkingApp\\node_modules\\expo-splash-screen': 'E:\\smartparkingcopy\\ParkingApp\\node_modules\\.expo-splash-screen-v5PzYDTx',
1011 silly reify   'E:\\smartparkingcopy\\ParkingApp\\node_modules\\expo-status-bar': 'E:\\smartparkingcopy\\ParkingApp\\node_modules\\.expo-status-bar-3xdKJs6H',
1011 silly reify   'E:\\smartparkingcopy\\ParkingApp\\node_modules\\expo-symbols': 'E:\\smartparkingcopy\\ParkingApp\\node_modules\\.expo-symbols-GgUFGQIU',
1011 silly reify   'E:\\smartparkingcopy\\ParkingApp\\node_modules\\expo-system-ui': 'E:\\smartparkingcopy\\ParkingApp\\node_modules\\.expo-system-ui-fG4Zy03z',
1011 silly reify   'E:\\smartparkingcopy\\ParkingApp\\node_modules\\expo-web-browser': 'E:\\smartparkingcopy\\ParkingApp\\node_modules\\.expo-web-browser-dmowqo1V',
1011 silly reify   'E:\\smartparkingcopy\\ParkingApp\\node_modules\\exponential-backoff': 'E:\\smartparkingcopy\\ParkingApp\\node_modules\\.exponential-backoff-rSWh7CXC',
1011 silly reify   'E:\\smartparkingcopy\\ParkingApp\\node_modules\\fast-deep-equal': 'E:\\smartparkingcopy\\ParkingApp\\node_modules\\.fast-deep-equal-rY1cCPfW',
1011 silly reify   'E:\\smartparkingcopy\\ParkingApp\\node_modules\\fast-fifo': 'E:\\smartparkingcopy\\ParkingApp\\node_modules\\.fast-fifo-6ZwiZqjU',
1011 silly reify   'E:\\smartparkingcopy\\ParkingApp\\node_modules\\fast-glob': 'E:\\smartparkingcopy\\ParkingApp\\node_modules\\.fast-glob-qhEDDKbZ',
1011 silly reify   'E:\\smartparkingcopy\\ParkingApp\\node_modules\\fast-json-stable-stringify': 'E:\\smartparkingcopy\\ParkingApp\\node_modules\\.fast-json-stable-stringify-G1Xa3Ney',
1011 silly reify   'E:\\smartparkingcopy\\ParkingApp\\node_modules\\fast-levenshtein': 'E:\\smartparkingcopy\\ParkingApp\\node_modules\\.fast-levenshtein-z9eFYe8F',
1011 silly reify   'E:\\smartparkingcopy\\ParkingApp\\node_modules\\fast-uri': 'E:\\smartparkingcopy\\ParkingApp\\node_modules\\.fast-uri-orZ9TEe6',
1011 silly reify   'E:\\smartparkingcopy\\ParkingApp\\node_modules\\fastq': 'E:\\smartparkingcopy\\ParkingApp\\node_modules\\.fastq-N07cfXa6',
1011 silly reify   'E:\\smartparkingcopy\\ParkingApp\\node_modules\\fb-watchman': 'E:\\smartparkingcopy\\ParkingApp\\node_modules\\.fb-watchman-xm3Qe1QB',
1011 silly reify   'E:\\smartparkingcopy\\ParkingApp\\node_modules\\fbjs': 'E:\\smartparkingcopy\\ParkingApp\\node_modules\\.fbjs-dddqMd5k',
1011 silly reify   'E:\\smartparkingcopy\\ParkingApp\\node_modules\\fbjs-css-vars': 'E:\\smartparkingcopy\\ParkingApp\\node_modules\\.fbjs-css-vars-KaUROdh3',
1011 silly reify   'E:\\smartparkingcopy\\ParkingApp\\node_modules\\fetch-retry': 'E:\\smartparkingcopy\\ParkingApp\\node_modules\\.fetch-retry-02ATIOCC',
1011 silly reify   'E:\\smartparkingcopy\\ParkingApp\\node_modules\\figures': 'E:\\smartparkingcopy\\ParkingApp\\node_modules\\.figures-SUOBCx7e',
1011 silly reify   'E:\\smartparkingcopy\\ParkingApp\\node_modules\\file-entry-cache': 'E:\\smartparkingcopy\\ParkingApp\\node_modules\\.file-entry-cache-8fBRc0tt',
1011 silly reify   'E:\\smartparkingcopy\\ParkingApp\\node_modules\\filelist': 'E:\\smartparkingcopy\\ParkingApp\\node_modules\\.filelist-lYnl4N8P',
1011 silly reify   'E:\\smartparkingcopy\\ParkingApp\\node_modules\\fill-range': 'E:\\smartparkingcopy\\ParkingApp\\node_modules\\.fill-range-i769OqUd',
1011 silly reify   'E:\\smartparkingcopy\\ParkingApp\\node_modules\\filter-obj': 'E:\\smartparkingcopy\\ParkingApp\\node_modules\\.filter-obj-beY3dMKL',
1011 silly reify   'E:\\smartparkingcopy\\ParkingApp\\node_modules\\finalhandler': 'E:\\smartparkingcopy\\ParkingApp\\node_modules\\.finalhandler-L2VY6GI1',
1011 silly reify   'E:\\smartparkingcopy\\ParkingApp\\node_modules\\find-up': 'E:\\smartparkingcopy\\ParkingApp\\node_modules\\.find-up-q0B51Ae1',
1011 silly reify   'E:\\smartparkingcopy\\ParkingApp\\node_modules\\flat-cache': 'E:\\smartparkingcopy\\ParkingApp\\node_modules\\.flat-cache-L8YAKmZV',
1011 silly reify   'E:\\smartparkingcopy\\ParkingApp\\node_modules\\flatted': 'E:\\smartparkingcopy\\ParkingApp\\node_modules\\.flatted-wXWY3A6i',
1011 silly reify   'E:\\smartparkingcopy\\ParkingApp\\node_modules\\flow-enums-runtime': 'E:\\smartparkingcopy\\ParkingApp\\node_modules\\.flow-enums-runtime-F9MYPgCH',
1011 silly reify   'E:\\smartparkingcopy\\ParkingApp\\node_modules\\fontfaceobserver': 'E:\\smartparkingcopy\\ParkingApp\\node_modules\\.fontfaceobserver-bBR0O0ue',
1011 silly reify   'E:\\smartparkingcopy\\ParkingApp\\node_modules\\for-each': 'E:\\smartparkingcopy\\ParkingApp\\node_modules\\.for-each-GPBlrl0x',
1011 silly reify   'E:\\smartparkingcopy\\ParkingApp\\node_modules\\foreground-child': 'E:\\smartparkingcopy\\ParkingApp\\node_modules\\.foreground-child-Xhkp98f9',
1011 silly reify   'E:\\smartparkingcopy\\ParkingApp\\node_modules\\form-data': 'E:\\smartparkingcopy\\ParkingApp\\node_modules\\.form-data-6qxk3gds',
1011 silly reify   'E:\\smartparkingcopy\\ParkingApp\\node_modules\\freeport-async': 'E:\\smartparkingcopy\\ParkingApp\\node_modules\\.freeport-async-GF8t8aBE',
1011 silly reify   'E:\\smartparkingcopy\\ParkingApp\\node_modules\\fresh': 'E:\\smartparkingcopy\\ParkingApp\\node_modules\\.fresh-OrE5PEOt',
1011 silly reify   'E:\\smartparkingcopy\\ParkingApp\\node_modules\\fs-extra': 'E:\\smartparkingcopy\\ParkingApp\\node_modules\\.fs-extra-A7HWaOFO',
1011 silly reify   'E:\\smartparkingcopy\\ParkingApp\\node_modules\\fs.realpath': 'E:\\smartparkingcopy\\ParkingApp\\node_modules\\.fs.realpath-0CAj8sGm',
1011 silly reify   'E:\\smartparkingcopy\\ParkingApp\\node_modules\\fsevents': 'E:\\smartparkingcopy\\ParkingApp\\node_modules\\.fsevents-0If2wTGZ',
1011 silly reify   'E:\\smartparkingcopy\\ParkingApp\\node_modules\\function-bind': 'E:\\smartparkingcopy\\ParkingApp\\node_modules\\.function-bind-huVrD354',
1011 silly reify   'E:\\smartparkingcopy\\ParkingApp\\node_modules\\function.prototype.name': 'E:\\smartparkingcopy\\ParkingApp\\node_modules\\.function.prototype.name-rnPD3YZX',
1011 silly reify   'E:\\smartparkingcopy\\ParkingApp\\node_modules\\functions-have-names': 'E:\\smartparkingcopy\\ParkingApp\\node_modules\\.functions-have-names-EumF8iyG',
1011 silly reify   'E:\\smartparkingcopy\\ParkingApp\\node_modules\\generator-function': 'E:\\smartparkingcopy\\ParkingApp\\node_modules\\.generator-function-ZhQeb0BD',
1011 silly reify   'E:\\smartparkingcopy\\ParkingApp\\node_modules\\gensync': 'E:\\smartparkingcopy\\ParkingApp\\node_modules\\.gensync-EPquyGMM',
1011 silly reify   'E:\\smartparkingcopy\\ParkingApp\\node_modules\\get-caller-file': 'E:\\smartparkingcopy\\ParkingApp\\node_modules\\.get-caller-file-YHHcMpRt',
1011 silly reify   'E:\\smartparkingcopy\\ParkingApp\\node_modules\\get-intrinsic': 'E:\\smartparkingcopy\\ParkingApp\\node_modules\\.get-intrinsic-t1z2dvTO',
1011 silly reify   'E:\\smartparkingcopy\\ParkingApp\\node_modules\\get-nonce': 'E:\\smartparkingcopy\\ParkingApp\\node_modules\\.get-nonce-M1KyuDcd',
1011 silly reify   'E:\\smartparkingcopy\\ParkingApp\\node_modules\\get-package-type': 'E:\\smartparkingcopy\\ParkingApp\\node_modules\\.get-package-type-JMITqAQB',
1011 silly reify   'E:\\smartparkingcopy\\ParkingApp\\node_modules\\get-proto': 'E:\\smartparkingcopy\\ParkingApp\\node_modules\\.get-proto-Vk2fWL0e',
1011 silly reify   'E:\\smartparkingcopy\\ParkingApp\\node_modules\\get-symbol-description': 'E:\\smartparkingcopy\\ParkingApp\\node_modules\\.get-symbol-description-Npxivu1x',
1011 silly reify   'E:\\smartparkingcopy\\ParkingApp\\node_modules\\get-tsconfig': 'E:\\smartparkingcopy\\ParkingApp\\node_modules\\.get-tsconfig-DmLyIBBB',
1011 silly reify   'E:\\smartparkingcopy\\ParkingApp\\node_modules\\getenv': 'E:\\smartparkingcopy\\ParkingApp\\node_modules\\.getenv-qc7fWmfW',
1011 silly reify   'E:\\smartparkingcopy\\ParkingApp\\node_modules\\glob': 'E:\\smartparkingcopy\\ParkingApp\\node_modules\\.glob-ItPEfsYc',
1011 silly reify   'E:\\smartparkingcopy\\ParkingApp\\node_modules\\glob-parent': 'E:\\smartparkingcopy\\ParkingApp\\node_modules\\.glob-parent-kOZLevms',
1011 silly reify   'E:\\smartparkingcopy\\ParkingApp\\node_modules\\globals': 'E:\\smartparkingcopy\\ParkingApp\\node_modules\\.globals-OXxbgi0S',
1011 silly reify   'E:\\smartparkingcopy\\ParkingApp\\node_modules\\globalthis': 'E:\\smartparkingcopy\\ParkingApp\\node_modules\\.globalthis-hRZMN0lp',
1011 silly reify   'E:\\smartparkingcopy\\ParkingApp\\node_modules\\globby': 'E:\\smartparkingcopy\\ParkingApp\\node_modules\\.globby-hao6fY33',
1011 silly reify   'E:\\smartparkingcopy\\ParkingApp\\node_modules\\golden-fleece': 'E:\\smartparkingcopy\\ParkingApp\\node_modules\\.golden-fleece-aqHFCmaq',
1011 silly reify   'E:\\smartparkingcopy\\ParkingApp\\node_modules\\gopd': 'E:\\smartparkingcopy\\ParkingApp\\node_modules\\.gopd-aAI7z9ZB',
1011 silly reify   'E:\\smartparkingcopy\\ParkingApp\\node_modules\\graceful-fs': 'E:\\smartparkingcopy\\ParkingApp\\node_modules\\.graceful-fs-QOPfJKIX',
1011 silly reify   'E:\\smartparkingcopy\\ParkingApp\\node_modules\\gradle-to-js': 'E:\\smartparkingcopy\\ParkingApp\\node_modules\\.gradle-to-js-nPL9slBU',
1011 silly reify   'E:\\smartparkingcopy\\ParkingApp\\node_modules\\graphql': 'E:\\smartparkingcopy\\ParkingApp\\node_modules\\.graphql-sgq8RaSd',
1011 silly reify   'E:\\smartparkingcopy\\ParkingApp\\node_modules\\graphql-tag': 'E:\\smartparkingcopy\\ParkingApp\\node_modules\\.graphql-tag-CfThDcZz',
1011 silly reify   'E:\\smartparkingcopy\\ParkingApp\\node_modules\\has-bigints': 'E:\\smartparkingcopy\\ParkingApp\\node_modules\\.has-bigints-9wH5JMGP',
1011 silly reify   'E:\\smartparkingcopy\\ParkingApp\\node_modules\\has-flag': 'E:\\smartparkingcopy\\ParkingApp\\node_modules\\.has-flag-7OLAQ5vS',
1011 silly reify   'E:\\smartparkingcopy\\ParkingApp\\node_modules\\has-property-descriptors': 'E:\\smartparkingcopy\\ParkingApp\\node_modules\\.has-property-descriptors-Na0NMiYn',
1011 silly reify   'E:\\smartparkingcopy\\ParkingApp\\node_modules\\has-proto': 'E:\\smartparkingcopy\\ParkingApp\\node_modules\\.has-proto-Q4ma82EC',
1011 silly reify   'E:\\smartparkingcopy\\ParkingApp\\node_modules\\has-symbols': 'E:\\smartparkingcopy\\ParkingApp\\node_modules\\.has-symbols-oJabKRB5',
1011 silly reify   'E:\\smartparkingcopy\\ParkingApp\\node_modules\\has-tostringtag': 'E:\\smartparkingcopy\\ParkingApp\\node_modules\\.has-tostringtag-Haik9jC9',
1011 silly reify   'E:\\smartparkingcopy\\ParkingApp\\node_modules\\hasown': 'E:\\smartparkingcopy\\ParkingApp\\node_modules\\.hasown-OkWdOtGQ',
1011 silly reify   'E:\\smartparkingcopy\\ParkingApp\\node_modules\\hermes-estree': 'E:\\smartparkingcopy\\ParkingApp\\node_modules\\.hermes-estree-3lxNeYXG',
1011 silly reify   'E:\\smartparkingcopy\\ParkingApp\\node_modules\\hermes-parser': 'E:\\smartparkingcopy\\ParkingApp\\node_modules\\.hermes-parser-8rzNURft',
1011 silly reify   'E:\\smartparkingcopy\\ParkingApp\\node_modules\\hoist-non-react-statics': 'E:\\smartparkingcopy\\ParkingApp\\node_modules\\.hoist-non-react-statics-f2KXKN0a',
1011 silly reify   'E:\\smartparkingcopy\\ParkingApp\\node_modules\\hosted-git-info': 'E:\\smartparkingcopy\\ParkingApp\\node_modules\\.hosted-git-info-2avgsCWT',
1011 silly reify   'E:\\smartparkingcopy\\ParkingApp\\node_modules\\http-call': 'E:\\smartparkingcopy\\ParkingApp\\node_modules\\.http-call-9tdk8hlY',
1011 silly reify   'E:\\smartparkingcopy\\ParkingApp\\node_modules\\http-errors': 'E:\\smartparkingcopy\\ParkingApp\\node_modules\\.http-errors-QYuVak6c',
1011 silly reify   'E:\\smartparkingcopy\\ParkingApp\\node_modules\\https-proxy-agent': 'E:\\smartparkingcopy\\ParkingApp\\node_modules\\.https-proxy-agent-WKhS1cjv',
1011 silly reify   'E:\\smartparkingcopy\\ParkingApp\\node_modules\\hyperlinker': 'E:\\smartparkingcopy\\ParkingApp\\node_modules\\.hyperlinker-vBIrBCL1',
1011 silly reify   'E:\\smartparkingcopy\\ParkingApp\\node_modules\\hyphenate-style-name': 'E:\\smartparkingcopy\\ParkingApp\\node_modules\\.hyphenate-style-name-EVcNeVfx',
1011 silly reify   'E:\\smartparkingcopy\\ParkingApp\\node_modules\\ieee754': 'E:\\smartparkingcopy\\ParkingApp\\node_modules\\.ieee754-0bgOUP9k',
1011 silly reify   'E:\\smartparkingcopy\\ParkingApp\\node_modules\\ignore': 'E:\\smartparkingcopy\\ParkingApp\\node_modules\\.ignore-Zjey4qaE',
1011 silly reify   'E:\\smartparkingcopy\\ParkingApp\\node_modules\\image-size': 'E:\\smartparkingcopy\\ParkingApp\\node_modules\\.image-size-tbw6N7o9',
1011 silly reify   'E:\\smartparkingcopy\\ParkingApp\\node_modules\\import-fresh': 'E:\\smartparkingcopy\\ParkingApp\\node_modules\\.import-fresh-a348VEZ4',
1011 silly reify   'E:\\smartparkingcopy\\ParkingApp\\node_modules\\imurmurhash': 'E:\\smartparkingcopy\\ParkingApp\\node_modules\\.imurmurhash-7nIEe2Mj',
1011 silly reify   'E:\\smartparkingcopy\\ParkingApp\\node_modules\\indent-string': 'E:\\smartparkingcopy\\ParkingApp\\node_modules\\.indent-string-Y6t8KajU',
1011 silly reify   'E:\\smartparkingcopy\\ParkingApp\\node_modules\\inflight': 'E:\\smartparkingcopy\\ParkingApp\\node_modules\\.inflight-5cCp4MYY',
1011 silly reify   'E:\\smartparkingcopy\\ParkingApp\\node_modules\\inherits': 'E:\\smartparkingcopy\\ParkingApp\\node_modules\\.inherits-5syrQzcJ',
1011 silly reify   'E:\\smartparkingcopy\\ParkingApp\\node_modules\\ini': 'E:\\smartparkingcopy\\ParkingApp\\node_modules\\.ini-lGHSz8bw',
1011 silly reify   'E:\\smartparkingcopy\\ParkingApp\\node_modules\\inline-style-prefixer': 'E:\\smartparkingcopy\\ParkingApp\\node_modules\\.inline-style-prefixer-vRQj1ed6',
1011 silly reify   'E:\\smartparkingcopy\\ParkingApp\\node_modules\\internal-slot': 'E:\\smartparkingcopy\\ParkingApp\\node_modules\\.internal-slot-J8WikNOf',
1011 silly reify   'E:\\smartparkingcopy\\ParkingApp\\node_modules\\invariant': 'E:\\smartparkingcopy\\ParkingApp\\node_modules\\.invariant-uVkC2sqC',
1011 silly reify   'E:\\smartparkingcopy\\ParkingApp\\node_modules\\is-array-buffer': 'E:\\smartparkingcopy\\ParkingApp\\node_modules\\.is-array-buffer-LmqUUebM',
1011 silly reify   'E:\\smartparkingcopy\\ParkingApp\\node_modules\\is-arrayish': 'E:\\smartparkingcopy\\ParkingApp\\node_modules\\.is-arrayish-8Nk6qLSo',
1011 silly reify   'E:\\smartparkingcopy\\ParkingApp\\node_modules\\is-async-function': 'E:\\smartparkingcopy\\ParkingApp\\node_modules\\.is-async-function-AnXpUfBe',
1011 silly reify   'E:\\smartparkingcopy\\ParkingApp\\node_modules\\is-bigint': 'E:\\smartparkingcopy\\ParkingApp\\node_modules\\.is-bigint-Op5WZN1q',
1011 silly reify   'E:\\smartparkingcopy\\ParkingApp\\node_modules\\is-boolean-object': 'E:\\smartparkingcopy\\ParkingApp\\node_modules\\.is-boolean-object-GGza3Fk6',
1011 silly reify   'E:\\smartparkingcopy\\ParkingApp\\node_modules\\is-buffer': 'E:\\smartparkingcopy\\ParkingApp\\node_modules\\.is-buffer-RAU8CggM',
1011 silly reify   'E:\\smartparkingcopy\\ParkingApp\\node_modules\\is-bun-module': 'E:\\smartparkingcopy\\ParkingApp\\node_modules\\.is-bun-module-I1Hddx0o',
1011 silly reify   'E:\\smartparkingcopy\\ParkingApp\\node_modules\\is-callable': 'E:\\smartparkingcopy\\ParkingApp\\node_modules\\.is-callable-b5dIcGbJ',
1011 silly reify   'E:\\smartparkingcopy\\ParkingApp\\node_modules\\is-core-module': 'E:\\smartparkingcopy\\ParkingApp\\node_modules\\.is-core-module-5XWMBcNY',
1011 silly reify   'E:\\smartparkingcopy\\ParkingApp\\node_modules\\is-data-view': 'E:\\smartparkingcopy\\ParkingApp\\node_modules\\.is-data-view-OZMXBjK3',
1011 silly reify   'E:\\smartparkingcopy\\ParkingApp\\node_modules\\is-date-object': 'E:\\smartparkingcopy\\ParkingApp\\node_modules\\.is-date-object-espfdcqe',
1011 silly reify   'E:\\smartparkingcopy\\ParkingApp\\node_modules\\is-docker': 'E:\\smartparkingcopy\\ParkingApp\\node_modules\\.is-docker-765n2ENp',
1011 silly reify   'E:\\smartparkingcopy\\ParkingApp\\node_modules\\is-extglob': 'E:\\smartparkingcopy\\ParkingApp\\node_modules\\.is-extglob-hCH6yuwR',
1011 silly reify   'E:\\smartparkingcopy\\ParkingApp\\node_modules\\is-finalizationregistry': 'E:\\smartparkingcopy\\ParkingApp\\node_modules\\.is-finalizationregistry-F6hBHWae',
1011 silly reify   'E:\\smartparkingcopy\\ParkingApp\\node_modules\\is-fullwidth-code-point': 'E:\\smartparkingcopy\\ParkingApp\\node_modules\\.is-fullwidth-code-point-FhSwQyNr',
1011 silly reify   'E:\\smartparkingcopy\\ParkingApp\\node_modules\\is-generator-function': 'E:\\smartparkingcopy\\ParkingApp\\node_modules\\.is-generator-function-hbxhWtn4',
1011 silly reify   'E:\\smartparkingcopy\\ParkingApp\\node_modules\\is-glob': 'E:\\smartparkingcopy\\ParkingApp\\node_modules\\.is-glob-6fSN7zFG',
1011 silly reify   'E:\\smartparkingcopy\\ParkingApp\\node_modules\\is-interactive': 'E:\\smartparkingcopy\\ParkingApp\\node_modules\\.is-interactive-WKHtBblJ',
1011 silly reify   'E:\\smartparkingcopy\\ParkingApp\\node_modules\\is-map': 'E:\\smartparkingcopy\\ParkingApp\\node_modules\\.is-map-gjdqsZTB',
1011 silly reify   'E:\\smartparkingcopy\\ParkingApp\\node_modules\\is-negative-zero': 'E:\\smartparkingcopy\\ParkingApp\\node_modules\\.is-negative-zero-WQqGsI94',
1011 silly reify   'E:\\smartparkingcopy\\ParkingApp\\node_modules\\is-number': 'E:\\smartparkingcopy\\ParkingApp\\node_modules\\.is-number-lgVniVph',
1011 silly reify   'E:\\smartparkingcopy\\ParkingApp\\node_modules\\is-number-object': 'E:\\smartparkingcopy\\ParkingApp\\node_modules\\.is-number-object-SN70EspI',
1011 silly reify   'E:\\smartparkingcopy\\ParkingApp\\node_modules\\is-plain-obj': 'E:\\smartparkingcopy\\ParkingApp\\node_modules\\.is-plain-obj-Rq0r8Wm9',
1011 silly reify   'E:\\smartparkingcopy\\ParkingApp\\node_modules\\is-regex': 'E:\\smartparkingcopy\\ParkingApp\\node_modules\\.is-regex-kHT0dwMe',
1011 silly reify   'E:\\smartparkingcopy\\ParkingApp\\node_modules\\is-retry-allowed': 'E:\\smartparkingcopy\\ParkingApp\\node_modules\\.is-retry-allowed-uxZyTOYk',
1011 silly reify   'E:\\smartparkingcopy\\ParkingApp\\node_modules\\is-set': 'E:\\smartparkingcopy\\ParkingApp\\node_modules\\.is-set-f3uw4S92',
1011 silly reify   'E:\\smartparkingcopy\\ParkingApp\\node_modules\\is-shared-array-buffer': 'E:\\smartparkingcopy\\ParkingApp\\node_modules\\.is-shared-array-buffer-3xEvwurj',
1011 silly reify   'E:\\smartparkingcopy\\ParkingApp\\node_modules\\is-stream': 'E:\\smartparkingcopy\\ParkingApp\\node_modules\\.is-stream-HveydK99',
1011 silly reify   'E:\\smartparkingcopy\\ParkingApp\\node_modules\\is-string': 'E:\\smartparkingcopy\\ParkingApp\\node_modules\\.is-string-nwUPqQVj',
1011 silly reify   'E:\\smartparkingcopy\\ParkingApp\\node_modules\\is-symbol': 'E:\\smartparkingcopy\\ParkingApp\\node_modules\\.is-symbol-KQ5B8mXf',
1011 silly reify   'E:\\smartparkingcopy\\ParkingApp\\node_modules\\is-typed-array': 'E:\\smartparkingcopy\\ParkingApp\\node_modules\\.is-typed-array-Vhvw42oV',
1011 silly reify   'E:\\smartparkingcopy\\ParkingApp\\node_modules\\is-unicode-supported': 'E:\\smartparkingcopy\\ParkingApp\\node_modules\\.is-unicode-supported-US39CbHg',
1011 silly reify   'E:\\smartparkingcopy\\ParkingApp\\node_modules\\is-weakmap': 'E:\\smartparkingcopy\\ParkingApp\\node_modules\\.is-weakmap-VQd2O6Jw',
1011 silly reify   'E:\\smartparkingcopy\\ParkingApp\\node_modules\\is-weakref': 'E:\\smartparkingcopy\\ParkingApp\\node_modules\\.is-weakref-T8rEffCV',
1011 silly reify   'E:\\smartparkingcopy\\ParkingApp\\node_modules\\is-weakset': 'E:\\smartparkingcopy\\ParkingApp\\node_modules\\.is-weakset-e48MNke6',
1011 silly reify   'E:\\smartparkingcopy\\ParkingApp\\node_modules\\is-wsl': 'E:\\smartparkingcopy\\ParkingApp\\node_modules\\.is-wsl-kNmNDkDP',
1011 silly reify   'E:\\smartparkingcopy\\ParkingApp\\node_modules\\isarray': 'E:\\smartparkingcopy\\ParkingApp\\node_modules\\.isarray-0QsFO965',
1011 silly reify   'E:\\smartparkingcopy\\ParkingApp\\node_modules\\isexe': 'E:\\smartparkingcopy\\ParkingApp\\node_modules\\.isexe-zlX7P5dk',
1011 silly reify   'E:\\smartparkingcopy\\ParkingApp\\node_modules\\istanbul-lib-coverage': 'E:\\smartparkingcopy\\ParkingApp\\node_modules\\.istanbul-lib-coverage-dVYCLElQ',
1011 silly reify   'E:\\smartparkingcopy\\ParkingApp\\node_modules\\istanbul-lib-instrument': 'E:\\smartparkingcopy\\ParkingApp\\node_modules\\.istanbul-lib-instrument-f93kNcn0',
1011 silly reify   'E:\\smartparkingcopy\\ParkingApp\\node_modules\\iterator.prototype': 'E:\\smartparkingcopy\\ParkingApp\\node_modules\\.iterator.prototype-2CgXPilT',
1011 silly reify   'E:\\smartparkingcopy\\ParkingApp\\node_modules\\jackspeak': 'E:\\smartparkingcopy\\ParkingApp\\node_modules\\.jackspeak-z33a1WwL',
1011 silly reify   'E:\\smartparkingcopy\\ParkingApp\\node_modules\\jake': 'E:\\smartparkingcopy\\ParkingApp\\node_modules\\.jake-ey6sslWZ',
1011 silly reify   'E:\\smartparkingcopy\\ParkingApp\\node_modules\\jest-environment-node': 'E:\\smartparkingcopy\\ParkingApp\\node_modules\\.jest-environment-node-8B5mLy7Y',
1011 silly reify   'E:\\smartparkingcopy\\ParkingApp\\node_modules\\jest-get-type': 'E:\\smartparkingcopy\\ParkingApp\\node_modules\\.jest-get-type-A5dgFkPm',
1011 silly reify   'E:\\smartparkingcopy\\ParkingApp\\node_modules\\jest-haste-map': 'E:\\smartparkingcopy\\ParkingApp\\node_modules\\.jest-haste-map-WgdSHtaU',
1011 silly reify   'E:\\smartparkingcopy\\ParkingApp\\node_modules\\jest-message-util': 'E:\\smartparkingcopy\\ParkingApp\\node_modules\\.jest-message-util-FTkZxaK5',
1011 silly reify   'E:\\smartparkingcopy\\ParkingApp\\node_modules\\jest-mock': 'E:\\smartparkingcopy\\ParkingApp\\node_modules\\.jest-mock-pi3hwNFl',
1011 silly reify   'E:\\smartparkingcopy\\ParkingApp\\node_modules\\jest-regex-util': 'E:\\smartparkingcopy\\ParkingApp\\node_modules\\.jest-regex-util-RMIxpGh4',
1011 silly reify   'E:\\smartparkingcopy\\ParkingApp\\node_modules\\jest-util': 'E:\\smartparkingcopy\\ParkingApp\\node_modules\\.jest-util-fTuGSt61',
1011 silly reify   'E:\\smartparkingcopy\\ParkingApp\\node_modules\\jest-validate': 'E:\\smartparkingcopy\\ParkingApp\\node_modules\\.jest-validate-ASKDJtD3',
1011 silly reify   'E:\\smartparkingcopy\\ParkingApp\\node_modules\\jest-worker': 'E:\\smartparkingcopy\\ParkingApp\\node_modules\\.jest-worker-EhyJlUL1',
1011 silly reify   'E:\\smartparkingcopy\\ParkingApp\\node_modules\\jimp-compact': 'E:\\smartparkingcopy\\ParkingApp\\node_modules\\.jimp-compact-7w6PDtex',
1011 silly reify   'E:\\smartparkingcopy\\ParkingApp\\node_modules\\jks-js': 'E:\\smartparkingcopy\\ParkingApp\\node_modules\\.jks-js-OIMiJIOe',
1011 silly reify   'E:\\smartparkingcopy\\ParkingApp\\node_modules\\joi': 'E:\\smartparkingcopy\\ParkingApp\\node_modules\\.joi-QXAtTnfo',
1011 silly reify   'E:\\smartparkingcopy\\ParkingApp\\node_modules\\join-component': 'E:\\smartparkingcopy\\ParkingApp\\node_modules\\.join-component-tFs9DEmj',
1011 silly reify   'E:\\smartparkingcopy\\ParkingApp\\node_modules\\js-tokens': 'E:\\smartparkingcopy\\ParkingApp\\node_modules\\.js-tokens-Esd1bFqP',
1011 silly reify   'E:\\smartparkingcopy\\ParkingApp\\node_modules\\js-yaml': 'E:\\smartparkingcopy\\ParkingApp\\node_modules\\.js-yaml-MDEKI6FE',
1011 silly reify   'E:\\smartparkingcopy\\ParkingApp\\node_modules\\jsc-safe-url': 'E:\\smartparkingcopy\\ParkingApp\\node_modules\\.jsc-safe-url-ht8bmqLf',
1011 silly reify   'E:\\smartparkingcopy\\ParkingApp\\node_modules\\jsep': 'E:\\smartparkingcopy\\ParkingApp\\node_modules\\.jsep-IIoftkY1',
1011 silly reify   'E:\\smartparkingcopy\\ParkingApp\\node_modules\\jsesc': 'E:\\smartparkingcopy\\ParkingApp\\node_modules\\.jsesc-yyyQTZ9z',
1011 silly reify   'E:\\smartparkingcopy\\ParkingApp\\node_modules\\json-buffer': 'E:\\smartparkingcopy\\ParkingApp\\node_modules\\.json-buffer-n2rEO2Rw',
1011 silly reify   'E:\\smartparkingcopy\\ParkingApp\\node_modules\\json-parse-better-errors': 'E:\\smartparkingcopy\\ParkingApp\\node_modules\\.json-parse-better-errors-boXaceuD',
1011 silly reify   'E:\\smartparkingcopy\\ParkingApp\\node_modules\\json-schema-traverse': 'E:\\smartparkingcopy\\ParkingApp\\node_modules\\.json-schema-traverse-I5lRQnp9',
1011 silly reify   'E:\\smartparkingcopy\\ParkingApp\\node_modules\\json-stable-stringify-without-jsonify': 'E:\\smartparkingcopy\\ParkingApp\\node_modules\\.json-stable-stringify-without-jsonify-KmU37F77',
1011 silly reify   'E:\\smartparkingcopy\\ParkingApp\\node_modules\\json5': 'E:\\smartparkingcopy\\ParkingApp\\node_modules\\.json5-HJUPpvQZ',
1011 silly reify   'E:\\smartparkingcopy\\ParkingApp\\node_modules\\jsonfile': 'E:\\smartparkingcopy\\ParkingApp\\node_modules\\.jsonfile-3HOprl3S',
1011 silly reify   'E:\\smartparkingcopy\\ParkingApp\\node_modules\\jsx-ast-utils': 'E:\\smartparkingcopy\\ParkingApp\\node_modules\\.jsx-ast-utils-XTx96g2K',
1011 silly reify   'E:\\smartparkingcopy\\ParkingApp\\node_modules\\keychain': 'E:\\smartparkingcopy\\ParkingApp\\node_modules\\.keychain-DPmtoRVL',
1011 silly reify   'E:\\smartparkingcopy\\ParkingApp\\node_modules\\keyv': 'E:\\smartparkingcopy\\ParkingApp\\node_modules\\.keyv-EbaJWsC2',
1011 silly reify   'E:\\smartparkingcopy\\ParkingApp\\node_modules\\kleur': 'E:\\smartparkingcopy\\ParkingApp\\node_modules\\.kleur-ZgNJaOk0',
1011 silly reify   'E:\\smartparkingcopy\\ParkingApp\\node_modules\\lan-network': 'E:\\smartparkingcopy\\ParkingApp\\node_modules\\.lan-network-ujnyq0hf',
1011 silly reify   'E:\\smartparkingcopy\\ParkingApp\\node_modules\\leven': 'E:\\smartparkingcopy\\ParkingApp\\node_modules\\.leven-yriiSMFE',
1011 silly reify   'E:\\smartparkingcopy\\ParkingApp\\node_modules\\levn': 'E:\\smartparkingcopy\\ParkingApp\\node_modules\\.levn-FQaodxSK',
1011 silly reify   'E:\\smartparkingcopy\\ParkingApp\\node_modules\\lighthouse-logger': 'E:\\smartparkingcopy\\ParkingApp\\node_modules\\.lighthouse-logger-4CuFWufX',
1011 silly reify   'E:\\smartparkingcopy\\ParkingApp\\node_modules\\lightningcss': 'E:\\smartparkingcopy\\ParkingApp\\node_modules\\.lightningcss-gxKn6fnD',
1011 silly reify   'E:\\smartparkingcopy\\ParkingApp\\node_modules\\lightningcss-android-arm64': 'E:\\smartparkingcopy\\ParkingApp\\node_modules\\.lightningcss-android-arm64-cXXJCSVn',
1011 silly reify   'E:\\smartparkingcopy\\ParkingApp\\node_modules\\lightningcss-darwin-arm64': 'E:\\smartparkingcopy\\ParkingApp\\node_modules\\.lightningcss-darwin-arm64-erO48cHB',
1011 silly reify   'E:\\smartparkingcopy\\ParkingApp\\node_modules\\lightningcss-darwin-x64': 'E:\\smartparkingcopy\\ParkingApp\\node_modules\\.lightningcss-darwin-x64-X5fvfe48',
1011 silly reify   'E:\\smartparkingcopy\\ParkingApp\\node_modules\\lightningcss-freebsd-x64': 'E:\\smartparkingcopy\\ParkingApp\\node_modules\\.lightningcss-freebsd-x64-RXZsOcUj',
1011 silly reify   'E:\\smartparkingcopy\\ParkingApp\\node_modules\\lightningcss-linux-arm-gnueabihf': 'E:\\smartparkingcopy\\ParkingApp\\node_modules\\.lightningcss-linux-arm-gnueabihf-rRf82OjB',
1011 silly reify   'E:\\smartparkingcopy\\ParkingApp\\node_modules\\lightningcss-linux-arm64-gnu': 'E:\\smartparkingcopy\\ParkingApp\\node_modules\\.lightningcss-linux-arm64-gnu-W2B4PaeA',
1011 silly reify   'E:\\smartparkingcopy\\ParkingApp\\node_modules\\lightningcss-linux-arm64-musl': 'E:\\smartparkingcopy\\ParkingApp\\node_modules\\.lightningcss-linux-arm64-musl-zS6geuoh',
1011 silly reify   'E:\\smartparkingcopy\\ParkingApp\\node_modules\\lightningcss-linux-x64-gnu': 'E:\\smartparkingcopy\\ParkingApp\\node_modules\\.lightningcss-linux-x64-gnu-DxVgLlTt',
1011 silly reify   'E:\\smartparkingcopy\\ParkingApp\\node_modules\\lightningcss-linux-x64-musl': 'E:\\smartparkingcopy\\ParkingApp\\node_modules\\.lightningcss-linux-x64-musl-JEsXOThC',
1011 silly reify   'E:\\smartparkingcopy\\ParkingApp\\node_modules\\lightningcss-win32-arm64-msvc': 'E:\\smartparkingcopy\\ParkingApp\\node_modules\\.lightningcss-win32-arm64-msvc-0qtoiAUI',
1011 silly reify   'E:\\smartparkingcopy\\ParkingApp\\node_modules\\lightningcss-win32-x64-msvc': 'E:\\smartparkingcopy\\ParkingApp\\node_modules\\.lightningcss-win32-x64-msvc-NJaezuJz',
1011 silly reify   'E:\\smartparkingcopy\\ParkingApp\\node_modules\\lilconfig': 'E:\\smartparkingcopy\\ParkingApp\\node_modules\\.lilconfig-ykMb1UiL',
1011 silly reify   'E:\\smartparkingcopy\\ParkingApp\\node_modules\\lines-and-columns': 'E:\\smartparkingcopy\\ParkingApp\\node_modules\\.lines-and-columns-zSTF62Yw',
1011 silly reify   'E:\\smartparkingcopy\\ParkingApp\\node_modules\\locate-path': 'E:\\smartparkingcopy\\ParkingApp\\node_modules\\.locate-path-PjE92z90',
1011 silly reify   'E:\\smartparkingcopy\\ParkingApp\\node_modules\\lodash.clonedeep': 'E:\\smartparkingcopy\\ParkingApp\\node_modules\\.lodash.clonedeep-E4U9d2tL',
1011 silly reify   'E:\\smartparkingcopy\\ParkingApp\\node_modules\\lodash.debounce': 'E:\\smartparkingcopy\\ParkingApp\\node_modules\\.lodash.debounce-quRg3p4M',
1011 silly reify   'E:\\smartparkingcopy\\ParkingApp\\node_modules\\lodash.get': 'E:\\smartparkingcopy\\ParkingApp\\node_modules\\.lodash.get-8SLc22hw',
1011 silly reify   'E:\\smartparkingcopy\\ParkingApp\\node_modules\\lodash.merge': 'E:\\smartparkingcopy\\ParkingApp\\node_modules\\.lodash.merge-B7subMze',
1011 silly reify   'E:\\smartparkingcopy\\ParkingApp\\node_modules\\lodash.throttle': 'E:\\smartparkingcopy\\ParkingApp\\node_modules\\.lodash.throttle-K7ecS0tP',
1011 silly reify   'E:\\smartparkingcopy\\ParkingApp\\node_modules\\log-symbols': 'E:\\smartparkingcopy\\ParkingApp\\node_modules\\.log-symbols-UzwjTniV',
1011 silly reify   'E:\\smartparkingcopy\\ParkingApp\\node_modules\\loose-envify': 'E:\\smartparkingcopy\\ParkingApp\\node_modules\\.loose-envify-XnU4qv0f',
1011 silly reify   'E:\\smartparkingcopy\\ParkingApp\\node_modules\\lru-cache': 'E:\\smartparkingcopy\\ParkingApp\\node_modules\\.lru-cache-J5AEZIE5',
1011 silly reify   'E:\\smartparkingcopy\\ParkingApp\\node_modules\\make-error': 'E:\\smartparkingcopy\\ParkingApp\\node_modules\\.make-error-bklXBT3g',
1011 silly reify   'E:\\smartparkingcopy\\ParkingApp\\node_modules\\makeerror': 'E:\\smartparkingcopy\\ParkingApp\\node_modules\\.makeerror-eOst8Ezj',
1011 silly reify   'E:\\smartparkingcopy\\ParkingApp\\node_modules\\marky': 'E:\\smartparkingcopy\\ParkingApp\\node_modules\\.marky-3dza1Rtx',
1011 silly reify   'E:\\smartparkingcopy\\ParkingApp\\node_modules\\math-intrinsics': 'E:\\smartparkingcopy\\ParkingApp\\node_modules\\.math-intrinsics-g1G6CpQo',
1011 silly reify   'E:\\smartparkingcopy\\ParkingApp\\node_modules\\md5': 'E:\\smartparkingcopy\\ParkingApp\\node_modules\\.md5-PhhT5Uob',
1011 silly reify   'E:\\smartparkingcopy\\ParkingApp\\node_modules\\mdn-data': 'E:\\smartparkingcopy\\ParkingApp\\node_modules\\.mdn-data-cEHlTLIE',
1011 silly reify   'E:\\smartparkingcopy\\ParkingApp\\node_modules\\memoize-one': 'E:\\smartparkingcopy\\ParkingApp\\node_modules\\.memoize-one-sE2rV8o2',
1011 silly reify   'E:\\smartparkingcopy\\ParkingApp\\node_modules\\merge-options': 'E:\\smartparkingcopy\\ParkingApp\\node_modules\\.merge-options-DnWK29BE',
1011 silly reify   'E:\\smartparkingcopy\\ParkingApp\\node_modules\\merge-stream': 'E:\\smartparkingcopy\\ParkingApp\\node_modules\\.merge-stream-dDGSYaAR',
1011 silly reify   'E:\\smartparkingcopy\\ParkingApp\\node_modules\\merge2': 'E:\\smartparkingcopy\\ParkingApp\\node_modules\\.merge2-5ufwdl9Z',
1011 silly reify   'E:\\smartparkingcopy\\ParkingApp\\node_modules\\metro': 'E:\\smartparkingcopy\\ParkingApp\\node_modules\\.metro-iI2PfJAM',
1011 silly reify   'E:\\smartparkingcopy\\ParkingApp\\node_modules\\metro-babel-transformer': 'E:\\smartparkingcopy\\ParkingApp\\node_modules\\.metro-babel-transformer-VETIDf93',
1011 silly reify   'E:\\smartparkingcopy\\ParkingApp\\node_modules\\metro-cache': 'E:\\smartparkingcopy\\ParkingApp\\node_modules\\.metro-cache-rVzHEtXv',
1011 silly reify   'E:\\smartparkingcopy\\ParkingApp\\node_modules\\metro-cache-key': 'E:\\smartparkingcopy\\ParkingApp\\node_modules\\.metro-cache-key-16jz6Wu1',
1011 silly reify   'E:\\smartparkingcopy\\ParkingApp\\node_modules\\metro-config': 'E:\\smartparkingcopy\\ParkingApp\\node_modules\\.metro-config-DncFnfme',
1011 silly reify   'E:\\smartparkingcopy\\ParkingApp\\node_modules\\metro-core': 'E:\\smartparkingcopy\\ParkingApp\\node_modules\\.metro-core-vCQRHNc2',
1011 silly reify   'E:\\smartparkingcopy\\ParkingApp\\node_modules\\metro-file-map': 'E:\\smartparkingcopy\\ParkingApp\\node_modules\\.metro-file-map-nki0uZ7H',
1011 silly reify   'E:\\smartparkingcopy\\ParkingApp\\node_modules\\metro-minify-terser': 'E:\\smartparkingcopy\\ParkingApp\\node_modules\\.metro-minify-terser-4jfJSVnr',
1011 silly reify   'E:\\smartparkingcopy\\ParkingApp\\node_modules\\metro-resolver': 'E:\\smartparkingcopy\\ParkingApp\\node_modules\\.metro-resolver-GqazLW5u',
1011 silly reify   'E:\\smartparkingcopy\\ParkingApp\\node_modules\\metro-runtime': 'E:\\smartparkingcopy\\ParkingApp\\node_modules\\.metro-runtime-dCmxU5SI',
1011 silly reify   'E:\\smartparkingcopy\\ParkingApp\\node_modules\\metro-source-map': 'E:\\smartparkingcopy\\ParkingApp\\node_modules\\.metro-source-map-eQIujhjb',
1011 silly reify   'E:\\smartparkingcopy\\ParkingApp\\node_modules\\metro-symbolicate': 'E:\\smartparkingcopy\\ParkingApp\\node_modules\\.metro-symbolicate-ZaCceP2U',
1011 silly reify   'E:\\smartparkingcopy\\ParkingApp\\node_modules\\metro-transform-plugins': 'E:\\smartparkingcopy\\ParkingApp\\node_modules\\.metro-transform-plugins-LRxou0Qj',
1011 silly reify   'E:\\smartparkingcopy\\ParkingApp\\node_modules\\metro-transform-worker': 'E:\\smartparkingcopy\\ParkingApp\\node_modules\\.metro-transform-worker-27k39NKs',
1011 silly reify   'E:\\smartparkingcopy\\ParkingApp\\node_modules\\micromatch': 'E:\\smartparkingcopy\\ParkingApp\\node_modules\\.micromatch-TOdThGQL',
1011 silly reify   'E:\\smartparkingcopy\\ParkingApp\\node_modules\\mime': 'E:\\smartparkingcopy\\ParkingApp\\node_modules\\.mime-XDMbxkUl',
1011 silly reify   'E:\\smartparkingcopy\\ParkingApp\\node_modules\\mime-db': 'E:\\smartparkingcopy\\ParkingApp\\node_modules\\.mime-db-5qhPZASG',
1011 silly reify   'E:\\smartparkingcopy\\ParkingApp\\node_modules\\mime-types': 'E:\\smartparkingcopy\\ParkingApp\\node_modules\\.mime-types-QlM9NNLg',
1011 silly reify   'E:\\smartparkingcopy\\ParkingApp\\node_modules\\mimic-fn': 'E:\\smartparkingcopy\\ParkingApp\\node_modules\\.mimic-fn-810nwGf8',
1011 silly reify   'E:\\smartparkingcopy\\ParkingApp\\node_modules\\minimatch': 'E:\\smartparkingcopy\\ParkingApp\\node_modules\\.minimatch-uBXIIHeu',
1011 silly reify   'E:\\smartparkingcopy\\ParkingApp\\node_modules\\minimist': 'E:\\smartparkingcopy\\ParkingApp\\node_modules\\.minimist-x8DjhYuV',
1011 silly reify   'E:\\smartparkingcopy\\ParkingApp\\node_modules\\minipass': 'E:\\smartparkingcopy\\ParkingApp\\node_modules\\.minipass-I93Nj4pH',
1011 silly reify   'E:\\smartparkingcopy\\ParkingApp\\node_modules\\minizlib': 'E:\\smartparkingcopy\\ParkingApp\\node_modules\\.minizlib-skjyzzR2',
1011 silly reify   'E:\\smartparkingcopy\\ParkingApp\\node_modules\\mkdirp': 'E:\\smartparkingcopy\\ParkingApp\\node_modules\\.mkdirp-y20NiEP7',
1011 silly reify   'E:\\smartparkingcopy\\ParkingApp\\node_modules\\moment': 'E:\\smartparkingcopy\\ParkingApp\\node_modules\\.moment-ThgGWOcC',
1011 silly reify   'E:\\smartparkingcopy\\ParkingApp\\node_modules\\ms': 'E:\\smartparkingcopy\\ParkingApp\\node_modules\\.ms-c4oz32Cp',
1011 silly reify   'E:\\smartparkingcopy\\ParkingApp\\node_modules\\multipasta': 'E:\\smartparkingcopy\\ParkingApp\\node_modules\\.multipasta-hqIujHk4',
1011 silly reify   'E:\\smartparkingcopy\\ParkingApp\\node_modules\\mute-stream': 'E:\\smartparkingcopy\\ParkingApp\\node_modules\\.mute-stream-KgGF5Cqv',
1011 silly reify   'E:\\smartparkingcopy\\ParkingApp\\node_modules\\mv': 'E:\\smartparkingcopy\\ParkingApp\\node_modules\\.mv-0dmVjLWu',
1011 silly reify   'E:\\smartparkingcopy\\ParkingApp\\node_modules\\mz': 'E:\\smartparkingcopy\\ParkingApp\\node_modules\\.mz-oItYiHds',
1011 silly reify   'E:\\smartparkingcopy\\ParkingApp\\node_modules\\nanoid': 'E:\\smartparkingcopy\\ParkingApp\\node_modules\\.nanoid-Ka3t1sNK',
1011 silly reify   'E:\\smartparkingcopy\\ParkingApp\\node_modules\\napi-postinstall': 'E:\\smartparkingcopy\\ParkingApp\\node_modules\\.napi-postinstall-eYPdpZKS',
1011 silly reify   'E:\\smartparkingcopy\\ParkingApp\\node_modules\\nan': 'E:\\smartparkingcopy\\ParkingApp\\node_modules\\.nan-EcSESY9Z',
1011 silly reify   'E:\\smartparkingcopy\\ParkingApp\\node_modules\\natural-compare': 'E:\\smartparkingcopy\\ParkingApp\\node_modules\\.natural-compare-JPTl561k',
1011 silly reify   'E:\\smartparkingcopy\\ParkingApp\\node_modules\\natural-orderby': 'E:\\smartparkingcopy\\ParkingApp\\node_modules\\.natural-orderby-DyKoh2IW',
1011 silly reify   'E:\\smartparkingcopy\\ParkingApp\\node_modules\\ncp': 'E:\\smartparkingcopy\\ParkingApp\\node_modules\\.ncp-fEUuwVc2',
1011 silly reify   'E:\\smartparkingcopy\\ParkingApp\\node_modules\\negotiator': 'E:\\smartparkingcopy\\ParkingApp\\node_modules\\.negotiator-3CQPrpGw',
1011 silly reify   'E:\\smartparkingcopy\\ParkingApp\\node_modules\\nested-error-stacks': 'E:\\smartparkingcopy\\ParkingApp\\node_modules\\.nested-error-stacks-J5HeVXOu',
1011 silly reify   'E:\\smartparkingcopy\\ParkingApp\\node_modules\\node-exports-info': 'E:\\smartparkingcopy\\ParkingApp\\node_modules\\.node-exports-info-KL3UnEih',
1011 silly reify   'E:\\smartparkingcopy\\ParkingApp\\node_modules\\node-fetch': 'E:\\smartparkingcopy\\ParkingApp\\node_modules\\.node-fetch-7wzObdLS',
1011 silly reify   'E:\\smartparkingcopy\\ParkingApp\\node_modules\\node-forge': 'E:\\smartparkingcopy\\ParkingApp\\node_modules\\.node-forge-12VwpjZV',
1011 silly reify   'E:\\smartparkingcopy\\ParkingApp\\node_modules\\node-int64': 'E:\\smartparkingcopy\\ParkingApp\\node_modules\\.node-int64-qGQXcEw1',
1011 silly reify   'E:\\smartparkingcopy\\ParkingApp\\node_modules\\node-releases': 'E:\\smartparkingcopy\\ParkingApp\\node_modules\\.node-releases-VFLQNOvq',
1011 silly reify   'E:\\smartparkingcopy\\ParkingApp\\node_modules\\node-rsa': 'E:\\smartparkingcopy\\ParkingApp\\node_modules\\.node-rsa-UIRQ8cXG',
1011 silly reify   'E:\\smartparkingcopy\\ParkingApp\\node_modules\\node-stream-zip': 'E:\\smartparkingcopy\\ParkingApp\\node_modules\\.node-stream-zip-5t1clmOp',
1011 silly reify   'E:\\smartparkingcopy\\ParkingApp\\node_modules\\normalize-path': 'E:\\smartparkingcopy\\ParkingApp\\node_modules\\.normalize-path-SI4UGgM7',
1011 silly reify   'E:\\smartparkingcopy\\ParkingApp\\node_modules\\npm-package-arg': 'E:\\smartparkingcopy\\ParkingApp\\node_modules\\.npm-package-arg-jtY1c6RX',
1011 silly reify   'E:\\smartparkingcopy\\ParkingApp\\node_modules\\nth-check': 'E:\\smartparkingcopy\\ParkingApp\\node_modules\\.nth-check-6sGkwm0y',
1011 silly reify   'E:\\smartparkingcopy\\ParkingApp\\node_modules\\nullthrows': 'E:\\smartparkingcopy\\ParkingApp\\node_modules\\.nullthrows-CQYq2ba4',
1011 silly reify   'E:\\smartparkingcopy\\ParkingApp\\node_modules\\ob1': 'E:\\smartparkingcopy\\ParkingApp\\node_modules\\.ob1-1RFsn41n',
1011 silly reify   'E:\\smartparkingcopy\\ParkingApp\\node_modules\\object-assign': 'E:\\smartparkingcopy\\ParkingApp\\node_modules\\.object-assign-hi2tJ5i8',
1011 silly reify   'E:\\smartparkingcopy\\ParkingApp\\node_modules\\object-inspect': 'E:\\smartparkingcopy\\ParkingApp\\node_modules\\.object-inspect-qhnnH6ot',
1011 silly reify   'E:\\smartparkingcopy\\ParkingApp\\node_modules\\object-keys': 'E:\\smartparkingcopy\\ParkingApp\\node_modules\\.object-keys-VxTNNBwn',
1011 silly reify   'E:\\smartparkingcopy\\ParkingApp\\node_modules\\object-treeify': 'E:\\smartparkingcopy\\ParkingApp\\node_modules\\.object-treeify-MHIT5Vkm',
1011 silly reify   'E:\\smartparkingcopy\\ParkingApp\\node_modules\\object.assign': 'E:\\smartparkingcopy\\ParkingApp\\node_modules\\.object.assign-65d12r59',
1011 silly reify   'E:\\smartparkingcopy\\ParkingApp\\node_modules\\object.entries': 'E:\\smartparkingcopy\\ParkingApp\\node_modules\\.object.entries-1wV3caQX',
1011 silly reify   'E:\\smartparkingcopy\\ParkingApp\\node_modules\\object.fromentries': 'E:\\smartparkingcopy\\ParkingApp\\node_modules\\.object.fromentries-xuyzYJpI',
1011 silly reify   'E:\\smartparkingcopy\\ParkingApp\\node_modules\\object.groupby': 'E:\\smartparkingcopy\\ParkingApp\\node_modules\\.object.groupby-fVamEV4U',
1011 silly reify   'E:\\smartparkingcopy\\ParkingApp\\node_modules\\object.values': 'E:\\smartparkingcopy\\ParkingApp\\node_modules\\.object.values-hkYiggvT',
1011 silly reify   'E:\\smartparkingcopy\\ParkingApp\\node_modules\\on-finished': 'E:\\smartparkingcopy\\ParkingApp\\node_modules\\.on-finished-p2tsQC0m',
1011 silly reify   'E:\\smartparkingcopy\\ParkingApp\\node_modules\\on-headers': 'E:\\smartparkingcopy\\ParkingApp\\node_modules\\.on-headers-CP681uNe',
1011 silly reify   'E:\\smartparkingcopy\\ParkingApp\\node_modules\\once': 'E:\\smartparkingcopy\\ParkingApp\\node_modules\\.once-m5dHDS9q',
1011 silly reify   'E:\\smartparkingcopy\\ParkingApp\\node_modules\\onetime': 'E:\\smartparkingcopy\\ParkingApp\\node_modules\\.onetime-QdkD4qzW',
1011 silly reify   'E:\\smartparkingcopy\\ParkingApp\\node_modules\\open': 'E:\\smartparkingcopy\\ParkingApp\\node_modules\\.open-csRjhPXB',
1011 silly reify   'E:\\smartparkingcopy\\ParkingApp\\node_modules\\optionator': 'E:\\smartparkingcopy\\ParkingApp\\node_modules\\.optionator-Ur9dlfrN',
1011 silly reify   'E:\\smartparkingcopy\\ParkingApp\\node_modules\\ora': 'E:\\smartparkingcopy\\ParkingApp\\node_modules\\.ora-7OGOjVw3',
1011 silly reify   'E:\\smartparkingcopy\\ParkingApp\\node_modules\\own-keys': 'E:\\smartparkingcopy\\ParkingApp\\node_modules\\.own-keys-KdYmXKWc',
1011 silly reify   'E:\\smartparkingcopy\\ParkingApp\\node_modules\\p-limit': 'E:\\smartparkingcopy\\ParkingApp\\node_modules\\.p-limit-QH6tDj03',
1011 silly reify   'E:\\smartparkingcopy\\ParkingApp\\node_modules\\p-locate': 'E:\\smartparkingcopy\\ParkingApp\\node_modules\\.p-locate-We7vw4D1',
1011 silly reify   'E:\\smartparkingcopy\\ParkingApp\\node_modules\\p-try': 'E:\\smartparkingcopy\\ParkingApp\\node_modules\\.p-try-nXLRID9S',
1011 silly reify   'E:\\smartparkingcopy\\ParkingApp\\node_modules\\package-json-from-dist': 'E:\\smartparkingcopy\\ParkingApp\\node_modules\\.package-json-from-dist-iYKOpWdI',
1011 silly reify   'E:\\smartparkingcopy\\ParkingApp\\node_modules\\parent-module': 'E:\\smartparkingcopy\\ParkingApp\\node_modules\\.parent-module-mR1hc8lj',
1011 silly reify   'E:\\smartparkingcopy\\ParkingApp\\node_modules\\parse-json': 'E:\\smartparkingcopy\\ParkingApp\\node_modules\\.parse-json-kwrEFflm',
1011 silly reify   'E:\\smartparkingcopy\\ParkingApp\\node_modules\\parse-png': 'E:\\smartparkingcopy\\ParkingApp\\node_modules\\.parse-png-hjlYR1Vq',
1011 silly reify   'E:\\smartparkingcopy\\ParkingApp\\node_modules\\parseurl': 'E:\\smartparkingcopy\\ParkingApp\\node_modules\\.parseurl-92e3UGsg',
1011 silly reify   'E:\\smartparkingcopy\\ParkingApp\\node_modules\\password-prompt': 'E:\\smartparkingcopy\\ParkingApp\\node_modules\\.password-prompt-NgFyqyuh',
1011 silly reify   'E:\\smartparkingcopy\\ParkingApp\\node_modules\\path-exists': 'E:\\smartparkingcopy\\ParkingApp\\node_modules\\.path-exists-xvb3hvnm',
1011 silly reify   'E:\\smartparkingcopy\\ParkingApp\\node_modules\\path-is-absolute': 'E:\\smartparkingcopy\\ParkingApp\\node_modules\\.path-is-absolute-7jQqlVmK',
1011 silly reify   'E:\\smartparkingcopy\\ParkingApp\\node_modules\\path-key': 'E:\\smartparkingcopy\\ParkingApp\\node_modules\\.path-key-oF43CFi8',
1011 silly reify   'E:\\smartparkingcopy\\ParkingApp\\node_modules\\path-parse': 'E:\\smartparkingcopy\\ParkingApp\\node_modules\\.path-parse-CRXo5iDM',
1011 silly reify   'E:\\smartparkingcopy\\ParkingApp\\node_modules\\path-scurry': 'E:\\smartparkingcopy\\ParkingApp\\node_modules\\.path-scurry-AiH1d0fg',
1011 silly reify   'E:\\smartparkingcopy\\ParkingApp\\node_modules\\path-type': 'E:\\smartparkingcopy\\ParkingApp\\node_modules\\.path-type-9SQtUJ5W',
1011 silly reify   'E:\\smartparkingcopy\\ParkingApp\\node_modules\\picocolors': 'E:\\smartparkingcopy\\ParkingApp\\node_modules\\.picocolors-W7GkwHfZ',
1011 silly reify   'E:\\smartparkingcopy\\ParkingApp\\node_modules\\picomatch': 'E:\\smartparkingcopy\\ParkingApp\\node_modules\\.picomatch-SV9v7tM5',
1011 silly reify   'E:\\smartparkingcopy\\ParkingApp\\node_modules\\pirates': 'E:\\smartparkingcopy\\ParkingApp\\node_modules\\.pirates-55cW6Er4',
1011 silly reify   'E:\\smartparkingcopy\\ParkingApp\\node_modules\\pkg-dir': 'E:\\smartparkingcopy\\ParkingApp\\node_modules\\.pkg-dir-XoNpXOHs',
1011 silly reify   'E:\\smartparkingcopy\\ParkingApp\\node_modules\\plist': 'E:\\smartparkingcopy\\ParkingApp\\node_modules\\.plist-Yt9xPCdU',
1011 silly reify   'E:\\smartparkingcopy\\ParkingApp\\node_modules\\pngjs': 'E:\\smartparkingcopy\\ParkingApp\\node_modules\\.pngjs-WQ1e0hOn',
1011 silly reify   'E:\\smartparkingcopy\\ParkingApp\\node_modules\\possible-typed-array-names': 'E:\\smartparkingcopy\\ParkingApp\\node_modules\\.possible-typed-array-names-UUvjgCUr',
1011 silly reify   'E:\\smartparkingcopy\\ParkingApp\\node_modules\\postcss': 'E:\\smartparkingcopy\\ParkingApp\\node_modules\\.postcss-CUE1SKT6',
1011 silly reify   'E:\\smartparkingcopy\\ParkingApp\\node_modules\\postcss-value-parser': 'E:\\smartparkingcopy\\ParkingApp\\node_modules\\.postcss-value-parser-4c3Y8fUz',
1011 silly reify   'E:\\smartparkingcopy\\ParkingApp\\node_modules\\prelude-ls': 'E:\\smartparkingcopy\\ParkingApp\\node_modules\\.prelude-ls-WSlaovlj',
1011 silly reify   'E:\\smartparkingcopy\\ParkingApp\\node_modules\\pretty-bytes': 'E:\\smartparkingcopy\\ParkingApp\\node_modules\\.pretty-bytes-AjeO8bjJ',
1011 silly reify   'E:\\smartparkingcopy\\ParkingApp\\node_modules\\pretty-format': 'E:\\smartparkingcopy\\ParkingApp\\node_modules\\.pretty-format-XZw8WQGM',
1011 silly reify   'E:\\smartparkingcopy\\ParkingApp\\node_modules\\proc-log': 'E:\\smartparkingcopy\\ParkingApp\\node_modules\\.proc-log-HPn5Amt2',
1011 silly reify   'E:\\smartparkingcopy\\ParkingApp\\node_modules\\progress': 'E:\\smartparkingcopy\\ParkingApp\\node_modules\\.progress-BLvmpvCi',
1011 silly reify   'E:\\smartparkingcopy\\ParkingApp\\node_modules\\promise': 'E:\\smartparkingcopy\\ParkingApp\\node_modules\\.promise-NdE9tMF9',
1011 silly reify   'E:\\smartparkingcopy\\ParkingApp\\node_modules\\promise-limit': 'E:\\smartparkingcopy\\ParkingApp\\node_modules\\.promise-limit-VuvzT30P',
1011 silly reify   'E:\\smartparkingcopy\\ParkingApp\\node_modules\\promise-retry': 'E:\\smartparkingcopy\\ParkingApp\\node_modules\\.promise-retry-sce6yNlC',
1011 silly reify   'E:\\smartparkingcopy\\ParkingApp\\node_modules\\prompts': 'E:\\smartparkingcopy\\ParkingApp\\node_modules\\.prompts-td8y24pb',
1011 silly reify   'E:\\smartparkingcopy\\ParkingApp\\node_modules\\prop-types': 'E:\\smartparkingcopy\\ParkingApp\\node_modules\\.prop-types-uveAh2eq',
1011 silly reify   'E:\\smartparkingcopy\\ParkingApp\\node_modules\\punycode': 'E:\\smartparkingcopy\\ParkingApp\\node_modules\\.punycode-59Sw1ib9',
1011 silly reify   'E:\\smartparkingcopy\\ParkingApp\\node_modules\\qrcode': 'E:\\smartparkingcopy\\ParkingApp\\node_modules\\.qrcode-wIHey2I5',
1011 silly reify   'E:\\smartparkingcopy\\ParkingApp\\node_modules\\qrcode-terminal': 'E:\\smartparkingcopy\\ParkingApp\\node_modules\\.qrcode-terminal-sajUDjPL',
1011 silly reify   'E:\\smartparkingcopy\\ParkingApp\\node_modules\\query-string': 'E:\\smartparkingcopy\\ParkingApp\\node_modules\\.query-string-V1PSbXI8',
1011 silly reify   'E:\\smartparkingcopy\\ParkingApp\\node_modules\\queue': 'E:\\smartparkingcopy\\ParkingApp\\node_modules\\.queue-x47k4Gyn',
1011 silly reify   'E:\\smartparkingcopy\\ParkingApp\\node_modules\\queue-microtask': 'E:\\smartparkingcopy\\ParkingApp\\node_modules\\.queue-microtask-HVt2reVB',
1011 silly reify   'E:\\smartparkingcopy\\ParkingApp\\node_modules\\range-parser': 'E:\\smartparkingcopy\\ParkingApp\\node_modules\\.range-parser-wMTXrYiv',
1011 silly reify   'E:\\smartparkingcopy\\ParkingApp\\node_modules\\rc': 'E:\\smartparkingcopy\\ParkingApp\\node_modules\\.rc-WGENtBsk',
1011 silly reify   'E:\\smartparkingcopy\\ParkingApp\\node_modules\\react': 'E:\\smartparkingcopy\\ParkingApp\\node_modules\\.react-9LyynOoV',
1011 silly reify   'E:\\smartparkingcopy\\ParkingApp\\node_modules\\react-devtools-core': 'E:\\smartparkingcopy\\ParkingApp\\node_modules\\.react-devtools-core-k5KJgUoT',
1011 silly reify   'E:\\smartparkingcopy\\ParkingApp\\node_modules\\react-dom': 'E:\\smartparkingcopy\\ParkingApp\\node_modules\\.react-dom-dMifkr2K',
1011 silly reify   'E:\\smartparkingcopy\\ParkingApp\\node_modules\\react-fast-compare': 'E:\\smartparkingcopy\\ParkingApp\\node_modules\\.react-fast-compare-XIqNnOaK',
1011 silly reify   'E:\\smartparkingcopy\\ParkingApp\\node_modules\\react-freeze': 'E:\\smartparkingcopy\\ParkingApp\\node_modules\\.react-freeze-fSMmC6yA',
1011 silly reify   'E:\\smartparkingcopy\\ParkingApp\\node_modules\\react-is': 'E:\\smartparkingcopy\\ParkingApp\\node_modules\\.react-is-exVZxdoS',
1011 silly reify   'E:\\smartparkingcopy\\ParkingApp\\node_modules\\react-native': 'E:\\smartparkingcopy\\ParkingApp\\node_modules\\.react-native-vcrSTKug',
1011 silly reify   'E:\\smartparkingcopy\\ParkingApp\\node_modules\\react-native-gesture-handler': 'E:\\smartparkingcopy\\ParkingApp\\node_modules\\.react-native-gesture-handler-l2MXrK0c',
1011 silly reify   'E:\\smartparkingcopy\\ParkingApp\\node_modules\\react-native-is-edge-to-edge': 'E:\\smartparkingcopy\\ParkingApp\\node_modules\\.react-native-is-edge-to-edge-f7z04RTM',
1011 silly reify   'E:\\smartparkingcopy\\ParkingApp\\node_modules\\react-native-maps': 'E:\\smartparkingcopy\\ParkingApp\\node_modules\\.react-native-maps-o4fobUFe',
1011 silly reify   'E:\\smartparkingcopy\\ParkingApp\\node_modules\\react-native-qrcode-svg': 'E:\\smartparkingcopy\\ParkingApp\\node_modules\\.react-native-qrcode-svg-XjgZIibs',
1011 silly reify   'E:\\smartparkingcopy\\ParkingApp\\node_modules\\react-native-razorpay': 'E:\\smartparkingcopy\\ParkingApp\\node_modules\\.react-native-razorpay-u8spPDWi',
1011 silly reify   'E:\\smartparkingcopy\\ParkingApp\\node_modules\\react-native-reanimated': 'E:\\smartparkingcopy\\ParkingApp\\node_modules\\.react-native-reanimated-aYbqm8lG',
1011 silly reify   'E:\\smartparkingcopy\\ParkingApp\\node_modules\\react-native-safe-area-context': 'E:\\smartparkingcopy\\ParkingApp\\node_modules\\.react-native-safe-area-context-f8rk8bSS',
1011 silly reify   'E:\\smartparkingcopy\\ParkingApp\\node_modules\\react-native-screens': 'E:\\smartparkingcopy\\ParkingApp\\node_modules\\.react-native-screens-bKKlkAT9',
1011 silly reify   'E:\\smartparkingcopy\\ParkingApp\\node_modules\\react-native-svg': 'E:\\smartparkingcopy\\ParkingApp\\node_modules\\.react-native-svg-jkKdX5wX',
1011 silly reify   'E:\\smartparkingcopy\\ParkingApp\\node_modules\\react-native-web': 'E:\\smartparkingcopy\\ParkingApp\\node_modules\\.react-native-web-HFGwMFcY',
1011 silly reify   'E:\\smartparkingcopy\\ParkingApp\\node_modules\\react-native-worklets': 'E:\\smartparkingcopy\\ParkingApp\\node_modules\\.react-native-worklets-p8GpyA9a',
1011 silly reify   'E:\\smartparkingcopy\\ParkingApp\\node_modules\\react-refresh': 'E:\\smartparkingcopy\\ParkingApp\\node_modules\\.react-refresh-naLxLNHp',
1011 silly reify   'E:\\smartparkingcopy\\ParkingApp\\node_modules\\react-remove-scroll': 'E:\\smartparkingcopy\\ParkingApp\\node_modules\\.react-remove-scroll-Xys0kvwY',
1011 silly reify   'E:\\smartparkingcopy\\ParkingApp\\node_modules\\react-remove-scroll-bar': 'E:\\smartparkingcopy\\ParkingApp\\node_modules\\.react-remove-scroll-bar-EhInQSeX',
1011 silly reify   'E:\\smartparkingcopy\\ParkingApp\\node_modules\\react-style-singleton': 'E:\\smartparkingcopy\\ParkingApp\\node_modules\\.react-style-singleton-AMzJ6KTp',
1011 silly reify   'E:\\smartparkingcopy\\ParkingApp\\node_modules\\redeyed': 'E:\\smartparkingcopy\\ParkingApp\\node_modules\\.redeyed-9JKeGCb7',
1011 silly reify   'E:\\smartparkingcopy\\ParkingApp\\node_modules\\reflect.getprototypeof': 'E:\\smartparkingcopy\\ParkingApp\\node_modules\\.reflect.getprototypeof-3xT6ZLxJ',
1011 silly reify   'E:\\smartparkingcopy\\ParkingApp\\node_modules\\regenerate': 'E:\\smartparkingcopy\\ParkingApp\\node_modules\\.regenerate-r5BOvKu9',
1011 silly reify   'E:\\smartparkingcopy\\ParkingApp\\node_modules\\regenerate-unicode-properties': 'E:\\smartparkingcopy\\ParkingApp\\node_modules\\.regenerate-unicode-properties-xZIFlGsc',
1011 silly reify   'E:\\smartparkingcopy\\ParkingApp\\node_modules\\regenerator-runtime': 'E:\\smartparkingcopy\\ParkingApp\\node_modules\\.regenerator-runtime-S81DMLFb',
1011 silly reify   'E:\\smartparkingcopy\\ParkingApp\\node_modules\\regexp.prototype.flags': 'E:\\smartparkingcopy\\ParkingApp\\node_modules\\.regexp.prototype.flags-f5JfrLfi',
1011 silly reify   'E:\\smartparkingcopy\\ParkingApp\\node_modules\\regexpu-core': 'E:\\smartparkingcopy\\ParkingApp\\node_modules\\.regexpu-core-KJN9XF4S',
1011 silly reify   'E:\\smartparkingcopy\\ParkingApp\\node_modules\\regjsgen': 'E:\\smartparkingcopy\\ParkingApp\\node_modules\\.regjsgen-iKykBBCN',
1011 silly reify   'E:\\smartparkingcopy\\ParkingApp\\node_modules\\regjsparser': 'E:\\smartparkingcopy\\ParkingApp\\node_modules\\.regjsparser-ujLnoNbf',
1011 silly reify   'E:\\smartparkingcopy\\ParkingApp\\node_modules\\remove-trailing-slash': 'E:\\smartparkingcopy\\ParkingApp\\node_modules\\.remove-trailing-slash-T68BaNHE',
1011 silly reify   'E:\\smartparkingcopy\\ParkingApp\\node_modules\\require-directory': 'E:\\smartparkingcopy\\ParkingApp\\node_modules\\.require-directory-0IrWITeN',
1011 silly reify   'E:\\smartparkingcopy\\ParkingApp\\node_modules\\require-from-string': 'E:\\smartparkingcopy\\ParkingApp\\node_modules\\.require-from-string-tXvMW8du',
1011 silly reify   'E:\\smartparkingcopy\\ParkingApp\\node_modules\\require-main-filename': 'E:\\smartparkingcopy\\ParkingApp\\node_modules\\.require-main-filename-2QIuG1oQ',
1011 silly reify   'E:\\smartparkingcopy\\ParkingApp\\node_modules\\requireg': 'E:\\smartparkingcopy\\ParkingApp\\node_modules\\.requireg-6Q8w645s',
1011 silly reify   'E:\\smartparkingcopy\\ParkingApp\\node_modules\\resolve': 'E:\\smartparkingcopy\\ParkingApp\\node_modules\\.resolve-hFn1GVgz',
1011 silly reify   'E:\\smartparkingcopy\\ParkingApp\\node_modules\\resolve-from': 'E:\\smartparkingcopy\\ParkingApp\\node_modules\\.resolve-from-PYsxNUPw',
1011 silly reify   'E:\\smartparkingcopy\\ParkingApp\\node_modules\\resolve-pkg-maps': 'E:\\smartparkingcopy\\ParkingApp\\node_modules\\.resolve-pkg-maps-sUJpaG7a',
1011 silly reify   'E:\\smartparkingcopy\\ParkingApp\\node_modules\\resolve-workspace-root': 'E:\\smartparkingcopy\\ParkingApp\\node_modules\\.resolve-workspace-root-iHGeuggJ',
1011 silly reify   'E:\\smartparkingcopy\\ParkingApp\\node_modules\\resolve.exports': 'E:\\smartparkingcopy\\ParkingApp\\node_modules\\.resolve.exports-v6cWZVpV',
1011 silly reify   'E:\\smartparkingcopy\\ParkingApp\\node_modules\\restore-cursor': 'E:\\smartparkingcopy\\ParkingApp\\node_modules\\.restore-cursor-xU1NrlG5',
1011 silly reify   'E:\\smartparkingcopy\\ParkingApp\\node_modules\\retry': 'E:\\smartparkingcopy\\ParkingApp\\node_modules\\.retry-KriAaE2G',
1011 silly reify   'E:\\smartparkingcopy\\ParkingApp\\node_modules\\reusify': 'E:\\smartparkingcopy\\ParkingApp\\node_modules\\.reusify-kjHug06P',
1011 silly reify   'E:\\smartparkingcopy\\ParkingApp\\node_modules\\rimraf': 'E:\\smartparkingcopy\\ParkingApp\\node_modules\\.rimraf-aF4cqnIL',
1011 silly reify   'E:\\smartparkingcopy\\ParkingApp\\node_modules\\run-parallel': 'E:\\smartparkingcopy\\ParkingApp\\node_modules\\.run-parallel-pTKBIjSA',
1011 silly reify   'E:\\smartparkingcopy\\ParkingApp\\node_modules\\safe-array-concat': 'E:\\smartparkingcopy\\ParkingApp\\node_modules\\.safe-array-concat-xF8tJxdf',
1011 silly reify   'E:\\smartparkingcopy\\ParkingApp\\node_modules\\safe-buffer': 'E:\\smartparkingcopy\\ParkingApp\\node_modules\\.safe-buffer-nPh1Omam',
1011 silly reify   'E:\\smartparkingcopy\\ParkingApp\\node_modules\\safe-json-stringify': 'E:\\smartparkingcopy\\ParkingApp\\node_modules\\.safe-json-stringify-zYWDMwCS',
1011 silly reify   'E:\\smartparkingcopy\\ParkingApp\\node_modules\\safe-push-apply': 'E:\\smartparkingcopy\\ParkingApp\\node_modules\\.safe-push-apply-O8Hthqk7',
1011 silly reify   'E:\\smartparkingcopy\\ParkingApp\\node_modules\\safe-regex-test': 'E:\\smartparkingcopy\\ParkingApp\\node_modules\\.safe-regex-test-lZkDnsRZ',
1011 silly reify   'E:\\smartparkingcopy\\ParkingApp\\node_modules\\safer-buffer': 'E:\\smartparkingcopy\\ParkingApp\\node_modules\\.safer-buffer-lvkIjOQP',
1011 silly reify   'E:\\smartparkingcopy\\ParkingApp\\node_modules\\sax': 'E:\\smartparkingcopy\\ParkingApp\\node_modules\\.sax-dmrgEsCM',
1011 silly reify   'E:\\smartparkingcopy\\ParkingApp\\node_modules\\scheduler': 'E:\\smartparkingcopy\\ParkingApp\\node_modules\\.scheduler-dzjZUgOg',
1011 silly reify   'E:\\smartparkingcopy\\ParkingApp\\node_modules\\semver': 'E:\\smartparkingcopy\\ParkingApp\\node_modules\\.semver-GF0FGUbe',
1011 silly reify   'E:\\smartparkingcopy\\ParkingApp\\node_modules\\send': 'E:\\smartparkingcopy\\ParkingApp\\node_modules\\.send-LvXWIeWb',
1011 silly reify   'E:\\smartparkingcopy\\ParkingApp\\node_modules\\serialize-error': 'E:\\smartparkingcopy\\ParkingApp\\node_modules\\.serialize-error-igCVfqH1',
1011 silly reify   'E:\\smartparkingcopy\\ParkingApp\\node_modules\\serve-static': 'E:\\smartparkingcopy\\ParkingApp\\node_modules\\.serve-static-pUvVqaxF',
1011 silly reify   'E:\\smartparkingcopy\\ParkingApp\\node_modules\\server-only': 'E:\\smartparkingcopy\\ParkingApp\\node_modules\\.server-only-uAtLyUVi',
1011 silly reify   'E:\\smartparkingcopy\\ParkingApp\\node_modules\\set-blocking': 'E:\\smartparkingcopy\\ParkingApp\\node_modules\\.set-blocking-pBVIAaPu',
1011 silly reify   'E:\\smartparkingcopy\\ParkingApp\\node_modules\\set-function-length': 'E:\\smartparkingcopy\\ParkingApp\\node_modules\\.set-function-length-pjWdlecR',
1011 silly reify   'E:\\smartparkingcopy\\ParkingApp\\node_modules\\set-function-name': 'E:\\smartparkingcopy\\ParkingApp\\node_modules\\.set-function-name-jM8V2e39',
1011 silly reify   'E:\\smartparkingcopy\\ParkingApp\\node_modules\\set-interval-async': 'E:\\smartparkingcopy\\ParkingApp\\node_modules\\.set-interval-async-ZIDxj07W',
1011 silly reify   'E:\\smartparkingcopy\\ParkingApp\\node_modules\\set-proto': 'E:\\smartparkingcopy\\ParkingApp\\node_modules\\.set-proto-vBFPqlCO',
1011 silly reify   'E:\\smartparkingcopy\\ParkingApp\\node_modules\\setimmediate': 'E:\\smartparkingcopy\\ParkingApp\\node_modules\\.setimmediate-eudABq2o',
1011 silly reify   'E:\\smartparkingcopy\\ParkingApp\\node_modules\\setprototypeof': 'E:\\smartparkingcopy\\ParkingApp\\node_modules\\.setprototypeof-leboe5ct',
1011 silly reify   'E:\\smartparkingcopy\\ParkingApp\\node_modules\\sf-symbols-typescript': 'E:\\smartparkingcopy\\ParkingApp\\node_modules\\.sf-symbols-typescript-TSSmK01N',
1011 silly reify   'E:\\smartparkingcopy\\ParkingApp\\node_modules\\shallowequal': 'E:\\smartparkingcopy\\ParkingApp\\node_modules\\.shallowequal-zdmvzioz',
1011 silly reify   'E:\\smartparkingcopy\\ParkingApp\\node_modules\\shebang-command': 'E:\\smartparkingcopy\\ParkingApp\\node_modules\\.shebang-command-kq9Woa27',
1011 silly reify   'E:\\smartparkingcopy\\ParkingApp\\node_modules\\shebang-regex': 'E:\\smartparkingcopy\\ParkingApp\\node_modules\\.shebang-regex-KfOU2nXK',
1011 silly reify   'E:\\smartparkingcopy\\ParkingApp\\node_modules\\shell-quote': 'E:\\smartparkingcopy\\ParkingApp\\node_modules\\.shell-quote-EpNb2cAZ',
1011 silly reify   'E:\\smartparkingcopy\\ParkingApp\\node_modules\\side-channel': 'E:\\smartparkingcopy\\ParkingApp\\node_modules\\.side-channel-SdfjoB7e',
1011 silly reify   'E:\\smartparkingcopy\\ParkingApp\\node_modules\\side-channel-list': 'E:\\smartparkingcopy\\ParkingApp\\node_modules\\.side-channel-list-LS8hp9om',
1011 silly reify   'E:\\smartparkingcopy\\ParkingApp\\node_modules\\side-channel-map': 'E:\\smartparkingcopy\\ParkingApp\\node_modules\\.side-channel-map-aAVRaZs5',
1011 silly reify   'E:\\smartparkingcopy\\ParkingApp\\node_modules\\signal-exit': 'E:\\smartparkingcopy\\ParkingApp\\node_modules\\.signal-exit-qT3WNVXx',
1011 silly reify   'E:\\smartparkingcopy\\ParkingApp\\node_modules\\side-channel-weakmap': 'E:\\smartparkingcopy\\ParkingApp\\node_modules\\.side-channel-weakmap-rx4IqeMF',
1011 silly reify   'E:\\smartparkingcopy\\ParkingApp\\node_modules\\simple-plist': 'E:\\smartparkingcopy\\ParkingApp\\node_modules\\.simple-plist-7ssSlgSJ',
1011 silly reify   'E:\\smartparkingcopy\\ParkingApp\\node_modules\\simple-swizzle': 'E:\\smartparkingcopy\\ParkingApp\\node_modules\\.simple-swizzle-d3aXxwlL',
1011 silly reify   'E:\\smartparkingcopy\\ParkingApp\\node_modules\\sisteransi': 'E:\\smartparkingcopy\\ParkingApp\\node_modules\\.sisteransi-ylpZpt5I',
1011 silly reify   'E:\\smartparkingcopy\\ParkingApp\\node_modules\\slash': 'E:\\smartparkingcopy\\ParkingApp\\node_modules\\.slash-L5nrlVyx',
1011 silly reify   'E:\\smartparkingcopy\\ParkingApp\\node_modules\\slice-ansi': 'E:\\smartparkingcopy\\ParkingApp\\node_modules\\.slice-ansi-AhgwwM3y',
1011 silly reify   'E:\\smartparkingcopy\\ParkingApp\\node_modules\\slugify': 'E:\\smartparkingcopy\\ParkingApp\\node_modules\\.slugify-EIgcZgKf',
1011 silly reify   'E:\\smartparkingcopy\\ParkingApp\\node_modules\\source-map': 'E:\\smartparkingcopy\\ParkingApp\\node_modules\\.source-map-ydWdPXb6',
1011 silly reify   'E:\\smartparkingcopy\\ParkingApp\\node_modules\\source-map-js': 'E:\\smartparkingcopy\\ParkingApp\\node_modules\\.source-map-js-XdYh7qWl',
1011 silly reify   'E:\\smartparkingcopy\\ParkingApp\\node_modules\\source-map-support': 'E:\\smartparkingcopy\\ParkingApp\\node_modules\\.source-map-support-1fSxzQDp',
1011 silly reify   'E:\\smartparkingcopy\\ParkingApp\\node_modules\\split-on-first': 'E:\\smartparkingcopy\\ParkingApp\\node_modules\\.split-on-first-tJiWY9CM',
1011 silly reify   'E:\\smartparkingcopy\\ParkingApp\\node_modules\\sprintf-js': 'E:\\smartparkingcopy\\ParkingApp\\node_modules\\.sprintf-js-esS7cU25',
1011 silly reify   'E:\\smartparkingcopy\\ParkingApp\\node_modules\\stable-hash': 'E:\\smartparkingcopy\\ParkingApp\\node_modules\\.stable-hash-m2m6QvUd',
1011 silly reify   'E:\\smartparkingcopy\\ParkingApp\\node_modules\\stack-utils': 'E:\\smartparkingcopy\\ParkingApp\\node_modules\\.stack-utils-x3lcHptc',
1011 silly reify   'E:\\smartparkingcopy\\ParkingApp\\node_modules\\stackframe': 'E:\\smartparkingcopy\\ParkingApp\\node_modules\\.stackframe-45gz1knC',
1011 silly reify   'E:\\smartparkingcopy\\ParkingApp\\node_modules\\stacktrace-parser': 'E:\\smartparkingcopy\\ParkingApp\\node_modules\\.stacktrace-parser-J0qHZyQS',
1011 silly reify   'E:\\smartparkingcopy\\ParkingApp\\node_modules\\statuses': 'E:\\smartparkingcopy\\ParkingApp\\node_modules\\.statuses-tbQvidbh',
1011 silly reify   'E:\\smartparkingcopy\\ParkingApp\\node_modules\\stop-iteration-iterator': 'E:\\smartparkingcopy\\ParkingApp\\node_modules\\.stop-iteration-iterator-5N2lCgvN',
1011 silly reify   'E:\\smartparkingcopy\\ParkingApp\\node_modules\\stream-buffers': 'E:\\smartparkingcopy\\ParkingApp\\node_modules\\.stream-buffers-YtqIS6CP',
1011 silly reify   'E:\\smartparkingcopy\\ParkingApp\\node_modules\\streamx': 'E:\\smartparkingcopy\\ParkingApp\\node_modules\\.streamx-R0Th7idM',
1011 silly reify   'E:\\smartparkingcopy\\ParkingApp\\node_modules\\strict-uri-encode': 'E:\\smartparkingcopy\\ParkingApp\\node_modules\\.strict-uri-encode-xcIWlQnU',
1011 silly reify   'E:\\smartparkingcopy\\ParkingApp\\node_modules\\string-width': 'E:\\smartparkingcopy\\ParkingApp\\node_modules\\.string-width-6e5Wptjt',
1011 silly reify   'E:\\smartparkingcopy\\ParkingApp\\node_modules\\string-width-cjs': 'E:\\smartparkingcopy\\ParkingApp\\node_modules\\.string-width-cjs-MyW9jOaa',
1011 silly reify   'E:\\smartparkingcopy\\ParkingApp\\node_modules\\string.prototype.matchall': 'E:\\smartparkingcopy\\ParkingApp\\node_modules\\.string.prototype.matchall-gmL8pmEy',
1011 silly reify   'E:\\smartparkingcopy\\ParkingApp\\node_modules\\string.prototype.repeat': 'E:\\smartparkingcopy\\ParkingApp\\node_modules\\.string.prototype.repeat-ESM0RXhh',
1011 silly reify   'E:\\smartparkingcopy\\ParkingApp\\node_modules\\string.prototype.trim': 'E:\\smartparkingcopy\\ParkingApp\\node_modules\\.string.prototype.trim-6wBoQmyS',
1011 silly reify   'E:\\smartparkingcopy\\ParkingApp\\node_modules\\string.prototype.trimend': 'E:\\smartparkingcopy\\ParkingApp\\node_modules\\.string.prototype.trimend-DNLal3mz',
1011 silly reify   'E:\\smartparkingcopy\\ParkingApp\\node_modules\\string.prototype.trimstart': 'E:\\smartparkingcopy\\ParkingApp\\node_modules\\.string.prototype.trimstart-PX0XvFIV',
1011 silly reify   'E:\\smartparkingcopy\\ParkingApp\\node_modules\\strip-ansi': 'E:\\smartparkingcopy\\ParkingApp\\node_modules\\.strip-ansi-GEvmeDFB',
1011 silly reify   'E:\\smartparkingcopy\\ParkingApp\\node_modules\\strip-ansi-cjs': 'E:\\smartparkingcopy\\ParkingApp\\node_modules\\.strip-ansi-cjs-OgL3ttHW',
1011 silly reify   'E:\\smartparkingcopy\\ParkingApp\\node_modules\\strip-bom': 'E:\\smartparkingcopy\\ParkingApp\\node_modules\\.strip-bom-F8sI2bIp',
1011 silly reify   'E:\\smartparkingcopy\\ParkingApp\\node_modules\\strip-json-comments': 'E:\\smartparkingcopy\\ParkingApp\\node_modules\\.strip-json-comments-TkRts01E',
1011 silly reify   'E:\\smartparkingcopy\\ParkingApp\\node_modules\\structured-headers': 'E:\\smartparkingcopy\\ParkingApp\\node_modules\\.structured-headers-x3GAM4Jp',
1011 silly reify   'E:\\smartparkingcopy\\ParkingApp\\node_modules\\styleq': 'E:\\smartparkingcopy\\ParkingApp\\node_modules\\.styleq-77OrkuWl',
1011 silly reify   'E:\\smartparkingcopy\\ParkingApp\\node_modules\\sucrase': 'E:\\smartparkingcopy\\ParkingApp\\node_modules\\.sucrase-QKwApw2v',
1011 silly reify   'E:\\smartparkingcopy\\ParkingApp\\node_modules\\supports-color': 'E:\\smartparkingcopy\\ParkingApp\\node_modules\\.supports-color-tmVMINRx',
1011 silly reify   'E:\\smartparkingcopy\\ParkingApp\\node_modules\\supports-hyperlinks': 'E:\\smartparkingcopy\\ParkingApp\\node_modules\\.supports-hyperlinks-rEwguqCh',
1011 silly reify   'E:\\smartparkingcopy\\ParkingApp\\node_modules\\supports-preserve-symlinks-flag': 'E:\\smartparkingcopy\\ParkingApp\\node_modules\\.supports-preserve-symlinks-flag-Pq3RVV7A',
1011 silly reify   'E:\\smartparkingcopy\\ParkingApp\\node_modules\\tar': 'E:\\smartparkingcopy\\ParkingApp\\node_modules\\.tar-9P5B8byM',
1011 silly reify   'E:\\smartparkingcopy\\ParkingApp\\node_modules\\tar-stream': 'E:\\smartparkingcopy\\ParkingApp\\node_modules\\.tar-stream-Hm742VNU',
1011 silly reify   'E:\\smartparkingcopy\\ParkingApp\\node_modules\\temp-dir': 'E:\\smartparkingcopy\\ParkingApp\\node_modules\\.temp-dir-fkbr1A2K',
1011 silly reify   'E:\\smartparkingcopy\\ParkingApp\\node_modules\\terminal-link': 'E:\\smartparkingcopy\\ParkingApp\\node_modules\\.terminal-link-vV67MGlW',
1011 silly reify   'E:\\smartparkingcopy\\ParkingApp\\node_modules\\terser': 'E:\\smartparkingcopy\\ParkingApp\\node_modules\\.terser-o8DlatxK',
1011 silly reify   'E:\\smartparkingcopy\\ParkingApp\\node_modules\\test-exclude': 'E:\\smartparkingcopy\\ParkingApp\\node_modules\\.test-exclude-m5UzgaT9',
1011 silly reify   'E:\\smartparkingcopy\\ParkingApp\\node_modules\\text-decoder': 'E:\\smartparkingcopy\\ParkingApp\\node_modules\\.text-decoder-c8R3TqJM',
1011 silly reify   'E:\\smartparkingcopy\\ParkingApp\\node_modules\\text-encoding': 'E:\\smartparkingcopy\\ParkingApp\\node_modules\\.text-encoding-tE3ogDfP',
1011 silly reify   'E:\\smartparkingcopy\\ParkingApp\\node_modules\\thenify': 'E:\\smartparkingcopy\\ParkingApp\\node_modules\\.thenify-d5CzLqTr',
1011 silly reify   'E:\\smartparkingcopy\\ParkingApp\\node_modules\\thenify-all': 'E:\\smartparkingcopy\\ParkingApp\\node_modules\\.thenify-all-tTeCqpBw',
1011 silly reify   'E:\\smartparkingcopy\\ParkingApp\\node_modules\\throat': 'E:\\smartparkingcopy\\ParkingApp\\node_modules\\.throat-GTcQSY5S',
1011 silly reify   'E:\\smartparkingcopy\\ParkingApp\\node_modules\\tinyglobby': 'E:\\smartparkingcopy\\ParkingApp\\node_modules\\.tinyglobby-CTqMWKim',
1011 silly reify   'E:\\smartparkingcopy\\ParkingApp\\node_modules\\tmpl': 'E:\\smartparkingcopy\\ParkingApp\\node_modules\\.tmpl-iyscIDwX',
1011 silly reify   'E:\\smartparkingcopy\\ParkingApp\\node_modules\\to-regex-range': 'E:\\smartparkingcopy\\ParkingApp\\node_modules\\.to-regex-range-BxeySlZ0',
1011 silly reify   'E:\\smartparkingcopy\\ParkingApp\\node_modules\\toidentifier': 'E:\\smartparkingcopy\\ParkingApp\\node_modules\\.toidentifier-l6SxqBh6',
1011 silly reify   'E:\\smartparkingcopy\\ParkingApp\\node_modules\\tr46': 'E:\\smartparkingcopy\\ParkingApp\\node_modules\\.tr46-g56PpRGg',
1011 silly reify   'E:\\smartparkingcopy\\ParkingApp\\node_modules\\ts-api-utils': 'E:\\smartparkingcopy\\ParkingApp\\node_modules\\.ts-api-utils-eu2wVZwC',
1011 silly reify   'E:\\smartparkingcopy\\ParkingApp\\node_modules\\ts-deepmerge': 'E:\\smartparkingcopy\\ParkingApp\\node_modules\\.ts-deepmerge-cgjBwCKR',
1011 silly reify   'E:\\smartparkingcopy\\ParkingApp\\node_modules\\ts-interface-checker': 'E:\\smartparkingcopy\\ParkingApp\\node_modules\\.ts-interface-checker-YBFYpwNF',
1011 silly reify   'E:\\smartparkingcopy\\ParkingApp\\node_modules\\ts-node': 'E:\\smartparkingcopy\\ParkingApp\\node_modules\\.ts-node-YYl6Y0hd',
1011 silly reify   'E:\\smartparkingcopy\\ParkingApp\\node_modules\\tsconfig-paths': 'E:\\smartparkingcopy\\ParkingApp\\node_modules\\.tsconfig-paths-XlunVFrN',
1011 silly reify   'E:\\smartparkingcopy\\ParkingApp\\node_modules\\tslib': 'E:\\smartparkingcopy\\ParkingApp\\node_modules\\.tslib-GOk1xcSm',
1011 silly reify   'E:\\smartparkingcopy\\ParkingApp\\node_modules\\tunnel-agent': 'E:\\smartparkingcopy\\ParkingApp\\node_modules\\.tunnel-agent-yD5syH9L',
1011 silly reify   'E:\\smartparkingcopy\\ParkingApp\\node_modules\\turndown': 'E:\\smartparkingcopy\\ParkingApp\\node_modules\\.turndown-SlF2CDq8',
1011 silly reify   'E:\\smartparkingcopy\\ParkingApp\\node_modules\\type-check': 'E:\\smartparkingcopy\\ParkingApp\\node_modules\\.type-check-UKXeMKWc',
1011 silly reify   'E:\\smartparkingcopy\\ParkingApp\\node_modules\\type-detect': 'E:\\smartparkingcopy\\ParkingApp\\node_modules\\.type-detect-0jmdvexV',
1011 silly reify   'E:\\smartparkingcopy\\ParkingApp\\node_modules\\type-fest': 'E:\\smartparkingcopy\\ParkingApp\\node_modules\\.type-fest-Y8eZMOco',
1011 silly reify   'E:\\smartparkingcopy\\ParkingApp\\node_modules\\typed-array-buffer': 'E:\\smartparkingcopy\\ParkingApp\\node_modules\\.typed-array-buffer-UaFT6WyM',
1011 silly reify   'E:\\smartparkingcopy\\ParkingApp\\node_modules\\typed-array-byte-length': 'E:\\smartparkingcopy\\ParkingApp\\node_modules\\.typed-array-byte-length-trFZzzp5',
1011 silly reify   'E:\\smartparkingcopy\\ParkingApp\\node_modules\\typed-array-byte-offset': 'E:\\smartparkingcopy\\ParkingApp\\node_modules\\.typed-array-byte-offset-DaKmKEzz',
1011 silly reify   'E:\\smartparkingcopy\\ParkingApp\\node_modules\\typed-array-length': 'E:\\smartparkingcopy\\ParkingApp\\node_modules\\.typed-array-length-cIuoausb',
1011 silly reify   'E:\\smartparkingcopy\\ParkingApp\\node_modules\\typescript': 'E:\\smartparkingcopy\\ParkingApp\\node_modules\\.typescript-yUPN1uvK',
1011 silly reify   'E:\\smartparkingcopy\\ParkingApp\\node_modules\\ua-parser-js': 'E:\\smartparkingcopy\\ParkingApp\\node_modules\\.ua-parser-js-QiiBS7L6',
1011 silly reify   'E:\\smartparkingcopy\\ParkingApp\\node_modules\\unbox-primitive': 'E:\\smartparkingcopy\\ParkingApp\\node_modules\\.unbox-primitive-XMrNimo4',
1011 silly reify   'E:\\smartparkingcopy\\ParkingApp\\node_modules\\undici': 'E:\\smartparkingcopy\\ParkingApp\\node_modules\\.undici-SGsr0v6h',
1011 silly reify   'E:\\smartparkingcopy\\ParkingApp\\node_modules\\undici-types': 'E:\\smartparkingcopy\\ParkingApp\\node_modules\\.undici-types-8yTh1VE1',
1011 silly reify   'E:\\smartparkingcopy\\ParkingApp\\node_modules\\unicode-canonical-property-names-ecmascript': 'E:\\smartparkingcopy\\ParkingApp\\node_modules\\.unicode-canonical-property-names-ecmascript-vtfrZipX',
1011 silly reify   'E:\\smartparkingcopy\\ParkingApp\\node_modules\\unicode-match-property-ecmascript': 'E:\\smartparkingcopy\\ParkingApp\\node_modules\\.unicode-match-property-ecmascript-dtGxtQG0',
1011 silly reify   'E:\\smartparkingcopy\\ParkingApp\\node_modules\\unicode-match-property-value-ecmascript': 'E:\\smartparkingcopy\\ParkingApp\\node_modules\\.unicode-match-property-value-ecmascript-u9aXaeOq',
1011 silly reify   'E:\\smartparkingcopy\\ParkingApp\\node_modules\\unicode-property-aliases-ecmascript': 'E:\\smartparkingcopy\\ParkingApp\\node_modules\\.unicode-property-aliases-ecmascript-1qjOo9bW',
1011 silly reify   'E:\\smartparkingcopy\\ParkingApp\\node_modules\\unique-string': 'E:\\smartparkingcopy\\ParkingApp\\node_modules\\.unique-string-Izb7bSw0',
1011 silly reify   'E:\\smartparkingcopy\\ParkingApp\\node_modules\\universalify': 'E:\\smartparkingcopy\\ParkingApp\\node_modules\\.universalify-47lYdEt0',
1011 silly reify   'E:\\smartparkingcopy\\ParkingApp\\node_modules\\unpipe': 'E:\\smartparkingcopy\\ParkingApp\\node_modules\\.unpipe-mJLSpEUw',
1011 silly reify   'E:\\smartparkingcopy\\ParkingApp\\node_modules\\unrs-resolver': 'E:\\smartparkingcopy\\ParkingApp\\node_modules\\.unrs-resolver-3wIf1kM3',
1011 silly reify   'E:\\smartparkingcopy\\ParkingApp\\node_modules\\untildify': 'E:\\smartparkingcopy\\ParkingApp\\node_modules\\.untildify-Pv3xqDKe',
1011 silly reify   'E:\\smartparkingcopy\\ParkingApp\\node_modules\\update-browserslist-db': 'E:\\smartparkingcopy\\ParkingApp\\node_modules\\.update-browserslist-db-2kfNfsxb',
1011 silly reify   'E:\\smartparkingcopy\\ParkingApp\\node_modules\\uri-js': 'E:\\smartparkingcopy\\ParkingApp\\node_modules\\.uri-js-pvo80UQ8',
1011 silly reify   'E:\\smartparkingcopy\\ParkingApp\\node_modules\\use-callback-ref': 'E:\\smartparkingcopy\\ParkingApp\\node_modules\\.use-callback-ref-GdPS8AVS',
1011 silly reify   'E:\\smartparkingcopy\\ParkingApp\\node_modules\\use-latest-callback': 'E:\\smartparkingcopy\\ParkingApp\\node_modules\\.use-latest-callback-5DWJu063',
1011 silly reify   'E:\\smartparkingcopy\\ParkingApp\\node_modules\\use-sidecar': 'E:\\smartparkingcopy\\ParkingApp\\node_modules\\.use-sidecar-19XjCAsC',
1011 silly reify   'E:\\smartparkingcopy\\ParkingApp\\node_modules\\use-sync-external-store': 'E:\\smartparkingcopy\\ParkingApp\\node_modules\\.use-sync-external-store-BKpLrQqw',
1011 silly reify   'E:\\smartparkingcopy\\ParkingApp\\node_modules\\utils-merge': 'E:\\smartparkingcopy\\ParkingApp\\node_modules\\.utils-merge-WiltTXsb',
1011 silly reify   'E:\\smartparkingcopy\\ParkingApp\\node_modules\\uuid': 'E:\\smartparkingcopy\\ParkingApp\\node_modules\\.uuid-W5M6DYBH',
1011 silly reify   'E:\\smartparkingcopy\\ParkingApp\\node_modules\\v8-compile-cache-lib': 'E:\\smartparkingcopy\\ParkingApp\\node_modules\\.v8-compile-cache-lib-IeNDnN8F',
1011 silly reify   'E:\\smartparkingcopy\\ParkingApp\\node_modules\\validate-npm-package-name': 'E:\\smartparkingcopy\\ParkingApp\\node_modules\\.validate-npm-package-name-7mKj9Mil',
1011 silly reify   'E:\\smartparkingcopy\\ParkingApp\\node_modules\\vary': 'E:\\smartparkingcopy\\ParkingApp\\node_modules\\.vary-PrkhXdqV',
1011 silly reify   'E:\\smartparkingcopy\\ParkingApp\\node_modules\\vaul': 'E:\\smartparkingcopy\\ParkingApp\\node_modules\\.vaul-RfMJAdk2',
1011 silly reify   'E:\\smartparkingcopy\\ParkingApp\\node_modules\\vlq': 'E:\\smartparkingcopy\\ParkingApp\\node_modules\\.vlq-DIju7owO',
1011 silly reify   'E:\\smartparkingcopy\\ParkingApp\\node_modules\\walker': 'E:\\smartparkingcopy\\ParkingApp\\node_modules\\.walker-FR7vTMM6',
1011 silly reify   'E:\\smartparkingcopy\\ParkingApp\\node_modules\\warn-once': 'E:\\smartparkingcopy\\ParkingApp\\node_modules\\.warn-once-Ejm96oE9',
1011 silly reify   'E:\\smartparkingcopy\\ParkingApp\\node_modules\\wcwidth': 'E:\\smartparkingcopy\\ParkingApp\\node_modules\\.wcwidth-b13bihDG',
1011 silly reify   'E:\\smartparkingcopy\\ParkingApp\\node_modules\\webidl-conversions': 'E:\\smartparkingcopy\\ParkingApp\\node_modules\\.webidl-conversions-snY5EfMr',
1011 silly reify   'E:\\smartparkingcopy\\ParkingApp\\node_modules\\whatwg-fetch': 'E:\\smartparkingcopy\\ParkingApp\\node_modules\\.whatwg-fetch-tc0h3dqO',
1011 silly reify   'E:\\smartparkingcopy\\ParkingApp\\node_modules\\whatwg-url': 'E:\\smartparkingcopy\\ParkingApp\\node_modules\\.whatwg-url-DwEmHreb',
1011 silly reify   'E:\\smartparkingcopy\\ParkingApp\\node_modules\\whatwg-url-without-unicode': 'E:\\smartparkingcopy\\ParkingApp\\node_modules\\.whatwg-url-without-unicode-XAxyEc2n',
1011 silly reify   'E:\\smartparkingcopy\\ParkingApp\\node_modules\\which': 'E:\\smartparkingcopy\\ParkingApp\\node_modules\\.which-BXerxEPl',
1011 silly reify   'E:\\smartparkingcopy\\ParkingApp\\node_modules\\which-boxed-primitive': 'E:\\smartparkingcopy\\ParkingApp\\node_modules\\.which-boxed-primitive-imF410oj',
1011 silly reify   'E:\\smartparkingcopy\\ParkingApp\\node_modules\\which-builtin-type': 'E:\\smartparkingcopy\\ParkingApp\\node_modules\\.which-builtin-type-Hv2Ednvn',
1011 silly reify   'E:\\smartparkingcopy\\ParkingApp\\node_modules\\which-collection': 'E:\\smartparkingcopy\\ParkingApp\\node_modules\\.which-collection-i8xCab6i',
1011 silly reify   'E:\\smartparkingcopy\\ParkingApp\\node_modules\\which-module': 'E:\\smartparkingcopy\\ParkingApp\\node_modules\\.which-module-eOe5OnpX',
1011 silly reify   'E:\\smartparkingcopy\\ParkingApp\\node_modules\\which-typed-array': 'E:\\smartparkingcopy\\ParkingApp\\node_modules\\.which-typed-array-JAP7rWbS',
1011 silly reify   'E:\\smartparkingcopy\\ParkingApp\\node_modules\\widest-line': 'E:\\smartparkingcopy\\ParkingApp\\node_modules\\.widest-line-NjfbKzif',
1011 silly reify   'E:\\smartparkingcopy\\ParkingApp\\node_modules\\wonka': 'E:\\smartparkingcopy\\ParkingApp\\node_modules\\.wonka-ASHkvUC4',
1011 silly reify   'E:\\smartparkingcopy\\ParkingApp\\node_modules\\word-wrap': 'E:\\smartparkingcopy\\ParkingApp\\node_modules\\.word-wrap-HWjqtXFk',
1011 silly reify   'E:\\smartparkingcopy\\ParkingApp\\node_modules\\wordwrap': 'E:\\smartparkingcopy\\ParkingApp\\node_modules\\.wordwrap-3GysKX9c',
1011 silly reify   'E:\\smartparkingcopy\\ParkingApp\\node_modules\\wrap-ansi': 'E:\\smartparkingcopy\\ParkingApp\\node_modules\\.wrap-ansi-sTiuVV5c',
1011 silly reify   'E:\\smartparkingcopy\\ParkingApp\\node_modules\\wrap-ansi-cjs': 'E:\\smartparkingcopy\\ParkingApp\\node_modules\\.wrap-ansi-cjs-Q1UT5VxA',
1011 silly reify   'E:\\smartparkingcopy\\ParkingApp\\node_modules\\wrappy': 'E:\\smartparkingcopy\\ParkingApp\\node_modules\\.wrappy-bW2D3t8t',
1011 silly reify   'E:\\smartparkingcopy\\ParkingApp\\node_modules\\write-file-atomic': 'E:\\smartparkingcopy\\ParkingApp\\node_modules\\.write-file-atomic-tWE2Vm23',
1011 silly reify   'E:\\smartparkingcopy\\ParkingApp\\node_modules\\ws': 'E:\\smartparkingcopy\\ParkingApp\\node_modules\\.ws-blPPhRxL',
1011 silly reify   'E:\\smartparkingcopy\\ParkingApp\\node_modules\\xcode': 'E:\\smartparkingcopy\\ParkingApp\\node_modules\\.xcode-8rgXogJM',
1011 silly reify   'E:\\smartparkingcopy\\ParkingApp\\node_modules\\xml2js': 'E:\\smartparkingcopy\\ParkingApp\\node_modules\\.xml2js-ZGLSkSbQ',
1011 silly reify   'E:\\smartparkingcopy\\ParkingApp\\node_modules\\xmlbuilder': 'E:\\smartparkingcopy\\ParkingApp\\node_modules\\.xmlbuilder-4tGYewT2',
1011 silly reify   'E:\\smartparkingcopy\\ParkingApp\\node_modules\\y18n': 'E:\\smartparkingcopy\\ParkingApp\\node_modules\\.y18n-c0zxhWJH',
1011 silly reify   'E:\\smartparkingcopy\\ParkingApp\\node_modules\\yallist': 'E:\\smartparkingcopy\\ParkingApp\\node_modules\\.yallist-4eEHRfm1',
1011 silly reify   'E:\\smartparkingcopy\\ParkingApp\\node_modules\\yaml': 'E:\\smartparkingcopy\\ParkingApp\\node_modules\\.yaml-QLXub62f',
1011 silly reify   'E:\\smartparkingcopy\\ParkingApp\\node_modules\\yargs': 'E:\\smartparkingcopy\\ParkingApp\\node_modules\\.yargs-vMmZl0v6',
1011 silly reify   'E:\\smartparkingcopy\\ParkingApp\\node_modules\\yargs-parser': 'E:\\smartparkingcopy\\ParkingApp\\node_modules\\.yargs-parser-ObSkv0jX',
1011 silly reify   'E:\\smartparkingcopy\\ParkingApp\\node_modules\\yn': 'E:\\smartparkingcopy\\ParkingApp\\node_modules\\.yn-rniV1D6V',
1011 silly reify   'E:\\smartparkingcopy\\ParkingApp\\node_modules\\yocto-queue': 'E:\\smartparkingcopy\\ParkingApp\\node_modules\\.yocto-queue-StxNvuUc',
1011 silly reify   'E:\\smartparkingcopy\\ParkingApp\\node_modules\\zod': 'E:\\smartparkingcopy\\ParkingApp\\node_modules\\.zod-Yv4NnV1E',
1011 silly reify   'E:\\smartparkingcopy\\ParkingApp\\node_modules\\@0no-co\\graphql.web': 'E:\\smartparkingcopy\\ParkingApp\\node_modules\\@0no-co\\.graphql.web-1P6Ls23M',
1011 silly reify   'E:\\smartparkingcopy\\ParkingApp\\node_modules\\@babel\\code-frame': 'E:\\smartparkingcopy\\ParkingApp\\node_modules\\@babel\\.code-frame-iEiHygXv',
1011 silly reify   'E:\\smartparkingcopy\\ParkingApp\\node_modules\\@babel\\compat-data': 'E:\\smartparkingcopy\\ParkingApp\\node_modules\\@babel\\.compat-data-1g6n9zBK',
1011 silly reify   'E:\\smartparkingcopy\\ParkingApp\\node_modules\\@babel\\core': 'E:\\smartparkingcopy\\ParkingApp\\node_modules\\@babel\\.core-31vzpad8',
1011 silly reify   'E:\\smartparkingcopy\\ParkingApp\\node_modules\\@babel\\generator': 'E:\\smartparkingcopy\\ParkingApp\\node_modules\\@babel\\.generator-bQYXLd8l',
1011 silly reify   'E:\\smartparkingcopy\\ParkingApp\\node_modules\\@babel\\helper-compilation-targets': 'E:\\smartparkingcopy\\ParkingApp\\node_modules\\@babel\\.helper-compilation-targets-b1RWhuto',
1011 silly reify   'E:\\smartparkingcopy\\ParkingApp\\node_modules\\@babel\\helper-annotate-as-pure': 'E:\\smartparkingcopy\\ParkingApp\\node_modules\\@babel\\.helper-annotate-as-pure-Wm31aYmv',
1011 silly reify   'E:\\smartparkingcopy\\ParkingApp\\node_modules\\@babel\\helper-create-class-features-plugin': 'E:\\smartparkingcopy\\ParkingApp\\node_modules\\@babel\\.helper-create-class-features-plugin-ZDYaWtSM',
1011 silly reify   'E:\\smartparkingcopy\\ParkingApp\\node_modules\\@babel\\helper-create-regexp-features-plugin': 'E:\\smartparkingcopy\\ParkingApp\\node_modules\\@babel\\.helper-create-regexp-features-plugin-zckB1Qt5',
1011 silly reify   'E:\\smartparkingcopy\\ParkingApp\\node_modules\\@babel\\helper-define-polyfill-provider': 'E:\\smartparkingcopy\\ParkingApp\\node_modules\\@babel\\.helper-define-polyfill-provider-Huk91INZ',
1011 silly reify   'E:\\smartparkingcopy\\ParkingApp\\node_modules\\@babel\\helper-globals': 'E:\\smartparkingcopy\\ParkingApp\\node_modules\\@babel\\.helper-globals-fGlZt0aG',
1011 silly reify   'E:\\smartparkingcopy\\ParkingApp\\node_modules\\@babel\\helper-member-expression-to-functions': 'E:\\smartparkingcopy\\ParkingApp\\node_modules\\@babel\\.helper-member-expression-to-functions-MA7GzQY3',
1011 silly reify   'E:\\smartparkingcopy\\ParkingApp\\node_modules\\@babel\\helper-module-imports': 'E:\\smartparkingcopy\\ParkingApp\\node_modules\\@babel\\.helper-module-imports-IYD1Nevn',
1011 silly reify   'E:\\smartparkingcopy\\ParkingApp\\node_modules\\@babel\\helper-module-transforms': 'E:\\smartparkingcopy\\ParkingApp\\node_modules\\@babel\\.helper-module-transforms-5B3MsBUr',
1011 silly reify   'E:\\smartparkingcopy\\ParkingApp\\node_modules\\@babel\\helper-optimise-call-expression': 'E:\\smartparkingcopy\\ParkingApp\\node_modules\\@babel\\.helper-optimise-call-expression-69wmkI56',
1011 silly reify   'E:\\smartparkingcopy\\ParkingApp\\node_modules\\@babel\\helper-plugin-utils': 'E:\\smartparkingcopy\\ParkingApp\\node_modules\\@babel\\.helper-plugin-utils-ML45IsNe',
1011 silly reify   'E:\\smartparkingcopy\\ParkingApp\\node_modules\\@babel\\helper-remap-async-to-generator': 'E:\\smartparkingcopy\\ParkingApp\\node_modules\\@babel\\.helper-remap-async-to-generator-iUqVuJd0',
1011 silly reify   'E:\\smartparkingcopy\\ParkingApp\\node_modules\\@babel\\helper-replace-supers': 'E:\\smartparkingcopy\\ParkingApp\\node_modules\\@babel\\.helper-replace-supers-VOGB4re5',
1011 silly reify   'E:\\smartparkingcopy\\ParkingApp\\node_modules\\@babel\\helper-skip-transparent-expression-wrappers': 'E:\\smartparkingcopy\\ParkingApp\\node_modules\\@babel\\.helper-skip-transparent-expression-wrappers-CDLzE1Vf',
1011 silly reify   'E:\\smartparkingcopy\\ParkingApp\\node_modules\\@babel\\helper-string-parser': 'E:\\smartparkingcopy\\ParkingApp\\node_modules\\@babel\\.helper-string-parser-yLuSU2VI',
1011 silly reify   'E:\\smartparkingcopy\\ParkingApp\\node_modules\\@babel\\helper-validator-identifier': 'E:\\smartparkingcopy\\ParkingApp\\node_modules\\@babel\\.helper-validator-identifier-fmbhMNKi',
1011 silly reify   'E:\\smartparkingcopy\\ParkingApp\\node_modules\\@babel\\helper-validator-option': 'E:\\smartparkingcopy\\ParkingApp\\node_modules\\@babel\\.helper-validator-option-mWf36rE0',
1011 silly reify   'E:\\smartparkingcopy\\ParkingApp\\node_modules\\@babel\\helper-wrap-function': 'E:\\smartparkingcopy\\ParkingApp\\node_modules\\@babel\\.helper-wrap-function-w5SKBoR5',
1011 silly reify   'E:\\smartparkingcopy\\ParkingApp\\node_modules\\@babel\\helpers': 'E:\\smartparkingcopy\\ParkingApp\\node_modules\\@babel\\.helpers-zXRju60G',
1011 silly reify   'E:\\smartparkingcopy\\ParkingApp\\node_modules\\@babel\\highlight': 'E:\\smartparkingcopy\\ParkingApp\\node_modules\\@babel\\.highlight-b7FqVBN6',
1011 silly reify   'E:\\smartparkingcopy\\ParkingApp\\node_modules\\@babel\\parser': 'E:\\smartparkingcopy\\ParkingApp\\node_modules\\@babel\\.parser-WhF9a7rZ',
1011 silly reify   'E:\\smartparkingcopy\\ParkingApp\\node_modules\\@babel\\plugin-proposal-decorators': 'E:\\smartparkingcopy\\ParkingApp\\node_modules\\@babel\\.plugin-proposal-decorators-vdzF9Bl7',
1011 silly reify   'E:\\smartparkingcopy\\ParkingApp\\node_modules\\@babel\\plugin-proposal-export-default-from': 'E:\\smartparkingcopy\\ParkingApp\\node_modules\\@babel\\.plugin-proposal-export-default-from-YnEEJd2P',
1011 silly reify   'E:\\smartparkingcopy\\ParkingApp\\node_modules\\@babel\\plugin-syntax-async-generators': 'E:\\smartparkingcopy\\ParkingApp\\node_modules\\@babel\\.plugin-syntax-async-generators-ES2mnsTj',
1011 silly reify   'E:\\smartparkingcopy\\ParkingApp\\node_modules\\@babel\\plugin-syntax-bigint': 'E:\\smartparkingcopy\\ParkingApp\\node_modules\\@babel\\.plugin-syntax-bigint-j38XIQU9',
1011 silly reify   'E:\\smartparkingcopy\\ParkingApp\\node_modules\\@babel\\plugin-syntax-class-properties': 'E:\\smartparkingcopy\\ParkingApp\\node_modules\\@babel\\.plugin-syntax-class-properties-oTQ8vmBN',
1011 silly reify   'E:\\smartparkingcopy\\ParkingApp\\node_modules\\@babel\\plugin-syntax-class-static-block': 'E:\\smartparkingcopy\\ParkingApp\\node_modules\\@babel\\.plugin-syntax-class-static-block-vpgSgiej',
1011 silly reify   'E:\\smartparkingcopy\\ParkingApp\\node_modules\\@babel\\plugin-syntax-decorators': 'E:\\smartparkingcopy\\ParkingApp\\node_modules\\@babel\\.plugin-syntax-decorators-OozyeF3E',
1011 silly reify   'E:\\smartparkingcopy\\ParkingApp\\node_modules\\@babel\\plugin-syntax-dynamic-import': 'E:\\smartparkingcopy\\ParkingApp\\node_modules\\@babel\\.plugin-syntax-dynamic-import-ihCqhg16',
1011 silly reify   'E:\\smartparkingcopy\\ParkingApp\\node_modules\\@babel\\plugin-syntax-export-default-from': 'E:\\smartparkingcopy\\ParkingApp\\node_modules\\@babel\\.plugin-syntax-export-default-from-TZOZjz0p',
1011 silly reify   'E:\\smartparkingcopy\\ParkingApp\\node_modules\\@babel\\plugin-syntax-flow': 'E:\\smartparkingcopy\\ParkingApp\\node_modules\\@babel\\.plugin-syntax-flow-GOHyjKP6',
1011 silly reify   'E:\\smartparkingcopy\\ParkingApp\\node_modules\\@babel\\plugin-syntax-import-attributes': 'E:\\smartparkingcopy\\ParkingApp\\node_modules\\@babel\\.plugin-syntax-import-attributes-KtZSSNGj',
1011 silly reify   'E:\\smartparkingcopy\\ParkingApp\\node_modules\\@babel\\plugin-syntax-import-meta': 'E:\\smartparkingcopy\\ParkingApp\\node_modules\\@babel\\.plugin-syntax-import-meta-3JzH2Ftp',
1011 silly reify   'E:\\smartparkingcopy\\ParkingApp\\node_modules\\@babel\\plugin-syntax-json-strings': 'E:\\smartparkingcopy\\ParkingApp\\node_modules\\@babel\\.plugin-syntax-json-strings-fANpAXVQ',
1011 silly reify   'E:\\smartparkingcopy\\ParkingApp\\node_modules\\@babel\\plugin-syntax-jsx': 'E:\\smartparkingcopy\\ParkingApp\\node_modules\\@babel\\.plugin-syntax-jsx-wk01hgJ7',
1011 silly reify   'E:\\smartparkingcopy\\ParkingApp\\node_modules\\@babel\\plugin-syntax-logical-assignment-operators': 'E:\\smartparkingcopy\\ParkingApp\\node_modules\\@babel\\.plugin-syntax-logical-assignment-operators-NDgnmR1M',
1011 silly reify   'E:\\smartparkingcopy\\ParkingApp\\node_modules\\@babel\\plugin-syntax-nullish-coalescing-operator': 'E:\\smartparkingcopy\\ParkingApp\\node_modules\\@babel\\.plugin-syntax-nullish-coalescing-operator-2ceojmoq',
1011 silly reify   'E:\\smartparkingcopy\\ParkingApp\\node_modules\\@babel\\plugin-syntax-numeric-separator': 'E:\\smartparkingcopy\\ParkingApp\\node_modules\\@babel\\.plugin-syntax-numeric-separator-QQ4jbn1s',
1011 silly reify   'E:\\smartparkingcopy\\ParkingApp\\node_modules\\@babel\\plugin-syntax-object-rest-spread': 'E:\\smartparkingcopy\\ParkingApp\\node_modules\\@babel\\.plugin-syntax-object-rest-spread-6OGgfhsX',
1011 silly reify   'E:\\smartparkingcopy\\ParkingApp\\node_modules\\@babel\\plugin-syntax-optional-catch-binding': 'E:\\smartparkingcopy\\ParkingApp\\node_modules\\@babel\\.plugin-syntax-optional-catch-binding-cTp1VlAf',
1011 silly reify   'E:\\smartparkingcopy\\ParkingApp\\node_modules\\@babel\\plugin-syntax-optional-chaining': 'E:\\smartparkingcopy\\ParkingApp\\node_modules\\@babel\\.plugin-syntax-optional-chaining-lwZmpdoS',
1011 silly reify   'E:\\smartparkingcopy\\ParkingApp\\node_modules\\@babel\\plugin-syntax-private-property-in-object': 'E:\\smartparkingcopy\\ParkingApp\\node_modules\\@babel\\.plugin-syntax-private-property-in-object-CZKdSPxa',
1011 silly reify   'E:\\smartparkingcopy\\ParkingApp\\node_modules\\@babel\\plugin-syntax-top-level-await': 'E:\\smartparkingcopy\\ParkingApp\\node_modules\\@babel\\.plugin-syntax-top-level-await-IsVJsky1',
1011 silly reify   'E:\\smartparkingcopy\\ParkingApp\\node_modules\\@babel\\plugin-syntax-typescript': 'E:\\smartparkingcopy\\ParkingApp\\node_modules\\@babel\\.plugin-syntax-typescript-ZV2K9BRx',
1011 silly reify   'E:\\smartparkingcopy\\ParkingApp\\node_modules\\@babel\\plugin-transform-arrow-functions': 'E:\\smartparkingcopy\\ParkingApp\\node_modules\\@babel\\.plugin-transform-arrow-functions-c6DbmasG',
1011 silly reify   'E:\\smartparkingcopy\\ParkingApp\\node_modules\\@babel\\plugin-transform-async-generator-functions': 'E:\\smartparkingcopy\\ParkingApp\\node_modules\\@babel\\.plugin-transform-async-generator-functions-K5qJGOrG',
1011 silly reify   'E:\\smartparkingcopy\\ParkingApp\\node_modules\\@babel\\plugin-transform-async-to-generator': 'E:\\smartparkingcopy\\ParkingApp\\node_modules\\@babel\\.plugin-transform-async-to-generator-jYMEYbDz',
1011 silly reify   'E:\\smartparkingcopy\\ParkingApp\\node_modules\\@babel\\plugin-transform-block-scoping': 'E:\\smartparkingcopy\\ParkingApp\\node_modules\\@babel\\.plugin-transform-block-scoping-dL69EPZY',
1011 silly reify   'E:\\smartparkingcopy\\ParkingApp\\node_modules\\@babel\\plugin-transform-class-properties': 'E:\\smartparkingcopy\\ParkingApp\\node_modules\\@babel\\.plugin-transform-class-properties-xJWDD1AO',
1011 silly reify   'E:\\smartparkingcopy\\ParkingApp\\node_modules\\@babel\\plugin-transform-class-static-block': 'E:\\smartparkingcopy\\ParkingApp\\node_modules\\@babel\\.plugin-transform-class-static-block-ZhAjCD0l',
1011 silly reify   'E:\\smartparkingcopy\\ParkingApp\\node_modules\\@babel\\plugin-transform-classes': 'E:\\smartparkingcopy\\ParkingApp\\node_modules\\@babel\\.plugin-transform-classes-PNiBtfMi',
1011 silly reify   'E:\\smartparkingcopy\\ParkingApp\\node_modules\\@babel\\plugin-transform-computed-properties': 'E:\\smartparkingcopy\\ParkingApp\\node_modules\\@babel\\.plugin-transform-computed-properties-W5ZvNqwW',
1011 silly reify   'E:\\smartparkingcopy\\ParkingApp\\node_modules\\@babel\\plugin-transform-destructuring': 'E:\\smartparkingcopy\\ParkingApp\\node_modules\\@babel\\.plugin-transform-destructuring-dCaC7TIn',
1011 silly reify   'E:\\smartparkingcopy\\ParkingApp\\node_modules\\@babel\\plugin-transform-export-namespace-from': 'E:\\smartparkingcopy\\ParkingApp\\node_modules\\@babel\\.plugin-transform-export-namespace-from-l5h4R5zi',
1011 silly reify   'E:\\smartparkingcopy\\ParkingApp\\node_modules\\@babel\\plugin-transform-flow-strip-types': 'E:\\smartparkingcopy\\ParkingApp\\node_modules\\@babel\\.plugin-transform-flow-strip-types-UIQCaIna',
1011 silly reify   'E:\\smartparkingcopy\\ParkingApp\\node_modules\\@babel\\plugin-transform-for-of': 'E:\\smartparkingcopy\\ParkingApp\\node_modules\\@babel\\.plugin-transform-for-of-lr0GO57S',
1011 silly reify   'E:\\smartparkingcopy\\ParkingApp\\node_modules\\@babel\\plugin-transform-function-name': 'E:\\smartparkingcopy\\ParkingApp\\node_modules\\@babel\\.plugin-transform-function-name-HXqzxN5i',
1011 silly reify   'E:\\smartparkingcopy\\ParkingApp\\node_modules\\@babel\\plugin-transform-literals': 'E:\\smartparkingcopy\\ParkingApp\\node_modules\\@babel\\.plugin-transform-literals-3jiWkjuG',
1011 silly reify   'E:\\smartparkingcopy\\ParkingApp\\node_modules\\@babel\\plugin-transform-logical-assignment-operators': 'E:\\smartparkingcopy\\ParkingApp\\node_modules\\@babel\\.plugin-transform-logical-assignment-operators-hBg0oXcT',
1011 silly reify   'E:\\smartparkingcopy\\ParkingApp\\node_modules\\@babel\\plugin-transform-modules-commonjs': 'E:\\smartparkingcopy\\ParkingApp\\node_modules\\@babel\\.plugin-transform-modules-commonjs-LMIhPVqH',
1011 silly reify   'E:\\smartparkingcopy\\ParkingApp\\node_modules\\@babel\\plugin-transform-named-capturing-groups-regex': 'E:\\smartparkingcopy\\ParkingApp\\node_modules\\@babel\\.plugin-transform-named-capturing-groups-regex-ZKAp3cqd',
1011 silly reify   'E:\\smartparkingcopy\\ParkingApp\\node_modules\\@babel\\plugin-transform-nullish-coalescing-operator': 'E:\\smartparkingcopy\\ParkingApp\\node_modules\\@babel\\.plugin-transform-nullish-coalescing-operator-txtDEP2D',
1011 silly reify   'E:\\smartparkingcopy\\ParkingApp\\node_modules\\@babel\\plugin-transform-numeric-separator': 'E:\\smartparkingcopy\\ParkingApp\\node_modules\\@babel\\.plugin-transform-numeric-separator-WxiCLE55',
1011 silly reify   'E:\\smartparkingcopy\\ParkingApp\\node_modules\\@babel\\plugin-transform-object-rest-spread': 'E:\\smartparkingcopy\\ParkingApp\\node_modules\\@babel\\.plugin-transform-object-rest-spread-JE75T1da',
1011 silly reify   'E:\\smartparkingcopy\\ParkingApp\\node_modules\\@babel\\plugin-transform-optional-catch-binding': 'E:\\smartparkingcopy\\ParkingApp\\node_modules\\@babel\\.plugin-transform-optional-catch-binding-HcACqr41',
1011 silly reify   'E:\\smartparkingcopy\\ParkingApp\\node_modules\\@babel\\plugin-transform-optional-chaining': 'E:\\smartparkingcopy\\ParkingApp\\node_modules\\@babel\\.plugin-transform-optional-chaining-iCcNIgcF',
1011 silly reify   'E:\\smartparkingcopy\\ParkingApp\\node_modules\\@babel\\plugin-transform-parameters': 'E:\\smartparkingcopy\\ParkingApp\\node_modules\\@babel\\.plugin-transform-parameters-zg51tRLz',
1011 silly reify   'E:\\smartparkingcopy\\ParkingApp\\node_modules\\@babel\\plugin-transform-private-methods': 'E:\\smartparkingcopy\\ParkingApp\\node_modules\\@babel\\.plugin-transform-private-methods-sGfTVq0w',
1011 silly reify   'E:\\smartparkingcopy\\ParkingApp\\node_modules\\@babel\\plugin-transform-private-property-in-object': 'E:\\smartparkingcopy\\ParkingApp\\node_modules\\@babel\\.plugin-transform-private-property-in-object-XWiljcWm',
1011 silly reify   'E:\\smartparkingcopy\\ParkingApp\\node_modules\\@babel\\plugin-transform-react-display-name': 'E:\\smartparkingcopy\\ParkingApp\\node_modules\\@babel\\.plugin-transform-react-display-name-rbTfK3Id',
1011 silly reify   'E:\\smartparkingcopy\\ParkingApp\\node_modules\\@babel\\plugin-transform-react-jsx': 'E:\\smartparkingcopy\\ParkingApp\\node_modules\\@babel\\.plugin-transform-react-jsx-Kgnfs0ca',
1011 silly reify   'E:\\smartparkingcopy\\ParkingApp\\node_modules\\@babel\\plugin-transform-react-jsx-development': 'E:\\smartparkingcopy\\ParkingApp\\node_modules\\@babel\\.plugin-transform-react-jsx-development-0Q6bkxyl',
1011 silly reify   'E:\\smartparkingcopy\\ParkingApp\\node_modules\\@babel\\plugin-transform-react-jsx-self': 'E:\\smartparkingcopy\\ParkingApp\\node_modules\\@babel\\.plugin-transform-react-jsx-self-314XZAgA',
1011 silly reify   'E:\\smartparkingcopy\\ParkingApp\\node_modules\\@babel\\plugin-transform-react-jsx-source': 'E:\\smartparkingcopy\\ParkingApp\\node_modules\\@babel\\.plugin-transform-react-jsx-source-VTCx9nxM',
1011 silly reify   'E:\\smartparkingcopy\\ParkingApp\\node_modules\\@babel\\plugin-transform-react-pure-annotations': 'E:\\smartparkingcopy\\ParkingApp\\node_modules\\@babel\\.plugin-transform-react-pure-annotations-bfaUS6T0',
1011 silly reify   'E:\\smartparkingcopy\\ParkingApp\\node_modules\\@babel\\plugin-transform-regenerator': 'E:\\smartparkingcopy\\ParkingApp\\node_modules\\@babel\\.plugin-transform-regenerator-Nk2lZJMi',
1011 silly reify   'E:\\smartparkingcopy\\ParkingApp\\node_modules\\@babel\\plugin-transform-runtime': 'E:\\smartparkingcopy\\ParkingApp\\node_modules\\@babel\\.plugin-transform-runtime-TE31ISvS',
1011 silly reify   'E:\\smartparkingcopy\\ParkingApp\\node_modules\\@babel\\plugin-transform-shorthand-properties': 'E:\\smartparkingcopy\\ParkingApp\\node_modules\\@babel\\.plugin-transform-shorthand-properties-sModAiBr',
1011 silly reify   'E:\\smartparkingcopy\\ParkingApp\\node_modules\\@babel\\plugin-transform-spread': 'E:\\smartparkingcopy\\ParkingApp\\node_modules\\@babel\\.plugin-transform-spread-42ZnNTAH',
1011 silly reify   'E:\\smartparkingcopy\\ParkingApp\\node_modules\\@babel\\plugin-transform-sticky-regex': 'E:\\smartparkingcopy\\ParkingApp\\node_modules\\@babel\\.plugin-transform-sticky-regex-5nFRFWvL',
1011 silly reify   'E:\\smartparkingcopy\\ParkingApp\\node_modules\\@babel\\plugin-transform-template-literals': 'E:\\smartparkingcopy\\ParkingApp\\node_modules\\@babel\\.plugin-transform-template-literals-Dg2XweW0',
1011 silly reify   'E:\\smartparkingcopy\\ParkingApp\\node_modules\\@babel\\plugin-transform-typescript': 'E:\\smartparkingcopy\\ParkingApp\\node_modules\\@babel\\.plugin-transform-typescript-hPZjswlb',
1011 silly reify   'E:\\smartparkingcopy\\ParkingApp\\node_modules\\@babel\\plugin-transform-unicode-regex': 'E:\\smartparkingcopy\\ParkingApp\\node_modules\\@babel\\.plugin-transform-unicode-regex-87SLJ2FY',
1011 silly reify   'E:\\smartparkingcopy\\ParkingApp\\node_modules\\@babel\\preset-react': 'E:\\smartparkingcopy\\ParkingApp\\node_modules\\@babel\\.preset-react-mt8fn35B',
1011 silly reify   'E:\\smartparkingcopy\\ParkingApp\\node_modules\\@babel\\preset-typescript': 'E:\\smartparkingcopy\\ParkingApp\\node_modules\\@babel\\.preset-typescript-Ii7kRYz6',
1011 silly reify   'E:\\smartparkingcopy\\ParkingApp\\node_modules\\@babel\\runtime': 'E:\\smartparkingcopy\\ParkingApp\\node_modules\\@babel\\.runtime-11qBKXE6',
1011 silly reify   'E:\\smartparkingcopy\\ParkingApp\\node_modules\\@babel\\template': 'E:\\smartparkingcopy\\ParkingApp\\node_modules\\@babel\\.template-7dRYDr9P',
1011 silly reify   'E:\\smartparkingcopy\\ParkingApp\\node_modules\\@babel\\traverse': 'E:\\smartparkingcopy\\ParkingApp\\node_modules\\@babel\\.traverse-Nvw8MF7C',
1011 silly reify   'E:\\smartparkingcopy\\ParkingApp\\node_modules\\@babel\\traverse--for-generate-function-map': 'E:\\smartparkingcopy\\ParkingApp\\node_modules\\@babel\\.traverse--for-generate-function-map-V5xGzNce',
1011 silly reify   'E:\\smartparkingcopy\\ParkingApp\\node_modules\\@babel\\types': 'E:\\smartparkingcopy\\ParkingApp\\node_modules\\@babel\\.types-EAyprAMb',
1011 silly reify   'E:\\smartparkingcopy\\ParkingApp\\node_modules\\@cspotcode\\source-map-support': 'E:\\smartparkingcopy\\ParkingApp\\node_modules\\@cspotcode\\.source-map-support-9THaB1BB',
1011 silly reify   'E:\\smartparkingcopy\\ParkingApp\\node_modules\\@egjs\\hammerjs': 'E:\\smartparkingcopy\\ParkingApp\\node_modules\\@egjs\\.hammerjs-pEw13aeL',
1011 silly reify   'E:\\smartparkingcopy\\ParkingApp\\node_modules\\@emnapi\\core': 'E:\\smartparkingcopy\\ParkingApp\\node_modules\\@emnapi\\.core-JHTvx16p',
1011 silly reify   'E:\\smartparkingcopy\\ParkingApp\\node_modules\\@emnapi\\runtime': 'E:\\smartparkingcopy\\ParkingApp\\node_modules\\@emnapi\\.runtime-TAlA4DJD',
1011 silly reify   'E:\\smartparkingcopy\\ParkingApp\\node_modules\\@emnapi\\wasi-threads': 'E:\\smartparkingcopy\\ParkingApp\\node_modules\\@emnapi\\.wasi-threads-KG4ab37N',
1011 silly reify   'E:\\smartparkingcopy\\ParkingApp\\node_modules\\@eslint\\config-array': 'E:\\smartparkingcopy\\ParkingApp\\node_modules\\@eslint\\.config-array-YPJSgaM9',
1011 silly reify   'E:\\smartparkingcopy\\ParkingApp\\node_modules\\@eslint\\config-helpers': 'E:\\smartparkingcopy\\ParkingApp\\node_modules\\@eslint\\.config-helpers-OhLm2Q5R',
1011 silly reify   'E:\\smartparkingcopy\\ParkingApp\\node_modules\\@eslint\\core': 'E:\\smartparkingcopy\\ParkingApp\\node_modules\\@eslint\\.core-WwdFckwJ',
1011 silly reify   'E:\\smartparkingcopy\\ParkingApp\\node_modules\\@eslint\\eslintrc': 'E:\\smartparkingcopy\\ParkingApp\\node_modules\\@eslint\\.eslintrc-7qDY5vvU',
1011 silly reify   'E:\\smartparkingcopy\\ParkingApp\\node_modules\\@eslint\\js': 'E:\\smartparkingcopy\\ParkingApp\\node_modules\\@eslint\\.js-F696sntX',
1011 silly reify   'E:\\smartparkingcopy\\ParkingApp\\node_modules\\@eslint\\object-schema': 'E:\\smartparkingcopy\\ParkingApp\\node_modules\\@eslint\\.object-schema-SwBPqdZr',
1011 silly reify   'E:\\smartparkingcopy\\ParkingApp\\node_modules\\@eslint\\plugin-kit': 'E:\\smartparkingcopy\\ParkingApp\\node_modules\\@eslint\\.plugin-kit-brKjFRvd',
1011 silly reify   'E:\\smartparkingcopy\\ParkingApp\\node_modules\\@eslint-community\\regexpp': 'E:\\smartparkingcopy\\ParkingApp\\node_modules\\@eslint-community\\.regexpp-lkDMq4a7',
1011 silly reify   'E:\\smartparkingcopy\\ParkingApp\\node_modules\\@eslint-community\\eslint-utils': 'E:\\smartparkingcopy\\ParkingApp\\node_modules\\@eslint-community\\.eslint-utils-S9k6hUiD',
1011 silly reify   'E:\\smartparkingcopy\\ParkingApp\\node_modules\\@expo\\apple-utils': 'E:\\smartparkingcopy\\ParkingApp\\node_modules\\@expo\\.apple-utils-93PT1fbf',
1011 silly reify   'E:\\smartparkingcopy\\ParkingApp\\node_modules\\@expo\\bunyan': 'E:\\smartparkingcopy\\ParkingApp\\node_modules\\@expo\\.bunyan-7sfwcXn2',
1011 silly reify   'E:\\smartparkingcopy\\ParkingApp\\node_modules\\@expo\\code-signing-certificates': 'E:\\smartparkingcopy\\ParkingApp\\node_modules\\@expo\\.code-signing-certificates-SOPfeEoL',
1011 silly reify   'E:\\smartparkingcopy\\ParkingApp\\node_modules\\@expo\\config': 'E:\\smartparkingcopy\\ParkingApp\\node_modules\\@expo\\.config-5NQmG9uR',
1011 silly reify   'E:\\smartparkingcopy\\ParkingApp\\node_modules\\@expo\\config-plugins': 'E:\\smartparkingcopy\\ParkingApp\\node_modules\\@expo\\.config-plugins-92fFq2eP',
1011 silly reify   'E:\\smartparkingcopy\\ParkingApp\\node_modules\\@expo\\config-types': 'E:\\smartparkingcopy\\ParkingApp\\node_modules\\@expo\\.config-types-OTlkqrPY',
1011 silly reify   'E:\\smartparkingcopy\\ParkingApp\\node_modules\\@expo\\devcert': 'E:\\smartparkingcopy\\ParkingApp\\node_modules\\@expo\\.devcert-5c1aSBne',
1011 silly reify   'E:\\smartparkingcopy\\ParkingApp\\node_modules\\@expo\\devtools': 'E:\\smartparkingcopy\\ParkingApp\\node_modules\\@expo\\.devtools-8eGTJE9S',
1011 silly reify   'E:\\smartparkingcopy\\ParkingApp\\node_modules\\@expo\\eas-build-job': 'E:\\smartparkingcopy\\ParkingApp\\node_modules\\@expo\\.eas-build-job-54F0MjkM',
1011 silly reify   'E:\\smartparkingcopy\\ParkingApp\\node_modules\\@expo\\eas-json': 'E:\\smartparkingcopy\\ParkingApp\\node_modules\\@expo\\.eas-json-5zns9u7r',
1011 silly reify   'E:\\smartparkingcopy\\ParkingApp\\node_modules\\@expo\\env': 'E:\\smartparkingcopy\\ParkingApp\\node_modules\\@expo\\.env-88qz1Diw',
1011 silly reify   'E:\\smartparkingcopy\\ParkingApp\\node_modules\\@expo\\fingerprint': 'E:\\smartparkingcopy\\ParkingApp\\node_modules\\@expo\\.fingerprint-W3mAMDLr',
1011 silly reify   'E:\\smartparkingcopy\\ParkingApp\\node_modules\\@expo\\image-utils': 'E:\\smartparkingcopy\\ParkingApp\\node_modules\\@expo\\.image-utils-6wz3HTXG',
1011 silly reify   'E:\\smartparkingcopy\\ParkingApp\\node_modules\\@expo\\json-file': 'E:\\smartparkingcopy\\ParkingApp\\node_modules\\@expo\\.json-file-mfiQUZ6w',
1011 silly reify   'E:\\smartparkingcopy\\ParkingApp\\node_modules\\@expo\\logger': 'E:\\smartparkingcopy\\ParkingApp\\node_modules\\@expo\\.logger-RlUvpeSR',
1011 silly reify   'E:\\smartparkingcopy\\ParkingApp\\node_modules\\@expo\\metro': 'E:\\smartparkingcopy\\ParkingApp\\node_modules\\@expo\\.metro-Y7g5S4H4',
1011 silly reify   'E:\\smartparkingcopy\\ParkingApp\\node_modules\\@expo\\metro-config': 'E:\\smartparkingcopy\\ParkingApp\\node_modules\\@expo\\.metro-config-1w6h0lhA',
1011 silly reify   'E:\\smartparkingcopy\\ParkingApp\\node_modules\\@expo\\metro-runtime': 'E:\\smartparkingcopy\\ParkingApp\\node_modules\\@expo\\.metro-runtime-xvuAUk4a',
1011 silly reify   'E:\\smartparkingcopy\\ParkingApp\\node_modules\\@expo\\multipart-body-parser': 'E:\\smartparkingcopy\\ParkingApp\\node_modules\\@expo\\.multipart-body-parser-6K13bEBH',
1011 silly reify   'E:\\smartparkingcopy\\ParkingApp\\node_modules\\@expo\\osascript': 'E:\\smartparkingcopy\\ParkingApp\\node_modules\\@expo\\.osascript-xujfcMKJ',
1011 silly reify   'E:\\smartparkingcopy\\ParkingApp\\node_modules\\@expo\\package-manager': 'E:\\smartparkingcopy\\ParkingApp\\node_modules\\@expo\\.package-manager-0FCcjvsB',
1011 silly reify   'E:\\smartparkingcopy\\ParkingApp\\node_modules\\@expo\\pkcs12': 'E:\\smartparkingcopy\\ParkingApp\\node_modules\\@expo\\.pkcs12-fG4APebu',
1011 silly reify   'E:\\smartparkingcopy\\ParkingApp\\node_modules\\@expo\\plist': 'E:\\smartparkingcopy\\ParkingApp\\node_modules\\@expo\\.plist-o7nAMvVt',
1011 silly reify   'E:\\smartparkingcopy\\ParkingApp\\node_modules\\@expo\\plugin-help': 'E:\\smartparkingcopy\\ParkingApp\\node_modules\\@expo\\.plugin-help-jITcUnZj',
1011 silly reify   'E:\\smartparkingcopy\\ParkingApp\\node_modules\\@expo\\plugin-warn-if-update-available': 'E:\\smartparkingcopy\\ParkingApp\\node_modules\\@expo\\.plugin-warn-if-update-available-3mbPapM5',
1011 silly reify   'E:\\smartparkingcopy\\ParkingApp\\node_modules\\@expo\\prebuild-config': 'E:\\smartparkingcopy\\ParkingApp\\node_modules\\@expo\\.prebuild-config-HBpHEQ9n',
1011 silly reify   'E:\\smartparkingcopy\\ParkingApp\\node_modules\\@expo\\require-utils': 'E:\\smartparkingcopy\\ParkingApp\\node_modules\\@expo\\.require-utils-SUeDxqKZ',
1011 silly reify   'E:\\smartparkingcopy\\ParkingApp\\node_modules\\@expo\\results': 'E:\\smartparkingcopy\\ParkingApp\\node_modules\\@expo\\.results-n9JhAAA3',
1011 silly reify   'E:\\smartparkingcopy\\ParkingApp\\node_modules\\@expo\\rudder-sdk-node': 'E:\\smartparkingcopy\\ParkingApp\\node_modules\\@expo\\.rudder-sdk-node-zuzka5gF',
1011 silly reify   'E:\\smartparkingcopy\\ParkingApp\\node_modules\\@expo\\schema-utils': 'E:\\smartparkingcopy\\ParkingApp\\node_modules\\@expo\\.schema-utils-EuhNRxFV',
1011 silly reify   'E:\\smartparkingcopy\\ParkingApp\\node_modules\\@expo\\sdk-runtime-versions': 'E:\\smartparkingcopy\\ParkingApp\\node_modules\\@expo\\.sdk-runtime-versions-s4Ep6js0',
1011 silly reify   'E:\\smartparkingcopy\\ParkingApp\\node_modules\\@expo\\spawn-async': 'E:\\smartparkingcopy\\ParkingApp\\node_modules\\@expo\\.spawn-async-IBbxq3sd',
1011 silly reify   'E:\\smartparkingcopy\\ParkingApp\\node_modules\\@expo\\steps': 'E:\\smartparkingcopy\\ParkingApp\\node_modules\\@expo\\.steps-mE0gWuw4',
1011 silly reify   'E:\\smartparkingcopy\\ParkingApp\\node_modules\\@expo\\sudo-prompt': 'E:\\smartparkingcopy\\ParkingApp\\node_modules\\@expo\\.sudo-prompt-yQFS3OFw',
1011 silly reify   'E:\\smartparkingcopy\\ParkingApp\\node_modules\\@expo\\timeago.js': 'E:\\smartparkingcopy\\ParkingApp\\node_modules\\@expo\\.timeago.js-K09MWXl5',
1011 silly reify   'E:\\smartparkingcopy\\ParkingApp\\node_modules\\@expo\\vector-icons': 'E:\\smartparkingcopy\\ParkingApp\\node_modules\\@expo\\.vector-icons-Fsd0jTjM',
1011 silly reify   'E:\\smartparkingcopy\\ParkingApp\\node_modules\\@expo\\ws-tunnel': 'E:\\smartparkingcopy\\ParkingApp\\node_modules\\@expo\\.ws-tunnel-0QiiwJvM',
1011 silly reify   'E:\\smartparkingcopy\\ParkingApp\\node_modules\\@expo\\xcpretty': 'E:\\smartparkingcopy\\ParkingApp\\node_modules\\@expo\\.xcpretty-iDrYEGAA',
1011 silly reify   'E:\\smartparkingcopy\\ParkingApp\\node_modules\\@hapi\\hoek': 'E:\\smartparkingcopy\\ParkingApp\\node_modules\\@hapi\\.hoek-tUhEVOug',
1011 silly reify   'E:\\smartparkingcopy\\ParkingApp\\node_modules\\@hapi\\topo': 'E:\\smartparkingcopy\\ParkingApp\\node_modules\\@hapi\\.topo-weW74wmG',
1011 silly reify   'E:\\smartparkingcopy\\ParkingApp\\node_modules\\@humanfs\\core': 'E:\\smartparkingcopy\\ParkingApp\\node_modules\\@humanfs\\.core-Pm77TaxB',
1011 silly reify   'E:\\smartparkingcopy\\ParkingApp\\node_modules\\@humanfs\\node': 'E:\\smartparkingcopy\\ParkingApp\\node_modules\\@humanfs\\.node-wPwU4dG1',
1011 silly reify   'E:\\smartparkingcopy\\ParkingApp\\node_modules\\@humanwhocodes\\module-importer': 'E:\\smartparkingcopy\\ParkingApp\\node_modules\\@humanwhocodes\\.module-importer-tPCHEtxr',
1011 silly reify   'E:\\smartparkingcopy\\ParkingApp\\node_modules\\@humanwhocodes\\retry': 'E:\\smartparkingcopy\\ParkingApp\\node_modules\\@humanwhocodes\\.retry-pIsebCvr',
1011 silly reify   'E:\\smartparkingcopy\\ParkingApp\\node_modules\\@isaacs\\cliui': 'E:\\smartparkingcopy\\ParkingApp\\node_modules\\@isaacs\\.cliui-BcfKuZsC',
1011 silly reify   'E:\\smartparkingcopy\\ParkingApp\\node_modules\\@isaacs\\fs-minipass': 'E:\\smartparkingcopy\\ParkingApp\\node_modules\\@isaacs\\.fs-minipass-uFjpKewM',
1011 silly reify   'E:\\smartparkingcopy\\ParkingApp\\node_modules\\@isaacs\\ttlcache': 'E:\\smartparkingcopy\\ParkingApp\\node_modules\\@isaacs\\.ttlcache-lpnklwvP',
1011 silly reify   'E:\\smartparkingcopy\\ParkingApp\\node_modules\\@istanbuljs\\load-nyc-config': 'E:\\smartparkingcopy\\ParkingApp\\node_modules\\@istanbuljs\\.load-nyc-config-Rox586e6',
1011 silly reify   'E:\\smartparkingcopy\\ParkingApp\\node_modules\\@istanbuljs\\schema': 'E:\\smartparkingcopy\\ParkingApp\\node_modules\\@istanbuljs\\.schema-zhWan0Ag',
1011 silly reify   'E:\\smartparkingcopy\\ParkingApp\\node_modules\\@jest\\create-cache-key-function': 'E:\\smartparkingcopy\\ParkingApp\\node_modules\\@jest\\.create-cache-key-function-n8TNYQ3f',
1011 silly reify   'E:\\smartparkingcopy\\ParkingApp\\node_modules\\@jest\\environment': 'E:\\smartparkingcopy\\ParkingApp\\node_modules\\@jest\\.environment-rxn0m1Xl',
1011 silly reify   'E:\\smartparkingcopy\\ParkingApp\\node_modules\\@jest\\fake-timers': 'E:\\smartparkingcopy\\ParkingApp\\node_modules\\@jest\\.fake-timers-MbTj9MIw',
1011 silly reify   'E:\\smartparkingcopy\\ParkingApp\\node_modules\\@jest\\schemas': 'E:\\smartparkingcopy\\ParkingApp\\node_modules\\@jest\\.schemas-0jUMGYFz',
1011 silly reify   'E:\\smartparkingcopy\\ParkingApp\\node_modules\\@jest\\transform': 'E:\\smartparkingcopy\\ParkingApp\\node_modules\\@jest\\.transform-Lf6FlFJw',
1011 silly reify   'E:\\smartparkingcopy\\ParkingApp\\node_modules\\@jest\\types': 'E:\\smartparkingcopy\\ParkingApp\\node_modules\\@jest\\.types-8KHFoZ0C',
1011 silly reify   'E:\\smartparkingcopy\\ParkingApp\\node_modules\\@jridgewell\\gen-mapping': 'E:\\smartparkingcopy\\ParkingApp\\node_modules\\@jridgewell\\.gen-mapping-77hAA7fR',
1011 silly reify   'E:\\smartparkingcopy\\ParkingApp\\node_modules\\@jridgewell\\remapping': 'E:\\smartparkingcopy\\ParkingApp\\node_modules\\@jridgewell\\.remapping-7jspwFkA',
1011 silly reify   'E:\\smartparkingcopy\\ParkingApp\\node_modules\\@jridgewell\\resolve-uri': 'E:\\smartparkingcopy\\ParkingApp\\node_modules\\@jridgewell\\.resolve-uri-uovTk4mc',
1011 silly reify   'E:\\smartparkingcopy\\ParkingApp\\node_modules\\@jridgewell\\source-map': 'E:\\smartparkingcopy\\ParkingApp\\node_modules\\@jridgewell\\.source-map-yjYUQqdD',
1011 silly reify   'E:\\smartparkingcopy\\ParkingApp\\node_modules\\@jridgewell\\sourcemap-codec': 'E:\\smartparkingcopy\\ParkingApp\\node_modules\\@jridgewell\\.sourcemap-codec-QDrw4JYd',
1011 silly reify   'E:\\smartparkingcopy\\ParkingApp\\node_modules\\@jridgewell\\trace-mapping': 'E:\\smartparkingcopy\\ParkingApp\\node_modules\\@jridgewell\\.trace-mapping-eXDueRFK',
1011 silly reify   'E:\\smartparkingcopy\\ParkingApp\\node_modules\\@napi-rs\\wasm-runtime': 'E:\\smartparkingcopy\\ParkingApp\\node_modules\\@napi-rs\\.wasm-runtime-IB1FebNk',
1011 silly reify   'E:\\smartparkingcopy\\ParkingApp\\node_modules\\@nodelib\\fs.scandir': 'E:\\smartparkingcopy\\ParkingApp\\node_modules\\@nodelib\\.fs.scandir-rvulvNnt',
1011 silly reify   'E:\\smartparkingcopy\\ParkingApp\\node_modules\\@nodelib\\fs.stat': 'E:\\smartparkingcopy\\ParkingApp\\node_modules\\@nodelib\\.fs.stat-dRTwxHQI',
1011 silly reify   'E:\\smartparkingcopy\\ParkingApp\\node_modules\\@nodelib\\fs.walk': 'E:\\smartparkingcopy\\ParkingApp\\node_modules\\@nodelib\\.fs.walk-3IEoBW5e',
1011 silly reify   'E:\\smartparkingcopy\\ParkingApp\\node_modules\\@nolyfill\\is-core-module': 'E:\\smartparkingcopy\\ParkingApp\\node_modules\\@nolyfill\\.is-core-module-LiphJZMx',
1011 silly reify   'E:\\smartparkingcopy\\ParkingApp\\node_modules\\@oclif\\core': 'E:\\smartparkingcopy\\ParkingApp\\node_modules\\@oclif\\.core-7AIaRrxZ',
1011 silly reify   'E:\\smartparkingcopy\\ParkingApp\\node_modules\\@oclif\\plugin-autocomplete': 'E:\\smartparkingcopy\\ParkingApp\\node_modules\\@oclif\\.plugin-autocomplete-nz8jcqZo',
1011 silly reify   'E:\\smartparkingcopy\\ParkingApp\\node_modules\\@pkgjs\\parseargs': 'E:\\smartparkingcopy\\ParkingApp\\node_modules\\@pkgjs\\.parseargs-QjZvRyEp',
1011 silly reify   'E:\\smartparkingcopy\\ParkingApp\\node_modules\\@radix-ui\\primitive': 'E:\\smartparkingcopy\\ParkingApp\\node_modules\\@radix-ui\\.primitive-fCknZ0al',
1011 silly reify   'E:\\smartparkingcopy\\ParkingApp\\node_modules\\@radix-ui\\react-compose-refs': 'E:\\smartparkingcopy\\ParkingApp\\node_modules\\@radix-ui\\.react-compose-refs-kfNIpaFN',
1011 silly reify   'E:\\smartparkingcopy\\ParkingApp\\node_modules\\@radix-ui\\react-context': 'E:\\smartparkingcopy\\ParkingApp\\node_modules\\@radix-ui\\.react-context-59mJfDEb',
1011 silly reify   'E:\\smartparkingcopy\\ParkingApp\\node_modules\\@radix-ui\\react-direction': 'E:\\smartparkingcopy\\ParkingApp\\node_modules\\@radix-ui\\.react-direction-KERMX96A',
1011 silly reify   'E:\\smartparkingcopy\\ParkingApp\\node_modules\\@radix-ui\\react-focus-guards': 'E:\\smartparkingcopy\\ParkingApp\\node_modules\\@radix-ui\\.react-focus-guards-2a22wTgU',
1011 silly reify   'E:\\smartparkingcopy\\ParkingApp\\node_modules\\@radix-ui\\react-id': 'E:\\smartparkingcopy\\ParkingApp\\node_modules\\@radix-ui\\.react-id-8PYvFxyZ',
1011 silly reify   'E:\\smartparkingcopy\\ParkingApp\\node_modules\\@radix-ui\\react-use-callback-ref': 'E:\\smartparkingcopy\\ParkingApp\\node_modules\\@radix-ui\\.react-use-callback-ref-CIwN6Ss3',
1011 silly reify   'E:\\smartparkingcopy\\ParkingApp\\node_modules\\@radix-ui\\react-use-controllable-state': 'E:\\smartparkingcopy\\ParkingApp\\node_modules\\@radix-ui\\.react-use-controllable-state-0KLPFCZn',
1011 silly reify   'E:\\smartparkingcopy\\ParkingApp\\node_modules\\@radix-ui\\react-slot': 'E:\\smartparkingcopy\\ParkingApp\\node_modules\\@radix-ui\\.react-slot-bsv5qFDT',
1011 silly reify   'E:\\smartparkingcopy\\ParkingApp\\node_modules\\@radix-ui\\react-use-effect-event': 'E:\\smartparkingcopy\\ParkingApp\\node_modules\\@radix-ui\\.react-use-effect-event-k2rnUjiJ',
1011 silly reify   'E:\\smartparkingcopy\\ParkingApp\\node_modules\\@radix-ui\\react-use-escape-keydown': 'E:\\smartparkingcopy\\ParkingApp\\node_modules\\@radix-ui\\.react-use-escape-keydown-eOu0UbtO',
1011 silly reify   'E:\\smartparkingcopy\\ParkingApp\\node_modules\\@radix-ui\\react-use-layout-effect': 'E:\\smartparkingcopy\\ParkingApp\\node_modules\\@radix-ui\\.react-use-layout-effect-UgbjS7cl',
1011 silly reify   'E:\\smartparkingcopy\\ParkingApp\\node_modules\\@react-native\\assets-registry': 'E:\\smartparkingcopy\\ParkingApp\\node_modules\\@react-native\\.assets-registry-W50FoL0K',
1011 silly reify   'E:\\smartparkingcopy\\ParkingApp\\node_modules\\@react-native\\babel-plugin-codegen': 'E:\\smartparkingcopy\\ParkingApp\\node_modules\\@react-native\\.babel-plugin-codegen-HwKwn8M2',
1011 silly reify   'E:\\smartparkingcopy\\ParkingApp\\node_modules\\@react-native\\babel-preset': 'E:\\smartparkingcopy\\ParkingApp\\node_modules\\@react-native\\.babel-preset-VvRxy2hD',
1011 silly reify   'E:\\smartparkingcopy\\ParkingApp\\node_modules\\@react-native\\codegen': 'E:\\smartparkingcopy\\ParkingApp\\node_modules\\@react-native\\.codegen-vvFrw4rj',
1011 silly reify   'E:\\smartparkingcopy\\ParkingApp\\node_modules\\@react-native\\community-cli-plugin': 'E:\\smartparkingcopy\\ParkingApp\\node_modules\\@react-native\\.community-cli-plugin-274EFB6F',
1011 silly reify   'E:\\smartparkingcopy\\ParkingApp\\node_modules\\@react-native\\debugger-frontend': 'E:\\smartparkingcopy\\ParkingApp\\node_modules\\@react-native\\.debugger-frontend-ZR6fzQMf',
1011 silly reify   'E:\\smartparkingcopy\\ParkingApp\\node_modules\\@react-native\\dev-middleware': 'E:\\smartparkingcopy\\ParkingApp\\node_modules\\@react-native\\.dev-middleware-Ghoe7pwU',
1011 silly reify   'E:\\smartparkingcopy\\ParkingApp\\node_modules\\@react-native\\js-polyfills': 'E:\\smartparkingcopy\\ParkingApp\\node_modules\\@react-native\\.js-polyfills-stasq3u1',
1011 silly reify   'E:\\smartparkingcopy\\ParkingApp\\node_modules\\@react-native\\normalize-colors': 'E:\\smartparkingcopy\\ParkingApp\\node_modules\\@react-native\\.normalize-colors-QpizA3O5',
1011 silly reify   'E:\\smartparkingcopy\\ParkingApp\\node_modules\\@react-native-async-storage\\async-storage': 'E:\\smartparkingcopy\\ParkingApp\\node_modules\\@react-native-async-storage\\.async-storage-nIpCzMDA',
1011 silly reify   'E:\\smartparkingcopy\\ParkingApp\\node_modules\\@react-native-community\\datetimepicker': 'E:\\smartparkingcopy\\ParkingApp\\node_modules\\@react-native-community\\.datetimepicker-1PUvN5qm',
1011 silly reify   'E:\\smartparkingcopy\\ParkingApp\\node_modules\\@react-native-google-signin\\google-signin': 'E:\\smartparkingcopy\\ParkingApp\\node_modules\\@react-native-google-signin\\.google-signin-7vAYbOVx',
1011 silly reify   'E:\\smartparkingcopy\\ParkingApp\\node_modules\\@react-navigation\\bottom-tabs': 'E:\\smartparkingcopy\\ParkingApp\\node_modules\\@react-navigation\\.bottom-tabs-sP7mS37M',
1011 silly reify   'E:\\smartparkingcopy\\ParkingApp\\node_modules\\@react-navigation\\core': 'E:\\smartparkingcopy\\ParkingApp\\node_modules\\@react-navigation\\.core-t7S4dsDI',
1011 silly reify   'E:\\smartparkingcopy\\ParkingApp\\node_modules\\@react-navigation\\elements': 'E:\\smartparkingcopy\\ParkingApp\\node_modules\\@react-navigation\\.elements-FmjXv2s7',
1011 silly reify   'E:\\smartparkingcopy\\ParkingApp\\node_modules\\@react-navigation\\native': 'E:\\smartparkingcopy\\ParkingApp\\node_modules\\@react-navigation\\.native-Qwrlcyko',
1011 silly reify   'E:\\smartparkingcopy\\ParkingApp\\node_modules\\@react-navigation\\native-stack': 'E:\\smartparkingcopy\\ParkingApp\\node_modules\\@react-navigation\\.native-stack-uIOwr3HJ',
1011 silly reify   'E:\\smartparkingcopy\\ParkingApp\\node_modules\\@react-navigation\\routers': 'E:\\smartparkingcopy\\ParkingApp\\node_modules\\@react-navigation\\.routers-UUEQvu0D',
1011 silly reify   'E:\\smartparkingcopy\\ParkingApp\\node_modules\\@rtsao\\scc': 'E:\\smartparkingcopy\\ParkingApp\\node_modules\\@rtsao\\.scc-gT9wMq5V',
1011 silly reify   'E:\\smartparkingcopy\\ParkingApp\\node_modules\\@segment\\loosely-validate-event': 'E:\\smartparkingcopy\\ParkingApp\\node_modules\\@segment\\.loosely-validate-event-t20spKGz',
1011 silly reify   'E:\\smartparkingcopy\\ParkingApp\\node_modules\\@sentry\\core': 'E:\\smartparkingcopy\\ParkingApp\\node_modules\\@sentry\\.core-fPCDTm3U',
1011 silly reify   'E:\\smartparkingcopy\\ParkingApp\\node_modules\\@sentry\\node': 'E:\\smartparkingcopy\\ParkingApp\\node_modules\\@sentry\\.node-JshSwhvm',
1011 silly reify   'E:\\smartparkingcopy\\ParkingApp\\node_modules\\@sentry\\types': 'E:\\smartparkingcopy\\ParkingApp\\node_modules\\@sentry\\.types-6lf0e51c',
1011 silly reify   'E:\\smartparkingcopy\\ParkingApp\\node_modules\\@sentry\\utils': 'E:\\smartparkingcopy\\ParkingApp\\node_modules\\@sentry\\.utils-AVaTZEXA',
1011 silly reify   'E:\\smartparkingcopy\\ParkingApp\\node_modules\\@sentry-internal\\tracing': 'E:\\smartparkingcopy\\ParkingApp\\node_modules\\@sentry-internal\\.tracing-0S60VLLa',
1011 silly reify   'E:\\smartparkingcopy\\ParkingApp\\node_modules\\@sideway\\address': 'E:\\smartparkingcopy\\ParkingApp\\node_modules\\@sideway\\.address-lAQh3P8W',
1011 silly reify   'E:\\smartparkingcopy\\ParkingApp\\node_modules\\@sideway\\formula': 'E:\\smartparkingcopy\\ParkingApp\\node_modules\\@sideway\\.formula-gBQPxN5C',
1011 silly reify   'E:\\smartparkingcopy\\ParkingApp\\node_modules\\@sideway\\pinpoint': 'E:\\smartparkingcopy\\ParkingApp\\node_modules\\@sideway\\.pinpoint-6LjCLsu8',
1011 silly reify   'E:\\smartparkingcopy\\ParkingApp\\node_modules\\@sinclair\\typebox': 'E:\\smartparkingcopy\\ParkingApp\\node_modules\\@sinclair\\.typebox-U5bqqoo6',
1011 silly reify   'E:\\smartparkingcopy\\ParkingApp\\node_modules\\@sinonjs\\commons': 'E:\\smartparkingcopy\\ParkingApp\\node_modules\\@sinonjs\\.commons-WFYGRiyP',
1011 silly reify   'E:\\smartparkingcopy\\ParkingApp\\node_modules\\@sinonjs\\fake-timers': 'E:\\smartparkingcopy\\ParkingApp\\node_modules\\@sinonjs\\.fake-timers-AhNPU2iC',
1011 silly reify   'E:\\smartparkingcopy\\ParkingApp\\node_modules\\@tsconfig\\node10': 'E:\\smartparkingcopy\\ParkingApp\\node_modules\\@tsconfig\\.node10-rsSGvsvO',
1011 silly reify   'E:\\smartparkingcopy\\ParkingApp\\node_modules\\@tsconfig\\node12': 'E:\\smartparkingcopy\\ParkingApp\\node_modules\\@tsconfig\\.node12-A10RkpoP',
1011 silly reify   'E:\\smartparkingcopy\\ParkingApp\\node_modules\\@tsconfig\\node14': 'E:\\smartparkingcopy\\ParkingApp\\node_modules\\@tsconfig\\.node14-s3XrtPZg',
1011 silly reify   'E:\\smartparkingcopy\\ParkingApp\\node_modules\\@tsconfig\\node16': 'E:\\smartparkingcopy\\ParkingApp\\node_modules\\@tsconfig\\.node16-7eLWObEs',
1011 silly reify   'E:\\smartparkingcopy\\ParkingApp\\node_modules\\@tybys\\wasm-util': 'E:\\smartparkingcopy\\ParkingApp\\node_modules\\@tybys\\.wasm-util-eG8Uj4uG',
1011 silly reify   'E:\\smartparkingcopy\\ParkingApp\\node_modules\\@types\\babel__core': 'E:\\smartparkingcopy\\ParkingApp\\node_modules\\@types\\.babel__core-zQzImDJF',
1011 silly reify   'E:\\smartparkingcopy\\ParkingApp\\node_modules\\@types\\babel__generator': 'E:\\smartparkingcopy\\ParkingApp\\node_modules\\@types\\.babel__generator-eA91NKAf',
1011 silly reify   'E:\\smartparkingcopy\\ParkingApp\\node_modules\\@types\\babel__template': 'E:\\smartparkingcopy\\ParkingApp\\node_modules\\@types\\.babel__template-ahVDGQ2i',
1011 silly reify   'E:\\smartparkingcopy\\ParkingApp\\node_modules\\@types\\babel__traverse': 'E:\\smartparkingcopy\\ParkingApp\\node_modules\\@types\\.babel__traverse-p6qnDd4W',
1011 silly reify   'E:\\smartparkingcopy\\ParkingApp\\node_modules\\@types\\bunyan': 'E:\\smartparkingcopy\\ParkingApp\\node_modules\\@types\\.bunyan-3WWIzupY',
1011 silly reify   'E:\\smartparkingcopy\\ParkingApp\\node_modules\\@types\\cli-progress': 'E:\\smartparkingcopy\\ParkingApp\\node_modules\\@types\\.cli-progress-Fx0ciPSf',
1011 silly reify   'E:\\smartparkingcopy\\ParkingApp\\node_modules\\@types\\estree': 'E:\\smartparkingcopy\\ParkingApp\\node_modules\\@types\\.estree-IZjwTBwA',
1011 silly reify   'E:\\smartparkingcopy\\ParkingApp\\node_modules\\@types\\geojson': 'E:\\smartparkingcopy\\ParkingApp\\node_modules\\@types\\.geojson-PjSYvifJ',
1011 silly reify   'E:\\smartparkingcopy\\ParkingApp\\node_modules\\@types\\graceful-fs': 'E:\\smartparkingcopy\\ParkingApp\\node_modules\\@types\\.graceful-fs-93ml9omJ',
1011 silly reify   'E:\\smartparkingcopy\\ParkingApp\\node_modules\\@types\\hammerjs': 'E:\\smartparkingcopy\\ParkingApp\\node_modules\\@types\\.hammerjs-KDfS3fN4',
1011 silly reify   'E:\\smartparkingcopy\\ParkingApp\\node_modules\\@types\\istanbul-lib-coverage': 'E:\\smartparkingcopy\\ParkingApp\\node_modules\\@types\\.istanbul-lib-coverage-bJT8G5Rl',
1011 silly reify   'E:\\smartparkingcopy\\ParkingApp\\node_modules\\@types\\istanbul-lib-report': 'E:\\smartparkingcopy\\ParkingApp\\node_modules\\@types\\.istanbul-lib-report-GhJ3xEMJ',
1011 silly reify   'E:\\smartparkingcopy\\ParkingApp\\node_modules\\@types\\istanbul-reports': 'E:\\smartparkingcopy\\ParkingApp\\node_modules\\@types\\.istanbul-reports-Fae0pK4p',
1011 silly reify   'E:\\smartparkingcopy\\ParkingApp\\node_modules\\@types\\json-schema': 'E:\\smartparkingcopy\\ParkingApp\\node_modules\\@types\\.json-schema-X83a2xAi',
1011 silly reify   'E:\\smartparkingcopy\\ParkingApp\\node_modules\\@types\\json5': 'E:\\smartparkingcopy\\ParkingApp\\node_modules\\@types\\.json5-tDfjcOxH',
1011 silly reify   'E:\\smartparkingcopy\\ParkingApp\\node_modules\\@types\\node': 'E:\\smartparkingcopy\\ParkingApp\\node_modules\\@types\\.node-fMHYeSXD',
1011 silly reify   'E:\\smartparkingcopy\\ParkingApp\\node_modules\\@types\\react': 'E:\\smartparkingcopy\\ParkingApp\\node_modules\\@types\\.react-supYRph5',
1011 silly reify   'E:\\smartparkingcopy\\ParkingApp\\node_modules\\@types\\stack-utils': 'E:\\smartparkingcopy\\ParkingApp\\node_modules\\@types\\.stack-utils-mz0UdmwZ',
1011 silly reify   'E:\\smartparkingcopy\\ParkingApp\\node_modules\\@types\\yargs': 'E:\\smartparkingcopy\\ParkingApp\\node_modules\\@types\\.yargs-89Z7GapZ',
1011 silly reify   'E:\\smartparkingcopy\\ParkingApp\\node_modules\\@types\\yargs-parser': 'E:\\smartparkingcopy\\ParkingApp\\node_modules\\@types\\.yargs-parser-RfMDiw6F',
1011 silly reify   'E:\\smartparkingcopy\\ParkingApp\\node_modules\\@typescript-eslint\\eslint-plugin': 'E:\\smartparkingcopy\\ParkingApp\\node_modules\\@typescript-eslint\\.eslint-plugin-Vgfcji9e',
1011 silly reify   'E:\\smartparkingcopy\\ParkingApp\\node_modules\\@typescript-eslint\\parser': 'E:\\smartparkingcopy\\ParkingApp\\node_modules\\@typescript-eslint\\.parser-uOUbuQiT',
1011 silly reify   'E:\\smartparkingcopy\\ParkingApp\\node_modules\\@typescript-eslint\\project-service': 'E:\\smartparkingcopy\\ParkingApp\\node_modules\\@typescript-eslint\\.project-service-ck6l5daO',
1011 silly reify   'E:\\smartparkingcopy\\ParkingApp\\node_modules\\@typescript-eslint\\scope-manager': 'E:\\smartparkingcopy\\ParkingApp\\node_modules\\@typescript-eslint\\.scope-manager-S00MQOOv',
1011 silly reify   'E:\\smartparkingcopy\\ParkingApp\\node_modules\\@typescript-eslint\\tsconfig-utils': 'E:\\smartparkingcopy\\ParkingApp\\node_modules\\@typescript-eslint\\.tsconfig-utils-ybUGY4bS',
1011 silly reify   'E:\\smartparkingcopy\\ParkingApp\\node_modules\\@typescript-eslint\\type-utils': 'E:\\smartparkingcopy\\ParkingApp\\node_modules\\@typescript-eslint\\.type-utils-90UPhYmt',
1011 silly reify   'E:\\smartparkingcopy\\ParkingApp\\node_modules\\@typescript-eslint\\types': 'E:\\smartparkingcopy\\ParkingApp\\node_modules\\@typescript-eslint\\.types-qOoSQ1OR',
1011 silly reify   'E:\\smartparkingcopy\\ParkingApp\\node_modules\\@typescript-eslint\\typescript-estree': 'E:\\smartparkingcopy\\ParkingApp\\node_modules\\@typescript-eslint\\.typescript-estree-mLC7vjj8',
1011 silly reify   'E:\\smartparkingcopy\\ParkingApp\\node_modules\\@typescript-eslint\\utils': 'E:\\smartparkingcopy\\ParkingApp\\node_modules\\@typescript-eslint\\.utils-0q0qlT5Z',
1011 silly reify   'E:\\smartparkingcopy\\ParkingApp\\node_modules\\@typescript-eslint\\visitor-keys': 'E:\\smartparkingcopy\\ParkingApp\\node_modules\\@typescript-eslint\\.visitor-keys-BHhIIm8c',
1011 silly reify   'E:\\smartparkingcopy\\ParkingApp\\node_modules\\@ungap\\structured-clone': 'E:\\smartparkingcopy\\ParkingApp\\node_modules\\@ungap\\.structured-clone-hyfOANg5',
1011 silly reify   'E:\\smartparkingcopy\\ParkingApp\\node_modules\\@unrs\\resolver-binding-android-arm-eabi': 'E:\\smartparkingcopy\\ParkingApp\\node_modules\\@unrs\\.resolver-binding-android-arm-eabi-NZKLUtW9',
1011 silly reify   'E:\\smartparkingcopy\\ParkingApp\\node_modules\\@unrs\\resolver-binding-android-arm64': 'E:\\smartparkingcopy\\ParkingApp\\node_modules\\@unrs\\.resolver-binding-android-arm64-sPDcrZpu',
1011 silly reify   'E:\\smartparkingcopy\\ParkingApp\\node_modules\\@unrs\\resolver-binding-darwin-arm64': 'E:\\smartparkingcopy\\ParkingApp\\node_modules\\@unrs\\.resolver-binding-darwin-arm64-98tH6ypQ',
1011 silly reify   'E:\\smartparkingcopy\\ParkingApp\\node_modules\\@unrs\\resolver-binding-darwin-x64': 'E:\\smartparkingcopy\\ParkingApp\\node_modules\\@unrs\\.resolver-binding-darwin-x64-ELYqrdja',
1011 silly reify   'E:\\smartparkingcopy\\ParkingApp\\node_modules\\@unrs\\resolver-binding-freebsd-x64': 'E:\\smartparkingcopy\\ParkingApp\\node_modules\\@unrs\\.resolver-binding-freebsd-x64-agpSjY2p',
1011 silly reify   'E:\\smartparkingcopy\\ParkingApp\\node_modules\\@unrs\\resolver-binding-linux-arm-gnueabihf': 'E:\\smartparkingcopy\\ParkingApp\\node_modules\\@unrs\\.resolver-binding-linux-arm-gnueabihf-FmDnw3vl',
1011 silly reify   'E:\\smartparkingcopy\\ParkingApp\\node_modules\\@unrs\\resolver-binding-linux-arm-musleabihf': 'E:\\smartparkingcopy\\ParkingApp\\node_modules\\@unrs\\.resolver-binding-linux-arm-musleabihf-pyDAzJhy',
1011 silly reify   'E:\\smartparkingcopy\\ParkingApp\\node_modules\\@unrs\\resolver-binding-linux-arm64-gnu': 'E:\\smartparkingcopy\\ParkingApp\\node_modules\\@unrs\\.resolver-binding-linux-arm64-gnu-bZhjihRT',
1011 silly reify   'E:\\smartparkingcopy\\ParkingApp\\node_modules\\@unrs\\resolver-binding-linux-arm64-musl': 'E:\\smartparkingcopy\\ParkingApp\\node_modules\\@unrs\\.resolver-binding-linux-arm64-musl-BXjKBERT',
1011 silly reify   'E:\\smartparkingcopy\\ParkingApp\\node_modules\\@unrs\\resolver-binding-linux-ppc64-gnu': 'E:\\smartparkingcopy\\ParkingApp\\node_modules\\@unrs\\.resolver-binding-linux-ppc64-gnu-rxFYB9aQ',
1011 silly reify   'E:\\smartparkingcopy\\ParkingApp\\node_modules\\@unrs\\resolver-binding-linux-riscv64-gnu': 'E:\\smartparkingcopy\\ParkingApp\\node_modules\\@unrs\\.resolver-binding-linux-riscv64-gnu-Qoq6Nr8w',
1011 silly reify   'E:\\smartparkingcopy\\ParkingApp\\node_modules\\@unrs\\resolver-binding-linux-riscv64-musl': 'E:\\smartparkingcopy\\ParkingApp\\node_modules\\@unrs\\.resolver-binding-linux-riscv64-musl-GJQTBQde',
1011 silly reify   'E:\\smartparkingcopy\\ParkingApp\\node_modules\\@unrs\\resolver-binding-linux-s390x-gnu': 'E:\\smartparkingcopy\\ParkingApp\\node_modules\\@unrs\\.resolver-binding-linux-s390x-gnu-xTTM444R',
1011 silly reify   'E:\\smartparkingcopy\\ParkingApp\\node_modules\\@unrs\\resolver-binding-linux-x64-gnu': 'E:\\smartparkingcopy\\ParkingApp\\node_modules\\@unrs\\.resolver-binding-linux-x64-gnu-eclWnuYj',
1011 silly reify   'E:\\smartparkingcopy\\ParkingApp\\node_modules\\@unrs\\resolver-binding-linux-x64-musl': 'E:\\smartparkingcopy\\ParkingApp\\node_modules\\@unrs\\.resolver-binding-linux-x64-musl-lDKUN6rr',
1011 silly reify   'E:\\smartparkingcopy\\ParkingApp\\node_modules\\@unrs\\resolver-binding-wasm32-wasi': 'E:\\smartparkingcopy\\ParkingApp\\node_modules\\@unrs\\.resolver-binding-wasm32-wasi-oHKxsSAk',
1011 silly reify   'E:\\smartparkingcopy\\ParkingApp\\node_modules\\@unrs\\resolver-binding-win32-arm64-msvc': 'E:\\smartparkingcopy\\ParkingApp\\node_modules\\@unrs\\.resolver-binding-win32-arm64-msvc-il6d2BuI',
1011 silly reify   'E:\\smartparkingcopy\\ParkingApp\\node_modules\\@unrs\\resolver-binding-win32-ia32-msvc': 'E:\\smartparkingcopy\\ParkingApp\\node_modules\\@unrs\\.resolver-binding-win32-ia32-msvc-7sSwCYvz',
1011 silly reify   'E:\\smartparkingcopy\\ParkingApp\\node_modules\\@unrs\\resolver-binding-win32-x64-msvc': 'E:\\smartparkingcopy\\ParkingApp\\node_modules\\@unrs\\.resolver-binding-win32-x64-msvc-hnGMv8zO',
1011 silly reify   'E:\\smartparkingcopy\\ParkingApp\\node_modules\\@urql\\core': 'E:\\smartparkingcopy\\ParkingApp\\node_modules\\@urql\\.core-wkblUu92',
1011 silly reify   'E:\\smartparkingcopy\\ParkingApp\\node_modules\\@urql\\exchange-retry': 'E:\\smartparkingcopy\\ParkingApp\\node_modules\\@urql\\.exchange-retry-bwHAnOtO',
1011 silly reify   'E:\\smartparkingcopy\\ParkingApp\\node_modules\\@xmldom\\xmldom': 'E:\\smartparkingcopy\\ParkingApp\\node_modules\\@xmldom\\.xmldom-jwV8sW1u'
1011 silly reify }
1012 silly audit bulk request {
1012 silly audit   '@0no-co/graphql.web': [ '1.2.0' ],
1012 silly audit   '@babel/code-frame': [ '7.29.0', '7.10.4', '7.23.5' ],
1012 silly audit   '@babel/compat-data': [ '7.29.0' ],
1012 silly audit   '@babel/core': [ '7.29.0' ],
1012 silly audit   '@babel/generator': [ '7.29.1' ],
1012 silly audit   '@babel/helper-annotate-as-pure': [ '7.27.3' ],
1012 silly audit   '@babel/helper-compilation-targets': [ '7.28.6' ],
1012 silly audit   '@babel/helper-create-class-features-plugin': [ '7.28.6' ],
1012 silly audit   '@babel/helper-create-regexp-features-plugin': [ '7.28.5' ],
1012 silly audit   '@babel/helper-define-polyfill-provider': [ '0.6.8' ],
1012 silly audit   resolve: [ '1.22.11', '1.7.1', '2.0.0-next.6' ],
1012 silly audit   '@babel/helper-globals': [ '7.28.0' ],
1012 silly audit   '@babel/helper-member-expression-to-functions': [ '7.28.5' ],
1012 silly audit   '@babel/helper-module-imports': [ '7.28.6' ],
1012 silly audit   '@babel/helper-module-transforms': [ '7.28.6' ],
1012 silly audit   '@babel/helper-optimise-call-expression': [ '7.27.1' ],
1012 silly audit   '@babel/helper-plugin-utils': [ '7.28.6' ],
1012 silly audit   '@babel/helper-remap-async-to-generator': [ '7.27.1' ],
1012 silly audit   '@babel/helper-replace-supers': [ '7.28.6' ],
1012 silly audit   '@babel/helper-skip-transparent-expression-wrappers': [ '7.27.1' ],
1012 silly audit   '@babel/helper-string-parser': [ '7.27.1' ],
1012 silly audit   '@babel/helper-validator-identifier': [ '7.28.5' ],
1012 silly audit   '@babel/helper-validator-option': [ '7.27.1' ],
1012 silly audit   '@babel/helper-wrap-function': [ '7.28.6' ],
1012 silly audit   '@babel/helpers': [ '7.29.2' ],
1012 silly audit   '@babel/highlight': [ '7.25.9' ],
1012 silly audit   'ansi-styles': [ '3.2.1', '6.2.3', '4.3.0', '5.2.0' ],
1012 silly audit   chalk: [ '2.4.2', '4.1.2' ],
1012 silly audit   'color-convert': [ '1.9.3', '2.0.1' ],
1012 silly audit   'color-name': [ '1.1.3', '1.1.4' ],
1012 silly audit   'escape-string-regexp': [ '1.0.5', '4.0.0', '2.0.0' ],
1012 silly audit   'has-flag': [ '3.0.0', '4.0.0' ],
1012 silly audit   'supports-color': [ '5.5.0', '8.1.1', '7.2.0' ],
1012 silly audit   '@babel/parser': [ '7.29.2' ],
1012 silly audit   '@babel/plugin-proposal-decorators': [ '7.29.0' ],
1012 silly audit   '@babel/plugin-proposal-export-default-from': [ '7.27.1' ],
1012 silly audit   '@babel/plugin-syntax-async-generators': [ '7.8.4' ],
1012 silly audit   '@babel/plugin-syntax-bigint': [ '7.8.3' ],
1012 silly audit   '@babel/plugin-syntax-class-properties': [ '7.12.13' ],
1012 silly audit   '@babel/plugin-syntax-class-static-block': [ '7.14.5' ],
1012 silly audit   '@babel/plugin-syntax-decorators': [ '7.28.6' ],
1012 silly audit   '@babel/plugin-syntax-dynamic-import': [ '7.8.3' ],
1012 silly audit   '@babel/plugin-syntax-export-default-from': [ '7.28.6' ],
1012 silly audit   '@babel/plugin-syntax-flow': [ '7.28.6' ],
1012 silly audit   '@babel/plugin-syntax-import-attributes': [ '7.28.6' ],
1012 silly audit   '@babel/plugin-syntax-import-meta': [ '7.10.4' ],
1012 silly audit   '@babel/plugin-syntax-json-strings': [ '7.8.3' ],
1012 silly audit   '@babel/plugin-syntax-jsx': [ '7.28.6' ],
1012 silly audit   '@babel/plugin-syntax-logical-assignment-operators': [ '7.10.4' ],
1012 silly audit   '@babel/plugin-syntax-nullish-coalescing-operator': [ '7.8.3' ],
1012 silly audit   '@babel/plugin-syntax-numeric-separator': [ '7.10.4' ],
1012 silly audit   '@babel/plugin-syntax-object-rest-spread': [ '7.8.3' ],
1012 silly audit   '@babel/plugin-syntax-optional-catch-binding': [ '7.8.3' ],
1012 silly audit   '@babel/plugin-syntax-optional-chaining': [ '7.8.3' ],
1012 silly audit   '@babel/plugin-syntax-private-property-in-object': [ '7.14.5' ],
1012 silly audit   '@babel/plugin-syntax-top-level-await': [ '7.14.5' ],
1012 silly audit   '@babel/plugin-syntax-typescript': [ '7.28.6' ],
1012 silly audit   '@babel/plugin-transform-arrow-functions': [ '7.27.1' ],
1012 silly audit   '@babel/plugin-transform-async-generator-functions': [ '7.29.0' ],
1012 silly audit   '@babel/plugin-transform-async-to-generator': [ '7.28.6' ],
1012 silly audit   '@babel/plugin-transform-block-scoping': [ '7.28.6' ],
1012 silly audit   '@babel/plugin-transform-class-properties': [ '7.28.6' ],
1012 silly audit   '@babel/plugin-transform-class-static-block': [ '7.28.6' ],
1012 silly audit   '@babel/plugin-transform-classes': [ '7.28.6' ],
1012 silly audit   '@babel/plugin-transform-computed-properties': [ '7.28.6' ],
1012 silly audit   '@babel/plugin-transform-destructuring': [ '7.28.5' ],
1012 silly audit   '@babel/plugin-transform-export-namespace-from': [ '7.27.1' ],
1012 silly audit   '@babel/plugin-transform-flow-strip-types': [ '7.27.1' ],
1012 silly audit   '@babel/plugin-transform-for-of': [ '7.27.1' ],
1012 silly audit   '@babel/plugin-transform-function-name': [ '7.27.1' ],
1012 silly audit   '@babel/plugin-transform-literals': [ '7.27.1' ],
1012 silly audit   '@babel/plugin-transform-logical-assignment-operators': [ '7.28.6' ],
1012 silly audit   '@babel/plugin-transform-modules-commonjs': [ '7.28.6' ],
1012 silly audit   '@babel/plugin-transform-named-capturing-groups-regex': [ '7.29.0' ],
1012 silly audit   '@babel/plugin-transform-nullish-coalescing-operator': [ '7.28.6' ],
1012 silly audit   '@babel/plugin-transform-numeric-separator': [ '7.28.6' ],
1012 silly audit   '@babel/plugin-transform-object-rest-spread': [ '7.28.6' ],
1012 silly audit   '@babel/plugin-transform-optional-catch-binding': [ '7.28.6' ],
1012 silly audit   '@babel/plugin-transform-optional-chaining': [ '7.28.6' ],
1012 silly audit   '@babel/plugin-transform-parameters': [ '7.27.7' ],
1012 silly audit   '@babel/plugin-transform-private-methods': [ '7.28.6' ],
1012 silly audit   '@babel/plugin-transform-private-property-in-object': [ '7.28.6' ],
1012 silly audit   '@babel/plugin-transform-react-display-name': [ '7.28.0' ],
1012 silly audit   '@babel/plugin-transform-react-jsx': [ '7.28.6' ],
1012 silly audit   '@babel/plugin-transform-react-jsx-development': [ '7.27.1' ],
1012 silly audit   '@babel/plugin-transform-react-jsx-self': [ '7.27.1' ],
1012 silly audit   '@babel/plugin-transform-react-jsx-source': [ '7.27.1' ],
1012 silly audit   '@babel/plugin-transform-react-pure-annotations': [ '7.27.1' ],
1012 silly audit   '@babel/plugin-transform-regenerator': [ '7.29.0' ],
1012 silly audit   '@babel/plugin-transform-runtime': [ '7.29.0' ],
1012 silly audit   '@babel/plugin-transform-shorthand-properties': [ '7.27.1' ],
1012 silly audit   '@babel/plugin-transform-spread': [ '7.28.6' ],
1012 silly audit   '@babel/plugin-transform-sticky-regex': [ '7.27.1' ],
1012 silly audit   '@babel/plugin-transform-template-literals': [ '7.27.1' ],
1012 silly audit   '@babel/plugin-transform-typescript': [ '7.28.6' ],
1012 silly audit   '@babel/plugin-transform-unicode-regex': [ '7.27.1' ],
1012 silly audit   '@babel/preset-react': [ '7.28.5' ],
1012 silly audit   '@babel/preset-typescript': [ '7.28.5' ],
1012 silly audit   '@babel/runtime': [ '7.29.2' ],
1012 silly audit   '@babel/template': [ '7.28.6' ],
1012 silly audit   '@babel/traverse': [ '7.29.0' ],
1012 silly audit   '@babel/types': [ '7.29.0' ],
1012 silly audit   '@cspotcode/source-map-support': [ '0.8.1' ],
1012 silly audit   '@jridgewell/trace-mapping': [ '0.3.9', '0.3.31' ],
1012 silly audit   '@egjs/hammerjs': [ '2.0.17' ],
1012 silly audit   '@emnapi/core': [ '1.9.2' ],
1012 silly audit   '@emnapi/runtime': [ '1.9.2' ],
1012 silly audit   '@emnapi/wasi-threads': [ '1.2.1' ],
1012 silly audit   '@eslint-community/eslint-utils': [ '4.9.1' ],
1012 silly audit   'eslint-visitor-keys': [ '3.4.3', '5.0.1', '4.2.1' ],
1012 silly audit   '@eslint-community/regexpp': [ '4.12.2' ],
1012 silly audit   '@eslint/config-array': [ '0.21.2' ],
1012 silly audit   '@eslint/config-helpers': [ '0.4.2' ],
1012 silly audit   '@eslint/core': [ '0.17.0' ],
1012 silly audit   '@eslint/eslintrc': [ '3.3.5' ],
1012 silly audit   '@eslint/js': [ '9.39.4' ],
1012 silly audit   '@eslint/object-schema': [ '2.1.7' ],
1012 silly audit   '@eslint/plugin-kit': [ '0.4.1' ],
1012 silly audit   '@expo/apple-utils': [ '2.1.16' ],
1012 silly audit   '@expo/bunyan': [ '4.0.1' ],
1012 silly audit   uuid: [ '8.3.2', '9.0.1', '7.0.3' ],
1012 silly audit   '@expo/code-signing-certificates': [ '0.0.6', '0.0.5' ],
1012 silly audit   '@expo/config': [ '12.0.13', '55.0.10', '10.0.11' ],
1012 silly audit   '@expo/config-plugins': [ '54.0.4', '55.0.7', '9.0.17' ],
1012 silly audit   semver: [ '7.7.4', '7.5.2', '7.5.4', '7.6.3', '7.7.2', '6.3.1' ],
1012 silly audit   '@expo/config-types': [ '54.0.10', '55.0.5', '52.0.5' ],
1012 silly audit   '@expo/devcert': [ '1.2.1' ],
1012 silly audit   debug: [ '3.2.7', '2.6.9', '4.4.3' ],
1012 silly audit   '@expo/devtools': [ '0.1.8' ],
1012 silly audit   '@expo/eas-build-job': [ '18.5.0' ],
1012 silly audit   joi: [ '17.13.3', '17.11.0' ],
1012 silly audit   '@expo/eas-json': [ '18.5.0' ],
1012 silly audit   'log-symbols': [ '4.1.0', '2.2.0' ],
1012 silly audit   'lru-cache': [ '6.0.0', '10.4.3', '5.1.1', '11.3.0' ],
1012 silly audit   tslib: [ '2.4.1', '2.6.2', '2.8.1' ],
1012 silly audit   yallist: [ '4.0.0', '5.0.0', '3.1.1' ],
1012 silly audit   '@expo/env': [ '2.0.11', '1.0.7' ],
1012 silly audit   '@expo/fingerprint': [ '0.15.4' ],
1012 silly audit   'brace-expansion': [ '2.0.3', '5.0.5', '1.1.13' ],
1012 silly audit   minimatch: [ '9.0.9', '10.2.5', '5.1.2', '5.1.9', '3.1.5' ],
1012 silly audit   '@expo/image-utils': [ '0.8.12', '0.6.5' ],
1012 silly audit   '@expo/json-file': [ '10.0.13', '8.3.3', '9.0.2', '9.1.5' ],
1012 silly audit   '@expo/logger': [ '18.5.0' ],
1012 silly audit   '@expo/metro': [ '54.2.0' ],
1012 silly audit   '@expo/metro-config': [ '54.0.14' ],
1012 silly audit   '@expo/metro-runtime': [ '6.1.2' ],
1012 silly audit   '@expo/multipart-body-parser': [ '2.0.0' ],
1012 silly audit   '@expo/osascript': [ '2.4.2', '2.1.4' ],
1012 silly audit   '@expo/package-manager': [ '1.10.3', '1.9.10' ],
1012 silly audit   '@expo/pkcs12': [ '0.1.3' ],
1012 silly audit   '@expo/plist': [ '0.4.8', '0.5.2', '0.2.0', '0.2.2' ],
1012 silly audit   '@expo/plugin-help': [ '5.1.23' ],
1012 silly audit   '@oclif/core': [ '2.16.0', '4.10.5' ],
1012 silly audit   argparse: [ '1.0.10', '2.0.1' ],
1012 silly audit   'js-yaml': [ '3.14.2', '4.1.1' ],
1012 silly audit   '@expo/plugin-warn-if-update-available': [ '2.5.1' ],
1012 silly audit   'fs-extra': [ '10.1.0', '9.0.0', '9.1.0', '11.2.0' ],
1012 silly audit   '@expo/prebuild-config': [ '54.0.8', '8.0.17' ],
1012 silly audit   '@expo/require-utils': [ '55.0.3' ],
1012 silly audit   '@expo/results': [ '1.0.0' ],
1012 silly audit   '@expo/rudder-sdk-node': [ '1.1.1' ],
1012 silly audit   '@expo/schema-utils': [ '0.1.8' ],
1012 silly audit   '@expo/sdk-runtime-versions': [ '1.0.0' ],
1012 silly audit   '@expo/spawn-async': [ '1.7.2' ],
1012 silly audit   '@expo/steps': [ '18.5.0' ],
1012 silly audit   '@expo/sudo-prompt': [ '9.3.2' ],
1012 silly audit   '@expo/timeago.js': [ '1.0.0' ],
1012 silly audit   '@expo/vector-icons': [ '15.1.1' ],
1012 silly audit   '@expo/ws-tunnel': [ '1.0.6' ],
1012 silly audit   '@expo/xcpretty': [ '4.4.1' ],
1012 silly audit   '@hapi/hoek': [ '9.3.0' ],
1012 silly audit   '@hapi/topo': [ '5.1.0' ],
1012 silly audit   '@humanfs/core': [ '0.19.1' ],
1012 silly audit   '@humanfs/node': [ '0.16.7' ],
1012 silly audit   '@humanwhocodes/module-importer': [ '1.0.1' ],
1012 silly audit   '@humanwhocodes/retry': [ '0.4.3' ],
1012 silly audit   '@isaacs/cliui': [ '8.0.2' ],
1012 silly audit   'ansi-regex': [ '6.2.2', '5.0.1', '4.1.1' ],
1012 silly audit   'emoji-regex': [ '9.2.2', '8.0.0' ],
1012 silly audit   'string-width': [ '5.1.2', '4.2.3' ],
1012 silly audit   'strip-ansi': [ '7.2.0', '5.2.0', '6.0.1' ],
1012 silly audit   'wrap-ansi': [ '8.1.0', '6.2.0', '7.0.0' ],
1012 silly audit   '@isaacs/fs-minipass': [ '4.0.1' ],
1012 silly audit   '@isaacs/ttlcache': [ '1.4.1' ],
1012 silly audit   '@istanbuljs/load-nyc-config': [ '1.1.0' ],
1012 silly audit   camelcase: [ '5.3.1', '6.3.0' ],
1012 silly audit   'find-up': [ '4.1.0', '5.0.0' ],
1012 silly audit   'locate-path': [ '5.0.0', '6.0.0' ],
1012 silly audit   'p-limit': [ '2.3.0', '3.1.0' ],
1012 silly audit   'p-locate': [ '4.1.0', '5.0.0' ],
1012 silly audit   '@istanbuljs/schema': [ '0.1.3' ],
1012 silly audit   '@jest/create-cache-key-function': [ '29.7.0' ],
1012 silly audit   '@jest/environment': [ '29.7.0' ],
1012 silly audit   '@jest/fake-timers': [ '29.7.0' ],
1012 silly audit   '@jest/schemas': [ '29.6.3' ],
1012 silly audit   '@jest/transform': [ '29.7.0' ],
1012 silly audit   '@jest/types': [ '29.6.3' ],
1012 silly audit   '@jridgewell/gen-mapping': [ '0.3.13' ],
1012 silly audit   '@jridgewell/remapping': [ '2.3.5' ],
1012 silly audit   '@jridgewell/resolve-uri': [ '3.1.2' ],
1012 silly audit   '@jridgewell/source-map': [ '0.3.11' ],
1012 silly audit   '@jridgewell/sourcemap-codec': [ '1.5.5' ],
1012 silly audit   '@napi-rs/wasm-runtime': [ '0.2.12' ],
1012 silly audit   '@nodelib/fs.scandir': [ '2.1.5' ],
1012 silly audit   '@nodelib/fs.stat': [ '2.0.5' ],
1012 silly audit   '@nodelib/fs.walk': [ '1.2.8' ],
1012 silly audit   '@nolyfill/is-core-module': [ '1.0.39' ],
1012 silly audit   'balanced-match': [ '4.0.4', '1.0.2' ],
1012 silly audit   '@oclif/plugin-autocomplete': [ '3.2.45' ],
1012 silly audit   '@pkgjs/parseargs': [ '0.11.0' ],
1012 silly audit   '@radix-ui/primitive': [ '1.1.3' ],
1012 silly audit   '@radix-ui/react-compose-refs': [ '1.1.2' ],
1012 silly audit   '@radix-ui/react-context': [ '1.1.2' ],
1012 silly audit   '@radix-ui/react-direction': [ '1.1.1' ],
1012 silly audit   '@radix-ui/react-focus-guards': [ '1.1.3' ],
1012 silly audit   '@radix-ui/react-id': [ '1.1.1' ],
1012 silly audit   '@radix-ui/react-slot': [ '1.2.0', '1.2.3' ],
1012 silly audit   '@radix-ui/react-use-callback-ref': [ '1.1.1' ],
1012 silly audit   '@radix-ui/react-use-controllable-state': [ '1.2.2' ],
1012 silly audit   '@radix-ui/react-use-effect-event': [ '0.0.2' ],
1012 silly audit   '@radix-ui/react-use-escape-keydown': [ '1.1.1' ],
1012 silly audit   '@radix-ui/react-use-layout-effect': [ '1.1.1' ],
1012 silly audit   '@react-native-async-storage/async-storage': [ '2.2.0' ],
1012 silly audit   '@react-native-community/datetimepicker': [ '9.1.0' ],
1012 silly audit   '@react-native-google-signin/google-signin': [ '16.1.2' ],
1012 silly audit   '@react-native/assets-registry': [ '0.81.5' ],
1012 silly audit   '@react-native/babel-plugin-codegen': [ '0.81.5' ],
1012 silly audit   '@react-native/babel-preset': [ '0.81.5' ],
1012 silly audit   '@react-native/codegen': [ '0.81.5' ],
1012 silly audit   glob: [ '7.2.3', '10.5.0', '13.0.6', '6.0.4' ],
1012 silly audit   '@react-native/community-cli-plugin': [ '0.81.5' ],
1012 silly audit   '@react-native/debugger-frontend': [ '0.81.5' ],
1012 silly audit   '@react-native/dev-middleware': [ '0.81.5' ],
1012 silly audit   ws: [ '6.2.3', '8.20.0', '7.5.10' ],
1012 silly audit   '@react-native/js-polyfills': [ '0.81.5' ],
1012 silly audit   '@react-native/normalize-colors': [ '0.81.5', '0.76.2', '0.74.89' ],
1012 silly audit   '@react-navigation/bottom-tabs': [ '7.15.9' ],
1012 silly audit   '@react-navigation/core': [ '7.17.2' ],
1012 silly audit   '@react-navigation/elements': [ '2.9.14' ],
1012 silly audit   '@react-navigation/native': [ '7.2.2' ],
1012 silly audit   '@react-navigation/native-stack': [ '7.14.10' ],
1012 silly audit   '@react-navigation/routers': [ '7.5.3' ],
1012 silly audit   '@rtsao/scc': [ '1.1.0' ],
1012 silly audit   '@segment/loosely-validate-event': [ '2.0.0' ],
1012 silly audit   '@sentry-internal/tracing': [ '7.77.0' ],
1012 silly audit   '@sentry/core': [ '7.77.0' ],
1012 silly audit   '@sentry/node': [ '7.77.0' ],
1012 silly audit   'agent-base': [ '6.0.2', '7.1.4' ],
1012 silly audit   'https-proxy-agent': [ '5.0.1', '7.0.6' ],
1012 silly audit   '@sentry/types': [ '7.77.0' ],
1012 silly audit   '@sentry/utils': [ '7.77.0' ],
1012 silly audit   '@sideway/address': [ '4.1.5' ],
1012 silly audit   '@sideway/formula': [ '3.0.1' ],
1012 silly audit   '@sideway/pinpoint': [ '2.0.0' ],
1012 silly audit   '@sinclair/typebox': [ '0.27.10' ],
1012 silly audit   '@sinonjs/commons': [ '3.0.1' ],
1012 silly audit   '@sinonjs/fake-timers': [ '10.3.0' ],
1012 silly audit   '@tsconfig/node10': [ '1.0.12' ],
1012 silly audit   '@tsconfig/node12': [ '1.0.11' ],
1012 silly audit   '@tsconfig/node14': [ '1.0.3' ],
1012 silly audit   '@tsconfig/node16': [ '1.0.4' ],
1012 silly audit   '@tybys/wasm-util': [ '0.10.1' ],
1012 silly audit   '@types/babel__core': [ '7.20.5' ],
1012 silly audit   '@types/babel__generator': [ '7.27.0' ],
1012 silly audit   '@types/babel__template': [ '7.4.4' ],
1012 silly audit   '@types/babel__traverse': [ '7.28.0' ],
1012 silly audit   '@types/bunyan': [ '1.8.11' ],
1012 silly audit   '@types/cli-progress': [ '3.11.6' ],
1012 silly audit   '@types/estree': [ '1.0.8' ],
1012 silly audit   '@types/geojson': [ '7946.0.16' ],
1012 silly audit   '@types/graceful-fs': [ '4.1.9' ],
1012 silly audit   '@types/hammerjs': [ '2.0.46' ],
1012 silly audit   '@types/istanbul-lib-coverage': [ '2.0.6' ],
1012 silly audit   '@types/istanbul-lib-report': [ '3.0.3' ],
1012 silly audit   '@types/istanbul-reports': [ '3.0.4' ],
1012 silly audit   '@types/json-schema': [ '7.0.15' ],
1012 silly audit   '@types/json5': [ '0.0.29' ],
1012 silly audit   '@types/node': [ '25.5.2' ],
1012 silly audit   '@types/react': [ '19.1.17' ],
1012 silly audit   '@types/stack-utils': [ '2.0.3' ],
1012 silly audit   '@types/yargs': [ '17.0.35' ],
1012 silly audit   '@types/yargs-parser': [ '21.0.3' ],
1012 silly audit   '@typescript-eslint/eslint-plugin': [ '8.58.0' ],
1012 silly audit   ignore: [ '7.0.5', '5.3.0', '5.3.2' ],
1012 silly audit   '@typescript-eslint/parser': [ '8.58.0' ],
1012 silly audit   '@typescript-eslint/project-service': [ '8.58.0' ],
1012 silly audit   '@typescript-eslint/scope-manager': [ '8.58.0' ],
1012 silly audit   '@typescript-eslint/tsconfig-utils': [ '8.58.0' ],
1012 silly audit   '@typescript-eslint/type-utils': [ '8.58.0' ],
1012 silly audit   '@typescript-eslint/types': [ '8.58.0' ],
1012 silly audit   '@typescript-eslint/typescript-estree': [ '8.58.0' ],
1012 silly audit   '@typescript-eslint/utils': [ '8.58.0' ],
1012 silly audit   '@typescript-eslint/visitor-keys': [ '8.58.0' ],
1012 silly audit   '@ungap/structured-clone': [ '1.3.0' ],
1012 silly audit   '@unrs/resolver-binding-android-arm-eabi': [ '1.11.1' ],
1012 silly audit   '@unrs/resolver-binding-android-arm64': [ '1.11.1' ],
1012 silly audit   '@unrs/resolver-binding-darwin-arm64': [ '1.11.1' ],
1012 silly audit   '@unrs/resolver-binding-darwin-x64': [ '1.11.1' ],
1012 silly audit   '@unrs/resolver-binding-freebsd-x64': [ '1.11.1' ],
1012 silly audit   '@unrs/resolver-binding-linux-arm-gnueabihf': [ '1.11.1' ],
1012 silly audit   '@unrs/resolver-binding-linux-arm-musleabihf': [ '1.11.1' ],
1012 silly audit   '@unrs/resolver-binding-linux-arm64-gnu': [ '1.11.1' ],
1012 silly audit   '@unrs/resolver-binding-linux-arm64-musl': [ '1.11.1' ],
1012 silly audit   '@unrs/resolver-binding-linux-ppc64-gnu': [ '1.11.1' ],
1012 silly audit   '@unrs/resolver-binding-linux-riscv64-gnu': [ '1.11.1' ],
1012 silly audit   '@unrs/resolver-binding-linux-riscv64-musl': [ '1.11.1' ],
1012 silly audit   '@unrs/resolver-binding-linux-s390x-gnu': [ '1.11.1' ],
1012 silly audit   '@unrs/resolver-binding-linux-x64-gnu': [ '1.11.1' ],
1012 silly audit   '@unrs/resolver-binding-linux-x64-musl': [ '1.11.1' ],
1012 silly audit   '@unrs/resolver-binding-wasm32-wasi': [ '1.11.1' ],
1012 silly audit   '@unrs/resolver-binding-win32-arm64-msvc': [ '1.11.1' ],
1012 silly audit   '@unrs/resolver-binding-win32-ia32-msvc': [ '1.11.1' ],
1012 silly audit   '@unrs/resolver-binding-win32-x64-msvc': [ '1.11.1' ],
1012 silly audit   '@urql/core': [ '5.2.0', '4.0.11' ],
1012 silly audit   '@urql/exchange-retry': [ '1.3.2', '1.2.0' ],
1012 silly audit   '@xmldom/xmldom': [ '0.8.12', '0.7.13' ],
1012 silly audit   'abort-controller': [ '3.0.0' ],
1012 silly audit   accepts: [ '1.3.8' ],
1012 silly audit   acorn: [ '8.16.0' ],
1012 silly audit   'acorn-jsx': [ '5.3.2' ],
1012 silly audit   'acorn-walk': [ '8.3.5' ],
1012 silly audit   ajv: [ '6.14.0', '8.18.0', '8.11.0' ],
1012 silly audit   'ajv-formats': [ '2.1.1' ],
1012 silly audit   'json-schema-traverse': [ '1.0.0', '0.4.1' ],
1012 silly audit   anser: [ '1.4.10' ],
1012 silly audit   'ansi-escapes': [ '4.3.2' ],
1012 silly audit   'type-fest': [ '0.21.3', '0.7.1' ],
1012 silly audit   ansicolors: [ '0.3.2' ],
1012 silly audit   ansis: [ '3.17.0' ],
1012 silly audit   'any-promise': [ '1.3.0' ],
1012 silly audit   anymatch: [ '3.1.3' ],
1012 silly audit   arg: [ '5.0.2', '4.1.3' ],
1012 silly audit   'aria-hidden': [ '1.2.6' ],
1012 silly audit   'array-buffer-byte-length': [ '1.0.2' ],
1012 silly audit   'array-includes': [ '3.1.9' ],
1012 silly audit   'array-union': [ '2.1.0' ],
1012 silly audit   'array.prototype.findlast': [ '1.2.5' ],
1012 silly audit   'array.prototype.findlastindex': [ '1.2.6' ],
1012 silly audit   'array.prototype.flat': [ '1.3.3' ],
1012 silly audit   'array.prototype.flatmap': [ '1.3.3' ],
1012 silly audit   'array.prototype.tosorted': [ '1.1.4' ],
1012 silly audit   'arraybuffer.prototype.slice': [ '1.0.4' ],
1012 silly audit   asap: [ '2.0.6' ],
1012 silly audit   asn1: [ '0.2.6' ],
1012 silly audit   'astral-regex': [ '2.0.0' ],
1012 silly audit   async: [ '3.2.6' ],
1012 silly audit   'async-function': [ '1.0.0' ],
1012 silly audit   'async-limiter': [ '1.0.1' ],
1012 silly audit   asynckit: [ '0.4.0' ],
1012 silly audit   'at-least-node': [ '1.0.0' ],
1012 silly audit   'available-typed-arrays': [ '1.0.7' ],
1012 silly audit   b4a: [ '1.8.0' ],
1012 silly audit   'babel-jest': [ '29.7.0' ],
1012 silly audit   'babel-plugin-istanbul': [ '6.1.1' ],
1012 silly audit   'babel-plugin-jest-hoist': [ '29.6.3' ],
1012 silly audit   'babel-plugin-polyfill-corejs2': [ '0.4.17' ],
1012 silly audit   'babel-plugin-polyfill-corejs3': [ '0.13.0' ],
1012 silly audit   'babel-plugin-polyfill-regenerator': [ '0.6.8' ],
1012 silly audit   'babel-plugin-react-compiler': [ '1.0.0' ],
1012 silly audit   'babel-plugin-react-native-web': [ '0.21.2' ],
1012 silly audit   'babel-plugin-syntax-hermes-parser': [ '0.29.1' ],
1012 silly audit   'babel-plugin-transform-flow-enums': [ '0.0.2' ],
1012 silly audit   'babel-preset-current-node-syntax': [ '1.2.0' ],
1012 silly audit   'babel-preset-expo': [ '54.0.10' ],
1012 silly audit   'babel-preset-jest': [ '29.6.3' ],
1012 silly audit   'bare-events': [ '2.8.2' ],
1012 silly audit   'base64-js': [ '1.5.1' ],
1012 silly audit   'baseline-browser-mapping': [ '2.10.15' ],
1012 silly audit   'better-opn': [ '3.0.2' ],
1012 silly audit   open: [ '8.4.2', '7.4.2' ],
1012 silly audit   'big-integer': [ '1.6.52' ],
1012 silly audit   boolbase: [ '1.0.0' ],
1012 silly audit   'bplist-creator': [ '0.1.0' ],
1012 silly audit   'bplist-parser': [ '0.3.1' ],
1012 silly audit   braces: [ '3.0.3' ],
1012 silly audit   browserslist: [ '4.28.2' ],
1012 silly audit   bser: [ '2.1.1' ],
1012 silly audit   buffer: [ '5.7.1' ],
1012 silly audit   'buffer-from': [ '1.1.2' ],
1012 silly audit   bunyan: [ '1.8.15' ],
1012 silly audit   bytes: [ '3.1.2' ],
1012 silly audit   'call-bind': [ '1.0.8' ],
1012 silly audit   'call-bind-apply-helpers': [ '1.0.2' ],
1012 silly audit   'call-bound': [ '1.0.4' ],
1012 silly audit   callsites: [ '3.1.0' ],
1012 silly audit   'caniuse-lite': [ '1.0.30001785' ],
1012 silly audit   cardinal: [ '2.1.1' ],
1012 silly audit   charenc: [ '0.0.2' ],
1012 silly audit   chownr: [ '3.0.0' ],
1012 silly audit   'chrome-launcher': [ '0.15.2' ],
1012 silly audit   'chromium-edge-launcher': [ '0.2.0' ],
1012 silly audit   'ci-info': [ '2.0.0', '3.9.0' ],
1012 silly audit   'clean-stack': [ '3.0.1' ],
1012 silly audit   'cli-cursor': [ '2.1.0', '3.1.0' ],
1012 silly audit   'cli-progress': [ '3.12.0' ],
1012 silly audit   'cli-spinners': [ '2.9.2' ],
1012 silly audit   'client-only': [ '0.0.1' ],
1012 silly audit   cliui: [ '8.0.1', '6.0.0' ],
1012 silly audit   clone: [ '1.0.4' ],
1012 silly audit   color: [ '4.2.3' ],
1012 silly audit   'color-string': [ '1.9.1' ],
1012 silly audit   'combined-stream': [ '1.0.8' ],
1012 silly audit   commander: [ '7.2.0', '4.1.1', '12.1.0', '2.20.3' ],
1012 silly audit   'component-type': [ '1.2.2' ],
1012 silly audit   compressible: [ '2.0.18' ],
1012 silly audit   compression: [ '1.8.1' ],
1012 silly audit   ms: [ '2.0.0', '2.1.3' ],
1012 silly audit   negotiator: [ '0.6.4', '0.6.3' ],
1012 silly audit   'concat-map': [ '0.0.1' ],
1012 silly audit   connect: [ '3.7.0' ],
1012 silly audit   'content-type': [ '1.0.5' ],
1012 silly audit   'convert-source-map': [ '2.0.0' ],
1012 silly audit   'core-js-compat': [ '3.49.0' ],
1012 silly audit   'create-require': [ '1.1.1' ],
1012 silly audit   'cross-fetch': [ '3.2.0' ],
1012 silly audit   'cross-spawn': [ '7.0.6' ],
1012 silly audit   crypt: [ '0.0.2' ],
1012 silly audit   'crypto-random-string': [ '2.0.0' ],
1012 silly audit   'css-in-js-utils': [ '3.1.0' ],
1012 silly audit   'css-select': [ '5.2.2' ],
1012 silly audit   'css-tree': [ '1.1.3' ],
1012 silly audit   'source-map': [ '0.6.1', '0.5.7' ],
1012 silly audit   'css-what': [ '6.2.2' ],
1012 silly audit   csstype: [ '3.2.3' ],
1012 silly audit   'data-view-buffer': [ '1.0.2' ],
1012 silly audit   'data-view-byte-length': [ '1.0.2' ],
1012 silly audit   'data-view-byte-offset': [ '1.0.1' ],
1012 silly audit   dateformat: [ '4.6.3' ],
1012 silly audit   decamelize: [ '1.2.0' ],
1012 silly audit   'decode-uri-component': [ '0.2.2' ],
1012 silly audit   'deep-extend': [ '0.6.0' ],
1012 silly audit   'deep-is': [ '0.1.4' ],
1012 silly audit   deepmerge: [ '4.3.1' ],
1012 silly audit   defaults: [ '1.0.4' ],
1012 silly audit   'define-data-property': [ '1.1.4' ],
1012 silly audit   'define-lazy-prop': [ '2.0.0' ],
1012 silly audit   'define-properties': [ '1.2.1' ],
1012 silly audit   'delayed-stream': [ '1.0.0' ],
1012 silly audit   depd: [ '2.0.0' ],
1012 silly audit   destroy: [ '1.2.0' ],
1012 silly audit   'detect-libc': [ '2.1.2' ],
1012 silly audit   'detect-node-es': [ '1.1.0' ],
1012 silly audit   diff: [ '7.0.0', '4.0.4' ],
1012 silly audit   dijkstrajs: [ '1.0.3' ],
1012 silly audit   'dir-glob': [ '3.0.1' ],
1012 silly audit   doctrine: [ '2.1.0' ],
1012 silly audit   'dom-serializer': [ '2.0.0' ],
1012 silly audit   domelementtype: [ '2.3.0' ],
1012 silly audit   domhandler: [ '5.0.3' ],
1012 silly audit   domino: [ '2.1.7' ],
1012 silly audit   domutils: [ '3.2.2' ],
1012 silly audit   dotenv: [ '16.4.7', '16.3.1' ],
1012 silly audit   'dotenv-expand': [ '11.0.7' ],
1012 silly audit   'dtrace-provider': [ '0.8.8' ],
1012 silly audit   'dunder-proto': [ '1.0.1' ],
1012 silly audit   'eas-cli': [ '18.5.0' ],
1012 silly audit   getenv: [ '2.0.0', '1.0.0' ],
1012 silly audit   universalify: [ '1.0.0', '2.0.1' ],
1012 silly audit   ora: [ '3.4.0', '5.1.0' ],
1012 silly audit   xmlbuilder: [ '14.0.0', '11.0.1', '15.1.1' ],
1012 silly audit   '@segment/ajv-human-errors': [ '2.16.0' ],
1012 silly audit   mime: [ '3.0.0', '1.6.0' ],
1012 silly audit   'mimic-fn': [ '2.1.0', '1.2.0' ],
1012 silly audit   minizlib: [ '3.0.1', '3.1.0' ],
1012 silly audit   nanoid: [ '3.3.8', '3.3.11' ],
1012 silly audit   'node-fetch': [ '2.6.7', '2.7.0' ],
1012 silly audit   'node-forge': [ '1.3.1', '1.4.0' ],
1012 silly audit   onetime: [ '5.1.2', '2.0.1' ],
1012 silly audit   'path-scurry': [ '1.11.1', '2.0.2' ],
1012 silly audit   pngjs: [ '7.0.0', '3.4.0', '5.0.0' ],
1012 silly audit   'qrcode-terminal': [ '0.12.0', '0.11.0' ],
1012 silly audit   'restore-cursor': [ '3.1.0', '2.0.0' ],
1012 silly audit   rimraf: [ '5.0.10', '2.4.5', '3.0.2' ],
1012 silly audit   sucrase: [ '3.35.0', '3.35.1' ],
1012 silly audit   tar: [ '7.5.7', '7.5.13' ],
1012 silly audit   'write-file-atomic': [ '2.4.3', '4.0.2' ],
1012 silly audit   yaml: [ '2.6.0', '2.8.3' ],
1012 silly audit   eastasianwidth: [ '0.2.0' ],
1012 silly audit   'ee-first': [ '1.1.1' ],
1012 silly audit   ejs: [ '3.1.10' ],
1012 silly audit   'electron-to-chromium': [ '1.5.331' ],
1012 silly audit   encodeurl: [ '1.0.2', '2.0.0' ],
1012 silly audit   entities: [ '4.5.0' ],
1012 silly audit   'env-editor': [ '0.4.2' ],
1012 silly audit   'env-paths': [ '2.2.0' ],
1012 silly audit   'env-string': [ '1.0.1' ],
1012 silly audit   envinfo: [ '7.11.0' ],
1012 silly audit   'err-code': [ '2.0.3' ],
1012 silly audit   'error-ex': [ '1.3.4' ],
1012 silly audit   'is-arrayish': [ '0.2.1', '0.3.4' ],
1012 silly audit   'error-stack-parser': [ '2.1.4' ],
1012 silly audit   'es-abstract': [ '1.24.1' ],
1012 silly audit   'es-define-property': [ '1.0.1' ],
1012 silly audit   'es-errors': [ '1.3.0' ],
1012 silly audit   'es-iterator-helpers': [ '1.3.1' ],
1012 silly audit   'es-object-atoms': [ '1.1.1' ],
1012 silly audit   'es-set-tostringtag': [ '2.1.0' ],
1012 silly audit   'es-shim-unscopables': [ '1.1.0' ],
1012 silly audit   'es-to-primitive': [ '1.3.0' ],
1012 silly audit   escalade: [ '3.2.0' ],
1012 silly audit   'escape-html': [ '1.0.3' ],
1012 silly audit   eslint: [ '9.39.4' ],
1012 silly audit   'eslint-config-expo': [ '10.0.0' ],
1012 silly audit   globals: [ '16.5.0', '14.0.0' ],
1012 silly audit   'eslint-import-resolver-node': [ '0.3.10' ],
1012 silly audit   'eslint-import-resolver-typescript': [ '3.10.1' ],
1012 silly audit   'eslint-module-utils': [ '2.12.1' ],
1012 silly audit   'eslint-plugin-expo': [ '1.0.0' ],
1012 silly audit   'eslint-plugin-import': [ '2.32.0' ],
1012 silly audit   'eslint-plugin-react': [ '7.37.5' ],
1012 silly audit   'eslint-plugin-react-hooks': [ '5.2.0' ],
1012 silly audit   'eslint-scope': [ '8.4.0' ],
1012 silly audit   espree: [ '10.4.0' ],
1012 silly audit   esprima: [ '4.0.1' ],
1012 silly audit   esquery: [ '1.7.0' ],
1012 silly audit   esrecurse: [ '4.3.0' ],
1012 silly audit   estraverse: [ '5.3.0' ],
1012 silly audit   esutils: [ '2.0.3' ],
1012 silly audit   etag: [ '1.8.1' ],
1012 silly audit   'event-target-shim': [ '5.0.1' ],
1012 silly audit   'events-universal': [ '1.0.1' ],
1012 silly audit   'exec-async': [ '2.2.0' ],
1012 silly audit   expo: [ '54.0.33' ],
1012 silly audit   'expo-asset': [ '12.0.12' ],
1012 silly audit   'expo-constants': [ '18.0.13' ],
1012 silly audit   'expo-file-system': [ '19.0.21' ],
1012 silly audit   'expo-font': [ '14.0.11' ],
1012 silly audit   'expo-haptics': [ '15.0.8' ],
1012 silly audit   'expo-image': [ '3.0.11' ],
1012 silly audit   'expo-image-loader': [ '55.0.0' ],
1012 silly audit   'expo-image-picker': [ '55.0.16' ],
1012 silly audit   'expo-keep-awake': [ '15.0.8' ],
1012 silly audit   'expo-linear-gradient': [ '15.0.8' ],
1012 silly audit   'expo-linking': [ '8.0.11' ],
1012 silly audit   'expo-location': [ '19.0.8' ],
1012 silly audit   'expo-modules-autolinking': [ '3.0.24' ],
1012 silly audit   'expo-modules-core': [ '3.0.29' ],
1012 silly audit   'expo-router': [ '6.0.23' ],
1012 silly audit   '@radix-ui/react-collection': [ '1.1.7' ],
1012 silly audit   '@radix-ui/react-presence': [ '1.1.5' ],
1012 silly audit   '@radix-ui/react-primitive': [ '2.1.3' ],
1012 silly audit   '@radix-ui/react-roving-focus': [ '1.1.11' ],
1012 silly audit   '@radix-ui/react-tabs': [ '1.1.13' ],
1012 silly audit   'expo-server': [ '1.0.5' ],
1012 silly audit   'expo-splash-screen': [ '31.0.13' ],
1012 silly audit   'expo-status-bar': [ '3.0.9' ],
1012 silly audit   'expo-symbols': [ '1.0.8' ],
1012 silly audit   'expo-system-ui': [ '6.0.9' ],
1012 silly audit   'expo-web-browser': [ '15.0.10' ],
1012 silly audit   '@expo/cli': [ '54.0.23' ],
1012 silly audit   picomatch: [ '3.0.2', '2.3.2', '4.0.4' ],
1012 silly audit   'exponential-backoff': [ '3.1.3' ],
1012 silly audit   'fast-deep-equal': [ '3.1.3' ],
1012 silly audit   'fast-fifo': [ '1.3.2' ],
1012 silly audit   'fast-glob': [ '3.3.2' ],
1012 silly audit   'glob-parent': [ '5.1.2', '6.0.2' ],
1012 silly audit   'fast-json-stable-stringify': [ '2.1.0' ],
1012 silly audit   'fast-levenshtein': [ '2.0.6' ],
1012 silly audit   'fast-uri': [ '3.1.0' ],
1012 silly audit   fastq: [ '1.20.1' ],
1012 silly audit   'fb-watchman': [ '2.0.2' ],
1012 silly audit   fbjs: [ '3.0.5' ],
1012 silly audit   'fbjs-css-vars': [ '1.0.2' ],
1012 silly audit   promise: [ '7.3.1', '8.3.0' ],
1012 silly audit   'fetch-retry': [ '4.1.1' ],
1012 silly audit   figures: [ '3.2.0' ],
1012 silly audit   'file-entry-cache': [ '8.0.0' ],
1012 silly audit   filelist: [ '1.0.6' ],
1012 silly audit   'fill-range': [ '7.1.1' ],
1012 silly audit   'filter-obj': [ '1.1.0' ],
1012 silly audit   finalhandler: [ '1.1.2' ],
1012 silly audit   'flat-cache': [ '4.0.1' ],
1012 silly audit   flatted: [ '3.4.2' ],
1012 silly audit   'flow-enums-runtime': [ '0.0.6' ],
1012 silly audit   fontfaceobserver: [ '2.3.0' ],
1012 silly audit   'for-each': [ '0.3.5' ],
1012 silly audit   'foreground-child': [ '3.3.1' ],
1012 silly audit   'signal-exit': [ '4.1.0', '3.0.7' ],
1012 silly audit   'form-data': [ '4.0.5' ],
1012 silly audit   'freeport-async': [ '2.0.0' ],
1012 silly audit   fresh: [ '0.5.2' ],
1012 silly audit   'fs.realpath': [ '1.0.0' ],
1012 silly audit   fsevents: [ '2.3.3' ],
1012 silly audit   'function-bind': [ '1.1.2' ],
1012 silly audit   'function.prototype.name': [ '1.1.8' ],
1012 silly audit   'functions-have-names': [ '1.2.3' ],
1012 silly audit   'generator-function': [ '2.0.1' ],
1012 silly audit   gensync: [ '1.0.0-beta.2' ],
1012 silly audit   'get-caller-file': [ '2.0.5' ],
1012 silly audit   'get-intrinsic': [ '1.3.0' ],
1012 silly audit   'get-nonce': [ '1.0.1' ],
1012 silly audit   'get-package-type': [ '0.1.0' ],
1012 silly audit   'get-proto': [ '1.0.1' ],
1012 silly audit   'get-symbol-description': [ '1.1.0' ],
1012 silly audit   'get-tsconfig': [ '4.13.7' ],
1012 silly audit   globalthis: [ '1.0.4' ],
1012 silly audit   globby: [ '11.1.0' ],
1012 silly audit   'golden-fleece': [ '1.0.9' ],
1012 silly audit   gopd: [ '1.2.0' ],
1012 silly audit   'graceful-fs': [ '4.2.11' ],
1012 silly audit   'gradle-to-js': [ '2.0.1' ],
1012 silly audit   graphql: [ '16.8.1' ],
1012 silly audit   'graphql-tag': [ '2.12.6' ],
1012 silly audit   'has-bigints': [ '1.1.0' ],
1012 silly audit   'has-property-descriptors': [ '1.0.2' ],
1012 silly audit   'has-proto': [ '1.2.0' ],
1012 silly audit   'has-symbols': [ '1.1.0' ],
1012 silly audit   'has-tostringtag': [ '1.0.2' ],
1012 silly audit   hasown: [ '2.0.2' ],
1012 silly audit   'hermes-estree': [ '0.29.1', '0.32.0' ],
1012 silly audit   'hermes-parser': [ '0.29.1', '0.32.0' ],
1012 silly audit   'hoist-non-react-statics': [ '3.3.2' ],
1012 silly audit   'react-is': [ '16.13.1', '18.3.1', '19.2.4' ],
1012 silly audit   'hosted-git-info': [ '7.0.2' ],
1012 silly audit   'http-call': [ '5.3.0' ],
1012 silly audit   'http-errors': [ '2.0.1' ],
1012 silly audit   statuses: [ '2.0.2', '1.5.0' ],
1012 silly audit   hyperlinker: [ '1.0.0' ],
1012 silly audit   'hyphenate-style-name': [ '1.1.0' ],
1012 silly audit   ieee754: [ '1.2.1' ],
1012 silly audit   'image-size': [ '1.2.1' ],
1012 silly audit   'import-fresh': [ '3.3.1' ],
1012 silly audit   'resolve-from': [ '4.0.0', '5.0.0' ],
1012 silly audit   imurmurhash: [ '0.1.4' ],
1012 silly audit   'indent-string': [ '4.0.0' ],
1012 silly audit   inflight: [ '1.0.6' ],
1012 silly audit   inherits: [ '2.0.4' ],
1012 silly audit   ini: [ '1.3.8' ],
1012 silly audit   'inline-style-prefixer': [ '7.0.1' ],
1012 silly audit   'internal-slot': [ '1.1.0' ],
1012 silly audit   invariant: [ '2.2.4' ],
1012 silly audit   'is-array-buffer': [ '3.0.5' ],
1012 silly audit   'is-async-function': [ '2.1.1' ],
1012 silly audit   'is-bigint': [ '1.1.0' ],
1012 silly audit   'is-boolean-object': [ '1.2.2' ],
1012 silly audit   'is-buffer': [ '1.1.6' ],
1012 silly audit   'is-bun-module': [ '2.0.0' ],
1012 silly audit   'is-callable': [ '1.2.7' ],
1012 silly audit   'is-core-module': [ '2.16.1' ],
1012 silly audit   'is-data-view': [ '1.0.2' ],
1012 silly audit   'is-date-object': [ '1.1.0' ],
1012 silly audit   'is-docker': [ '2.2.1' ],
1012 silly audit   'is-extglob': [ '2.1.1' ],
1012 silly audit   'is-finalizationregistry': [ '1.1.1' ],
1012 silly audit   'is-fullwidth-code-point': [ '3.0.0' ],
1012 silly audit   'is-generator-function': [ '1.1.2' ],
1012 silly audit   'is-glob': [ '4.0.3' ],
1012 silly audit   'is-interactive': [ '1.0.0' ],
1012 silly audit   'is-map': [ '2.0.3' ],
1012 silly audit   'is-negative-zero': [ '2.0.3' ],
1012 silly audit   'is-number': [ '7.0.0' ],
1012 silly audit   'is-number-object': [ '1.1.1' ],
1012 silly audit   'is-plain-obj': [ '2.1.0' ],
1012 silly audit   'is-regex': [ '1.2.1' ],
1012 silly audit   'is-retry-allowed': [ '1.2.0' ],
1012 silly audit   'is-set': [ '2.0.3' ],
1012 silly audit   'is-shared-array-buffer': [ '1.0.4' ],
1012 silly audit   'is-stream': [ '2.0.1' ],
1012 silly audit   'is-string': [ '1.1.1' ],
1012 silly audit   'is-symbol': [ '1.1.1' ],
1012 silly audit   'is-typed-array': [ '1.1.15' ],
1012 silly audit   'is-unicode-supported': [ '0.1.0' ],
1012 silly audit   'is-weakmap': [ '2.0.2' ],
1012 silly audit   'is-weakref': [ '1.1.1' ],
1012 silly audit   'is-weakset': [ '2.0.4' ],
1012 silly audit   'is-wsl': [ '2.2.0' ],
1012 silly audit   isarray: [ '2.0.5' ],
1012 silly audit   isexe: [ '2.0.0' ],
1012 silly audit   'istanbul-lib-coverage': [ '3.2.2' ],
1012 silly audit   'istanbul-lib-instrument': [ '5.2.1' ],
1012 silly audit   'iterator.prototype': [ '1.1.5' ],
1012 silly audit   jackspeak: [ '3.4.3' ],
1012 silly audit   jake: [ '10.9.4' ],
1012 silly audit   'jest-environment-node': [ '29.7.0' ],
1012 silly audit   'jest-get-type': [ '29.6.3' ],
1012 silly audit   'jest-haste-map': [ '29.7.0' ],
1012 silly audit   'jest-message-util': [ '29.7.0' ],
1012 silly audit   'jest-mock': [ '29.7.0' ],
1012 silly audit   'jest-regex-util': [ '29.6.3' ],
1012 silly audit   'jest-util': [ '29.7.0' ],
1012 silly audit   'jest-validate': [ '29.7.0' ],
1012 silly audit   'jest-worker': [ '29.7.0' ],
1012 silly audit   'jimp-compact': [ '0.16.1' ],
1012 silly audit   'jks-js': [ '1.1.0' ],
1012 silly audit   'join-component': [ '1.1.0' ],
1012 silly audit   'js-tokens': [ '4.0.0' ],
1012 silly audit   'jsc-safe-url': [ '0.2.4' ],
1012 silly audit   jsep: [ '1.4.0' ],
1012 silly audit   jsesc: [ '3.1.0' ],
1012 silly audit   'json-buffer': [ '3.0.1' ],
1012 silly audit   'json-parse-better-errors': [ '1.0.2' ],
1012 silly audit   'json-stable-stringify-without-jsonify': [ '1.0.1' ],
1012 silly audit   json5: [ '2.2.3', '1.0.2' ],
1012 silly audit   jsonfile: [ '6.2.0' ],
1012 silly audit   'jsx-ast-utils': [ '3.3.5' ],
1012 silly audit   keychain: [ '1.5.0' ],
1012 silly audit   keyv: [ '4.5.4' ],
1012 silly audit   kleur: [ '3.0.3' ],
1012 silly audit   'lan-network': [ '0.1.7' ],
1012 silly audit   leven: [ '3.1.0' ],
1012 silly audit   levn: [ '0.4.1' ],
1012 silly audit   'lighthouse-logger': [ '1.4.2' ],
1012 silly audit   lightningcss: [ '1.32.0' ],
1012 silly audit   'lightningcss-android-arm64': [ '1.32.0' ],
1012 silly audit   'lightningcss-darwin-arm64': [ '1.32.0' ],
1012 silly audit   'lightningcss-darwin-x64': [ '1.32.0' ],
1012 silly audit   'lightningcss-freebsd-x64': [ '1.32.0' ],
1012 silly audit   'lightningcss-linux-arm-gnueabihf': [ '1.32.0' ],
1012 silly audit   'lightningcss-linux-arm64-gnu': [ '1.32.0' ],
1012 silly audit   'lightningcss-linux-arm64-musl': [ '1.32.0' ],
1012 silly audit   'lightningcss-linux-x64-gnu': [ '1.32.0' ],
1012 silly audit   'lightningcss-linux-x64-musl': [ '1.32.0' ],
1012 silly audit   'lightningcss-win32-arm64-msvc': [ '1.32.0' ],
1012 silly audit   'lightningcss-win32-x64-msvc': [ '1.32.0' ],
1012 silly audit   lilconfig: [ '3.1.3' ],
1012 silly audit   'lines-and-columns': [ '1.2.4' ],
1012 silly audit   'lodash.clonedeep': [ '4.5.0' ],
1012 silly audit   'lodash.debounce': [ '4.0.8' ],
1012 silly audit   'lodash.get': [ '4.4.2' ],
1012 silly audit   'lodash.merge': [ '4.6.2' ],
1012 silly audit   'lodash.throttle': [ '4.1.1' ],
1012 silly audit   'loose-envify': [ '1.4.0' ],
1012 silly audit   'make-error': [ '1.3.6' ],
1012 silly audit   makeerror: [ '1.0.12' ],
1012 silly audit   marky: [ '1.3.0' ],
1012 silly audit   'math-intrinsics': [ '1.1.0' ],
1012 silly audit   md5: [ '2.3.0' ],
1012 silly audit   'mdn-data': [ '2.0.14' ],
1012 silly audit   'memoize-one': [ '5.2.1', '6.0.0' ],
1012 silly audit   'merge-options': [ '3.0.4' ],
1012 silly audit   'merge-stream': [ '2.0.0' ],
1012 silly audit   merge2: [ '1.4.1' ],
1012 silly audit   metro: [ '0.83.3' ],
1012 silly audit   'metro-babel-transformer': [ '0.83.3' ],
1012 silly audit   'metro-cache': [ '0.83.3' ],
1012 silly audit   'metro-cache-key': [ '0.83.3' ],
1012 silly audit   'metro-config': [ '0.83.3' ],
1012 silly audit   'metro-core': [ '0.83.3' ],
1012 silly audit   'metro-file-map': [ '0.83.3' ],
1012 silly audit   'metro-minify-terser': [ '0.83.3' ],
1012 silly audit   'metro-resolver': [ '0.83.3' ],
1012 silly audit   'metro-runtime': [ '0.83.3' ],
1012 silly audit   'metro-source-map': [ '0.83.3' ],
1012 silly audit   'metro-symbolicate': [ '0.83.3' ],
1012 silly audit   'metro-transform-plugins': [ '0.83.3' ],
1012 silly audit   'metro-transform-worker': [ '0.83.3' ],
1012 silly audit   micromatch: [ '4.0.8' ],
1012 silly audit   'mime-db': [ '1.52.0' ],
1012 silly audit   'mime-types': [ '2.1.35' ],
1012 silly audit   minimist: [ '1.2.8' ],
1012 silly audit   minipass: [ '7.1.3' ],
1012 silly audit   mkdirp: [ '1.0.4', '0.5.6' ],
1012 silly audit   moment: [ '2.30.1' ],
1012 silly audit   multipasta: [ '0.2.7' ],
1012 silly audit   'mute-stream': [ '0.0.8' ],
1012 silly audit   mv: [ '2.1.1' ],
1012 silly audit   mz: [ '2.7.0' ],
1012 silly audit   nan: [ '2.26.2' ],
1012 silly audit   'napi-postinstall': [ '0.3.4' ],
1012 silly audit   'natural-compare': [ '1.4.0' ],
1012 silly audit   'natural-orderby': [ '2.0.3' ],
1012 silly audit   ncp: [ '2.0.0' ],
1012 silly audit   'nested-error-stacks': [ '2.0.1' ],
1012 silly audit   'node-exports-info': [ '1.6.0' ],
1012 silly audit   'node-int64': [ '0.4.0' ],
1012 silly audit   'node-releases': [ '2.0.37' ],
1012 silly audit   'node-rsa': [ '1.1.1' ],
1012 silly audit   'node-stream-zip': [ '1.15.0' ],
1012 silly audit   'normalize-path': [ '3.0.0' ],
1012 silly audit   'npm-package-arg': [ '11.0.3' ],
1012 silly audit   'nth-check': [ '2.1.1' ],
1012 silly audit   nullthrows: [ '1.1.1' ],
1012 silly audit   ob1: [ '0.83.3' ],
1012 silly audit   'object-assign': [ '4.1.1' ],
1012 silly audit   'object-inspect': [ '1.13.4' ],
1012 silly audit   'object-keys': [ '1.1.1' ],
1012 silly audit   'object-treeify': [ '1.1.33' ],
1012 silly audit   'object.assign': [ '4.1.7' ],
1012 silly audit   'object.entries': [ '1.1.9' ],
1012 silly audit   'object.fromentries': [ '2.0.8' ],
1012 silly audit   'object.groupby': [ '1.0.3' ],
1012 silly audit   'object.values': [ '1.2.1' ],
1012 silly audit   'on-finished': [ '2.3.0', '2.4.1' ],
1012 silly audit   'on-headers': [ '1.1.0' ],
1012 silly audit   once: [ '1.4.0' ],
1012 silly audit   optionator: [ '0.9.4' ],
1012 silly audit   'own-keys': [ '1.0.1' ],
1012 silly audit   'p-try': [ '2.2.0' ],
1012 silly audit   'package-json-from-dist': [ '1.0.1' ],
1012 silly audit   'parent-module': [ '1.0.1' ],
1012 silly audit   'parse-json': [ '4.0.0' ],
1012 silly audit   'parse-png': [ '2.1.0' ],
1012 silly audit   parseurl: [ '1.3.3' ],
1012 silly audit   'password-prompt': [ '1.1.3' ],
1012 silly audit   'path-exists': [ '4.0.0' ],
1012 silly audit   'path-is-absolute': [ '1.0.1' ],
1012 silly audit   'path-key': [ '3.1.1' ],
1012 silly audit   'path-parse': [ '1.0.7' ],
1012 silly audit   'path-type': [ '4.0.0' ],
1012 silly audit   picocolors: [ '1.1.1' ],
1012 silly audit   pirates: [ '4.0.7' ],
1012 silly audit   'pkg-dir': [ '4.2.0' ],
1012 silly audit   plist: [ '3.1.0' ],
1012 silly audit   'possible-typed-array-names': [ '1.1.0' ],
1012 silly audit   postcss: [ '8.4.49' ],
1012 silly audit   'postcss-value-parser': [ '4.2.0' ],
1012 silly audit   'prelude-ls': [ '1.2.1' ],
1012 silly audit   'pretty-bytes': [ '5.6.0' ],
1012 silly audit   'pretty-format': [ '29.7.0' ],
1012 silly audit   'proc-log': [ '4.2.0' ],
1012 silly audit   progress: [ '2.0.3' ],
1012 silly audit   'promise-limit': [ '2.7.0' ],
1012 silly audit   'promise-retry': [ '2.0.1' ],
1012 silly audit   prompts: [ '2.4.2' ],
1012 silly audit   'prop-types': [ '15.8.1' ],
1012 silly audit   punycode: [ '2.3.1' ],
1012 silly audit   qrcode: [ '1.5.4' ],
1012 silly audit   y18n: [ '4.0.3', '5.0.8' ],
1012 silly audit   yargs: [ '15.4.1', '17.7.2' ],
1012 silly audit   'yargs-parser': [ '18.1.3', '21.1.1' ],
1012 silly audit   'query-string': [ '7.1.3' ],
1012 silly audit   queue: [ '6.0.2' ],
1012 silly audit   'queue-microtask': [ '1.2.3' ],
1012 silly audit   'range-parser': [ '1.2.1' ],
1012 silly audit   rc: [ '1.2.8' ],
1012 silly audit   'strip-json-comments': [ '2.0.1', '3.1.1' ],
1012 silly audit   react: [ '19.1.0' ],
1012 silly audit   'react-devtools-core': [ '6.1.5' ],
1012 silly audit   'react-dom': [ '19.1.0' ],
1012 silly audit   'react-fast-compare': [ '3.2.2' ],
1012 silly audit   'react-freeze': [ '1.0.4' ],
1012 silly audit   'react-native': [ '0.81.5' ],
1012 silly audit   'react-native-gesture-handler': [ '2.28.0' ],
1012 silly audit   'react-native-is-edge-to-edge': [ '1.3.1' ],
1012 silly audit   'react-native-maps': [ '1.20.1' ],
1012 silly audit   'react-native-qrcode-svg': [ '6.3.21' ],
1012 silly audit   'react-native-razorpay': [ '2.3.1' ],
1012 silly audit   'react-native-reanimated': [ '4.1.7' ],
1012 silly audit   'react-native-safe-area-context': [ '5.6.2' ],
1012 silly audit   'react-native-screens': [ '4.16.0' ],
1012 silly audit   'react-native-svg': [ '15.15.4' ],
1012 silly audit   'react-native-web': [ '0.21.2' ],
1012 silly audit   'react-native-worklets': [ '0.5.1' ],
1012 silly audit   '@react-native/gradle-plugin': [ '0.81.5' ],
1012 silly audit   '@react-native/virtualized-lists': [ '0.81.5' ],
1012 silly audit   'react-refresh': [ '0.14.2' ],
1012 silly audit   'react-remove-scroll': [ '2.7.2' ],
1012 silly audit   'react-remove-scroll-bar': [ '2.3.8' ],
1012 silly audit   'react-style-singleton': [ '2.2.3' ],
1012 silly audit   redeyed: [ '2.1.1' ],
1012 silly audit   'reflect.getprototypeof': [ '1.0.10' ],
1012 silly audit   regenerate: [ '1.4.2' ],
1012 silly audit   'regenerate-unicode-properties': [ '10.2.2' ],
1012 silly audit   'regenerator-runtime': [ '0.13.11' ],
1012 silly audit   'regexp.prototype.flags': [ '1.5.4' ],
1012 silly audit   'regexpu-core': [ '6.4.0' ],
1012 silly audit   regjsgen: [ '0.8.0' ],
1012 silly audit   regjsparser: [ '0.13.1' ],
1012 silly audit   'remove-trailing-slash': [ '0.1.1' ],
1012 silly audit   'require-directory': [ '2.1.1' ],
1012 silly audit   'require-from-string': [ '2.0.2' ],
1012 silly audit   'require-main-filename': [ '2.0.0' ],
1012 silly audit   requireg: [ '0.2.2' ],
1012 silly audit   'resolve-pkg-maps': [ '1.0.0' ],
1012 silly audit   'resolve-workspace-root': [ '2.0.1' ],
1012 silly audit   'resolve.exports': [ '2.0.3' ],
1012 silly audit   retry: [ '0.12.0' ],
1012 silly audit   reusify: [ '1.1.0' ],
1012 silly audit   'run-parallel': [ '1.2.0' ],
1012 silly audit   'safe-array-concat': [ '1.1.3' ],
1012 silly audit   'safe-buffer': [ '5.2.1' ],
1012 silly audit   'safe-json-stringify': [ '1.2.0' ],
1012 silly audit   'safe-push-apply': [ '1.0.0' ],
1012 silly audit   'safe-regex-test': [ '1.1.0' ],
1012 silly audit   'safer-buffer': [ '2.1.2' ],
1012 silly audit   sax: [ '1.6.0' ],
1012 silly audit   scheduler: [ '0.26.0' ],
1012 silly audit   send: [ '0.19.2' ],
1012 silly audit   'serialize-error': [ '2.1.0' ],
1012 silly audit   'serve-static': [ '1.16.3' ],
1012 silly audit   'server-only': [ '0.0.1' ],
1012 silly audit   'set-blocking': [ '2.0.0' ],
1012 silly audit   'set-function-length': [ '1.2.2' ],
1012 silly audit   'set-function-name': [ '2.0.2' ],
1012 silly audit   'set-interval-async': [ '3.0.3' ],
1012 silly audit   'set-proto': [ '1.0.0' ],
1012 silly audit   setimmediate: [ '1.0.5' ],
1012 silly audit   setprototypeof: [ '1.2.0' ],
1012 silly audit   'sf-symbols-typescript': [ '2.2.0' ],
1012 silly audit   shallowequal: [ '1.1.0' ],
1012 silly audit   'shebang-command': [ '2.0.0' ],
1012 silly audit   'shebang-regex': [ '3.0.0' ],
1012 silly audit   'shell-quote': [ '1.8.3' ],
1012 silly audit   'side-channel': [ '1.1.0' ],
1012 silly audit   'side-channel-list': [ '1.0.0' ],
1012 silly audit   'side-channel-map': [ '1.0.1' ],
1012 silly audit   'side-channel-weakmap': [ '1.0.2' ],
1012 silly audit   'simple-plist': [ '1.3.1' ],
1012 silly audit   'simple-swizzle': [ '0.2.4' ],
1012 silly audit   sisteransi: [ '1.0.5' ],
1012 silly audit   slash: [ '3.0.0' ],
1012 silly audit   'slice-ansi': [ '4.0.0' ],
1012 silly audit   slugify: [ '1.6.9' ],
1012 silly audit   'source-map-js': [ '1.2.1' ],
1012 silly audit   'source-map-support': [ '0.5.21' ],
1012 silly audit   'split-on-first': [ '1.1.0' ],
1012 silly audit   'sprintf-js': [ '1.0.3' ],
1012 silly audit   'stable-hash': [ '0.0.5' ],
1012 silly audit   'stack-utils': [ '2.0.6' ],
1012 silly audit   stackframe: [ '1.3.4' ],
1012 silly audit   'stacktrace-parser': [ '0.1.11' ],
1012 silly audit   'stop-iteration-iterator': [ '1.1.0' ],
1012 silly audit   'stream-buffers': [ '2.2.0' ],
1012 silly audit   streamx: [ '2.25.0' ],
1012 silly audit   'strict-uri-encode': [ '2.0.0' ],
1012 silly audit   'string.prototype.matchall': [ '4.0.12' ],
1012 silly audit   'string.prototype.repeat': [ '1.0.0' ],
1012 silly audit   'string.prototype.trim': [ '1.2.10' ],
1012 silly audit   'string.prototype.trimend': [ '1.0.9' ],
1012 silly audit   'string.prototype.trimstart': [ '1.0.8' ],
1012 silly audit   'strip-bom': [ '3.0.0' ],
1012 silly audit   'structured-headers': [ '0.4.1' ],
1012 silly audit   styleq: [ '0.1.3' ],
1012 silly audit   'supports-hyperlinks': [ '2.3.0' ],
1012 silly audit   'supports-preserve-symlinks-flag': [ '1.0.0' ],
1012 silly audit   'tar-stream': [ '3.1.7' ],
1012 silly audit   'temp-dir': [ '2.0.0' ],
1012 silly audit   'terminal-link': [ '2.1.1' ],
1012 silly audit   terser: [ '5.46.1' ],
1012 silly audit   'test-exclude': [ '6.0.0' ],
1012 silly audit   'text-decoder': [ '1.2.7' ],
1012 silly audit   'text-encoding': [ '0.7.0' ],
1012 silly audit   thenify: [ '3.3.1' ],
1012 silly audit   'thenify-all': [ '1.6.0' ],
1012 silly audit   throat: [ '5.0.0' ],
1012 silly audit   tinyglobby: [ '0.2.15' ],
1012 silly audit   fdir: [ '6.5.0' ],
1012 silly audit   tmpl: [ '1.0.5' ],
1012 silly audit   'to-regex-range': [ '5.0.1' ],
1012 silly audit   toidentifier: [ '1.0.1' ],
1012 silly audit   tr46: [ '0.0.3' ],
1012 silly audit   'ts-api-utils': [ '2.5.0' ],
1012 silly audit   'ts-deepmerge': [ '6.2.0' ],
1012 silly audit   'ts-interface-checker': [ '0.1.13' ],
1012 silly audit   'ts-node': [ '10.9.2' ],
1012 silly audit   'tsconfig-paths': [ '3.15.0' ],
1012 silly audit   'tunnel-agent': [ '0.6.0' ],
1012 silly audit   turndown: [ '7.1.2' ],
1012 silly audit   'type-check': [ '0.4.0' ],
1012 silly audit   'type-detect': [ '4.0.8' ],
1012 silly audit   'typed-array-buffer': [ '1.0.3' ],
1012 silly audit   'typed-array-byte-length': [ '1.0.3' ],
1012 silly audit   'typed-array-byte-offset': [ '1.0.4' ],
1012 silly audit   'typed-array-length': [ '1.0.7' ],
1012 silly audit   typescript: [ '5.9.3' ],
1012 silly audit   'ua-parser-js': [ '1.0.41' ],
1012 silly audit   'unbox-primitive': [ '1.1.0' ],
1012 silly audit   undici: [ '6.24.1' ],
1012 silly audit   'undici-types': [ '7.18.2' ],
1012 silly audit   'unicode-canonical-property-names-ecmascript': [ '2.0.1' ],
1012 silly audit   'unicode-match-property-ecmascript': [ '2.0.0' ],
1012 silly audit   'unicode-match-property-value-ecmascript': [ '2.2.1' ],
1012 silly audit   'unicode-property-aliases-ecmascript': [ '2.2.0' ],
1012 silly audit   'unique-string': [ '2.0.0' ],
1012 silly audit   unpipe: [ '1.0.0' ],
1012 silly audit   'unrs-resolver': [ '1.11.1' ],
1012 silly audit   untildify: [ '4.0.0' ],
1012 silly audit   'update-browserslist-db': [ '1.2.3' ],
1012 silly audit   'uri-js': [ '4.4.1' ],
1012 silly audit   'use-callback-ref': [ '1.3.3' ],
1012 silly audit   'use-latest-callback': [ '0.2.6' ],
1012 silly audit   'use-sidecar': [ '1.1.3' ],
1012 silly audit   'use-sync-external-store': [ '1.6.0' ],
1012 silly audit   'utils-merge': [ '1.0.1' ],
1012 silly audit   'v8-compile-cache-lib': [ '3.0.1' ],
1012 silly audit   'validate-npm-package-name': [ '5.0.1' ],
1012 silly audit   vary: [ '1.1.2' ],
1012 silly audit   vaul: [ '1.1.2' ],
1012 silly audit   '@radix-ui/react-dialog': [ '1.1.15' ],
1012 silly audit   '@radix-ui/react-dismissable-layer': [ '1.1.11' ],
1012 silly audit   '@radix-ui/react-focus-scope': [ '1.1.7' ],
1012 silly audit   '@radix-ui/react-portal': [ '1.1.9' ],
1012 silly audit   vlq: [ '1.0.1' ],
1012 silly audit   walker: [ '1.0.8' ],
1012 silly audit   'warn-once': [ '0.1.1' ],
1012 silly audit   wcwidth: [ '1.0.1' ],
1012 silly audit   'webidl-conversions': [ '3.0.1', '5.0.0' ],
1012 silly audit   'whatwg-fetch': [ '3.6.20' ],
1012 silly audit   'whatwg-url': [ '5.0.0' ],
1012 silly audit   'whatwg-url-without-unicode': [ '8.0.0-3' ],
1012 silly audit   which: [ '2.0.2' ],
1012 silly audit   'which-boxed-primitive': [ '1.1.1' ],
1012 silly audit   'which-builtin-type': [ '1.2.1' ],
1012 silly audit   'which-collection': [ '1.0.2' ],
1012 silly audit   'which-module': [ '2.0.1' ],
1012 silly audit   'which-typed-array': [ '1.1.20' ],
1012 silly audit   'widest-line': [ '3.1.0' ],
1012 silly audit   wonka: [ '6.3.6' ],
1012 silly audit   'word-wrap': [ '1.2.5' ],
1012 silly audit   wordwrap: [ '1.0.0' ],
1012 silly audit   wrappy: [ '1.0.2' ],
1012 silly audit   xcode: [ '3.0.1' ],
1012 silly audit   xml2js: [ '0.6.0' ],
1012 silly audit   yn: [ '3.1.1' ],
1012 silly audit   'yocto-queue': [ '0.1.0' ],
1012 silly audit   zod: [ '4.3.6' ]
1012 silly audit }
1013 verbose reify failed optional dependency E:\smartparkingcopy\ParkingApp\node_modules\@unrs\resolver-binding-win32-ia32-msvc
1014 silly reify mark deleted [
1014 silly reify   'E:\\smartparkingcopy\\ParkingApp\\node_modules\\@unrs\\resolver-binding-win32-ia32-msvc'
1014 silly reify ]
1015 verbose reify failed optional dependency E:\smartparkingcopy\ParkingApp\node_modules\@unrs\resolver-binding-win32-arm64-msvc
1016 silly reify mark deleted [
1016 silly reify   'E:\\smartparkingcopy\\ParkingApp\\node_modules\\@unrs\\resolver-binding-win32-arm64-msvc'
1016 silly reify ]
1017 verbose reify failed optional dependency E:\smartparkingcopy\ParkingApp\node_modules\@unrs\resolver-binding-wasm32-wasi
1018 silly reify mark deleted [
1018 silly reify   'E:\\smartparkingcopy\\ParkingApp\\node_modules\\@unrs\\resolver-binding-wasm32-wasi'
1018 silly reify ]
1019 verbose reify failed optional dependency E:\smartparkingcopy\ParkingApp\node_modules\@napi-rs\wasm-runtime
1020 silly reify mark deleted [
1020 silly reify   'E:\\smartparkingcopy\\ParkingApp\\node_modules\\@napi-rs\\wasm-runtime'
1020 silly reify ]
1021 verbose reify failed optional dependency E:\smartparkingcopy\ParkingApp\node_modules\@emnapi\core
1022 silly reify mark deleted [ 'E:\\smartparkingcopy\\ParkingApp\\node_modules\\@emnapi\\core' ]
1023 verbose reify failed optional dependency E:\smartparkingcopy\ParkingApp\node_modules\@emnapi\runtime
1024 silly reify mark deleted [ 'E:\\smartparkingcopy\\ParkingApp\\node_modules\\@emnapi\\runtime' ]
1025 verbose reify failed optional dependency E:\smartparkingcopy\ParkingApp\node_modules\@tybys\wasm-util
1026 silly reify mark deleted [ 'E:\\smartparkingcopy\\ParkingApp\\node_modules\\@tybys\\wasm-util' ]
1027 verbose reify failed optional dependency E:\smartparkingcopy\ParkingApp\node_modules\@emnapi\wasi-threads
1028 silly reify mark deleted [
1028 silly reify   'E:\\smartparkingcopy\\ParkingApp\\node_modules\\@emnapi\\wasi-threads'
1028 silly reify ]
1029 verbose reify failed optional dependency E:\smartparkingcopy\ParkingApp\node_modules\@unrs\resolver-binding-linux-x64-musl
1030 silly reify mark deleted [
1030 silly reify   'E:\\smartparkingcopy\\ParkingApp\\node_modules\\@unrs\\resolver-binding-linux-x64-musl'
1030 silly reify ]
1031 verbose reify failed optional dependency E:\smartparkingcopy\ParkingApp\node_modules\@unrs\resolver-binding-linux-x64-gnu
1032 silly reify mark deleted [
1032 silly reify   'E:\\smartparkingcopy\\ParkingApp\\node_modules\\@unrs\\resolver-binding-linux-x64-gnu'
1032 silly reify ]
1033 verbose reify failed optional dependency E:\smartparkingcopy\ParkingApp\node_modules\@unrs\resolver-binding-linux-s390x-gnu
1034 silly reify mark deleted [
1034 silly reify   'E:\\smartparkingcopy\\ParkingApp\\node_modules\\@unrs\\resolver-binding-linux-s390x-gnu'
1034 silly reify ]
1035 verbose reify failed optional dependency E:\smartparkingcopy\ParkingApp\node_modules\@unrs\resolver-binding-linux-riscv64-musl
1036 silly reify mark deleted [
1036 silly reify   'E:\\smartparkingcopy\\ParkingApp\\node_modules\\@unrs\\resolver-binding-linux-riscv64-musl'
1036 silly reify ]
1037 verbose reify failed optional dependency E:\smartparkingcopy\ParkingApp\node_modules\@unrs\resolver-binding-linux-riscv64-gnu
1038 silly reify mark deleted [
1038 silly reify   'E:\\smartparkingcopy\\ParkingApp\\node_modules\\@unrs\\resolver-binding-linux-riscv64-gnu'
1038 silly reify ]
1039 verbose reify failed optional dependency E:\smartparkingcopy\ParkingApp\node_modules\@unrs\resolver-binding-linux-ppc64-gnu
1040 silly reify mark deleted [
1040 silly reify   'E:\\smartparkingcopy\\ParkingApp\\node_modules\\@unrs\\resolver-binding-linux-ppc64-gnu'
1040 silly reify ]
1041 verbose reify failed optional dependency E:\smartparkingcopy\ParkingApp\node_modules\@unrs\resolver-binding-linux-arm64-musl
1042 silly reify mark deleted [
1042 silly reify   'E:\\smartparkingcopy\\ParkingApp\\node_modules\\@unrs\\resolver-binding-linux-arm64-musl'
1042 silly reify ]
1043 verbose reify failed optional dependency E:\smartparkingcopy\ParkingApp\node_modules\@unrs\resolver-binding-linux-arm64-gnu
1044 silly reify mark deleted [
1044 silly reify   'E:\\smartparkingcopy\\ParkingApp\\node_modules\\@unrs\\resolver-binding-linux-arm64-gnu'
1044 silly reify ]
1045 verbose reify failed optional dependency E:\smartparkingcopy\ParkingApp\node_modules\@unrs\resolver-binding-linux-arm-musleabihf
1046 silly reify mark deleted [
1046 silly reify   'E:\\smartparkingcopy\\ParkingApp\\node_modules\\@unrs\\resolver-binding-linux-arm-musleabihf'
1046 silly reify ]
1047 verbose reify failed optional dependency E:\smartparkingcopy\ParkingApp\node_modules\@unrs\resolver-binding-linux-arm-gnueabihf
1048 silly reify mark deleted [
1048 silly reify   'E:\\smartparkingcopy\\ParkingApp\\node_modules\\@unrs\\resolver-binding-linux-arm-gnueabihf'
1048 silly reify ]
1049 verbose reify failed optional dependency E:\smartparkingcopy\ParkingApp\node_modules\@unrs\resolver-binding-freebsd-x64
1050 silly reify mark deleted [
1050 silly reify   'E:\\smartparkingcopy\\ParkingApp\\node_modules\\@unrs\\resolver-binding-freebsd-x64'
1050 silly reify ]
1051 verbose reify failed optional dependency E:\smartparkingcopy\ParkingApp\node_modules\@unrs\resolver-binding-darwin-x64
1052 silly reify mark deleted [
1052 silly reify   'E:\\smartparkingcopy\\ParkingApp\\node_modules\\@unrs\\resolver-binding-darwin-x64'
1052 silly reify ]
1053 verbose reify failed optional dependency E:\smartparkingcopy\ParkingApp\node_modules\@unrs\resolver-binding-darwin-arm64
1054 silly reify mark deleted [
1054 silly reify   'E:\\smartparkingcopy\\ParkingApp\\node_modules\\@unrs\\resolver-binding-darwin-arm64'
1054 silly reify ]
1055 verbose reify failed optional dependency E:\smartparkingcopy\ParkingApp\node_modules\@unrs\resolver-binding-android-arm64
1056 silly reify mark deleted [
1056 silly reify   'E:\\smartparkingcopy\\ParkingApp\\node_modules\\@unrs\\resolver-binding-android-arm64'
1056 silly reify ]
1057 verbose reify failed optional dependency E:\smartparkingcopy\ParkingApp\node_modules\@unrs\resolver-binding-android-arm-eabi
1058 silly reify mark deleted [
1058 silly reify   'E:\\smartparkingcopy\\ParkingApp\\node_modules\\@unrs\\resolver-binding-android-arm-eabi'
1058 silly reify ]
1059 verbose reify failed optional dependency E:\smartparkingcopy\ParkingApp\node_modules\lightningcss-win32-arm64-msvc
1060 silly reify mark deleted [
1060 silly reify   'E:\\smartparkingcopy\\ParkingApp\\node_modules\\lightningcss-win32-arm64-msvc'
1060 silly reify ]
1061 verbose reify failed optional dependency E:\smartparkingcopy\ParkingApp\node_modules\lightningcss-linux-x64-musl
1062 silly reify mark deleted [
1062 silly reify   'E:\\smartparkingcopy\\ParkingApp\\node_modules\\lightningcss-linux-x64-musl'
1062 silly reify ]
1063 verbose reify failed optional dependency E:\smartparkingcopy\ParkingApp\node_modules\lightningcss-linux-x64-gnu
1064 silly reify mark deleted [
1064 silly reify   'E:\\smartparkingcopy\\ParkingApp\\node_modules\\lightningcss-linux-x64-gnu'
1064 silly reify ]
1065 verbose reify failed optional dependency E:\smartparkingcopy\ParkingApp\node_modules\lightningcss-linux-arm64-musl
1066 silly reify mark deleted [
1066 silly reify   'E:\\smartparkingcopy\\ParkingApp\\node_modules\\lightningcss-linux-arm64-musl'
1066 silly reify ]
1067 verbose reify failed optional dependency E:\smartparkingcopy\ParkingApp\node_modules\lightningcss-linux-arm64-gnu
1068 silly reify mark deleted [
1068 silly reify   'E:\\smartparkingcopy\\ParkingApp\\node_modules\\lightningcss-linux-arm64-gnu'
1068 silly reify ]
1069 verbose reify failed optional dependency E:\smartparkingcopy\ParkingApp\node_modules\lightningcss-linux-arm-gnueabihf
1070 silly reify mark deleted [
1070 silly reify   'E:\\smartparkingcopy\\ParkingApp\\node_modules\\lightningcss-linux-arm-gnueabihf'
1070 silly reify ]
1071 verbose reify failed optional dependency E:\smartparkingcopy\ParkingApp\node_modules\lightningcss-freebsd-x64
1072 silly reify mark deleted [
1072 silly reify   'E:\\smartparkingcopy\\ParkingApp\\node_modules\\lightningcss-freebsd-x64'
1072 silly reify ]
1073 verbose reify failed optional dependency E:\smartparkingcopy\ParkingApp\node_modules\lightningcss-darwin-x64
1074 silly reify mark deleted [
1074 silly reify   'E:\\smartparkingcopy\\ParkingApp\\node_modules\\lightningcss-darwin-x64'
1074 silly reify ]
1075 verbose reify failed optional dependency E:\smartparkingcopy\ParkingApp\node_modules\lightningcss-darwin-arm64
1076 silly reify mark deleted [
1076 silly reify   'E:\\smartparkingcopy\\ParkingApp\\node_modules\\lightningcss-darwin-arm64'
1076 silly reify ]
1077 verbose reify failed optional dependency E:\smartparkingcopy\ParkingApp\node_modules\lightningcss-android-arm64
1078 silly reify mark deleted [
1078 silly reify   'E:\\smartparkingcopy\\ParkingApp\\node_modules\\lightningcss-android-arm64'
1078 silly reify ]
1079 verbose reify failed optional dependency E:\smartparkingcopy\ParkingApp\node_modules\fsevents
1080 silly reify mark deleted [ 'E:\\smartparkingcopy\\ParkingApp\\node_modules\\fsevents' ]
1081 http cache @urql/exchange-retry@https://registry.npmjs.org/@urql/exchange-retry/-/exchange-retry-1.3.2.tgz 1ms (cache hit)
1082 http cache @unrs/resolver-binding-win32-x64-msvc@https://registry.npmjs.org/@unrs/resolver-binding-win32-x64-msvc/-/resolver-binding-win32-x64-msvc-1.11.1.tgz 0ms (cache hit)
1083 http cache @xmldom/xmldom@https://registry.npmjs.org/@xmldom/xmldom/-/xmldom-0.8.12.tgz 0ms (cache hit)
1084 http cache @urql/core@https://registry.npmjs.org/@urql/core/-/core-5.2.0.tgz 0ms (cache hit)
1085 http cache @ungap/structured-clone@https://registry.npmjs.org/@ungap/structured-clone/-/structured-clone-1.3.0.tgz 0ms (cache hit)
1086 http cache @typescript-eslint/visitor-keys@https://registry.npmjs.org/@typescript-eslint/visitor-keys/-/visitor-keys-8.58.0.tgz 0ms (cache hit)
1087 http cache @typescript-eslint/utils@https://registry.npmjs.org/@typescript-eslint/utils/-/utils-8.58.0.tgz 0ms (cache hit)
1088 http cache @typescript-eslint/typescript-estree@https://registry.npmjs.org/@typescript-eslint/typescript-estree/-/typescript-estree-8.58.0.tgz 0ms (cache hit)
1089 http cache @typescript-eslint/type-utils@https://registry.npmjs.org/@typescript-eslint/type-utils/-/type-utils-8.58.0.tgz 0ms (cache hit)
1090 http cache @typescript-eslint/types@https://registry.npmjs.org/@typescript-eslint/types/-/types-8.58.0.tgz 0ms (cache hit)
1091 http cache @typescript-eslint/tsconfig-utils@https://registry.npmjs.org/@typescript-eslint/tsconfig-utils/-/tsconfig-utils-8.58.0.tgz 0ms (cache hit)
1092 http cache @typescript-eslint/project-service@https://registry.npmjs.org/@typescript-eslint/project-service/-/project-service-8.58.0.tgz 0ms (cache hit)
1093 http cache @typescript-eslint/scope-manager@https://registry.npmjs.org/@typescript-eslint/scope-manager/-/scope-manager-8.58.0.tgz 0ms (cache hit)
1094 http cache @typescript-eslint/parser@https://registry.npmjs.org/@typescript-eslint/parser/-/parser-8.58.0.tgz 0ms (cache hit)
1095 http cache @typescript-eslint/eslint-plugin@https://registry.npmjs.org/@typescript-eslint/eslint-plugin/-/eslint-plugin-8.58.0.tgz 0ms (cache hit)
1096 http cache @types/yargs-parser@https://registry.npmjs.org/@types/yargs-parser/-/yargs-parser-21.0.3.tgz 0ms (cache hit)
1097 http cache @types/yargs@https://registry.npmjs.org/@types/yargs/-/yargs-17.0.35.tgz 0ms (cache hit)
1098 http cache @types/stack-utils@https://registry.npmjs.org/@types/stack-utils/-/stack-utils-2.0.3.tgz 0ms (cache hit)
1099 http cache @types/react@https://registry.npmjs.org/@types/react/-/react-19.1.17.tgz 0ms (cache hit)
1100 http cache @types/node@https://registry.npmjs.org/@types/node/-/node-25.5.2.tgz 0ms (cache hit)
1101 http cache @types/json5@https://registry.npmjs.org/@types/json5/-/json5-0.0.29.tgz 0ms (cache hit)
1102 http cache @types/json-schema@https://registry.npmjs.org/@types/json-schema/-/json-schema-7.0.15.tgz 0ms (cache hit)
1103 http cache @types/istanbul-reports@https://registry.npmjs.org/@types/istanbul-reports/-/istanbul-reports-3.0.4.tgz 0ms (cache hit)
1104 http cache @types/istanbul-lib-coverage@https://registry.npmjs.org/@types/istanbul-lib-coverage/-/istanbul-lib-coverage-2.0.6.tgz 0ms (cache hit)
1105 http cache @types/istanbul-lib-report@https://registry.npmjs.org/@types/istanbul-lib-report/-/istanbul-lib-report-3.0.3.tgz 0ms (cache hit)
1106 http cache @types/graceful-fs@https://registry.npmjs.org/@types/graceful-fs/-/graceful-fs-4.1.9.tgz 0ms (cache hit)
1107 http cache @types/estree@https://registry.npmjs.org/@types/estree/-/estree-1.0.8.tgz 0ms (cache hit)
1108 http cache @types/hammerjs@https://registry.npmjs.org/@types/hammerjs/-/hammerjs-2.0.46.tgz 0ms (cache hit)
1109 http cache @types/geojson@https://registry.npmjs.org/@types/geojson/-/geojson-7946.0.16.tgz 0ms (cache hit)
1110 http cache @types/cli-progress@https://registry.npmjs.org/@types/cli-progress/-/cli-progress-3.11.6.tgz 0ms (cache hit)
1111 http cache @types/bunyan@https://registry.npmjs.org/@types/bunyan/-/bunyan-1.8.11.tgz 0ms (cache hit)
1112 http cache @types/babel__traverse@https://registry.npmjs.org/@types/babel__traverse/-/babel__traverse-7.28.0.tgz 0ms (cache hit)
1113 http cache @tybys/wasm-util@https://registry.npmjs.org/@tybys/wasm-util/-/wasm-util-0.10.1.tgz 0ms (cache hit)
1114 http cache @types/babel__template@https://registry.npmjs.org/@types/babel__template/-/babel__template-7.4.4.tgz 0ms (cache hit)
1115 http cache @types/babel__generator@https://registry.npmjs.org/@types/babel__generator/-/babel__generator-7.27.0.tgz 0ms (cache hit)
1116 http cache @tsconfig/node16@https://registry.npmjs.org/@tsconfig/node16/-/node16-1.0.4.tgz 0ms (cache hit)
1117 http cache @types/babel__core@https://registry.npmjs.org/@types/babel__core/-/babel__core-7.20.5.tgz 0ms (cache hit)
1118 http cache @tsconfig/node12@https://registry.npmjs.org/@tsconfig/node12/-/node12-1.0.11.tgz 0ms (cache hit)
1119 http cache @sinonjs/fake-timers@https://registry.npmjs.org/@sinonjs/fake-timers/-/fake-timers-10.3.0.tgz 0ms (cache hit)
1120 http cache @tsconfig/node14@https://registry.npmjs.org/@tsconfig/node14/-/node14-1.0.3.tgz 0ms (cache hit)
1121 http cache @sinclair/typebox@https://registry.npmjs.org/@sinclair/typebox/-/typebox-0.27.10.tgz 0ms (cache hit)
1122 http cache @tsconfig/node10@https://registry.npmjs.org/@tsconfig/node10/-/node10-1.0.12.tgz 0ms (cache hit)
1123 http cache @sinonjs/commons@https://registry.npmjs.org/@sinonjs/commons/-/commons-3.0.1.tgz 0ms (cache hit)
1124 http cache @sentry-internal/tracing@https://registry.npmjs.org/@sentry-internal/tracing/-/tracing-7.77.0.tgz 0ms (cache hit)
1125 http cache @sentry/utils@https://registry.npmjs.org/@sentry/utils/-/utils-7.77.0.tgz 0ms (cache hit)
1126 http cache @sentry/types@https://registry.npmjs.org/@sentry/types/-/types-7.77.0.tgz 0ms (cache hit)
1127 http cache @sentry/node@https://registry.npmjs.org/@sentry/node/-/node-7.77.0.tgz 0ms (cache hit)
1128 http cache @sideway/pinpoint@https://registry.npmjs.org/@sideway/pinpoint/-/pinpoint-2.0.0.tgz 0ms (cache hit)
1129 http cache @sideway/address@https://registry.npmjs.org/@sideway/address/-/address-4.1.5.tgz 0ms (cache hit)
1130 http cache @segment/loosely-validate-event@https://registry.npmjs.org/@segment/loosely-validate-event/-/loosely-validate-event-2.0.0.tgz 0ms (cache hit)
1131 http cache @rtsao/scc@https://registry.npmjs.org/@rtsao/scc/-/scc-1.1.0.tgz 0ms (cache hit)
1132 http cache @sideway/formula@https://registry.npmjs.org/@sideway/formula/-/formula-3.0.1.tgz 0ms (cache hit)
1133 http cache @sentry/core@https://registry.npmjs.org/@sentry/core/-/core-7.77.0.tgz 0ms (cache hit)
1134 http cache @react-navigation/native-stack@https://registry.npmjs.org/@react-navigation/native-stack/-/native-stack-7.14.10.tgz 0ms (cache hit)
1135 http cache @react-navigation/routers@https://registry.npmjs.org/@react-navigation/routers/-/routers-7.5.3.tgz 0ms (cache hit)
1136 http cache @react-navigation/elements@https://registry.npmjs.org/@react-navigation/elements/-/elements-2.9.14.tgz 0ms (cache hit)
1137 http cache @react-navigation/native@https://registry.npmjs.org/@react-navigation/native/-/native-7.2.2.tgz 0ms (cache hit)
1138 http cache @react-native-google-signin/google-signin@https://registry.npmjs.org/@react-native-google-signin/google-signin/-/google-signin-16.1.2.tgz 0ms (cache hit)
1139 http cache @react-native-community/datetimepicker@https://registry.npmjs.org/@react-native-community/datetimepicker/-/datetimepicker-9.1.0.tgz 0ms (cache hit)
1140 http cache @react-native-async-storage/async-storage@https://registry.npmjs.org/@react-native-async-storage/async-storage/-/async-storage-2.2.0.tgz 0ms (cache hit)
1141 http cache @react-native/normalize-colors@https://registry.npmjs.org/@react-native/normalize-colors/-/normalize-colors-0.81.5.tgz 0ms (cache hit)
1142 http cache @react-navigation/bottom-tabs@https://registry.npmjs.org/@react-navigation/bottom-tabs/-/bottom-tabs-7.15.9.tgz 0ms (cache hit)
1143 http cache @react-native/js-polyfills@https://registry.npmjs.org/@react-native/js-polyfills/-/js-polyfills-0.81.5.tgz 0ms (cache hit)
1144 http cache @react-navigation/core@https://registry.npmjs.org/@react-navigation/core/-/core-7.17.2.tgz 0ms (cache hit)
1145 http cache @react-native/dev-middleware@https://registry.npmjs.org/@react-native/dev-middleware/-/dev-middleware-0.81.5.tgz 0ms (cache hit)
1146 http cache @react-native/community-cli-plugin@https://registry.npmjs.org/@react-native/community-cli-plugin/-/community-cli-plugin-0.81.5.tgz 0ms (cache hit)
1147 http cache @react-native/debugger-frontend@https://registry.npmjs.org/@react-native/debugger-frontend/-/debugger-frontend-0.81.5.tgz 0ms (cache hit)
1148 http cache @react-native/codegen@https://registry.npmjs.org/@react-native/codegen/-/codegen-0.81.5.tgz 1ms (cache hit)
1149 http cache @react-native/babel-preset@https://registry.npmjs.org/@react-native/babel-preset/-/babel-preset-0.81.5.tgz 0ms (cache hit)
1150 http cache @radix-ui/react-use-layout-effect@https://registry.npmjs.org/@radix-ui/react-use-layout-effect/-/react-use-layout-effect-1.1.1.tgz 0ms (cache hit)
1151 http cache @react-native/assets-registry@https://registry.npmjs.org/@react-native/assets-registry/-/assets-registry-0.81.5.tgz 0ms (cache hit)
1152 http cache @react-native/babel-plugin-codegen@https://registry.npmjs.org/@react-native/babel-plugin-codegen/-/babel-plugin-codegen-0.81.5.tgz 0ms (cache hit)
1153 http cache @radix-ui/react-use-effect-event@https://registry.npmjs.org/@radix-ui/react-use-effect-event/-/react-use-effect-event-0.0.2.tgz 0ms (cache hit)
1154 http cache @radix-ui/react-use-escape-keydown@https://registry.npmjs.org/@radix-ui/react-use-escape-keydown/-/react-use-escape-keydown-1.1.1.tgz 0ms (cache hit)
1155 http cache @radix-ui/react-slot@https://registry.npmjs.org/@radix-ui/react-slot/-/react-slot-1.2.0.tgz 0ms (cache hit)
1156 http cache @radix-ui/react-use-controllable-state@https://registry.npmjs.org/@radix-ui/react-use-controllable-state/-/react-use-controllable-state-1.2.2.tgz 0ms (cache hit)
1157 http cache @radix-ui/react-use-callback-ref@https://registry.npmjs.org/@radix-ui/react-use-callback-ref/-/react-use-callback-ref-1.1.1.tgz 0ms (cache hit)
1158 http cache @radix-ui/react-id@https://registry.npmjs.org/@radix-ui/react-id/-/react-id-1.1.1.tgz 0ms (cache hit)
1159 http cache @radix-ui/react-focus-guards@https://registry.npmjs.org/@radix-ui/react-focus-guards/-/react-focus-guards-1.1.3.tgz 0ms (cache hit)
1160 http cache @radix-ui/react-direction@https://registry.npmjs.org/@radix-ui/react-direction/-/react-direction-1.1.1.tgz 0ms (cache hit)
1161 http cache @radix-ui/react-context@https://registry.npmjs.org/@radix-ui/react-context/-/react-context-1.1.2.tgz 0ms (cache hit)
1162 http cache @oclif/plugin-autocomplete@https://registry.npmjs.org/@oclif/plugin-autocomplete/-/plugin-autocomplete-3.2.45.tgz 0ms (cache hit)
1163 http cache @pkgjs/parseargs@https://registry.npmjs.org/@pkgjs/parseargs/-/parseargs-0.11.0.tgz 0ms (cache hit)
1164 http cache @oclif/core@https://registry.npmjs.org/@oclif/core/-/core-4.10.5.tgz 0ms (cache hit)
1165 http cache @nolyfill/is-core-module@https://registry.npmjs.org/@nolyfill/is-core-module/-/is-core-module-1.0.39.tgz 0ms (cache hit)
1166 http cache @radix-ui/react-compose-refs@https://registry.npmjs.org/@radix-ui/react-compose-refs/-/react-compose-refs-1.1.2.tgz 0ms (cache hit)
1167 http cache @nodelib/fs.walk@https://registry.npmjs.org/@nodelib/fs.walk/-/fs.walk-1.2.8.tgz 0ms (cache hit)
1168 http cache @radix-ui/primitive@https://registry.npmjs.org/@radix-ui/primitive/-/primitive-1.1.3.tgz 0ms (cache hit)
1169 http cache @napi-rs/wasm-runtime@https://registry.npmjs.org/@napi-rs/wasm-runtime/-/wasm-runtime-0.2.12.tgz 0ms (cache hit)
1170 http cache @jridgewell/trace-mapping@https://registry.npmjs.org/@jridgewell/trace-mapping/-/trace-mapping-0.3.31.tgz 0ms (cache hit)
1171 http cache @nodelib/fs.stat@https://registry.npmjs.org/@nodelib/fs.stat/-/fs.stat-2.0.5.tgz 0ms (cache hit)
1172 http cache @nodelib/fs.scandir@https://registry.npmjs.org/@nodelib/fs.scandir/-/fs.scandir-2.1.5.tgz 0ms (cache hit)
1173 http cache @jridgewell/sourcemap-codec@https://registry.npmjs.org/@jridgewell/sourcemap-codec/-/sourcemap-codec-1.5.5.tgz 0ms (cache hit)
1174 http cache @jridgewell/resolve-uri@https://registry.npmjs.org/@jridgewell/resolve-uri/-/resolve-uri-3.1.2.tgz 0ms (cache hit)
1175 http cache @jridgewell/source-map@https://registry.npmjs.org/@jridgewell/source-map/-/source-map-0.3.11.tgz 0ms (cache hit)
1176 http cache @jridgewell/remapping@https://registry.npmjs.org/@jridgewell/remapping/-/remapping-2.3.5.tgz 0ms (cache hit)
1177 http cache @jridgewell/gen-mapping@https://registry.npmjs.org/@jridgewell/gen-mapping/-/gen-mapping-0.3.13.tgz 0ms (cache hit)
1178 http cache @jest/transform@https://registry.npmjs.org/@jest/transform/-/transform-29.7.0.tgz 0ms (cache hit)
1179 http cache @jest/types@https://registry.npmjs.org/@jest/types/-/types-29.6.3.tgz 0ms (cache hit)
1180 http cache @jest/schemas@https://registry.npmjs.org/@jest/schemas/-/schemas-29.6.3.tgz 0ms (cache hit)
1181 http cache @jest/fake-timers@https://registry.npmjs.org/@jest/fake-timers/-/fake-timers-29.7.0.tgz 0ms (cache hit)
1182 http cache @jest/environment@https://registry.npmjs.org/@jest/environment/-/environment-29.7.0.tgz 0ms (cache hit)
1183 http cache @istanbuljs/load-nyc-config@https://registry.npmjs.org/@istanbuljs/load-nyc-config/-/load-nyc-config-1.1.0.tgz 0ms (cache hit)
1184 http cache @isaacs/ttlcache@https://registry.npmjs.org/@isaacs/ttlcache/-/ttlcache-1.4.1.tgz 0ms (cache hit)
1185 http cache @jest/create-cache-key-function@https://registry.npmjs.org/@jest/create-cache-key-function/-/create-cache-key-function-29.7.0.tgz 0ms (cache hit)
1186 http cache @istanbuljs/schema@https://registry.npmjs.org/@istanbuljs/schema/-/schema-0.1.3.tgz 0ms (cache hit)
1187 http cache @isaacs/fs-minipass@https://registry.npmjs.org/@isaacs/fs-minipass/-/fs-minipass-4.0.1.tgz 0ms (cache hit)
1188 http cache @isaacs/cliui@https://registry.npmjs.org/@isaacs/cliui/-/cliui-8.0.2.tgz 0ms (cache hit)
1189 http cache @humanfs/core@https://registry.npmjs.org/@humanfs/core/-/core-0.19.1.tgz 0ms (cache hit)
1190 http cache @humanfs/node@https://registry.npmjs.org/@humanfs/node/-/node-0.16.7.tgz 0ms (cache hit)
1191 http cache @humanwhocodes/retry@https://registry.npmjs.org/@humanwhocodes/retry/-/retry-0.4.3.tgz 0ms (cache hit)
1192 http cache @hapi/topo@https://registry.npmjs.org/@hapi/topo/-/topo-5.1.0.tgz 0ms (cache hit)
1193 http cache @humanwhocodes/module-importer@https://registry.npmjs.org/@humanwhocodes/module-importer/-/module-importer-1.0.1.tgz 0ms (cache hit)
1194 http cache @hapi/hoek@https://registry.npmjs.org/@hapi/hoek/-/hoek-9.3.0.tgz 0ms (cache hit)
1195 http cache @expo/xcpretty@https://registry.npmjs.org/@expo/xcpretty/-/xcpretty-4.4.1.tgz 0ms (cache hit)
1196 http cache @expo/ws-tunnel@https://registry.npmjs.org/@expo/ws-tunnel/-/ws-tunnel-1.0.6.tgz 0ms (cache hit)
1197 http cache @expo/vector-icons@https://registry.npmjs.org/@expo/vector-icons/-/vector-icons-15.1.1.tgz 0ms (cache hit)
1198 http cache @expo/sudo-prompt@https://registry.npmjs.org/@expo/sudo-prompt/-/sudo-prompt-9.3.2.tgz 0ms (cache hit)
1199 http cache @expo/timeago.js@https://registry.npmjs.org/@expo/timeago.js/-/timeago.js-1.0.0.tgz 0ms (cache hit)
1200 http cache @expo/spawn-async@https://registry.npmjs.org/@expo/spawn-async/-/spawn-async-1.7.2.tgz 0ms (cache hit)
1201 http cache @expo/steps@https://registry.npmjs.org/@expo/steps/-/steps-18.5.0.tgz 0ms (cache hit)
1202 http cache @expo/sdk-runtime-versions@https://registry.npmjs.org/@expo/sdk-runtime-versions/-/sdk-runtime-versions-1.0.0.tgz 0ms (cache hit)
1203 http cache @expo/schema-utils@https://registry.npmjs.org/@expo/schema-utils/-/schema-utils-0.1.8.tgz 0ms (cache hit)
1204 http cache @expo/rudder-sdk-node@https://registry.npmjs.org/@expo/rudder-sdk-node/-/rudder-sdk-node-1.1.1.tgz 0ms (cache hit)
1205 http cache @expo/require-utils@https://registry.npmjs.org/@expo/require-utils/-/require-utils-55.0.3.tgz 0ms (cache hit)
1206 http cache @expo/results@https://registry.npmjs.org/@expo/results/-/results-1.0.0.tgz 0ms (cache hit)
1207 http cache @expo/prebuild-config@https://registry.npmjs.org/@expo/prebuild-config/-/prebuild-config-54.0.8.tgz 0ms (cache hit)
1208 http cache @expo/plugin-warn-if-update-available@https://registry.npmjs.org/@expo/plugin-warn-if-update-available/-/plugin-warn-if-update-available-2.5.1.tgz 0ms (cache hit)
1209 http cache @expo/plist@https://registry.npmjs.org/@expo/plist/-/plist-0.4.8.tgz 0ms (cache hit)
1210 http cache @expo/plugin-help@https://registry.npmjs.org/@expo/plugin-help/-/plugin-help-5.1.23.tgz 0ms (cache hit)
1211 http cache @expo/pkcs12@https://registry.npmjs.org/@expo/pkcs12/-/pkcs12-0.1.3.tgz 0ms (cache hit)
1212 http cache @expo/package-manager@https://registry.npmjs.org/@expo/package-manager/-/package-manager-1.10.3.tgz 0ms (cache hit)
1213 http cache @expo/osascript@https://registry.npmjs.org/@expo/osascript/-/osascript-2.4.2.tgz 0ms (cache hit)
1214 http cache @expo/metro-config@https://registry.npmjs.org/@expo/metro-config/-/metro-config-54.0.14.tgz 0ms (cache hit)
1215 http cache @expo/metro-runtime@https://registry.npmjs.org/@expo/metro-runtime/-/metro-runtime-6.1.2.tgz 0ms (cache hit)
1216 http cache @expo/metro@https://registry.npmjs.org/@expo/metro/-/metro-54.2.0.tgz 0ms (cache hit)
1217 http cache @expo/logger@https://registry.npmjs.org/@expo/logger/-/logger-18.5.0.tgz 0ms (cache hit)
1218 http cache @expo/image-utils@https://registry.npmjs.org/@expo/image-utils/-/image-utils-0.8.12.tgz 0ms (cache hit)
1219 http cache @expo/multipart-body-parser@https://registry.npmjs.org/@expo/multipart-body-parser/-/multipart-body-parser-2.0.0.tgz 0ms (cache hit)
1220 http cache @expo/json-file@https://registry.npmjs.org/@expo/json-file/-/json-file-10.0.13.tgz 0ms (cache hit)
1221 http cache @expo/fingerprint@https://registry.npmjs.org/@expo/fingerprint/-/fingerprint-0.15.4.tgz 0ms (cache hit)
1222 http cache @expo/env@https://registry.npmjs.org/@expo/env/-/env-2.0.11.tgz 0ms (cache hit)
1223 http cache @expo/eas-build-job@https://registry.npmjs.org/@expo/eas-build-job/-/eas-build-job-18.5.0.tgz 0ms (cache hit)
1224 http cache @expo/eas-json@https://registry.npmjs.org/@expo/eas-json/-/eas-json-18.5.0.tgz 0ms (cache hit)
1225 http cache @expo/devtools@https://registry.npmjs.org/@expo/devtools/-/devtools-0.1.8.tgz 0ms (cache hit)
1226 http cache @expo/devcert@https://registry.npmjs.org/@expo/devcert/-/devcert-1.2.1.tgz 0ms (cache hit)
1227 http cache @expo/config-types@https://registry.npmjs.org/@expo/config-types/-/config-types-54.0.10.tgz 0ms (cache hit)
1228 http cache @expo/config@https://registry.npmjs.org/@expo/config/-/config-12.0.13.tgz 0ms (cache hit)
1229 http cache @expo/config-plugins@https://registry.npmjs.org/@expo/config-plugins/-/config-plugins-54.0.4.tgz 0ms (cache hit)
1230 http cache @eslint-community/regexpp@https://registry.npmjs.org/@eslint-community/regexpp/-/regexpp-4.12.2.tgz 0ms (cache hit)
1231 http cache @expo/code-signing-certificates@https://registry.npmjs.org/@expo/code-signing-certificates/-/code-signing-certificates-0.0.6.tgz 0ms (cache hit)
1232 http cache @expo/bunyan@https://registry.npmjs.org/@expo/bunyan/-/bunyan-4.0.1.tgz 0ms (cache hit)
1233 http cache @expo/apple-utils@https://registry.npmjs.org/@expo/apple-utils/-/apple-utils-2.1.16.tgz 0ms (cache hit)
1234 http cache @eslint-community/eslint-utils@https://registry.npmjs.org/@eslint-community/eslint-utils/-/eslint-utils-4.9.1.tgz 0ms (cache hit)
1235 http cache @eslint/object-schema@https://registry.npmjs.org/@eslint/object-schema/-/object-schema-2.1.7.tgz 0ms (cache hit)
1236 http cache @eslint/plugin-kit@https://registry.npmjs.org/@eslint/plugin-kit/-/plugin-kit-0.4.1.tgz 0ms (cache hit)
1237 http cache @eslint/js@https://registry.npmjs.org/@eslint/js/-/js-9.39.4.tgz 0ms (cache hit)
1238 http cache @eslint/eslintrc@https://registry.npmjs.org/@eslint/eslintrc/-/eslintrc-3.3.5.tgz 0ms (cache hit)
1239 http cache @eslint/core@https://registry.npmjs.org/@eslint/core/-/core-0.17.0.tgz 0ms (cache hit)
1240 http cache @emnapi/wasi-threads@https://registry.npmjs.org/@emnapi/wasi-threads/-/wasi-threads-1.2.1.tgz 0ms (cache hit)
1241 http cache @eslint/config-helpers@https://registry.npmjs.org/@eslint/config-helpers/-/config-helpers-0.4.2.tgz 0ms (cache hit)
1242 http cache @eslint/config-array@https://registry.npmjs.org/@eslint/config-array/-/config-array-0.21.2.tgz 0ms (cache hit)
1243 http cache @egjs/hammerjs@https://registry.npmjs.org/@egjs/hammerjs/-/hammerjs-2.0.17.tgz 0ms (cache hit)
1244 http cache @cspotcode/source-map-support@https://registry.npmjs.org/@cspotcode/source-map-support/-/source-map-support-0.8.1.tgz 0ms (cache hit)
1245 http cache @emnapi/runtime@https://registry.npmjs.org/@emnapi/runtime/-/runtime-1.9.2.tgz 0ms (cache hit)
1246 http cache @emnapi/core@https://registry.npmjs.org/@emnapi/core/-/core-1.9.2.tgz 0ms (cache hit)
1247 http cache @babel/types@https://registry.npmjs.org/@babel/types/-/types-7.29.0.tgz 0ms (cache hit)
1248 http cache @babel/traverse--for-generate-function-map@https://registry.npmjs.org/@babel/traverse/-/traverse-7.29.0.tgz 0ms (cache hit)
1249 http cache @babel/template@https://registry.npmjs.org/@babel/template/-/template-7.28.6.tgz 0ms (cache hit)
1250 http cache @babel/traverse@https://registry.npmjs.org/@babel/traverse/-/traverse-7.29.0.tgz 0ms (cache hit)
1251 http cache @babel/runtime@https://registry.npmjs.org/@babel/runtime/-/runtime-7.29.2.tgz 0ms (cache hit)
1252 http cache @babel/preset-typescript@https://registry.npmjs.org/@babel/preset-typescript/-/preset-typescript-7.28.5.tgz 0ms (cache hit)
1253 http cache @babel/preset-react@https://registry.npmjs.org/@babel/preset-react/-/preset-react-7.28.5.tgz 0ms (cache hit)
1254 http cache @babel/plugin-transform-unicode-regex@https://registry.npmjs.org/@babel/plugin-transform-unicode-regex/-/plugin-transform-unicode-regex-7.27.1.tgz 0ms (cache hit)
1255 http cache @babel/plugin-transform-typescript@https://registry.npmjs.org/@babel/plugin-transform-typescript/-/plugin-transform-typescript-7.28.6.tgz 0ms (cache hit)
1256 http cache @babel/plugin-transform-template-literals@https://registry.npmjs.org/@babel/plugin-transform-template-literals/-/plugin-transform-template-literals-7.27.1.tgz 0ms (cache hit)
1257 http cache @babel/plugin-transform-sticky-regex@https://registry.npmjs.org/@babel/plugin-transform-sticky-regex/-/plugin-transform-sticky-regex-7.27.1.tgz 0ms (cache hit)
1258 http cache @babel/plugin-transform-spread@https://registry.npmjs.org/@babel/plugin-transform-spread/-/plugin-transform-spread-7.28.6.tgz 0ms (cache hit)
1259 http cache @babel/plugin-transform-shorthand-properties@https://registry.npmjs.org/@babel/plugin-transform-shorthand-properties/-/plugin-transform-shorthand-properties-7.27.1.tgz 0ms (cache hit)
1260 http cache @babel/plugin-transform-runtime@https://registry.npmjs.org/@babel/plugin-transform-runtime/-/plugin-transform-runtime-7.29.0.tgz 0ms (cache hit)
1261 http cache @babel/plugin-transform-react-pure-annotations@https://registry.npmjs.org/@babel/plugin-transform-react-pure-annotations/-/plugin-transform-react-pure-annotations-7.27.1.tgz 0ms (cache hit)
1262 http cache @babel/plugin-transform-regenerator@https://registry.npmjs.org/@babel/plugin-transform-regenerator/-/plugin-transform-regenerator-7.29.0.tgz 0ms (cache hit)
1263 http cache @babel/plugin-transform-react-jsx-source@https://registry.npmjs.org/@babel/plugin-transform-react-jsx-source/-/plugin-transform-react-jsx-source-7.27.1.tgz 0ms (cache hit)
1264 http cache @babel/plugin-transform-react-jsx-self@https://registry.npmjs.org/@babel/plugin-transform-react-jsx-self/-/plugin-transform-react-jsx-self-7.27.1.tgz 0ms (cache hit)
1265 http cache @babel/plugin-transform-react-jsx@https://registry.npmjs.org/@babel/plugin-transform-react-jsx/-/plugin-transform-react-jsx-7.28.6.tgz 2ms (cache hit)
1266 http cache @babel/plugin-transform-react-jsx-development@https://registry.npmjs.org/@babel/plugin-transform-react-jsx-development/-/plugin-transform-react-jsx-development-7.27.1.tgz 0ms (cache hit)
1267 http cache @babel/plugin-transform-react-display-name@https://registry.npmjs.org/@babel/plugin-transform-react-display-name/-/plugin-transform-react-display-name-7.28.0.tgz 0ms (cache hit)
1268 http cache @babel/plugin-transform-parameters@https://registry.npmjs.org/@babel/plugin-transform-parameters/-/plugin-transform-parameters-7.27.7.tgz 0ms (cache hit)
1269 http cache @babel/plugin-transform-private-property-in-object@https://registry.npmjs.org/@babel/plugin-transform-private-property-in-object/-/plugin-transform-private-property-in-object-7.28.6.tgz 0ms (cache hit)
1270 http cache @babel/plugin-transform-private-methods@https://registry.npmjs.org/@babel/plugin-transform-private-methods/-/plugin-transform-private-methods-7.28.6.tgz 0ms (cache hit)
1271 http cache @babel/plugin-transform-optional-chaining@https://registry.npmjs.org/@babel/plugin-transform-optional-chaining/-/plugin-transform-optional-chaining-7.28.6.tgz 0ms (cache hit)
1272 http cache @babel/plugin-transform-optional-catch-binding@https://registry.npmjs.org/@babel/plugin-transform-optional-catch-binding/-/plugin-transform-optional-catch-binding-7.28.6.tgz 0ms (cache hit)
1273 http cache @babel/plugin-transform-object-rest-spread@https://registry.npmjs.org/@babel/plugin-transform-object-rest-spread/-/plugin-transform-object-rest-spread-7.28.6.tgz 0ms (cache hit)
1274 http cache @babel/plugin-transform-numeric-separator@https://registry.npmjs.org/@babel/plugin-transform-numeric-separator/-/plugin-transform-numeric-separator-7.28.6.tgz 0ms (cache hit)
1275 http cache @babel/plugin-transform-nullish-coalescing-operator@https://registry.npmjs.org/@babel/plugin-transform-nullish-coalescing-operator/-/plugin-transform-nullish-coalescing-operator-7.28.6.tgz 0ms (cache hit)
1276 http cache @babel/plugin-transform-named-capturing-groups-regex@https://registry.npmjs.org/@babel/plugin-transform-named-capturing-groups-regex/-/plugin-transform-named-capturing-groups-regex-7.29.0.tgz 0ms (cache hit)
1277 http cache @babel/plugin-transform-modules-commonjs@https://registry.npmjs.org/@babel/plugin-transform-modules-commonjs/-/plugin-transform-modules-commonjs-7.28.6.tgz 0ms (cache hit)
1278 http cache @babel/plugin-transform-logical-assignment-operators@https://registry.npmjs.org/@babel/plugin-transform-logical-assignment-operators/-/plugin-transform-logical-assignment-operators-7.28.6.tgz 0ms (cache hit)
1279 http cache @babel/plugin-transform-literals@https://registry.npmjs.org/@babel/plugin-transform-literals/-/plugin-transform-literals-7.27.1.tgz 0ms (cache hit)
1280 http cache @babel/plugin-transform-function-name@https://registry.npmjs.org/@babel/plugin-transform-function-name/-/plugin-transform-function-name-7.27.1.tgz 0ms (cache hit)
1281 http cache @babel/plugin-transform-for-of@https://registry.npmjs.org/@babel/plugin-transform-for-of/-/plugin-transform-for-of-7.27.1.tgz 0ms (cache hit)
1282 http cache @babel/plugin-transform-flow-strip-types@https://registry.npmjs.org/@babel/plugin-transform-flow-strip-types/-/plugin-transform-flow-strip-types-7.27.1.tgz 0ms (cache hit)
1283 http cache @babel/plugin-transform-export-namespace-from@https://registry.npmjs.org/@babel/plugin-transform-export-namespace-from/-/plugin-transform-export-namespace-from-7.27.1.tgz 0ms (cache hit)
1284 http cache @babel/plugin-transform-destructuring@https://registry.npmjs.org/@babel/plugin-transform-destructuring/-/plugin-transform-destructuring-7.28.5.tgz 0ms (cache hit)
1285 http cache @babel/plugin-transform-classes@https://registry.npmjs.org/@babel/plugin-transform-classes/-/plugin-transform-classes-7.28.6.tgz 0ms (cache hit)
1286 http cache @babel/plugin-transform-computed-properties@https://registry.npmjs.org/@babel/plugin-transform-computed-properties/-/plugin-transform-computed-properties-7.28.6.tgz 0ms (cache hit)
1287 http cache @babel/plugin-transform-class-static-block@https://registry.npmjs.org/@babel/plugin-transform-class-static-block/-/plugin-transform-class-static-block-7.28.6.tgz 0ms (cache hit)
1288 http cache @babel/plugin-transform-block-scoping@https://registry.npmjs.org/@babel/plugin-transform-block-scoping/-/plugin-transform-block-scoping-7.28.6.tgz 0ms (cache hit)
1289 http cache @babel/plugin-transform-class-properties@https://registry.npmjs.org/@babel/plugin-transform-class-properties/-/plugin-transform-class-properties-7.28.6.tgz 0ms (cache hit)
1290 http cache @babel/plugin-transform-async-to-generator@https://registry.npmjs.org/@babel/plugin-transform-async-to-generator/-/plugin-transform-async-to-generator-7.28.6.tgz 0ms (cache hit)
1291 http cache @babel/plugin-transform-async-generator-functions@https://registry.npmjs.org/@babel/plugin-transform-async-generator-functions/-/plugin-transform-async-generator-functions-7.29.0.tgz 0ms (cache hit)
1292 http cache @babel/plugin-transform-arrow-functions@https://registry.npmjs.org/@babel/plugin-transform-arrow-functions/-/plugin-transform-arrow-functions-7.27.1.tgz 0ms (cache hit)
1293 http cache @babel/plugin-syntax-top-level-await@https://registry.npmjs.org/@babel/plugin-syntax-top-level-await/-/plugin-syntax-top-level-await-7.14.5.tgz 0ms (cache hit)
1294 http cache @babel/plugin-syntax-typescript@https://registry.npmjs.org/@babel/plugin-syntax-typescript/-/plugin-syntax-typescript-7.28.6.tgz 0ms (cache hit)
1295 http cache @babel/plugin-syntax-private-property-in-object@https://registry.npmjs.org/@babel/plugin-syntax-private-property-in-object/-/plugin-syntax-private-property-in-object-7.14.5.tgz 0ms (cache hit)
1296 http cache @babel/plugin-syntax-optional-catch-binding@https://registry.npmjs.org/@babel/plugin-syntax-optional-catch-binding/-/plugin-syntax-optional-catch-binding-7.8.3.tgz 0ms (cache hit)
1297 http cache @babel/plugin-syntax-optional-chaining@https://registry.npmjs.org/@babel/plugin-syntax-optional-chaining/-/plugin-syntax-optional-chaining-7.8.3.tgz 0ms (cache hit)
1298 http cache @babel/plugin-syntax-object-rest-spread@https://registry.npmjs.org/@babel/plugin-syntax-object-rest-spread/-/plugin-syntax-object-rest-spread-7.8.3.tgz 0ms (cache hit)
1299 http cache @babel/plugin-syntax-numeric-separator@https://registry.npmjs.org/@babel/plugin-syntax-numeric-separator/-/plugin-syntax-numeric-separator-7.10.4.tgz 0ms (cache hit)
1300 http cache @babel/plugin-syntax-nullish-coalescing-operator@https://registry.npmjs.org/@babel/plugin-syntax-nullish-coalescing-operator/-/plugin-syntax-nullish-coalescing-operator-7.8.3.tgz 0ms (cache hit)
1301 http cache @babel/plugin-syntax-logical-assignment-operators@https://registry.npmjs.org/@babel/plugin-syntax-logical-assignment-operators/-/plugin-syntax-logical-assignment-operators-7.10.4.tgz 0ms (cache hit)
1302 http cache @babel/plugin-syntax-jsx@https://registry.npmjs.org/@babel/plugin-syntax-jsx/-/plugin-syntax-jsx-7.28.6.tgz 0ms (cache hit)
1303 http cache @babel/plugin-syntax-json-strings@https://registry.npmjs.org/@babel/plugin-syntax-json-strings/-/plugin-syntax-json-strings-7.8.3.tgz 0ms (cache hit)
1304 http cache @babel/plugin-syntax-import-meta@https://registry.npmjs.org/@babel/plugin-syntax-import-meta/-/plugin-syntax-import-meta-7.10.4.tgz 0ms (cache hit)
1305 http cache @babel/plugin-syntax-import-attributes@https://registry.npmjs.org/@babel/plugin-syntax-import-attributes/-/plugin-syntax-import-attributes-7.28.6.tgz 0ms (cache hit)
1306 http cache @babel/plugin-syntax-flow@https://registry.npmjs.org/@babel/plugin-syntax-flow/-/plugin-syntax-flow-7.28.6.tgz 0ms (cache hit)
1307 http cache @babel/plugin-syntax-export-default-from@https://registry.npmjs.org/@babel/plugin-syntax-export-default-from/-/plugin-syntax-export-default-from-7.28.6.tgz 0ms (cache hit)
1308 http cache @babel/plugin-syntax-dynamic-import@https://registry.npmjs.org/@babel/plugin-syntax-dynamic-import/-/plugin-syntax-dynamic-import-7.8.3.tgz 0ms (cache hit)
1309 http cache @babel/plugin-syntax-decorators@https://registry.npmjs.org/@babel/plugin-syntax-decorators/-/plugin-syntax-decorators-7.28.6.tgz 0ms (cache hit)
1310 http cache @babel/plugin-syntax-class-static-block@https://registry.npmjs.org/@babel/plugin-syntax-class-static-block/-/plugin-syntax-class-static-block-7.14.5.tgz 0ms (cache hit)
1311 http cache @babel/plugin-syntax-class-properties@https://registry.npmjs.org/@babel/plugin-syntax-class-properties/-/plugin-syntax-class-properties-7.12.13.tgz 0ms (cache hit)
1312 http cache @babel/plugin-syntax-bigint@https://registry.npmjs.org/@babel/plugin-syntax-bigint/-/plugin-syntax-bigint-7.8.3.tgz 0ms (cache hit)
1313 http cache @babel/plugin-proposal-export-default-from@https://registry.npmjs.org/@babel/plugin-proposal-export-default-from/-/plugin-proposal-export-default-from-7.27.1.tgz 0ms (cache hit)
1314 http cache @babel/plugin-syntax-async-generators@https://registry.npmjs.org/@babel/plugin-syntax-async-generators/-/plugin-syntax-async-generators-7.8.4.tgz 0ms (cache hit)
1315 http cache @babel/plugin-proposal-decorators@https://registry.npmjs.org/@babel/plugin-proposal-decorators/-/plugin-proposal-decorators-7.29.0.tgz 0ms (cache hit)
1316 http cache @babel/parser@https://registry.npmjs.org/@babel/parser/-/parser-7.29.2.tgz 0ms (cache hit)
1317 http cache @babel/highlight@https://registry.npmjs.org/@babel/highlight/-/highlight-7.25.9.tgz 0ms (cache hit)
1318 http cache @babel/helpers@https://registry.npmjs.org/@babel/helpers/-/helpers-7.29.2.tgz 0ms (cache hit)
1319 http cache @babel/helper-wrap-function@https://registry.npmjs.org/@babel/helper-wrap-function/-/helper-wrap-function-7.28.6.tgz 0ms (cache hit)
1320 http cache @babel/helper-validator-option@https://registry.npmjs.org/@babel/helper-validator-option/-/helper-validator-option-7.27.1.tgz 0ms (cache hit)
1321 http cache @babel/helper-string-parser@https://registry.npmjs.org/@babel/helper-string-parser/-/helper-string-parser-7.27.1.tgz 0ms (cache hit)
1322 http cache @babel/helper-validator-identifier@https://registry.npmjs.org/@babel/helper-validator-identifier/-/helper-validator-identifier-7.28.5.tgz 0ms (cache hit)
1323 http cache @babel/helper-skip-transparent-expression-wrappers@https://registry.npmjs.org/@babel/helper-skip-transparent-expression-wrappers/-/helper-skip-transparent-expression-wrappers-7.27.1.tgz 0ms (cache hit)
1324 http cache @babel/helper-replace-supers@https://registry.npmjs.org/@babel/helper-replace-supers/-/helper-replace-supers-7.28.6.tgz 0ms (cache hit)
1325 http cache @babel/helper-remap-async-to-generator@https://registry.npmjs.org/@babel/helper-remap-async-to-generator/-/helper-remap-async-to-generator-7.27.1.tgz 0ms (cache hit)
1326 http cache @babel/helper-plugin-utils@https://registry.npmjs.org/@babel/helper-plugin-utils/-/helper-plugin-utils-7.28.6.tgz 0ms (cache hit)
1327 http cache @babel/helper-optimise-call-expression@https://registry.npmjs.org/@babel/helper-optimise-call-expression/-/helper-optimise-call-expression-7.27.1.tgz 0ms (cache hit)
1328 http cache @babel/helper-module-imports@https://registry.npmjs.org/@babel/helper-module-imports/-/helper-module-imports-7.28.6.tgz 0ms (cache hit)
1329 http cache @babel/helper-module-transforms@https://registry.npmjs.org/@babel/helper-module-transforms/-/helper-module-transforms-7.28.6.tgz 0ms (cache hit)
1330 http cache @babel/helper-globals@https://registry.npmjs.org/@babel/helper-globals/-/helper-globals-7.28.0.tgz 0ms (cache hit)
1331 http cache @babel/helper-define-polyfill-provider@https://registry.npmjs.org/@babel/helper-define-polyfill-provider/-/helper-define-polyfill-provider-0.6.8.tgz 0ms (cache hit)
1332 http cache @babel/helper-create-regexp-features-plugin@https://registry.npmjs.org/@babel/helper-create-regexp-features-plugin/-/helper-create-regexp-features-plugin-7.28.5.tgz 0ms (cache hit)
1333 http cache @babel/helper-create-class-features-plugin@https://registry.npmjs.org/@babel/helper-create-class-features-plugin/-/helper-create-class-features-plugin-7.28.6.tgz 0ms (cache hit)
1334 http cache @babel/helper-member-expression-to-functions@https://registry.npmjs.org/@babel/helper-member-expression-to-functions/-/helper-member-expression-to-functions-7.28.5.tgz 0ms (cache hit)
1335 http cache @babel/helper-annotate-as-pure@https://registry.npmjs.org/@babel/helper-annotate-as-pure/-/helper-annotate-as-pure-7.27.3.tgz 0ms (cache hit)
1336 http cache @babel/helper-compilation-targets@https://registry.npmjs.org/@babel/helper-compilation-targets/-/helper-compilation-targets-7.28.6.tgz 0ms (cache hit)
1337 http cache @babel/generator@https://registry.npmjs.org/@babel/generator/-/generator-7.29.1.tgz 0ms (cache hit)
1338 http cache @0no-co/graphql.web@https://registry.npmjs.org/@0no-co/graphql.web/-/graphql.web-1.2.0.tgz 0ms (cache hit)
1339 http cache zod@https://registry.npmjs.org/zod/-/zod-4.3.6.tgz 0ms (cache hit)
1340 http cache yocto-queue@https://registry.npmjs.org/yocto-queue/-/yocto-queue-0.1.0.tgz 0ms (cache hit)
1341 http cache yn@https://registry.npmjs.org/yn/-/yn-3.1.1.tgz 0ms (cache hit)
1342 http cache @babel/compat-data@https://registry.npmjs.org/@babel/compat-data/-/compat-data-7.29.0.tgz 0ms (cache hit)
1343 http cache @babel/core@https://registry.npmjs.org/@babel/core/-/core-7.29.0.tgz 0ms (cache hit)
1344 http cache @babel/code-frame@https://registry.npmjs.org/@babel/code-frame/-/code-frame-7.29.0.tgz 0ms (cache hit)
1345 http cache yargs-parser@https://registry.npmjs.org/yargs-parser/-/yargs-parser-21.1.1.tgz 0ms (cache hit)
1346 http cache yargs@https://registry.npmjs.org/yargs/-/yargs-17.7.2.tgz 0ms (cache hit)
1347 http cache yaml@https://registry.npmjs.org/yaml/-/yaml-2.8.3.tgz 0ms (cache hit)
1348 http cache yallist@https://registry.npmjs.org/yallist/-/yallist-3.1.1.tgz 0ms (cache hit)
1349 http cache y18n@https://registry.npmjs.org/y18n/-/y18n-5.0.8.tgz 0ms (cache hit)
1350 http cache xml2js@https://registry.npmjs.org/xml2js/-/xml2js-0.6.0.tgz 0ms (cache hit)
1351 http cache ws@https://registry.npmjs.org/ws/-/ws-7.5.10.tgz 0ms (cache hit)
1352 http cache xmlbuilder@https://registry.npmjs.org/xmlbuilder/-/xmlbuilder-15.1.1.tgz 0ms (cache hit)
1353 http cache xcode@https://registry.npmjs.org/xcode/-/xcode-3.0.1.tgz 0ms (cache hit)
1354 http cache write-file-atomic@https://registry.npmjs.org/write-file-atomic/-/write-file-atomic-4.0.2.tgz 0ms (cache hit)
1355 http cache wrap-ansi-cjs@https://registry.npmjs.org/wrap-ansi/-/wrap-ansi-7.0.0.tgz 0ms (cache hit)
1356 http cache wrappy@https://registry.npmjs.org/wrappy/-/wrappy-1.0.2.tgz 0ms (cache hit)
1357 http cache wrap-ansi@https://registry.npmjs.org/wrap-ansi/-/wrap-ansi-7.0.0.tgz 0ms (cache hit)
1358 http cache wordwrap@https://registry.npmjs.org/wordwrap/-/wordwrap-1.0.0.tgz 0ms (cache hit)
1359 http cache word-wrap@https://registry.npmjs.org/word-wrap/-/word-wrap-1.2.5.tgz 0ms (cache hit)
1360 http cache wonka@https://registry.npmjs.org/wonka/-/wonka-6.3.6.tgz 0ms (cache hit)
1361 http cache widest-line@https://registry.npmjs.org/widest-line/-/widest-line-3.1.0.tgz 0ms (cache hit)
1362 http cache which-typed-array@https://registry.npmjs.org/which-typed-array/-/which-typed-array-1.1.20.tgz 0ms (cache hit)
1363 http cache which-module@https://registry.npmjs.org/which-module/-/which-module-2.0.1.tgz 0ms (cache hit)
1364 http cache which-collection@https://registry.npmjs.org/which-collection/-/which-collection-1.0.2.tgz 0ms (cache hit)
1365 http cache which-builtin-type@https://registry.npmjs.org/which-builtin-type/-/which-builtin-type-1.2.1.tgz 0ms (cache hit)
1366 http cache which-boxed-primitive@https://registry.npmjs.org/which-boxed-primitive/-/which-boxed-primitive-1.1.1.tgz 0ms (cache hit)
1367 http cache which@https://registry.npmjs.org/which/-/which-2.0.2.tgz 0ms (cache hit)
1368 http cache whatwg-url-without-unicode@https://registry.npmjs.org/whatwg-url-without-unicode/-/whatwg-url-without-unicode-8.0.0-3.tgz 0ms (cache hit)
1369 http cache whatwg-fetch@https://registry.npmjs.org/whatwg-fetch/-/whatwg-fetch-3.6.20.tgz 0ms (cache hit)
1370 http cache webidl-conversions@https://registry.npmjs.org/webidl-conversions/-/webidl-conversions-3.0.1.tgz 0ms (cache hit)
1371 http cache whatwg-url@https://registry.npmjs.org/whatwg-url/-/whatwg-url-5.0.0.tgz 0ms (cache hit)
1372 http cache wcwidth@https://registry.npmjs.org/wcwidth/-/wcwidth-1.0.1.tgz 0ms (cache hit)
1373 http cache warn-once@https://registry.npmjs.org/warn-once/-/warn-once-0.1.1.tgz 0ms (cache hit)
1374 http cache walker@https://registry.npmjs.org/walker/-/walker-1.0.8.tgz 0ms (cache hit)
1375 http cache vlq@https://registry.npmjs.org/vlq/-/vlq-1.0.1.tgz 0ms (cache hit)
1376 http cache vaul@https://registry.npmjs.org/vaul/-/vaul-1.1.2.tgz 1ms (cache hit)
1377 http cache vary@https://registry.npmjs.org/vary/-/vary-1.1.2.tgz 0ms (cache hit)
1378 http cache v8-compile-cache-lib@https://registry.npmjs.org/v8-compile-cache-lib/-/v8-compile-cache-lib-3.0.1.tgz 0ms (cache hit)
1379 http cache validate-npm-package-name@https://registry.npmjs.org/validate-npm-package-name/-/validate-npm-package-name-5.0.1.tgz 0ms (cache hit)
1380 http cache uuid@https://registry.npmjs.org/uuid/-/uuid-7.0.3.tgz 0ms (cache hit)
1381 http cache use-sync-external-store@https://registry.npmjs.org/use-sync-external-store/-/use-sync-external-store-1.6.0.tgz 0ms (cache hit)
1382 http cache utils-merge@https://registry.npmjs.org/utils-merge/-/utils-merge-1.0.1.tgz 0ms (cache hit)
1383 http cache use-latest-callback@https://registry.npmjs.org/use-latest-callback/-/use-latest-callback-0.2.6.tgz 0ms (cache hit)
1384 http cache use-sidecar@https://registry.npmjs.org/use-sidecar/-/use-sidecar-1.1.3.tgz 0ms (cache hit)
1385 http cache use-callback-ref@https://registry.npmjs.org/use-callback-ref/-/use-callback-ref-1.3.3.tgz 0ms (cache hit)
1386 http cache update-browserslist-db@https://registry.npmjs.org/update-browserslist-db/-/update-browserslist-db-1.2.3.tgz 0ms (cache hit)
1387 http cache uri-js@https://registry.npmjs.org/uri-js/-/uri-js-4.4.1.tgz 0ms (cache hit)
1388 http cache untildify@https://registry.npmjs.org/untildify/-/untildify-4.0.0.tgz 0ms (cache hit)
1389 http cache universalify@https://registry.npmjs.org/universalify/-/universalify-2.0.1.tgz 0ms (cache hit)
1390 http cache unrs-resolver@https://registry.npmjs.org/unrs-resolver/-/unrs-resolver-1.11.1.tgz 0ms (cache hit)
1391 http cache unique-string@https://registry.npmjs.org/unique-string/-/unique-string-2.0.0.tgz 0ms (cache hit)
1392 http cache unpipe@https://registry.npmjs.org/unpipe/-/unpipe-1.0.0.tgz 0ms (cache hit)
1393 http cache unicode-property-aliases-ecmascript@https://registry.npmjs.org/unicode-property-aliases-ecmascript/-/unicode-property-aliases-ecmascript-2.2.0.tgz 0ms (cache hit)
1394 http cache unicode-match-property-value-ecmascript@https://registry.npmjs.org/unicode-match-property-value-ecmascript/-/unicode-match-property-value-ecmascript-2.2.1.tgz 0ms (cache hit)
1395 http cache unicode-canonical-property-names-ecmascript@https://registry.npmjs.org/unicode-canonical-property-names-ecmascript/-/unicode-canonical-property-names-ecmascript-2.0.1.tgz 0ms (cache hit)
1396 http cache unicode-match-property-ecmascript@https://registry.npmjs.org/unicode-match-property-ecmascript/-/unicode-match-property-ecmascript-2.0.0.tgz 0ms (cache hit)
1397 http cache undici-types@https://registry.npmjs.org/undici-types/-/undici-types-7.18.2.tgz 0ms (cache hit)
1398 http cache undici@https://registry.npmjs.org/undici/-/undici-6.24.1.tgz 0ms (cache hit)
1399 http cache unbox-primitive@https://registry.npmjs.org/unbox-primitive/-/unbox-primitive-1.1.0.tgz 0ms (cache hit)
1400 http cache ua-parser-js@https://registry.npmjs.org/ua-parser-js/-/ua-parser-js-1.0.41.tgz 0ms (cache hit)
1401 http cache typescript@https://registry.npmjs.org/typescript/-/typescript-5.9.3.tgz 0ms (cache hit)
1402 http cache typed-array-length@https://registry.npmjs.org/typed-array-length/-/typed-array-length-1.0.7.tgz 0ms (cache hit)
1403 http cache typed-array-byte-offset@https://registry.npmjs.org/typed-array-byte-offset/-/typed-array-byte-offset-1.0.4.tgz 0ms (cache hit)
1404 http cache typed-array-byte-length@https://registry.npmjs.org/typed-array-byte-length/-/typed-array-byte-length-1.0.3.tgz 0ms (cache hit)
1405 http cache type-fest@https://registry.npmjs.org/type-fest/-/type-fest-0.7.1.tgz 0ms (cache hit)
1406 http cache typed-array-buffer@https://registry.npmjs.org/typed-array-buffer/-/typed-array-buffer-1.0.3.tgz 0ms (cache hit)
1407 http cache type-detect@https://registry.npmjs.org/type-detect/-/type-detect-4.0.8.tgz 0ms (cache hit)
1408 http cache type-check@https://registry.npmjs.org/type-check/-/type-check-0.4.0.tgz 0ms (cache hit)
1409 http cache turndown@https://registry.npmjs.org/turndown/-/turndown-7.1.2.tgz 0ms (cache hit)
1410 http cache tunnel-agent@https://registry.npmjs.org/tunnel-agent/-/tunnel-agent-0.6.0.tgz 0ms (cache hit)
1411 http cache tslib@https://registry.npmjs.org/tslib/-/tslib-2.8.1.tgz 0ms (cache hit)
1412 http cache tsconfig-paths@https://registry.npmjs.org/tsconfig-paths/-/tsconfig-paths-3.15.0.tgz 0ms (cache hit)
1413 http cache ts-node@https://registry.npmjs.org/ts-node/-/ts-node-10.9.2.tgz 0ms (cache hit)
1414 http cache ts-interface-checker@https://registry.npmjs.org/ts-interface-checker/-/ts-interface-checker-0.1.13.tgz 0ms (cache hit)
1415 http cache ts-deepmerge@https://registry.npmjs.org/ts-deepmerge/-/ts-deepmerge-6.2.0.tgz 0ms (cache hit)
1416 http cache tr46@https://registry.npmjs.org/tr46/-/tr46-0.0.3.tgz 0ms (cache hit)
1417 http cache ts-api-utils@https://registry.npmjs.org/ts-api-utils/-/ts-api-utils-2.5.0.tgz 0ms (cache hit)
1418 http cache toidentifier@https://registry.npmjs.org/toidentifier/-/toidentifier-1.0.1.tgz 0ms (cache hit)
1419 http cache to-regex-range@https://registry.npmjs.org/to-regex-range/-/to-regex-range-5.0.1.tgz 0ms (cache hit)
1420 http cache tmpl@https://registry.npmjs.org/tmpl/-/tmpl-1.0.5.tgz 0ms (cache hit)
1421 http cache tinyglobby@https://registry.npmjs.org/tinyglobby/-/tinyglobby-0.2.15.tgz 0ms (cache hit)
1422 http cache throat@https://registry.npmjs.org/throat/-/throat-5.0.0.tgz 0ms (cache hit)
1423 http cache thenify@https://registry.npmjs.org/thenify/-/thenify-3.3.1.tgz 0ms (cache hit)
1424 http cache thenify-all@https://registry.npmjs.org/thenify-all/-/thenify-all-1.6.0.tgz 0ms (cache hit)
1425 http cache text-encoding@https://registry.npmjs.org/text-encoding/-/text-encoding-0.7.0.tgz 0ms (cache hit)
1426 http cache text-decoder@https://registry.npmjs.org/text-decoder/-/text-decoder-1.2.7.tgz 0ms (cache hit)
1427 http cache test-exclude@https://registry.npmjs.org/test-exclude/-/test-exclude-6.0.0.tgz 0ms (cache hit)
1428 http cache terminal-link@https://registry.npmjs.org/terminal-link/-/terminal-link-2.1.1.tgz 0ms (cache hit)
1429 http cache terser@https://registry.npmjs.org/terser/-/terser-5.46.1.tgz 0ms (cache hit)
1430 http cache tar-stream@https://registry.npmjs.org/tar-stream/-/tar-stream-3.1.7.tgz 0ms (cache hit)
1431 http cache temp-dir@https://registry.npmjs.org/temp-dir/-/temp-dir-2.0.0.tgz 0ms (cache hit)
1432 http cache tar@https://registry.npmjs.org/tar/-/tar-7.5.13.tgz 0ms (cache hit)
1433 http cache supports-preserve-symlinks-flag@https://registry.npmjs.org/supports-preserve-symlinks-flag/-/supports-preserve-symlinks-flag-1.0.0.tgz 0ms (cache hit)
1434 http cache supports-hyperlinks@https://registry.npmjs.org/supports-hyperlinks/-/supports-hyperlinks-2.3.0.tgz 0ms (cache hit)
1435 http cache supports-color@https://registry.npmjs.org/supports-color/-/supports-color-7.2.0.tgz 0ms (cache hit)
1436 http cache sucrase@https://registry.npmjs.org/sucrase/-/sucrase-3.35.1.tgz 0ms (cache hit)
1437 http cache structured-headers@https://registry.npmjs.org/structured-headers/-/structured-headers-0.4.1.tgz 0ms (cache hit)
1438 http cache styleq@https://registry.npmjs.org/styleq/-/styleq-0.1.3.tgz 0ms (cache hit)
1439 http cache strip-json-comments@https://registry.npmjs.org/strip-json-comments/-/strip-json-comments-3.1.1.tgz 0ms (cache hit)
1440 http cache strip-bom@https://registry.npmjs.org/strip-bom/-/strip-bom-3.0.0.tgz 0ms (cache hit)
1441 http cache strip-ansi@https://registry.npmjs.org/strip-ansi/-/strip-ansi-6.0.1.tgz 0ms (cache hit)
1442 http cache strip-ansi-cjs@https://registry.npmjs.org/strip-ansi/-/strip-ansi-6.0.1.tgz 0ms (cache hit)
1443 http cache string.prototype.trimstart@https://registry.npmjs.org/string.prototype.trimstart/-/string.prototype.trimstart-1.0.8.tgz 0ms (cache hit)
1444 http cache string.prototype.trim@https://registry.npmjs.org/string.prototype.trim/-/string.prototype.trim-1.2.10.tgz 0ms (cache hit)
1445 http cache string.prototype.repeat@https://registry.npmjs.org/string.prototype.repeat/-/string.prototype.repeat-1.0.0.tgz 0ms (cache hit)
1446 http cache string.prototype.matchall@https://registry.npmjs.org/string.prototype.matchall/-/string.prototype.matchall-4.0.12.tgz 0ms (cache hit)
1447 http cache string.prototype.trimend@https://registry.npmjs.org/string.prototype.trimend/-/string.prototype.trimend-1.0.9.tgz 0ms (cache hit)
1448 http cache string-width-cjs@https://registry.npmjs.org/string-width/-/string-width-4.2.3.tgz 0ms (cache hit)
1449 http cache string-width@https://registry.npmjs.org/string-width/-/string-width-4.2.3.tgz 0ms (cache hit)
1450 http cache strict-uri-encode@https://registry.npmjs.org/strict-uri-encode/-/strict-uri-encode-2.0.0.tgz 0ms (cache hit)
1451 http cache streamx@https://registry.npmjs.org/streamx/-/streamx-2.25.0.tgz 0ms (cache hit)
1452 http cache stream-buffers@https://registry.npmjs.org/stream-buffers/-/stream-buffers-2.2.0.tgz 0ms (cache hit)
1453 http cache stop-iteration-iterator@https://registry.npmjs.org/stop-iteration-iterator/-/stop-iteration-iterator-1.1.0.tgz 0ms (cache hit)
1454 http cache statuses@https://registry.npmjs.org/statuses/-/statuses-1.5.0.tgz 0ms (cache hit)
1455 http cache stacktrace-parser@https://registry.npmjs.org/stacktrace-parser/-/stacktrace-parser-0.1.11.tgz 0ms (cache hit)
1456 http cache stackframe@https://registry.npmjs.org/stackframe/-/stackframe-1.3.4.tgz 0ms (cache hit)
1457 http cache stack-utils@https://registry.npmjs.org/stack-utils/-/stack-utils-2.0.6.tgz 0ms (cache hit)
1458 http cache stable-hash@https://registry.npmjs.org/stable-hash/-/stable-hash-0.0.5.tgz 0ms (cache hit)
1459 http cache split-on-first@https://registry.npmjs.org/split-on-first/-/split-on-first-1.1.0.tgz 0ms (cache hit)
1460 http cache sprintf-js@https://registry.npmjs.org/sprintf-js/-/sprintf-js-1.0.3.tgz 0ms (cache hit)
1461 http cache source-map-support@https://registry.npmjs.org/source-map-support/-/source-map-support-0.5.21.tgz 0ms (cache hit)
1462 http cache source-map-js@https://registry.npmjs.org/source-map-js/-/source-map-js-1.2.1.tgz 0ms (cache hit)
1463 http cache source-map@https://registry.npmjs.org/source-map/-/source-map-0.5.7.tgz 0ms (cache hit)
1464 http cache slice-ansi@https://registry.npmjs.org/slice-ansi/-/slice-ansi-4.0.0.tgz 0ms (cache hit)
1465 http cache slugify@https://registry.npmjs.org/slugify/-/slugify-1.6.9.tgz 0ms (cache hit)
1466 http cache slash@https://registry.npmjs.org/slash/-/slash-3.0.0.tgz 0ms (cache hit)
1467 http cache simple-swizzle@https://registry.npmjs.org/simple-swizzle/-/simple-swizzle-0.2.4.tgz 0ms (cache hit)
1468 http cache sisteransi@https://registry.npmjs.org/sisteransi/-/sisteransi-1.0.5.tgz 0ms (cache hit)
1469 http cache side-channel-weakmap@https://registry.npmjs.org/side-channel-weakmap/-/side-channel-weakmap-1.0.2.tgz 0ms (cache hit)
1470 http cache simple-plist@https://registry.npmjs.org/simple-plist/-/simple-plist-1.3.1.tgz 0ms (cache hit)
1471 http cache signal-exit@https://registry.npmjs.org/signal-exit/-/signal-exit-3.0.7.tgz 0ms (cache hit)
1472 http cache side-channel-map@https://registry.npmjs.org/side-channel-map/-/side-channel-map-1.0.1.tgz 0ms (cache hit)
1473 http cache side-channel-list@https://registry.npmjs.org/side-channel-list/-/side-channel-list-1.0.0.tgz 0ms (cache hit)
1474 http cache side-channel@https://registry.npmjs.org/side-channel/-/side-channel-1.1.0.tgz 0ms (cache hit)
1475 http cache shell-quote@https://registry.npmjs.org/shell-quote/-/shell-quote-1.8.3.tgz 0ms (cache hit)
1476 http cache shebang-regex@https://registry.npmjs.org/shebang-regex/-/shebang-regex-3.0.0.tgz 0ms (cache hit)
1477 http cache shallowequal@https://registry.npmjs.org/shallowequal/-/shallowequal-1.1.0.tgz 0ms (cache hit)
1478 http cache shebang-command@https://registry.npmjs.org/shebang-command/-/shebang-command-2.0.0.tgz 0ms (cache hit)
1479 http cache sf-symbols-typescript@https://registry.npmjs.org/sf-symbols-typescript/-/sf-symbols-typescript-2.2.0.tgz 0ms (cache hit)
1480 http cache setimmediate@https://registry.npmjs.org/setimmediate/-/setimmediate-1.0.5.tgz 0ms (cache hit)
1481 http cache set-proto@https://registry.npmjs.org/set-proto/-/set-proto-1.0.0.tgz 0ms (cache hit)
1482 http cache set-interval-async@https://registry.npmjs.org/set-interval-async/-/set-interval-async-3.0.3.tgz 0ms (cache hit)
1483 http cache set-function-name@https://registry.npmjs.org/set-function-name/-/set-function-name-2.0.2.tgz 0ms (cache hit)
1484 http cache set-function-length@https://registry.npmjs.org/set-function-length/-/set-function-length-1.2.2.tgz 0ms (cache hit)
1485 http cache set-blocking@https://registry.npmjs.org/set-blocking/-/set-blocking-2.0.0.tgz 0ms (cache hit)
1486 http cache setprototypeof@https://registry.npmjs.org/setprototypeof/-/setprototypeof-1.2.0.tgz 0ms (cache hit)
1487 http cache server-only@https://registry.npmjs.org/server-only/-/server-only-0.0.1.tgz 0ms (cache hit)
1488 http cache serialize-error@https://registry.npmjs.org/serialize-error/-/serialize-error-2.1.0.tgz 0ms (cache hit)
1489 http cache serve-static@https://registry.npmjs.org/serve-static/-/serve-static-1.16.3.tgz 0ms (cache hit)
1490 http cache send@https://registry.npmjs.org/send/-/send-0.19.2.tgz 0ms (cache hit)
1491 http cache semver@https://registry.npmjs.org/semver/-/semver-6.3.1.tgz 0ms (cache hit)
1492 http cache scheduler@https://registry.npmjs.org/scheduler/-/scheduler-0.26.0.tgz 0ms (cache hit)
1493 http cache sax@https://registry.npmjs.org/sax/-/sax-1.6.0.tgz 0ms (cache hit)
1494 http cache safe-push-apply@https://registry.npmjs.org/safe-push-apply/-/safe-push-apply-1.0.0.tgz 0ms (cache hit)
1495 http cache safe-regex-test@https://registry.npmjs.org/safe-regex-test/-/safe-regex-test-1.1.0.tgz 0ms (cache hit)
1496 http cache safer-buffer@https://registry.npmjs.org/safer-buffer/-/safer-buffer-2.1.2.tgz 0ms (cache hit)
1497 http cache safe-buffer@https://registry.npmjs.org/safe-buffer/-/safe-buffer-5.2.1.tgz 0ms (cache hit)
1498 http cache safe-json-stringify@https://registry.npmjs.org/safe-json-stringify/-/safe-json-stringify-1.2.0.tgz 0ms (cache hit)
1499 http cache safe-array-concat@https://registry.npmjs.org/safe-array-concat/-/safe-array-concat-1.1.3.tgz 0ms (cache hit)
1500 http cache run-parallel@https://registry.npmjs.org/run-parallel/-/run-parallel-1.2.0.tgz 0ms (cache hit)
1501 http cache rimraf@https://registry.npmjs.org/rimraf/-/rimraf-3.0.2.tgz 0ms (cache hit)
1502 http cache reusify@https://registry.npmjs.org/reusify/-/reusify-1.1.0.tgz 0ms (cache hit)
1503 http cache restore-cursor@https://registry.npmjs.org/restore-cursor/-/restore-cursor-2.0.0.tgz 0ms (cache hit)
1504 http cache retry@https://registry.npmjs.org/retry/-/retry-0.12.0.tgz 0ms (cache hit)
1505 http cache resolve.exports@https://registry.npmjs.org/resolve.exports/-/resolve.exports-2.0.3.tgz 0ms (cache hit)
1506 http cache resolve-workspace-root@https://registry.npmjs.org/resolve-workspace-root/-/resolve-workspace-root-2.0.1.tgz 0ms (cache hit)
1507 http cache resolve-pkg-maps@https://registry.npmjs.org/resolve-pkg-maps/-/resolve-pkg-maps-1.0.0.tgz 0ms (cache hit)
1508 http cache resolve-from@https://registry.npmjs.org/resolve-from/-/resolve-from-5.0.0.tgz 0ms (cache hit)
1509 http cache resolve@https://registry.npmjs.org/resolve/-/resolve-2.0.0-next.6.tgz 0ms (cache hit)
1510 http cache require-main-filename@https://registry.npmjs.org/require-main-filename/-/require-main-filename-2.0.0.tgz 0ms (cache hit)
1511 http cache requireg@https://registry.npmjs.org/requireg/-/requireg-0.2.2.tgz 0ms (cache hit)
1512 http cache require-from-string@https://registry.npmjs.org/require-from-string/-/require-from-string-2.0.2.tgz 0ms (cache hit)
1513 http cache require-directory@https://registry.npmjs.org/require-directory/-/require-directory-2.1.1.tgz 0ms (cache hit)
1514 http cache remove-trailing-slash@https://registry.npmjs.org/remove-trailing-slash/-/remove-trailing-slash-0.1.1.tgz 0ms (cache hit)
1515 http cache regjsgen@https://registry.npmjs.org/regjsgen/-/regjsgen-0.8.0.tgz 0ms (cache hit)
1516 http cache regexpu-core@https://registry.npmjs.org/regexpu-core/-/regexpu-core-6.4.0.tgz 0ms (cache hit)
1517 http cache regjsparser@https://registry.npmjs.org/regjsparser/-/regjsparser-0.13.1.tgz 0ms (cache hit)
1518 http cache regexp.prototype.flags@https://registry.npmjs.org/regexp.prototype.flags/-/regexp.prototype.flags-1.5.4.tgz 0ms (cache hit)
1519 http cache regenerator-runtime@https://registry.npmjs.org/regenerator-runtime/-/regenerator-runtime-0.13.11.tgz 0ms (cache hit)
1520 http cache regenerate@https://registry.npmjs.org/regenerate/-/regenerate-1.4.2.tgz 0ms (cache hit)
1521 http cache regenerate-unicode-properties@https://registry.npmjs.org/regenerate-unicode-properties/-/regenerate-unicode-properties-10.2.2.tgz 0ms (cache hit)
1522 http cache redeyed@https://registry.npmjs.org/redeyed/-/redeyed-2.1.1.tgz 0ms (cache hit)
1523 http cache reflect.getprototypeof@https://registry.npmjs.org/reflect.getprototypeof/-/reflect.getprototypeof-1.0.10.tgz 0ms (cache hit)
1524 http cache react-style-singleton@https://registry.npmjs.org/react-style-singleton/-/react-style-singleton-2.2.3.tgz 0ms (cache hit)
1525 http cache react-remove-scroll-bar@https://registry.npmjs.org/react-remove-scroll-bar/-/react-remove-scroll-bar-2.3.8.tgz 0ms (cache hit)
1526 http cache react-remove-scroll@https://registry.npmjs.org/react-remove-scroll/-/react-remove-scroll-2.7.2.tgz 0ms (cache hit)
1527 http cache react-refresh@https://registry.npmjs.org/react-refresh/-/react-refresh-0.14.2.tgz 0ms (cache hit)
1528 http cache react-native-worklets@https://registry.npmjs.org/react-native-worklets/-/react-native-worklets-0.5.1.tgz 0ms (cache hit)
1529 http cache react-native-web@https://registry.npmjs.org/react-native-web/-/react-native-web-0.21.2.tgz 0ms (cache hit)
1530 http cache react-native-svg@https://registry.npmjs.org/react-native-svg/-/react-native-svg-15.15.4.tgz 0ms (cache hit)
1531 http cache react-native-screens@https://registry.npmjs.org/react-native-screens/-/react-native-screens-4.16.0.tgz 0ms (cache hit)
1532 http cache react-native-safe-area-context@https://registry.npmjs.org/react-native-safe-area-context/-/react-native-safe-area-context-5.6.2.tgz 0ms (cache hit)
1533 http cache react-native-reanimated@https://registry.npmjs.org/react-native-reanimated/-/react-native-reanimated-4.1.7.tgz 0ms (cache hit)
1534 http cache react-native-razorpay@https://registry.npmjs.org/react-native-razorpay/-/react-native-razorpay-2.3.1.tgz 0ms (cache hit)
1535 http cache react-native-qrcode-svg@https://registry.npmjs.org/react-native-qrcode-svg/-/react-native-qrcode-svg-6.3.21.tgz 0ms (cache hit)
1536 http cache react-native-maps@https://registry.npmjs.org/react-native-maps/-/react-native-maps-1.20.1.tgz 0ms (cache hit)
1537 http cache react-native-is-edge-to-edge@https://registry.npmjs.org/react-native-is-edge-to-edge/-/react-native-is-edge-to-edge-1.3.1.tgz 0ms (cache hit)
1538 http cache react-native-gesture-handler@https://registry.npmjs.org/react-native-gesture-handler/-/react-native-gesture-handler-2.28.0.tgz 0ms (cache hit)
1539 http cache react-is@https://registry.npmjs.org/react-is/-/react-is-19.2.4.tgz 0ms (cache hit)
1540 http cache react-native@https://registry.npmjs.org/react-native/-/react-native-0.81.5.tgz 0ms (cache hit)
1541 http cache react-freeze@https://registry.npmjs.org/react-freeze/-/react-freeze-1.0.4.tgz 0ms (cache hit)
1542 http cache react-fast-compare@https://registry.npmjs.org/react-fast-compare/-/react-fast-compare-3.2.2.tgz 0ms (cache hit)
1543 http cache react-dom@https://registry.npmjs.org/react-dom/-/react-dom-19.1.0.tgz 0ms (cache hit)
1544 http cache react-devtools-core@https://registry.npmjs.org/react-devtools-core/-/react-devtools-core-6.1.5.tgz 0ms (cache hit)
1545 http cache react@https://registry.npmjs.org/react/-/react-19.1.0.tgz 0ms (cache hit)
1546 http cache rc@https://registry.npmjs.org/rc/-/rc-1.2.8.tgz 0ms (cache hit)
1547 http cache range-parser@https://registry.npmjs.org/range-parser/-/range-parser-1.2.1.tgz 0ms (cache hit)
1548 http cache queue-microtask@https://registry.npmjs.org/queue-microtask/-/queue-microtask-1.2.3.tgz 0ms (cache hit)
1549 http cache queue@https://registry.npmjs.org/queue/-/queue-6.0.2.tgz 0ms (cache hit)
1550 http cache query-string@https://registry.npmjs.org/query-string/-/query-string-7.1.3.tgz 0ms (cache hit)
1551 http cache qrcode-terminal@https://registry.npmjs.org/qrcode-terminal/-/qrcode-terminal-0.11.0.tgz 0ms (cache hit)
1552 http cache qrcode@https://registry.npmjs.org/qrcode/-/qrcode-1.5.4.tgz 0ms (cache hit)
1553 http cache punycode@https://registry.npmjs.org/punycode/-/punycode-2.3.1.tgz 0ms (cache hit)
1554 http cache prop-types@https://registry.npmjs.org/prop-types/-/prop-types-15.8.1.tgz 0ms (cache hit)
1555 http cache prompts@https://registry.npmjs.org/prompts/-/prompts-2.4.2.tgz 0ms (cache hit)
1556 http cache promise-limit@https://registry.npmjs.org/promise-limit/-/promise-limit-2.7.0.tgz 0ms (cache hit)
1557 http cache promise-retry@https://registry.npmjs.org/promise-retry/-/promise-retry-2.0.1.tgz 0ms (cache hit)
1558 http cache promise@https://registry.npmjs.org/promise/-/promise-8.3.0.tgz 0ms (cache hit)
1559 http cache progress@https://registry.npmjs.org/progress/-/progress-2.0.3.tgz 0ms (cache hit)
1560 http cache proc-log@https://registry.npmjs.org/proc-log/-/proc-log-4.2.0.tgz 0ms (cache hit)
1561 http cache pretty-format@https://registry.npmjs.org/pretty-format/-/pretty-format-29.7.0.tgz 0ms (cache hit)
1562 http cache prelude-ls@https://registry.npmjs.org/prelude-ls/-/prelude-ls-1.2.1.tgz 0ms (cache hit)
1563 http cache pretty-bytes@https://registry.npmjs.org/pretty-bytes/-/pretty-bytes-5.6.0.tgz 0ms (cache hit)
1564 http cache postcss-value-parser@https://registry.npmjs.org/postcss-value-parser/-/postcss-value-parser-4.2.0.tgz 0ms (cache hit)
1565 http cache postcss@https://registry.npmjs.org/postcss/-/postcss-8.4.49.tgz 0ms (cache hit)
1566 http cache pngjs@https://registry.npmjs.org/pngjs/-/pngjs-3.4.0.tgz 0ms (cache hit)
1567 http cache possible-typed-array-names@https://registry.npmjs.org/possible-typed-array-names/-/possible-typed-array-names-1.1.0.tgz 0ms (cache hit)
1568 http cache plist@https://registry.npmjs.org/plist/-/plist-3.1.0.tgz 0ms (cache hit)
1569 http cache pkg-dir@https://registry.npmjs.org/pkg-dir/-/pkg-dir-4.2.0.tgz 0ms (cache hit)
1570 http cache pirates@https://registry.npmjs.org/pirates/-/pirates-4.0.7.tgz 0ms (cache hit)
1571 http cache picomatch@https://registry.npmjs.org/picomatch/-/picomatch-2.3.2.tgz 0ms (cache hit)
1572 http cache picocolors@https://registry.npmjs.org/picocolors/-/picocolors-1.1.1.tgz 0ms (cache hit)
1573 http cache path-type@https://registry.npmjs.org/path-type/-/path-type-4.0.0.tgz 0ms (cache hit)
1574 http cache path-scurry@https://registry.npmjs.org/path-scurry/-/path-scurry-2.0.2.tgz 0ms (cache hit)
1575 http cache path-parse@https://registry.npmjs.org/path-parse/-/path-parse-1.0.7.tgz 0ms (cache hit)
1576 http cache path-key@https://registry.npmjs.org/path-key/-/path-key-3.1.1.tgz 0ms (cache hit)
1577 http cache path-is-absolute@https://registry.npmjs.org/path-is-absolute/-/path-is-absolute-1.0.1.tgz 0ms (cache hit)
1578 http cache path-exists@https://registry.npmjs.org/path-exists/-/path-exists-4.0.0.tgz 0ms (cache hit)
1579 http cache password-prompt@https://registry.npmjs.org/password-prompt/-/password-prompt-1.1.3.tgz 0ms (cache hit)
1580 http cache parseurl@https://registry.npmjs.org/parseurl/-/parseurl-1.3.3.tgz 0ms (cache hit)
1581 http cache parse-png@https://registry.npmjs.org/parse-png/-/parse-png-2.1.0.tgz 0ms (cache hit)
1582 http cache parse-json@https://registry.npmjs.org/parse-json/-/parse-json-4.0.0.tgz 0ms (cache hit)
1583 http cache package-json-from-dist@https://registry.npmjs.org/package-json-from-dist/-/package-json-from-dist-1.0.1.tgz 0ms (cache hit)
1584 http cache p-try@https://registry.npmjs.org/p-try/-/p-try-2.2.0.tgz 0ms (cache hit)
1585 http cache parent-module@https://registry.npmjs.org/parent-module/-/parent-module-1.0.1.tgz 0ms (cache hit)
1586 http cache p-locate@https://registry.npmjs.org/p-locate/-/p-locate-5.0.0.tgz 0ms (cache hit)
1587 http cache p-limit@https://registry.npmjs.org/p-limit/-/p-limit-3.1.0.tgz 0ms (cache hit)
1588 http cache own-keys@https://registry.npmjs.org/own-keys/-/own-keys-1.0.1.tgz 0ms (cache hit)
1589 http cache ora@https://registry.npmjs.org/ora/-/ora-3.4.0.tgz 0ms (cache hit)
1590 http cache optionator@https://registry.npmjs.org/optionator/-/optionator-0.9.4.tgz 0ms (cache hit)
1591 http cache onetime@https://registry.npmjs.org/onetime/-/onetime-2.0.1.tgz 0ms (cache hit)
1592 http cache open@https://registry.npmjs.org/open/-/open-7.4.2.tgz 0ms (cache hit)
1593 http cache on-headers@https://registry.npmjs.org/on-headers/-/on-headers-1.1.0.tgz 0ms (cache hit)
1594 http cache once@https://registry.npmjs.org/once/-/once-1.4.0.tgz 0ms (cache hit)
1595 http cache on-finished@https://registry.npmjs.org/on-finished/-/on-finished-2.3.0.tgz 0ms (cache hit)
1596 http cache object.values@https://registry.npmjs.org/object.values/-/object.values-1.2.1.tgz 0ms (cache hit)
1597 http cache object.fromentries@https://registry.npmjs.org/object.fromentries/-/object.fromentries-2.0.8.tgz 0ms (cache hit)
1598 http cache object.entries@https://registry.npmjs.org/object.entries/-/object.entries-1.1.9.tgz 0ms (cache hit)
1599 http cache object.groupby@https://registry.npmjs.org/object.groupby/-/object.groupby-1.0.3.tgz 0ms (cache hit)
1600 http cache object.assign@https://registry.npmjs.org/object.assign/-/object.assign-4.1.7.tgz 0ms (cache hit)
1601 http cache object-treeify@https://registry.npmjs.org/object-treeify/-/object-treeify-1.1.33.tgz 0ms (cache hit)
1602 http cache object-keys@https://registry.npmjs.org/object-keys/-/object-keys-1.1.1.tgz 0ms (cache hit)
1603 http cache object-inspect@https://registry.npmjs.org/object-inspect/-/object-inspect-1.13.4.tgz 0ms (cache hit)
1604 http cache ob1@https://registry.npmjs.org/ob1/-/ob1-0.83.3.tgz 0ms (cache hit)
1605 http cache nullthrows@https://registry.npmjs.org/nullthrows/-/nullthrows-1.1.1.tgz 0ms (cache hit)
1606 http cache nth-check@https://registry.npmjs.org/nth-check/-/nth-check-2.1.1.tgz 0ms (cache hit)
1607 http cache object-assign@https://registry.npmjs.org/object-assign/-/object-assign-4.1.1.tgz 0ms (cache hit)
1608 http cache npm-package-arg@https://registry.npmjs.org/npm-package-arg/-/npm-package-arg-11.0.3.tgz 0ms (cache hit)
1609 http cache normalize-path@https://registry.npmjs.org/normalize-path/-/normalize-path-3.0.0.tgz 0ms (cache hit)
1610 http cache node-stream-zip@https://registry.npmjs.org/node-stream-zip/-/node-stream-zip-1.15.0.tgz 0ms (cache hit)
1611 http cache node-rsa@https://registry.npmjs.org/node-rsa/-/node-rsa-1.1.1.tgz 0ms (cache hit)
1612 http cache node-releases@https://registry.npmjs.org/node-releases/-/node-releases-2.0.37.tgz 0ms (cache hit)
1613 http cache node-forge@https://registry.npmjs.org/node-forge/-/node-forge-1.4.0.tgz 0ms (cache hit)
1614 http cache nested-error-stacks@https://registry.npmjs.org/nested-error-stacks/-/nested-error-stacks-2.0.1.tgz 0ms (cache hit)
1615 http cache node-fetch@https://registry.npmjs.org/node-fetch/-/node-fetch-2.7.0.tgz 0ms (cache hit)
1616 http cache node-int64@https://registry.npmjs.org/node-int64/-/node-int64-0.4.0.tgz 0ms (cache hit)
1617 http cache node-exports-info@https://registry.npmjs.org/node-exports-info/-/node-exports-info-1.6.0.tgz 0ms (cache hit)
1618 http cache nan@https://registry.npmjs.org/nan/-/nan-2.26.2.tgz 0ms (cache hit)
1619 http cache natural-compare@https://registry.npmjs.org/natural-compare/-/natural-compare-1.4.0.tgz 0ms (cache hit)
1620 http cache ncp@https://registry.npmjs.org/ncp/-/ncp-2.0.0.tgz 0ms (cache hit)
1621 http cache negotiator@https://registry.npmjs.org/negotiator/-/negotiator-0.6.3.tgz 0ms (cache hit)
1622 http cache natural-orderby@https://registry.npmjs.org/natural-orderby/-/natural-orderby-2.0.3.tgz 0ms (cache hit)
1623 http cache mv@https://registry.npmjs.org/mv/-/mv-2.1.1.tgz 0ms (cache hit)
1624 http cache mz@https://registry.npmjs.org/mz/-/mz-2.7.0.tgz 0ms (cache hit)
1625 http cache nanoid@https://registry.npmjs.org/nanoid/-/nanoid-3.3.11.tgz 0ms (cache hit)
1626 http cache mute-stream@https://registry.npmjs.org/mute-stream/-/mute-stream-0.0.8.tgz 0ms (cache hit)
1627 http cache ms@https://registry.npmjs.org/ms/-/ms-2.1.3.tgz 0ms (cache hit)
1628 http cache napi-postinstall@https://registry.npmjs.org/napi-postinstall/-/napi-postinstall-0.3.4.tgz 0ms (cache hit)
1629 http cache mkdirp@https://registry.npmjs.org/mkdirp/-/mkdirp-1.0.4.tgz 0ms (cache hit)
1630 http cache multipasta@https://registry.npmjs.org/multipasta/-/multipasta-0.2.7.tgz 0ms (cache hit)
1631 http cache moment@https://registry.npmjs.org/moment/-/moment-2.30.1.tgz 0ms (cache hit)
1632 http cache minizlib@https://registry.npmjs.org/minizlib/-/minizlib-3.1.0.tgz 0ms (cache hit)
1633 http cache minipass@https://registry.npmjs.org/minipass/-/minipass-7.1.3.tgz 0ms (cache hit)
1634 http cache minimatch@https://registry.npmjs.org/minimatch/-/minimatch-3.1.5.tgz 0ms (cache hit)
1635 http cache minimist@https://registry.npmjs.org/minimist/-/minimist-1.2.8.tgz 0ms (cache hit)
1636 http cache mimic-fn@https://registry.npmjs.org/mimic-fn/-/mimic-fn-1.2.0.tgz 0ms (cache hit)
1637 http cache mime-types@https://registry.npmjs.org/mime-types/-/mime-types-2.1.35.tgz 0ms (cache hit)
1638 http cache mime-db@https://registry.npmjs.org/mime-db/-/mime-db-1.52.0.tgz 0ms (cache hit)
1639 http cache mime@https://registry.npmjs.org/mime/-/mime-1.6.0.tgz 0ms (cache hit)
1640 http cache micromatch@https://registry.npmjs.org/micromatch/-/micromatch-4.0.8.tgz 0ms (cache hit)
1641 http cache metro-transform-worker@https://registry.npmjs.org/metro-transform-worker/-/metro-transform-worker-0.83.3.tgz 0ms (cache hit)
1642 http cache metro-transform-plugins@https://registry.npmjs.org/metro-transform-plugins/-/metro-transform-plugins-0.83.3.tgz 0ms (cache hit)
1643 http cache metro-source-map@https://registry.npmjs.org/metro-source-map/-/metro-source-map-0.83.3.tgz 0ms (cache hit)
1644 http cache metro-symbolicate@https://registry.npmjs.org/metro-symbolicate/-/metro-symbolicate-0.83.3.tgz 0ms (cache hit)
1645 http cache metro-resolver@https://registry.npmjs.org/metro-resolver/-/metro-resolver-0.83.3.tgz 0ms (cache hit)
1646 http cache metro-minify-terser@https://registry.npmjs.org/metro-minify-terser/-/metro-minify-terser-0.83.3.tgz 0ms (cache hit)
1647 http cache metro-file-map@https://registry.npmjs.org/metro-file-map/-/metro-file-map-0.83.3.tgz 1ms (cache hit)
1648 http cache metro-core@https://registry.npmjs.org/metro-core/-/metro-core-0.83.3.tgz 0ms (cache hit)
1649 http cache metro-config@https://registry.npmjs.org/metro-config/-/metro-config-0.83.3.tgz 0ms (cache hit)
1650 http cache metro-cache@https://registry.npmjs.org/metro-cache/-/metro-cache-0.83.3.tgz 0ms (cache hit)
1651 http cache metro-babel-transformer@https://registry.npmjs.org/metro-babel-transformer/-/metro-babel-transformer-0.83.3.tgz 0ms (cache hit)
1652 http cache metro-runtime@https://registry.npmjs.org/metro-runtime/-/metro-runtime-0.83.3.tgz 0ms (cache hit)
1653 http cache metro-cache-key@https://registry.npmjs.org/metro-cache-key/-/metro-cache-key-0.83.3.tgz 0ms (cache hit)
1654 http cache metro@https://registry.npmjs.org/metro/-/metro-0.83.3.tgz 0ms (cache hit)
1655 http cache merge2@https://registry.npmjs.org/merge2/-/merge2-1.4.1.tgz 0ms (cache hit)
1656 http cache merge-stream@https://registry.npmjs.org/merge-stream/-/merge-stream-2.0.0.tgz 0ms (cache hit)
1657 http cache merge-options@https://registry.npmjs.org/merge-options/-/merge-options-3.0.4.tgz 0ms (cache hit)
1658 http cache memoize-one@https://registry.npmjs.org/memoize-one/-/memoize-one-5.2.1.tgz 0ms (cache hit)
1659 http cache mdn-data@https://registry.npmjs.org/mdn-data/-/mdn-data-2.0.14.tgz 0ms (cache hit)
1660 http cache marky@https://registry.npmjs.org/marky/-/marky-1.3.0.tgz 0ms (cache hit)
1661 http cache math-intrinsics@https://registry.npmjs.org/math-intrinsics/-/math-intrinsics-1.1.0.tgz 0ms (cache hit)
1662 http cache md5@https://registry.npmjs.org/md5/-/md5-2.3.0.tgz 0ms (cache hit)
1663 http cache make-error@https://registry.npmjs.org/make-error/-/make-error-1.3.6.tgz 0ms (cache hit)
1664 http cache makeerror@https://registry.npmjs.org/makeerror/-/makeerror-1.0.12.tgz 0ms (cache hit)
1665 http cache lru-cache@https://registry.npmjs.org/lru-cache/-/lru-cache-5.1.1.tgz 0ms (cache hit)
1666 http cache loose-envify@https://registry.npmjs.org/loose-envify/-/loose-envify-1.4.0.tgz 0ms (cache hit)
1667 http cache log-symbols@https://registry.npmjs.org/log-symbols/-/log-symbols-2.2.0.tgz 0ms (cache hit)
1668 http cache lodash.merge@https://registry.npmjs.org/lodash.merge/-/lodash.merge-4.6.2.tgz 0ms (cache hit)
1669 http cache lodash.debounce@https://registry.npmjs.org/lodash.debounce/-/lodash.debounce-4.0.8.tgz 0ms (cache hit)
1670 http cache lodash.get@https://registry.npmjs.org/lodash.get/-/lodash.get-4.4.2.tgz 0ms (cache hit)
1671 http cache lodash.clonedeep@https://registry.npmjs.org/lodash.clonedeep/-/lodash.clonedeep-4.5.0.tgz 0ms (cache hit)
1672 http cache lodash.throttle@https://registry.npmjs.org/lodash.throttle/-/lodash.throttle-4.1.1.tgz 0ms (cache hit)
1673 http cache locate-path@https://registry.npmjs.org/locate-path/-/locate-path-6.0.0.tgz 0ms (cache hit)
1674 http cache lines-and-columns@https://registry.npmjs.org/lines-and-columns/-/lines-and-columns-1.2.4.tgz 0ms (cache hit)
1675 http cache lilconfig@https://registry.npmjs.org/lilconfig/-/lilconfig-3.1.3.tgz 0ms (cache hit)
1676 http cache lightningcss-win32-x64-msvc@https://registry.npmjs.org/lightningcss-win32-x64-msvc/-/lightningcss-win32-x64-msvc-1.32.0.tgz 0ms (cache hit)
1677 http cache lightningcss@https://registry.npmjs.org/lightningcss/-/lightningcss-1.32.0.tgz 0ms (cache hit)
1678 http cache lighthouse-logger@https://registry.npmjs.org/lighthouse-logger/-/lighthouse-logger-1.4.2.tgz 0ms (cache hit)
1679 http cache levn@https://registry.npmjs.org/levn/-/levn-0.4.1.tgz 0ms (cache hit)
1680 http cache leven@https://registry.npmjs.org/leven/-/leven-3.1.0.tgz 0ms (cache hit)
1681 http cache kleur@https://registry.npmjs.org/kleur/-/kleur-3.0.3.tgz 0ms (cache hit)
1682 http cache lan-network@https://registry.npmjs.org/lan-network/-/lan-network-0.1.7.tgz 0ms (cache hit)
1683 http cache keyv@https://registry.npmjs.org/keyv/-/keyv-4.5.4.tgz 0ms (cache hit)
1684 http cache keychain@https://registry.npmjs.org/keychain/-/keychain-1.5.0.tgz 0ms (cache hit)
1685 http cache jsx-ast-utils@https://registry.npmjs.org/jsx-ast-utils/-/jsx-ast-utils-3.3.5.tgz 0ms (cache hit)
1686 http cache jsonfile@https://registry.npmjs.org/jsonfile/-/jsonfile-6.2.0.tgz 0ms (cache hit)
1687 http cache json5@https://registry.npmjs.org/json5/-/json5-2.2.3.tgz 0ms (cache hit)
1688 http cache json-schema-traverse@https://registry.npmjs.org/json-schema-traverse/-/json-schema-traverse-0.4.1.tgz 0ms (cache hit)
1689 http cache json-stable-stringify-without-jsonify@https://registry.npmjs.org/json-stable-stringify-without-jsonify/-/json-stable-stringify-without-jsonify-1.0.1.tgz 0ms (cache hit)
1690 http cache jsesc@https://registry.npmjs.org/jsesc/-/jsesc-3.1.0.tgz 0ms (cache hit)
1691 http cache jsep@https://registry.npmjs.org/jsep/-/jsep-1.4.0.tgz 0ms (cache hit)
1692 http cache json-buffer@https://registry.npmjs.org/json-buffer/-/json-buffer-3.0.1.tgz 0ms (cache hit)
1693 http cache json-parse-better-errors@https://registry.npmjs.org/json-parse-better-errors/-/json-parse-better-errors-1.0.2.tgz 0ms (cache hit)
1694 http cache js-tokens@https://registry.npmjs.org/js-tokens/-/js-tokens-4.0.0.tgz 0ms (cache hit)
1695 http cache js-yaml@https://registry.npmjs.org/js-yaml/-/js-yaml-4.1.1.tgz 0ms (cache hit)
1696 http cache jsc-safe-url@https://registry.npmjs.org/jsc-safe-url/-/jsc-safe-url-0.2.4.tgz 0ms (cache hit)
1697 http cache join-component@https://registry.npmjs.org/join-component/-/join-component-1.1.0.tgz 0ms (cache hit)
1698 http cache joi@https://registry.npmjs.org/joi/-/joi-17.11.0.tgz 0ms (cache hit)
1699 http cache jks-js@https://registry.npmjs.org/jks-js/-/jks-js-1.1.0.tgz 0ms (cache hit)
1700 http cache jimp-compact@https://registry.npmjs.org/jimp-compact/-/jimp-compact-0.16.1.tgz 0ms (cache hit)
1701 http cache jest-worker@https://registry.npmjs.org/jest-worker/-/jest-worker-29.7.0.tgz 0ms (cache hit)
1702 http cache jest-validate@https://registry.npmjs.org/jest-validate/-/jest-validate-29.7.0.tgz 0ms (cache hit)
1703 http cache jest-mock@https://registry.npmjs.org/jest-mock/-/jest-mock-29.7.0.tgz 0ms (cache hit)
1704 http cache jest-util@https://registry.npmjs.org/jest-util/-/jest-util-29.7.0.tgz 0ms (cache hit)
1705 http cache jest-regex-util@https://registry.npmjs.org/jest-regex-util/-/jest-regex-util-29.6.3.tgz 0ms (cache hit)
1706 http cache jest-message-util@https://registry.npmjs.org/jest-message-util/-/jest-message-util-29.7.0.tgz 1ms (cache hit)
1707 http cache jest-get-type@https://registry.npmjs.org/jest-get-type/-/jest-get-type-29.6.3.tgz 0ms (cache hit)
1708 http cache jest-haste-map@https://registry.npmjs.org/jest-haste-map/-/jest-haste-map-29.7.0.tgz 0ms (cache hit)
1709 http cache jake@https://registry.npmjs.org/jake/-/jake-10.9.4.tgz 0ms (cache hit)
1710 http cache jest-environment-node@https://registry.npmjs.org/jest-environment-node/-/jest-environment-node-29.7.0.tgz 0ms (cache hit)
1711 http cache iterator.prototype@https://registry.npmjs.org/iterator.prototype/-/iterator.prototype-1.1.5.tgz 0ms (cache hit)
1712 http cache jackspeak@https://registry.npmjs.org/jackspeak/-/jackspeak-3.4.3.tgz 0ms (cache hit)
1713 http cache isarray@https://registry.npmjs.org/isarray/-/isarray-2.0.5.tgz 0ms (cache hit)
1714 http cache istanbul-lib-coverage@https://registry.npmjs.org/istanbul-lib-coverage/-/istanbul-lib-coverage-3.2.2.tgz 0ms (cache hit)
1715 http cache is-weakset@https://registry.npmjs.org/is-weakset/-/is-weakset-2.0.4.tgz 0ms (cache hit)
1716 http cache is-wsl@https://registry.npmjs.org/is-wsl/-/is-wsl-2.2.0.tgz 0ms (cache hit)
1717 http cache istanbul-lib-instrument@https://registry.npmjs.org/istanbul-lib-instrument/-/istanbul-lib-instrument-5.2.1.tgz 0ms (cache hit)
1718 http cache isexe@https://registry.npmjs.org/isexe/-/isexe-2.0.0.tgz 0ms (cache hit)
1719 http cache is-weakref@https://registry.npmjs.org/is-weakref/-/is-weakref-1.1.1.tgz 0ms (cache hit)
1720 http cache is-weakmap@https://registry.npmjs.org/is-weakmap/-/is-weakmap-2.0.2.tgz 0ms (cache hit)
1721 http cache is-unicode-supported@https://registry.npmjs.org/is-unicode-supported/-/is-unicode-supported-0.1.0.tgz 0ms (cache hit)
1722 http cache is-string@https://registry.npmjs.org/is-string/-/is-string-1.1.1.tgz 0ms (cache hit)
1723 http cache is-symbol@https://registry.npmjs.org/is-symbol/-/is-symbol-1.1.1.tgz 0ms (cache hit)
1724 http cache is-typed-array@https://registry.npmjs.org/is-typed-array/-/is-typed-array-1.1.15.tgz 0ms (cache hit)
1725 http cache is-stream@https://registry.npmjs.org/is-stream/-/is-stream-2.0.1.tgz 0ms (cache hit)
1726 http cache is-retry-allowed@https://registry.npmjs.org/is-retry-allowed/-/is-retry-allowed-1.2.0.tgz 0ms (cache hit)
1727 http cache is-shared-array-buffer@https://registry.npmjs.org/is-shared-array-buffer/-/is-shared-array-buffer-1.0.4.tgz 0ms (cache hit)
1728 http cache is-regex@https://registry.npmjs.org/is-regex/-/is-regex-1.2.1.tgz 0ms (cache hit)
1729 http cache is-set@https://registry.npmjs.org/is-set/-/is-set-2.0.3.tgz 0ms (cache hit)
1730 http cache is-plain-obj@https://registry.npmjs.org/is-plain-obj/-/is-plain-obj-2.1.0.tgz 0ms (cache hit)
1731 http cache is-negative-zero@https://registry.npmjs.org/is-negative-zero/-/is-negative-zero-2.0.3.tgz 0ms (cache hit)
1732 http cache is-number@https://registry.npmjs.org/is-number/-/is-number-7.0.0.tgz 0ms (cache hit)
1733 http cache is-number-object@https://registry.npmjs.org/is-number-object/-/is-number-object-1.1.1.tgz 0ms (cache hit)
1734 http cache is-map@https://registry.npmjs.org/is-map/-/is-map-2.0.3.tgz 0ms (cache hit)
1735 http cache is-generator-function@https://registry.npmjs.org/is-generator-function/-/is-generator-function-1.1.2.tgz 0ms (cache hit)
1736 http cache is-glob@https://registry.npmjs.org/is-glob/-/is-glob-4.0.3.tgz 0ms (cache hit)
1737 http cache is-fullwidth-code-point@https://registry.npmjs.org/is-fullwidth-code-point/-/is-fullwidth-code-point-3.0.0.tgz 0ms (cache hit)
1738 http cache is-interactive@https://registry.npmjs.org/is-interactive/-/is-interactive-1.0.0.tgz 0ms (cache hit)
1739 http cache is-extglob@https://registry.npmjs.org/is-extglob/-/is-extglob-2.1.1.tgz 0ms (cache hit)
1740 http cache is-finalizationregistry@https://registry.npmjs.org/is-finalizationregistry/-/is-finalizationregistry-1.1.1.tgz 0ms (cache hit)
1741 http cache is-docker@https://registry.npmjs.org/is-docker/-/is-docker-2.2.1.tgz 0ms (cache hit)
1742 http cache is-date-object@https://registry.npmjs.org/is-date-object/-/is-date-object-1.1.0.tgz 0ms (cache hit)
1743 http cache is-core-module@https://registry.npmjs.org/is-core-module/-/is-core-module-2.16.1.tgz 0ms (cache hit)
1744 http cache is-callable@https://registry.npmjs.org/is-callable/-/is-callable-1.2.7.tgz 0ms (cache hit)
1745 http cache is-data-view@https://registry.npmjs.org/is-data-view/-/is-data-view-1.0.2.tgz 0ms (cache hit)
1746 http cache is-buffer@https://registry.npmjs.org/is-buffer/-/is-buffer-1.1.6.tgz 0ms (cache hit)
1747 http cache is-bigint@https://registry.npmjs.org/is-bigint/-/is-bigint-1.1.0.tgz 0ms (cache hit)
1748 http cache is-bun-module@https://registry.npmjs.org/is-bun-module/-/is-bun-module-2.0.0.tgz 0ms (cache hit)
1749 http cache is-boolean-object@https://registry.npmjs.org/is-boolean-object/-/is-boolean-object-1.2.2.tgz 0ms (cache hit)
1750 http cache is-async-function@https://registry.npmjs.org/is-async-function/-/is-async-function-2.1.1.tgz 0ms (cache hit)
1751 http cache is-arrayish@https://registry.npmjs.org/is-arrayish/-/is-arrayish-0.3.4.tgz 0ms (cache hit)
1752 http cache is-array-buffer@https://registry.npmjs.org/is-array-buffer/-/is-array-buffer-3.0.5.tgz 0ms (cache hit)
1753 http cache internal-slot@https://registry.npmjs.org/internal-slot/-/internal-slot-1.1.0.tgz 0ms (cache hit)
1754 http cache inline-style-prefixer@https://registry.npmjs.org/inline-style-prefixer/-/inline-style-prefixer-7.0.1.tgz 0ms (cache hit)
1755 http cache invariant@https://registry.npmjs.org/invariant/-/invariant-2.2.4.tgz 0ms (cache hit)
1756 http cache ini@https://registry.npmjs.org/ini/-/ini-1.3.8.tgz 0ms (cache hit)
1757 http cache inherits@https://registry.npmjs.org/inherits/-/inherits-2.0.4.tgz 0ms (cache hit)
1758 http cache inflight@https://registry.npmjs.org/inflight/-/inflight-1.0.6.tgz 0ms (cache hit)
1759 http cache indent-string@https://registry.npmjs.org/indent-string/-/indent-string-4.0.0.tgz 0ms (cache hit)
1760 http cache imurmurhash@https://registry.npmjs.org/imurmurhash/-/imurmurhash-0.1.4.tgz 0ms (cache hit)
1761 http cache import-fresh@https://registry.npmjs.org/import-fresh/-/import-fresh-3.3.1.tgz 0ms (cache hit)
1762 http cache image-size@https://registry.npmjs.org/image-size/-/image-size-1.2.1.tgz 0ms (cache hit)
1763 http cache ignore@https://registry.npmjs.org/ignore/-/ignore-5.3.2.tgz 0ms (cache hit)
1764 http cache ieee754@https://registry.npmjs.org/ieee754/-/ieee754-1.2.1.tgz 0ms (cache hit)
1765 http cache hyphenate-style-name@https://registry.npmjs.org/hyphenate-style-name/-/hyphenate-style-name-1.1.0.tgz 0ms (cache hit)
1766 http cache http-call@https://registry.npmjs.org/http-call/-/http-call-5.3.0.tgz 0ms (cache hit)
1767 http cache http-errors@https://registry.npmjs.org/http-errors/-/http-errors-2.0.1.tgz 0ms (cache hit)
1768 http cache https-proxy-agent@https://registry.npmjs.org/https-proxy-agent/-/https-proxy-agent-7.0.6.tgz 0ms (cache hit)
1769 http cache hyperlinker@https://registry.npmjs.org/hyperlinker/-/hyperlinker-1.0.0.tgz 0ms (cache hit)
1770 http cache hoist-non-react-statics@https://registry.npmjs.org/hoist-non-react-statics/-/hoist-non-react-statics-3.3.2.tgz 0ms (cache hit)
1771 http cache hermes-estree@https://registry.npmjs.org/hermes-estree/-/hermes-estree-0.29.1.tgz 0ms (cache hit)
1772 http cache hosted-git-info@https://registry.npmjs.org/hosted-git-info/-/hosted-git-info-7.0.2.tgz 0ms (cache hit)
1773 http cache hasown@https://registry.npmjs.org/hasown/-/hasown-2.0.2.tgz 0ms (cache hit)
1774 http cache hermes-parser@https://registry.npmjs.org/hermes-parser/-/hermes-parser-0.29.1.tgz 0ms (cache hit)
1775 http cache has-tostringtag@https://registry.npmjs.org/has-tostringtag/-/has-tostringtag-1.0.2.tgz 0ms (cache hit)
1776 http cache has-proto@https://registry.npmjs.org/has-proto/-/has-proto-1.2.0.tgz 0ms (cache hit)
1777 http cache has-property-descriptors@https://registry.npmjs.org/has-property-descriptors/-/has-property-descriptors-1.0.2.tgz 0ms (cache hit)
1778 http cache has-flag@https://registry.npmjs.org/has-flag/-/has-flag-4.0.0.tgz 0ms (cache hit)
1779 http cache has-symbols@https://registry.npmjs.org/has-symbols/-/has-symbols-1.1.0.tgz 0ms (cache hit)
1780 http cache has-bigints@https://registry.npmjs.org/has-bigints/-/has-bigints-1.1.0.tgz 0ms (cache hit)
1781 http cache graphql-tag@https://registry.npmjs.org/graphql-tag/-/graphql-tag-2.12.6.tgz 0ms (cache hit)
1782 http cache graphql@https://registry.npmjs.org/graphql/-/graphql-16.8.1.tgz 0ms (cache hit)
1783 http cache graceful-fs@https://registry.npmjs.org/graceful-fs/-/graceful-fs-4.2.11.tgz 0ms (cache hit)
1784 http cache gradle-to-js@https://registry.npmjs.org/gradle-to-js/-/gradle-to-js-2.0.1.tgz 0ms (cache hit)
1785 http cache golden-fleece@https://registry.npmjs.org/golden-fleece/-/golden-fleece-1.0.9.tgz 0ms (cache hit)
1786 http cache gopd@https://registry.npmjs.org/gopd/-/gopd-1.2.0.tgz 0ms (cache hit)
1787 http cache globby@https://registry.npmjs.org/globby/-/globby-11.1.0.tgz 0ms (cache hit)
1788 http cache globalthis@https://registry.npmjs.org/globalthis/-/globalthis-1.0.4.tgz 0ms (cache hit)
1789 http cache glob-parent@https://registry.npmjs.org/glob-parent/-/glob-parent-6.0.2.tgz 0ms (cache hit)
1790 http cache globals@https://registry.npmjs.org/globals/-/globals-14.0.0.tgz 0ms (cache hit)
1791 http cache glob@https://registry.npmjs.org/glob/-/glob-13.0.6.tgz 0ms (cache hit)
1792 http cache getenv@https://registry.npmjs.org/getenv/-/getenv-2.0.0.tgz 0ms (cache hit)
1793 http cache get-symbol-description@https://registry.npmjs.org/get-symbol-description/-/get-symbol-description-1.1.0.tgz 0ms (cache hit)
1794 http cache get-package-type@https://registry.npmjs.org/get-package-type/-/get-package-type-0.1.0.tgz 0ms (cache hit)
1795 http cache get-proto@https://registry.npmjs.org/get-proto/-/get-proto-1.0.1.tgz 0ms (cache hit)
1796 http cache get-tsconfig@https://registry.npmjs.org/get-tsconfig/-/get-tsconfig-4.13.7.tgz 0ms (cache hit)
1797 http cache get-nonce@https://registry.npmjs.org/get-nonce/-/get-nonce-1.0.1.tgz 0ms (cache hit)
1798 http cache get-intrinsic@https://registry.npmjs.org/get-intrinsic/-/get-intrinsic-1.3.0.tgz 0ms (cache hit)
1799 http cache get-caller-file@https://registry.npmjs.org/get-caller-file/-/get-caller-file-2.0.5.tgz 0ms (cache hit)
1800 http cache gensync@https://registry.npmjs.org/gensync/-/gensync-1.0.0-beta.2.tgz 0ms (cache hit)
1801 http cache generator-function@https://registry.npmjs.org/generator-function/-/generator-function-2.0.1.tgz 0ms (cache hit)
1802 http cache functions-have-names@https://registry.npmjs.org/functions-have-names/-/functions-have-names-1.2.3.tgz 0ms (cache hit)
1803 http cache function.prototype.name@https://registry.npmjs.org/function.prototype.name/-/function.prototype.name-1.1.8.tgz 0ms (cache hit)
1804 http cache function-bind@https://registry.npmjs.org/function-bind/-/function-bind-1.1.2.tgz 0ms (cache hit)
1805 http cache fs.realpath@https://registry.npmjs.org/fs.realpath/-/fs.realpath-1.0.0.tgz 0ms (cache hit)
1806 http cache fs-extra@https://registry.npmjs.org/fs-extra/-/fs-extra-11.2.0.tgz 0ms (cache hit)
1807 http cache fresh@https://registry.npmjs.org/fresh/-/fresh-0.5.2.tgz 0ms (cache hit)
1808 http cache form-data@https://registry.npmjs.org/form-data/-/form-data-4.0.5.tgz 0ms (cache hit)
1809 http cache freeport-async@https://registry.npmjs.org/freeport-async/-/freeport-async-2.0.0.tgz 0ms (cache hit)
1810 http cache foreground-child@https://registry.npmjs.org/foreground-child/-/foreground-child-3.3.1.tgz 0ms (cache hit)
1811 http cache for-each@https://registry.npmjs.org/for-each/-/for-each-0.3.5.tgz 0ms (cache hit)
1812 http cache fontfaceobserver@https://registry.npmjs.org/fontfaceobserver/-/fontfaceobserver-2.3.0.tgz 0ms (cache hit)
1813 http cache flow-enums-runtime@https://registry.npmjs.org/flow-enums-runtime/-/flow-enums-runtime-0.0.6.tgz 0ms (cache hit)
1814 http cache flatted@https://registry.npmjs.org/flatted/-/flatted-3.4.2.tgz 0ms (cache hit)
1815 http cache flat-cache@https://registry.npmjs.org/flat-cache/-/flat-cache-4.0.1.tgz 0ms (cache hit)
1816 http cache find-up@https://registry.npmjs.org/find-up/-/find-up-5.0.0.tgz 0ms (cache hit)
1817 http cache finalhandler@https://registry.npmjs.org/finalhandler/-/finalhandler-1.1.2.tgz 0ms (cache hit)
1818 http cache filter-obj@https://registry.npmjs.org/filter-obj/-/filter-obj-1.1.0.tgz 0ms (cache hit)
1819 http cache fill-range@https://registry.npmjs.org/fill-range/-/fill-range-7.1.1.tgz 0ms (cache hit)
1820 http cache file-entry-cache@https://registry.npmjs.org/file-entry-cache/-/file-entry-cache-8.0.0.tgz 0ms (cache hit)
1821 http cache filelist@https://registry.npmjs.org/filelist/-/filelist-1.0.6.tgz 0ms (cache hit)
1822 http cache figures@https://registry.npmjs.org/figures/-/figures-3.2.0.tgz 0ms (cache hit)
1823 http cache fetch-retry@https://registry.npmjs.org/fetch-retry/-/fetch-retry-4.1.1.tgz 0ms (cache hit)
1824 http cache fbjs-css-vars@https://registry.npmjs.org/fbjs-css-vars/-/fbjs-css-vars-1.0.2.tgz 0ms (cache hit)
1825 http cache fbjs@https://registry.npmjs.org/fbjs/-/fbjs-3.0.5.tgz 0ms (cache hit)
1826 http cache fb-watchman@https://registry.npmjs.org/fb-watchman/-/fb-watchman-2.0.2.tgz 0ms (cache hit)
1827 http cache fastq@https://registry.npmjs.org/fastq/-/fastq-1.20.1.tgz 0ms (cache hit)
1828 http cache fast-uri@https://registry.npmjs.org/fast-uri/-/fast-uri-3.1.0.tgz 0ms (cache hit)
1829 http cache fast-levenshtein@https://registry.npmjs.org/fast-levenshtein/-/fast-levenshtein-2.0.6.tgz 0ms (cache hit)
1830 http cache fast-glob@https://registry.npmjs.org/fast-glob/-/fast-glob-3.3.2.tgz 0ms (cache hit)
1831 http cache fast-fifo@https://registry.npmjs.org/fast-fifo/-/fast-fifo-1.3.2.tgz 0ms (cache hit)
1832 http cache fast-deep-equal@https://registry.npmjs.org/fast-deep-equal/-/fast-deep-equal-3.1.3.tgz 0ms (cache hit)
1833 http cache fast-json-stable-stringify@https://registry.npmjs.org/fast-json-stable-stringify/-/fast-json-stable-stringify-2.1.0.tgz 0ms (cache hit)
1834 http cache exponential-backoff@https://registry.npmjs.org/exponential-backoff/-/exponential-backoff-3.1.3.tgz 0ms (cache hit)
1835 http cache expo-symbols@https://registry.npmjs.org/expo-symbols/-/expo-symbols-1.0.8.tgz 0ms (cache hit)
1836 http cache expo-web-browser@https://registry.npmjs.org/expo-web-browser/-/expo-web-browser-15.0.10.tgz 0ms (cache hit)
1837 http cache expo-system-ui@https://registry.npmjs.org/expo-system-ui/-/expo-system-ui-6.0.9.tgz 0ms (cache hit)
1838 http cache expo-status-bar@https://registry.npmjs.org/expo-status-bar/-/expo-status-bar-3.0.9.tgz 0ms (cache hit)
1839 http cache expo-server@https://registry.npmjs.org/expo-server/-/expo-server-1.0.5.tgz 0ms (cache hit)
1840 http cache expo-splash-screen@https://registry.npmjs.org/expo-splash-screen/-/expo-splash-screen-31.0.13.tgz 0ms (cache hit)
1841 http cache expo-router@https://registry.npmjs.org/expo-router/-/expo-router-6.0.23.tgz 0ms (cache hit)
1842 http cache expo-modules-core@https://registry.npmjs.org/expo-modules-core/-/expo-modules-core-3.0.29.tgz 0ms (cache hit)
1843 http cache expo-modules-autolinking@https://registry.npmjs.org/expo-modules-autolinking/-/expo-modules-autolinking-3.0.24.tgz 0ms (cache hit)
1844 http cache expo-location@https://registry.npmjs.org/expo-location/-/expo-location-19.0.8.tgz 1ms (cache hit)
1845 http cache expo-linking@https://registry.npmjs.org/expo-linking/-/expo-linking-8.0.11.tgz 0ms (cache hit)
1846 http cache expo-linear-gradient@https://registry.npmjs.org/expo-linear-gradient/-/expo-linear-gradient-15.0.8.tgz 0ms (cache hit)
1847 http cache expo-keep-awake@https://registry.npmjs.org/expo-keep-awake/-/expo-keep-awake-15.0.8.tgz 0ms (cache hit)
1848 http cache expo-image-picker@https://registry.npmjs.org/expo-image-picker/-/expo-image-picker-55.0.16.tgz 0ms (cache hit)
1849 http cache expo-image-loader@https://registry.npmjs.org/expo-image-loader/-/expo-image-loader-55.0.0.tgz 0ms (cache hit)
1850 http cache expo-image@https://registry.npmjs.org/expo-image/-/expo-image-3.0.11.tgz 0ms (cache hit)
1851 http cache expo-haptics@https://registry.npmjs.org/expo-haptics/-/expo-haptics-15.0.8.tgz 0ms (cache hit)
1852 http cache expo-font@https://registry.npmjs.org/expo-font/-/expo-font-14.0.11.tgz 0ms (cache hit)
1853 http cache expo-file-system@https://registry.npmjs.org/expo-file-system/-/expo-file-system-19.0.21.tgz 0ms (cache hit)
1854 http cache expo-constants@https://registry.npmjs.org/expo-constants/-/expo-constants-18.0.13.tgz 0ms (cache hit)
1855 http cache exec-async@https://registry.npmjs.org/exec-async/-/exec-async-2.2.0.tgz 0ms (cache hit)
1856 http cache events-universal@https://registry.npmjs.org/events-universal/-/events-universal-1.0.1.tgz 0ms (cache hit)
1857 http cache expo-asset@https://registry.npmjs.org/expo-asset/-/expo-asset-12.0.12.tgz 0ms (cache hit)
1858 http cache expo@https://registry.npmjs.org/expo/-/expo-54.0.33.tgz 0ms (cache hit)
1859 http cache event-target-shim@https://registry.npmjs.org/event-target-shim/-/event-target-shim-5.0.1.tgz 0ms (cache hit)
1860 http cache esutils@https://registry.npmjs.org/esutils/-/esutils-2.0.3.tgz 0ms (cache hit)
1861 http cache etag@https://registry.npmjs.org/etag/-/etag-1.8.1.tgz 0ms (cache hit)
1862 http cache esrecurse@https://registry.npmjs.org/esrecurse/-/esrecurse-4.3.0.tgz 0ms (cache hit)
1863 http cache estraverse@https://registry.npmjs.org/estraverse/-/estraverse-5.3.0.tgz 0ms (cache hit)
1864 http cache esquery@https://registry.npmjs.org/esquery/-/esquery-1.7.0.tgz 0ms (cache hit)
1865 http cache esprima@https://registry.npmjs.org/esprima/-/esprima-4.0.1.tgz 0ms (cache hit)
1866 http cache eslint-scope@https://registry.npmjs.org/eslint-scope/-/eslint-scope-8.4.0.tgz 0ms (cache hit)
1867 http cache eslint-plugin-react-hooks@https://registry.npmjs.org/eslint-plugin-react-hooks/-/eslint-plugin-react-hooks-5.2.0.tgz 0ms (cache hit)
1868 http cache eslint-visitor-keys@https://registry.npmjs.org/eslint-visitor-keys/-/eslint-visitor-keys-4.2.1.tgz 0ms (cache hit)
1869 http cache espree@https://registry.npmjs.org/espree/-/espree-10.4.0.tgz 0ms (cache hit)
1870 http cache eslint-plugin-react@https://registry.npmjs.org/eslint-plugin-react/-/eslint-plugin-react-7.37.5.tgz 0ms (cache hit)
1871 http cache eslint-plugin-expo@https://registry.npmjs.org/eslint-plugin-expo/-/eslint-plugin-expo-1.0.0.tgz 0ms (cache hit)
1872 http cache eslint-plugin-import@https://registry.npmjs.org/eslint-plugin-import/-/eslint-plugin-import-2.32.0.tgz 0ms (cache hit)
1873 http cache eslint-module-utils@https://registry.npmjs.org/eslint-module-utils/-/eslint-module-utils-2.12.1.tgz 0ms (cache hit)
1874 http cache eslint-config-expo@https://registry.npmjs.org/eslint-config-expo/-/eslint-config-expo-10.0.0.tgz 0ms (cache hit)
1875 http cache eslint-import-resolver-node@https://registry.npmjs.org/eslint-import-resolver-node/-/eslint-import-resolver-node-0.3.10.tgz 0ms (cache hit)
1876 http cache eslint@https://registry.npmjs.org/eslint/-/eslint-9.39.4.tgz 0ms (cache hit)
1877 http cache eslint-import-resolver-typescript@https://registry.npmjs.org/eslint-import-resolver-typescript/-/eslint-import-resolver-typescript-3.10.1.tgz 0ms (cache hit)
1878 http cache escape-string-regexp@https://registry.npmjs.org/escape-string-regexp/-/escape-string-regexp-4.0.0.tgz 0ms (cache hit)
1879 http cache escalade@https://registry.npmjs.org/escalade/-/escalade-3.2.0.tgz 0ms (cache hit)
1880 http cache es-shim-unscopables@https://registry.npmjs.org/es-shim-unscopables/-/es-shim-unscopables-1.1.0.tgz 0ms (cache hit)
1881 http cache es-to-primitive@https://registry.npmjs.org/es-to-primitive/-/es-to-primitive-1.3.0.tgz 0ms (cache hit)
1882 http cache escape-html@https://registry.npmjs.org/escape-html/-/escape-html-1.0.3.tgz 0ms (cache hit)
1883 http cache es-set-tostringtag@https://registry.npmjs.org/es-set-tostringtag/-/es-set-tostringtag-2.1.0.tgz 0ms (cache hit)
1884 http cache es-object-atoms@https://registry.npmjs.org/es-object-atoms/-/es-object-atoms-1.1.1.tgz 0ms (cache hit)
1885 http cache es-iterator-helpers@https://registry.npmjs.org/es-iterator-helpers/-/es-iterator-helpers-1.3.1.tgz 0ms (cache hit)
1886 http cache es-define-property@https://registry.npmjs.org/es-define-property/-/es-define-property-1.0.1.tgz 0ms (cache hit)
1887 http cache es-errors@https://registry.npmjs.org/es-errors/-/es-errors-1.3.0.tgz 0ms (cache hit)
1888 http cache es-abstract@https://registry.npmjs.org/es-abstract/-/es-abstract-1.24.1.tgz 0ms (cache hit)
1889 http cache error-stack-parser@https://registry.npmjs.org/error-stack-parser/-/error-stack-parser-2.1.4.tgz 0ms (cache hit)
1890 http cache err-code@https://registry.npmjs.org/err-code/-/err-code-2.0.3.tgz 0ms (cache hit)
1891 http cache error-ex@https://registry.npmjs.org/error-ex/-/error-ex-1.3.4.tgz 0ms (cache hit)
1892 http cache envinfo@https://registry.npmjs.org/envinfo/-/envinfo-7.11.0.tgz 0ms (cache hit)
1893 http cache env-string@https://registry.npmjs.org/env-string/-/env-string-1.0.1.tgz 0ms (cache hit)
1894 http cache entities@https://registry.npmjs.org/entities/-/entities-4.5.0.tgz 0ms (cache hit)
1895 http cache env-paths@https://registry.npmjs.org/env-paths/-/env-paths-2.2.0.tgz 0ms (cache hit)
1896 http cache env-editor@https://registry.npmjs.org/env-editor/-/env-editor-0.4.2.tgz 0ms (cache hit)
1897 http cache emoji-regex@https://registry.npmjs.org/emoji-regex/-/emoji-regex-8.0.0.tgz 0ms (cache hit)
1898 http cache encodeurl@https://registry.npmjs.org/encodeurl/-/encodeurl-1.0.2.tgz 0ms (cache hit)
1899 http cache electron-to-chromium@https://registry.npmjs.org/electron-to-chromium/-/electron-to-chromium-1.5.331.tgz 0ms (cache hit)
1900 http cache ee-first@https://registry.npmjs.org/ee-first/-/ee-first-1.1.1.tgz 0ms (cache hit)
1901 http cache eastasianwidth@https://registry.npmjs.org/eastasianwidth/-/eastasianwidth-0.2.0.tgz 0ms (cache hit)
1902 http cache ejs@https://registry.npmjs.org/ejs/-/ejs-3.1.10.tgz 0ms (cache hit)
1903 http cache eas-cli@https://registry.npmjs.org/eas-cli/-/eas-cli-18.5.0.tgz 0ms (cache hit)
1904 http cache dunder-proto@https://registry.npmjs.org/dunder-proto/-/dunder-proto-1.0.1.tgz 0ms (cache hit)
1905 http cache dotenv@https://registry.npmjs.org/dotenv/-/dotenv-16.4.7.tgz 0ms (cache hit)
1906 http cache dotenv-expand@https://registry.npmjs.org/dotenv-expand/-/dotenv-expand-11.0.7.tgz 0ms (cache hit)
1907 http cache domutils@https://registry.npmjs.org/domutils/-/domutils-3.2.2.tgz 0ms (cache hit)
1908 http cache dtrace-provider@https://registry.npmjs.org/dtrace-provider/-/dtrace-provider-0.8.8.tgz 0ms (cache hit)
1909 http cache domino@https://registry.npmjs.org/domino/-/domino-2.1.7.tgz 0ms (cache hit)
1910 http cache domhandler@https://registry.npmjs.org/domhandler/-/domhandler-5.0.3.tgz 0ms (cache hit)
1911 http cache domelementtype@https://registry.npmjs.org/domelementtype/-/domelementtype-2.3.0.tgz 0ms (cache hit)
1912 http cache doctrine@https://registry.npmjs.org/doctrine/-/doctrine-2.1.0.tgz 0ms (cache hit)
1913 http cache dom-serializer@https://registry.npmjs.org/dom-serializer/-/dom-serializer-2.0.0.tgz 0ms (cache hit)
1914 http cache dir-glob@https://registry.npmjs.org/dir-glob/-/dir-glob-3.0.1.tgz 0ms (cache hit)
1915 http cache dijkstrajs@https://registry.npmjs.org/dijkstrajs/-/dijkstrajs-1.0.3.tgz 0ms (cache hit)
1916 http cache diff@https://registry.npmjs.org/diff/-/diff-7.0.0.tgz 0ms (cache hit)
1917 http cache detect-node-es@https://registry.npmjs.org/detect-node-es/-/detect-node-es-1.1.0.tgz 0ms (cache hit)
1918 http cache destroy@https://registry.npmjs.org/destroy/-/destroy-1.2.0.tgz 0ms (cache hit)
1919 http cache detect-libc@https://registry.npmjs.org/detect-libc/-/detect-libc-2.1.2.tgz 1ms (cache hit)
1920 http cache depd@https://registry.npmjs.org/depd/-/depd-2.0.0.tgz 0ms (cache hit)
1921 http cache define-properties@https://registry.npmjs.org/define-properties/-/define-properties-1.2.1.tgz 0ms (cache hit)
1922 http cache delayed-stream@https://registry.npmjs.org/delayed-stream/-/delayed-stream-1.0.0.tgz 0ms (cache hit)
1923 http cache define-data-property@https://registry.npmjs.org/define-data-property/-/define-data-property-1.1.4.tgz 0ms (cache hit)
1924 http cache define-lazy-prop@https://registry.npmjs.org/define-lazy-prop/-/define-lazy-prop-2.0.0.tgz 0ms (cache hit)
1925 http cache defaults@https://registry.npmjs.org/defaults/-/defaults-1.0.4.tgz 0ms (cache hit)
1926 http cache deep-is@https://registry.npmjs.org/deep-is/-/deep-is-0.1.4.tgz 0ms (cache hit)
1927 http cache deep-extend@https://registry.npmjs.org/deep-extend/-/deep-extend-0.6.0.tgz 0ms (cache hit)
1928 http cache decamelize@https://registry.npmjs.org/decamelize/-/decamelize-1.2.0.tgz 0ms (cache hit)
1929 http cache decode-uri-component@https://registry.npmjs.org/decode-uri-component/-/decode-uri-component-0.2.2.tgz 0ms (cache hit)
1930 http cache deepmerge@https://registry.npmjs.org/deepmerge/-/deepmerge-4.3.1.tgz 0ms (cache hit)
1931 http cache dateformat@https://registry.npmjs.org/dateformat/-/dateformat-4.6.3.tgz 0ms (cache hit)
1932 http cache data-view-byte-offset@https://registry.npmjs.org/data-view-byte-offset/-/data-view-byte-offset-1.0.1.tgz 0ms (cache hit)
1933 http cache debug@https://registry.npmjs.org/debug/-/debug-4.4.3.tgz 0ms (cache hit)
1934 http cache data-view-buffer@https://registry.npmjs.org/data-view-buffer/-/data-view-buffer-1.0.2.tgz 0ms (cache hit)
1935 http cache data-view-byte-length@https://registry.npmjs.org/data-view-byte-length/-/data-view-byte-length-1.0.2.tgz 0ms (cache hit)
1936 http cache csstype@https://registry.npmjs.org/csstype/-/csstype-3.2.3.tgz 0ms (cache hit)
1937 http cache css-what@https://registry.npmjs.org/css-what/-/css-what-6.2.2.tgz 0ms (cache hit)
1938 http cache css-select@https://registry.npmjs.org/css-select/-/css-select-5.2.2.tgz 0ms (cache hit)
1939 http cache css-in-js-utils@https://registry.npmjs.org/css-in-js-utils/-/css-in-js-utils-3.1.0.tgz 0ms (cache hit)
1940 http cache crypto-random-string@https://registry.npmjs.org/crypto-random-string/-/crypto-random-string-2.0.0.tgz 0ms (cache hit)
1941 http cache crypt@https://registry.npmjs.org/crypt/-/crypt-0.0.2.tgz 0ms (cache hit)
1942 http cache css-tree@https://registry.npmjs.org/css-tree/-/css-tree-1.1.3.tgz 0ms (cache hit)
1943 http cache cross-spawn@https://registry.npmjs.org/cross-spawn/-/cross-spawn-7.0.6.tgz 0ms (cache hit)
1944 http cache cross-fetch@https://registry.npmjs.org/cross-fetch/-/cross-fetch-3.2.0.tgz 0ms (cache hit)
1945 http cache create-require@https://registry.npmjs.org/create-require/-/create-require-1.1.1.tgz 0ms (cache hit)
1946 http cache core-js-compat@https://registry.npmjs.org/core-js-compat/-/core-js-compat-3.49.0.tgz 0ms (cache hit)
1947 http cache convert-source-map@https://registry.npmjs.org/convert-source-map/-/convert-source-map-2.0.0.tgz 0ms (cache hit)
1948 http cache content-type@https://registry.npmjs.org/content-type/-/content-type-1.0.5.tgz 0ms (cache hit)
1949 http cache connect@https://registry.npmjs.org/connect/-/connect-3.7.0.tgz 0ms (cache hit)
1950 http cache concat-map@https://registry.npmjs.org/concat-map/-/concat-map-0.0.1.tgz 0ms (cache hit)
1951 http cache compression@https://registry.npmjs.org/compression/-/compression-1.8.1.tgz 0ms (cache hit)
1952 http cache compressible@https://registry.npmjs.org/compressible/-/compressible-2.0.18.tgz 0ms (cache hit)
1953 http cache component-type@https://registry.npmjs.org/component-type/-/component-type-1.2.2.tgz 0ms (cache hit)
1954 http cache commander@https://registry.npmjs.org/commander/-/commander-7.2.0.tgz 0ms (cache hit)
1955 http cache combined-stream@https://registry.npmjs.org/combined-stream/-/combined-stream-1.0.8.tgz 0ms (cache hit)
1956 http cache color-convert@https://registry.npmjs.org/color-convert/-/color-convert-2.0.1.tgz 0ms (cache hit)
1957 http cache color-string@https://registry.npmjs.org/color-string/-/color-string-1.9.1.tgz 0ms (cache hit)
1958 http cache color-name@https://registry.npmjs.org/color-name/-/color-name-1.1.4.tgz 0ms (cache hit)
1959 http cache color@https://registry.npmjs.org/color/-/color-4.2.3.tgz 0ms (cache hit)
1960 http cache clone@https://registry.npmjs.org/clone/-/clone-1.0.4.tgz 0ms (cache hit)
1961 http cache cliui@https://registry.npmjs.org/cliui/-/cliui-8.0.1.tgz 0ms (cache hit)
1962 http cache client-only@https://registry.npmjs.org/client-only/-/client-only-0.0.1.tgz 0ms (cache hit)
1963 http cache cli-spinners@https://registry.npmjs.org/cli-spinners/-/cli-spinners-2.9.2.tgz 0ms (cache hit)
1964 http cache cli-cursor@https://registry.npmjs.org/cli-cursor/-/cli-cursor-2.1.0.tgz 0ms (cache hit)
1965 http cache cli-progress@https://registry.npmjs.org/cli-progress/-/cli-progress-3.12.0.tgz 0ms (cache hit)
1966 http cache clean-stack@https://registry.npmjs.org/clean-stack/-/clean-stack-3.0.1.tgz 0ms (cache hit)
1967 http cache ci-info@https://registry.npmjs.org/ci-info/-/ci-info-2.0.0.tgz 0ms (cache hit)
1968 http cache chromium-edge-launcher@https://registry.npmjs.org/chromium-edge-launcher/-/chromium-edge-launcher-0.2.0.tgz 0ms (cache hit)
1969 http cache chrome-launcher@https://registry.npmjs.org/chrome-launcher/-/chrome-launcher-0.15.2.tgz 0ms (cache hit)
1970 http cache chalk@https://registry.npmjs.org/chalk/-/chalk-4.1.2.tgz 0ms (cache hit)
1971 http cache chownr@https://registry.npmjs.org/chownr/-/chownr-3.0.0.tgz 0ms (cache hit)
1972 http cache charenc@https://registry.npmjs.org/charenc/-/charenc-0.0.2.tgz 0ms (cache hit)
1973 http cache cardinal@https://registry.npmjs.org/cardinal/-/cardinal-2.1.1.tgz 0ms (cache hit)
1974 http cache caniuse-lite@https://registry.npmjs.org/caniuse-lite/-/caniuse-lite-1.0.30001785.tgz 0ms (cache hit)
1975 http cache camelcase@https://registry.npmjs.org/camelcase/-/camelcase-6.3.0.tgz 0ms (cache hit)
1976 http cache callsites@https://registry.npmjs.org/callsites/-/callsites-3.1.0.tgz 0ms (cache hit)
1977 http cache call-bound@https://registry.npmjs.org/call-bound/-/call-bound-1.0.4.tgz 0ms (cache hit)
1978 http cache call-bind-apply-helpers@https://registry.npmjs.org/call-bind-apply-helpers/-/call-bind-apply-helpers-1.0.2.tgz 0ms (cache hit)
1979 http cache bytes@https://registry.npmjs.org/bytes/-/bytes-3.1.2.tgz 0ms (cache hit)
1980 http cache call-bind@https://registry.npmjs.org/call-bind/-/call-bind-1.0.8.tgz 0ms (cache hit)
1981 http cache buffer-from@https://registry.npmjs.org/buffer-from/-/buffer-from-1.1.2.tgz 0ms (cache hit)
1982 http cache bunyan@https://registry.npmjs.org/bunyan/-/bunyan-1.8.15.tgz 0ms (cache hit)
1983 http cache buffer@https://registry.npmjs.org/buffer/-/buffer-5.7.1.tgz 0ms (cache hit)
1984 http cache bser@https://registry.npmjs.org/bser/-/bser-2.1.1.tgz 0ms (cache hit)
1985 http cache browserslist@https://registry.npmjs.org/browserslist/-/browserslist-4.28.2.tgz 0ms (cache hit)
1986 http cache braces@https://registry.npmjs.org/braces/-/braces-3.0.3.tgz 0ms (cache hit)
1987 http cache brace-expansion@https://registry.npmjs.org/brace-expansion/-/brace-expansion-1.1.13.tgz 0ms (cache hit)
1988 http cache bplist-parser@https://registry.npmjs.org/bplist-parser/-/bplist-parser-0.3.1.tgz 0ms (cache hit)
1989 http cache bplist-creator@https://registry.npmjs.org/bplist-creator/-/bplist-creator-0.1.0.tgz 0ms (cache hit)
1990 http cache big-integer@https://registry.npmjs.org/big-integer/-/big-integer-1.6.52.tgz 0ms (cache hit)
1991 http cache boolbase@https://registry.npmjs.org/boolbase/-/boolbase-1.0.0.tgz 0ms (cache hit)
1992 http cache better-opn@https://registry.npmjs.org/better-opn/-/better-opn-3.0.2.tgz 0ms (cache hit)
1993 http cache bare-events@https://registry.npmjs.org/bare-events/-/bare-events-2.8.2.tgz 0ms (cache hit)
1994 http cache baseline-browser-mapping@https://registry.npmjs.org/baseline-browser-mapping/-/baseline-browser-mapping-2.10.15.tgz 0ms (cache hit)
1995 http cache base64-js@https://registry.npmjs.org/base64-js/-/base64-js-1.5.1.tgz 0ms (cache hit)
1996 http cache balanced-match@https://registry.npmjs.org/balanced-match/-/balanced-match-1.0.2.tgz 0ms (cache hit)
1997 http cache babel-preset-jest@https://registry.npmjs.org/babel-preset-jest/-/babel-preset-jest-29.6.3.tgz 0ms (cache hit)
1998 http cache babel-preset-expo@https://registry.npmjs.org/babel-preset-expo/-/babel-preset-expo-54.0.10.tgz 0ms (cache hit)
1999 http cache babel-preset-current-node-syntax@https://registry.npmjs.org/babel-preset-current-node-syntax/-/babel-preset-current-node-syntax-1.2.0.tgz 0ms (cache hit)
2000 http cache babel-plugin-transform-flow-enums@https://registry.npmjs.org/babel-plugin-transform-flow-enums/-/babel-plugin-transform-flow-enums-0.0.2.tgz 0ms (cache hit)
2001 http cache babel-plugin-syntax-hermes-parser@https://registry.npmjs.org/babel-plugin-syntax-hermes-parser/-/babel-plugin-syntax-hermes-parser-0.29.1.tgz 0ms (cache hit)
2002 http cache babel-plugin-react-native-web@https://registry.npmjs.org/babel-plugin-react-native-web/-/babel-plugin-react-native-web-0.21.2.tgz 0ms (cache hit)
2003 http cache babel-plugin-react-compiler@https://registry.npmjs.org/babel-plugin-react-compiler/-/babel-plugin-react-compiler-1.0.0.tgz 0ms (cache hit)
2004 http cache babel-plugin-polyfill-corejs3@https://registry.npmjs.org/babel-plugin-polyfill-corejs3/-/babel-plugin-polyfill-corejs3-0.13.0.tgz 0ms (cache hit)
2005 http cache babel-plugin-polyfill-regenerator@https://registry.npmjs.org/babel-plugin-polyfill-regenerator/-/babel-plugin-polyfill-regenerator-0.6.8.tgz 0ms (cache hit)
2006 http cache babel-plugin-polyfill-corejs2@https://registry.npmjs.org/babel-plugin-polyfill-corejs2/-/babel-plugin-polyfill-corejs2-0.4.17.tgz 0ms (cache hit)
2007 http cache babel-plugin-jest-hoist@https://registry.npmjs.org/babel-plugin-jest-hoist/-/babel-plugin-jest-hoist-29.6.3.tgz 0ms (cache hit)
2008 http cache babel-plugin-istanbul@https://registry.npmjs.org/babel-plugin-istanbul/-/babel-plugin-istanbul-6.1.1.tgz 0ms (cache hit)
2009 http cache babel-jest@https://registry.npmjs.org/babel-jest/-/babel-jest-29.7.0.tgz 0ms (cache hit)
2010 http cache at-least-node@https://registry.npmjs.org/at-least-node/-/at-least-node-1.0.0.tgz 0ms (cache hit)
2011 http cache b4a@https://registry.npmjs.org/b4a/-/b4a-1.8.0.tgz 0ms (cache hit)
2012 http cache available-typed-arrays@https://registry.npmjs.org/available-typed-arrays/-/available-typed-arrays-1.0.7.tgz 0ms (cache hit)
2013 http cache async-limiter@https://registry.npmjs.org/async-limiter/-/async-limiter-1.0.1.tgz 0ms (cache hit)
2014 http cache async-function@https://registry.npmjs.org/async-function/-/async-function-1.0.0.tgz 0ms (cache hit)
2015 http cache asynckit@https://registry.npmjs.org/asynckit/-/asynckit-0.4.0.tgz 0ms (cache hit)
2016 http cache async@https://registry.npmjs.org/async/-/async-3.2.6.tgz 0ms (cache hit)
2017 http cache astral-regex@https://registry.npmjs.org/astral-regex/-/astral-regex-2.0.0.tgz 0ms (cache hit)
2018 http cache asn1@https://registry.npmjs.org/asn1/-/asn1-0.2.6.tgz 0ms (cache hit)
2019 http cache asap@https://registry.npmjs.org/asap/-/asap-2.0.6.tgz 0ms (cache hit)
2020 http cache arraybuffer.prototype.slice@https://registry.npmjs.org/arraybuffer.prototype.slice/-/arraybuffer.prototype.slice-1.0.4.tgz 0ms (cache hit)
2021 http cache array.prototype.tosorted@https://registry.npmjs.org/array.prototype.tosorted/-/array.prototype.tosorted-1.1.4.tgz 0ms (cache hit)
2022 http cache array.prototype.flatmap@https://registry.npmjs.org/array.prototype.flatmap/-/array.prototype.flatmap-1.3.3.tgz 0ms (cache hit)
2023 http cache array.prototype.flat@https://registry.npmjs.org/array.prototype.flat/-/array.prototype.flat-1.3.3.tgz 0ms (cache hit)
2024 http cache array.prototype.findlastindex@https://registry.npmjs.org/array.prototype.findlastindex/-/array.prototype.findlastindex-1.2.6.tgz 0ms (cache hit)
2025 http cache array.prototype.findlast@https://registry.npmjs.org/array.prototype.findlast/-/array.prototype.findlast-1.2.5.tgz 0ms (cache hit)
2026 http cache array-union@https://registry.npmjs.org/array-union/-/array-union-2.1.0.tgz 0ms (cache hit)
2027 http cache array-buffer-byte-length@https://registry.npmjs.org/array-buffer-byte-length/-/array-buffer-byte-length-1.0.2.tgz 0ms (cache hit)
2028 http cache array-includes@https://registry.npmjs.org/array-includes/-/array-includes-3.1.9.tgz 0ms (cache hit)
2029 http cache argparse@https://registry.npmjs.org/argparse/-/argparse-2.0.1.tgz 0ms (cache hit)
2030 http cache aria-hidden@https://registry.npmjs.org/aria-hidden/-/aria-hidden-1.2.6.tgz 0ms (cache hit)
2031 http cache arg@https://registry.npmjs.org/arg/-/arg-5.0.2.tgz 0ms (cache hit)
2032 http cache anymatch@https://registry.npmjs.org/anymatch/-/anymatch-3.1.3.tgz 0ms (cache hit)
2033 http cache any-promise@https://registry.npmjs.org/any-promise/-/any-promise-1.3.0.tgz 0ms (cache hit)
2034 http cache ansis@https://registry.npmjs.org/ansis/-/ansis-3.17.0.tgz 0ms (cache hit)
2035 http cache ansicolors@https://registry.npmjs.org/ansicolors/-/ansicolors-0.3.2.tgz 0ms (cache hit)
2036 http cache ansi-styles@https://registry.npmjs.org/ansi-styles/-/ansi-styles-4.3.0.tgz 0ms (cache hit)
2037 http cache ansi-regex@https://registry.npmjs.org/ansi-regex/-/ansi-regex-5.0.1.tgz 0ms (cache hit)
2038 http cache ansi-escapes@https://registry.npmjs.org/ansi-escapes/-/ansi-escapes-4.3.2.tgz 0ms (cache hit)
2039 http cache anser@https://registry.npmjs.org/anser/-/anser-1.4.10.tgz 0ms (cache hit)
2040 http cache ajv-formats@https://registry.npmjs.org/ajv-formats/-/ajv-formats-2.1.1.tgz 0ms (cache hit)
2041 http cache ajv@https://registry.npmjs.org/ajv/-/ajv-6.14.0.tgz 0ms (cache hit)
2042 http cache acorn-walk@https://registry.npmjs.org/acorn-walk/-/acorn-walk-8.3.5.tgz 0ms (cache hit)
2043 http cache agent-base@https://registry.npmjs.org/agent-base/-/agent-base-7.1.4.tgz 0ms (cache hit)
2044 http cache acorn-jsx@https://registry.npmjs.org/acorn-jsx/-/acorn-jsx-5.3.2.tgz 0ms (cache hit)
2045 http cache acorn@https://registry.npmjs.org/acorn/-/acorn-8.16.0.tgz 0ms (cache hit)
2046 http cache accepts@https://registry.npmjs.org/accepts/-/accepts-1.3.8.tgz 0ms (cache hit)
2047 http cache abort-controller@https://registry.npmjs.org/abort-controller/-/abort-controller-3.0.0.tgz 0ms (cache hit)
2048 http cache minimatch@https://registry.npmjs.org/minimatch/-/minimatch-10.2.5.tgz 0ms (cache hit)
2049 http cache semver@https://registry.npmjs.org/semver/-/semver-7.7.4.tgz 0ms (cache hit)
2050 http cache eslint-visitor-keys@https://registry.npmjs.org/eslint-visitor-keys/-/eslint-visitor-keys-5.0.1.tgz 0ms (cache hit)
2051 http cache brace-expansion@https://registry.npmjs.org/brace-expansion/-/brace-expansion-5.0.5.tgz 0ms (cache hit)
2052 http cache balanced-match@https://registry.npmjs.org/balanced-match/-/balanced-match-4.0.4.tgz 0ms (cache hit)
2053 http cache ignore@https://registry.npmjs.org/ignore/-/ignore-7.0.5.tgz 0ms (cache hit)
2054 http cache https-proxy-agent@https://registry.npmjs.org/https-proxy-agent/-/https-proxy-agent-5.0.1.tgz 0ms (cache hit)
2055 http cache agent-base@https://registry.npmjs.org/agent-base/-/agent-base-6.0.2.tgz 0ms (cache hit)
2056 http cache ws@https://registry.npmjs.org/ws/-/ws-6.2.3.tgz 0ms (cache hit)
2057 http cache semver@https://registry.npmjs.org/semver/-/semver-7.7.4.tgz 0ms (cache hit)
2058 http cache glob@https://registry.npmjs.org/glob/-/glob-7.2.3.tgz 0ms (cache hit)
2059 http cache semver@https://registry.npmjs.org/semver/-/semver-7.7.4.tgz 0ms (cache hit)
2060 http cache supports-color@https://registry.npmjs.org/supports-color/-/supports-color-8.1.1.tgz 0ms (cache hit)
2061 http cache brace-expansion@https://registry.npmjs.org/brace-expansion/-/brace-expansion-5.0.5.tgz 0ms (cache hit)
2062 http cache balanced-match@https://registry.npmjs.org/balanced-match/-/balanced-match-4.0.4.tgz 0ms (cache hit)
2063 http cache minimatch@https://registry.npmjs.org/minimatch/-/minimatch-10.2.5.tgz 0ms (cache hit)
2064 http cache p-locate@https://registry.npmjs.org/p-locate/-/p-locate-4.1.0.tgz 0ms (cache hit)
2065 http cache locate-path@https://registry.npmjs.org/locate-path/-/locate-path-5.0.0.tgz 0ms (cache hit)
2066 http cache js-yaml@https://registry.npmjs.org/js-yaml/-/js-yaml-3.14.2.tgz 0ms (cache hit)
2067 http cache find-up@https://registry.npmjs.org/find-up/-/find-up-4.1.0.tgz 0ms (cache hit)
2068 http cache camelcase@https://registry.npmjs.org/camelcase/-/camelcase-5.3.1.tgz 0ms (cache hit)
2069 http cache wrap-ansi@https://registry.npmjs.org/wrap-ansi/-/wrap-ansi-8.1.0.tgz 0ms (cache hit)
2070 http cache argparse@https://registry.npmjs.org/argparse/-/argparse-1.0.10.tgz 0ms (cache hit)
2071 http cache strip-ansi@https://registry.npmjs.org/strip-ansi/-/strip-ansi-7.2.0.tgz 0ms (cache hit)
2072 http cache string-width@https://registry.npmjs.org/string-width/-/string-width-5.1.2.tgz 0ms (cache hit)
2073 http cache emoji-regex@https://registry.npmjs.org/emoji-regex/-/emoji-regex-9.2.2.tgz 0ms (cache hit)
2074 http cache ansi-regex@https://registry.npmjs.org/ansi-regex/-/ansi-regex-6.2.2.tgz 0ms (cache hit)
2075 http cache ansi-styles@https://registry.npmjs.org/ansi-styles/-/ansi-styles-6.2.3.tgz 0ms (cache hit)
2076 http cache uuid@https://registry.npmjs.org/uuid/-/uuid-9.0.1.tgz 0ms (cache hit)
2077 http cache joi@https://registry.npmjs.org/joi/-/joi-17.13.3.tgz 0ms (cache hit)
2078 http cache uuid@https://registry.npmjs.org/uuid/-/uuid-8.3.2.tgz 0ms (cache hit)
2079 http cache semver@https://registry.npmjs.org/semver/-/semver-7.7.4.tgz 0ms (cache hit)
2080 http cache @oclif/core@https://registry.npmjs.org/@oclif/core/-/core-2.16.0.tgz 0ms (cache hit)
2081 http cache semver@https://registry.npmjs.org/semver/-/semver-7.7.4.tgz 0ms (cache hit)
2082 http cache supports-color@https://registry.npmjs.org/supports-color/-/supports-color-8.1.1.tgz 0ms (cache hit)
2083 http cache js-yaml@https://registry.npmjs.org/js-yaml/-/js-yaml-3.14.2.tgz 0ms (cache hit)
2084 http cache fs-extra@https://registry.npmjs.org/fs-extra/-/fs-extra-10.1.0.tgz 0ms (cache hit)
2085 http cache argparse@https://registry.npmjs.org/argparse/-/argparse-1.0.10.tgz 0ms (cache hit)
2086 http cache @oclif/core@https://registry.npmjs.org/@oclif/core/-/core-2.16.0.tgz 0ms (cache hit)
2087 http cache js-yaml@https://registry.npmjs.org/js-yaml/-/js-yaml-3.14.2.tgz 0ms (cache hit)
2088 http cache supports-color@https://registry.npmjs.org/supports-color/-/supports-color-8.1.1.tgz 0ms (cache hit)
2089 http cache minimatch@https://registry.npmjs.org/minimatch/-/minimatch-9.0.9.tgz 0ms (cache hit)
2090 http cache semver@https://registry.npmjs.org/semver/-/semver-7.7.4.tgz 0ms (cache hit)
2091 http cache brace-expansion@https://registry.npmjs.org/brace-expansion/-/brace-expansion-2.0.3.tgz 0ms (cache hit)
2092 http cache argparse@https://registry.npmjs.org/argparse/-/argparse-1.0.10.tgz 0ms (cache hit)
2093 http cache semver@https://registry.npmjs.org/semver/-/semver-7.7.4.tgz 0ms (cache hit)
2094 http cache minimatch@https://registry.npmjs.org/minimatch/-/minimatch-9.0.9.tgz 0ms (cache hit)
2095 http cache brace-expansion@https://registry.npmjs.org/brace-expansion/-/brace-expansion-2.0.3.tgz 0ms (cache hit)
2096 http cache chalk@https://registry.npmjs.org/chalk/-/chalk-2.4.2.tgz 0ms (cache hit)
2097 http cache yallist@https://registry.npmjs.org/yallist/-/yallist-4.0.0.tgz 0ms (cache hit)
2098 http cache tslib@https://registry.npmjs.org/tslib/-/tslib-2.4.1.tgz 0ms (cache hit)
2099 http cache @babel/code-frame@https://registry.npmjs.org/@babel/code-frame/-/code-frame-7.23.5.tgz 0ms (cache hit)
2100 http cache supports-color@https://registry.npmjs.org/supports-color/-/supports-color-5.5.0.tgz 0ms (cache hit)
2101 http cache semver@https://registry.npmjs.org/semver/-/semver-7.5.2.tgz 0ms (cache hit)
2102 http cache has-flag@https://registry.npmjs.org/has-flag/-/has-flag-3.0.0.tgz 0ms (cache hit)
2103 http cache lru-cache@https://registry.npmjs.org/lru-cache/-/lru-cache-6.0.0.tgz 0ms (cache hit)
2104 http cache escape-string-regexp@https://registry.npmjs.org/escape-string-regexp/-/escape-string-regexp-1.0.5.tgz 0ms (cache hit)
2105 http cache color-convert@https://registry.npmjs.org/color-convert/-/color-convert-1.9.3.tgz 0ms (cache hit)
2106 http cache log-symbols@https://registry.npmjs.org/log-symbols/-/log-symbols-4.1.0.tgz 0ms (cache hit)
2107 http cache color-name@https://registry.npmjs.org/color-name/-/color-name-1.1.3.tgz 0ms (cache hit)
2108 http cache ansi-styles@https://registry.npmjs.org/ansi-styles/-/ansi-styles-3.2.1.tgz 0ms (cache hit)
2109 http cache joi@https://registry.npmjs.org/joi/-/joi-17.13.3.tgz 0ms (cache hit)
2110 http cache debug@https://registry.npmjs.org/debug/-/debug-3.2.7.tgz 0ms (cache hit)
2111 http cache semver@https://registry.npmjs.org/semver/-/semver-7.7.4.tgz 0ms (cache hit)
2112 http cache @babel/code-frame@https://registry.npmjs.org/@babel/code-frame/-/code-frame-7.10.4.tgz 0ms (cache hit)
2113 http cache semver@https://registry.npmjs.org/semver/-/semver-7.7.4.tgz 0ms (cache hit)
2114 http cache eslint-visitor-keys@https://registry.npmjs.org/eslint-visitor-keys/-/eslint-visitor-keys-3.4.3.tgz 0ms (cache hit)
2115 http cache uuid@https://registry.npmjs.org/uuid/-/uuid-8.3.2.tgz 0ms (cache hit)
2116 http cache @jridgewell/trace-mapping@https://registry.npmjs.org/@jridgewell/trace-mapping/-/trace-mapping-0.3.9.tgz 0ms (cache hit)
2117 http cache has-flag@https://registry.npmjs.org/has-flag/-/has-flag-3.0.0.tgz 0ms (cache hit)
2118 http cache p-limit@https://registry.npmjs.org/p-limit/-/p-limit-2.3.0.tgz 0ms (cache hit)
2119 http cache escape-string-regexp@https://registry.npmjs.org/escape-string-regexp/-/escape-string-regexp-1.0.5.tgz 0ms (cache hit)
2120 http cache semver@https://registry.npmjs.org/semver/-/semver-7.7.4.tgz 0ms (cache hit)
2121 http cache color-name@https://registry.npmjs.org/color-name/-/color-name-1.1.3.tgz 0ms (cache hit)
2122 http cache chalk@https://registry.npmjs.org/chalk/-/chalk-2.4.2.tgz 0ms (cache hit)
2123 http cache ansi-styles@https://registry.npmjs.org/ansi-styles/-/ansi-styles-3.2.1.tgz 0ms (cache hit)
2124 http cache resolve@https://registry.npmjs.org/resolve/-/resolve-1.22.11.tgz 0ms (cache hit)
2125 http cache xmlbuilder@https://registry.npmjs.org/xmlbuilder/-/xmlbuilder-11.0.1.tgz 0ms (cache hit)
2126 http cache webidl-conversions@https://registry.npmjs.org/webidl-conversions/-/webidl-conversions-5.0.0.tgz 0ms (cache hit)
2127 http cache @radix-ui/react-slot@https://registry.npmjs.org/@radix-ui/react-slot/-/react-slot-1.2.3.tgz 0ms (cache hit)
2128 http cache supports-color@https://registry.npmjs.org/supports-color/-/supports-color-5.5.0.tgz 0ms (cache hit)
2129 http cache @radix-ui/react-primitive@https://registry.npmjs.org/@radix-ui/react-primitive/-/react-primitive-2.1.3.tgz 0ms (cache hit)
2130 http cache @radix-ui/react-presence@https://registry.npmjs.org/@radix-ui/react-presence/-/react-presence-1.1.5.tgz 0ms (cache hit)
2131 http cache @radix-ui/react-portal@https://registry.npmjs.org/@radix-ui/react-portal/-/react-portal-1.1.9.tgz 0ms (cache hit)
2132 http cache @radix-ui/react-focus-scope@https://registry.npmjs.org/@radix-ui/react-focus-scope/-/react-focus-scope-1.1.7.tgz 0ms (cache hit)
2133 http cache @radix-ui/react-dismissable-layer@https://registry.npmjs.org/@radix-ui/react-dismissable-layer/-/react-dismissable-layer-1.1.11.tgz 0ms (cache hit)
2134 http cache @radix-ui/react-dialog@https://registry.npmjs.org/@radix-ui/react-dialog/-/react-dialog-1.1.15.tgz 0ms (cache hit)
2135 http cache diff@https://registry.npmjs.org/diff/-/diff-4.0.4.tgz 0ms (cache hit)
2136 http cache json5@https://registry.npmjs.org/json5/-/json5-1.0.2.tgz 0ms (cache hit)
2137 http cache arg@https://registry.npmjs.org/arg/-/arg-4.1.3.tgz 0ms (cache hit)
2138 http cache fdir@https://registry.npmjs.org/fdir/-/fdir-6.5.0.tgz 0ms (cache hit)
2139 http cache glob@https://registry.npmjs.org/glob/-/glob-7.2.3.tgz 0ms (cache hit)
2140 http cache picomatch@https://registry.npmjs.org/picomatch/-/picomatch-4.0.4.tgz 0ms (cache hit)
2141 http cache yallist@https://registry.npmjs.org/yallist/-/yallist-5.0.0.tgz 0ms (cache hit)
2142 http cache commander@https://registry.npmjs.org/commander/-/commander-2.20.3.tgz 0ms (cache hit)
2143 http cache commander@https://registry.npmjs.org/commander/-/commander-4.1.1.tgz 0ms (cache hit)
2144 http cache escape-string-regexp@https://registry.npmjs.org/escape-string-regexp/-/escape-string-regexp-2.0.0.tgz 0ms (cache hit)
2145 http cache source-map@https://registry.npmjs.org/source-map/-/source-map-0.6.1.tgz 0ms (cache hit)
2146 http cache encodeurl@https://registry.npmjs.org/encodeurl/-/encodeurl-2.0.0.tgz 0ms (cache hit)
2147 http cache statuses@https://registry.npmjs.org/statuses/-/statuses-2.0.2.tgz 0ms (cache hit)
2148 http cache on-finished@https://registry.npmjs.org/on-finished/-/on-finished-2.4.1.tgz 0ms (cache hit)
2149 http cache encodeurl@https://registry.npmjs.org/encodeurl/-/encodeurl-2.0.0.tgz 0ms (cache hit)
2150 http cache glob@https://registry.npmjs.org/glob/-/glob-7.2.3.tgz 0ms (cache hit)
2151 http cache ms@https://registry.npmjs.org/ms/-/ms-2.0.0.tgz 0ms (cache hit)
2152 http cache debug@https://registry.npmjs.org/debug/-/debug-2.6.9.tgz 0ms (cache hit)
2153 http cache resolve@https://registry.npmjs.org/resolve/-/resolve-1.7.1.tgz 0ms (cache hit)
2154 http cache semver@https://registry.npmjs.org/semver/-/semver-7.7.2.tgz 0ms (cache hit)
2155 http cache @react-native/normalize-colors@https://registry.npmjs.org/@react-native/normalize-colors/-/normalize-colors-0.74.89.tgz 0ms (cache hit)
2156 http cache memoize-one@https://registry.npmjs.org/memoize-one/-/memoize-one-6.0.0.tgz 0ms (cache hit)
2157 http cache semver@https://registry.npmjs.org/semver/-/semver-7.7.4.tgz 0ms (cache hit)
2158 http cache @react-native/virtualized-lists@https://registry.npmjs.org/@react-native/virtualized-lists/-/virtualized-lists-0.81.5.tgz 0ms (cache hit)
2159 http cache @react-native/gradle-plugin@https://registry.npmjs.org/@react-native/gradle-plugin/-/gradle-plugin-0.81.5.tgz 0ms (cache hit)
2160 http cache ws@https://registry.npmjs.org/ws/-/ws-6.2.3.tgz 0ms (cache hit)
2161 http cache semver@https://registry.npmjs.org/semver/-/semver-7.7.4.tgz 0ms (cache hit)
2162 http cache glob@https://registry.npmjs.org/glob/-/glob-7.2.3.tgz 0ms (cache hit)
2163 http cache commander@https://registry.npmjs.org/commander/-/commander-12.1.0.tgz 0ms (cache hit)
2164 http cache strip-json-comments@https://registry.npmjs.org/strip-json-comments/-/strip-json-comments-2.0.1.tgz 0ms (cache hit)
2165 http cache yargs-parser@https://registry.npmjs.org/yargs-parser/-/yargs-parser-18.1.3.tgz 0ms (cache hit)
2166 http cache yargs@https://registry.npmjs.org/yargs/-/yargs-15.4.1.tgz 0ms (cache hit)
2167 http cache y18n@https://registry.npmjs.org/y18n/-/y18n-4.0.3.tgz 0ms (cache hit)
2168 http cache wrap-ansi@https://registry.npmjs.org/wrap-ansi/-/wrap-ansi-6.2.0.tgz 0ms (cache hit)
2169 http cache p-locate@https://registry.npmjs.org/p-locate/-/p-locate-4.1.0.tgz 0ms (cache hit)
2170 http cache pngjs@https://registry.npmjs.org/pngjs/-/pngjs-5.0.0.tgz 0ms (cache hit)
2171 http cache p-limit@https://registry.npmjs.org/p-limit/-/p-limit-2.3.0.tgz 0ms (cache hit)
2172 http cache locate-path@https://registry.npmjs.org/locate-path/-/locate-path-5.0.0.tgz 0ms (cache hit)
2173 http cache cliui@https://registry.npmjs.org/cliui/-/cliui-6.0.0.tgz 0ms (cache hit)
2174 http cache find-up@https://registry.npmjs.org/find-up/-/find-up-4.1.0.tgz 0ms (cache hit)
2175 http cache camelcase@https://registry.npmjs.org/camelcase/-/camelcase-5.3.1.tgz 0ms (cache hit)
2176 http cache react-is@https://registry.npmjs.org/react-is/-/react-is-16.13.1.tgz 0ms (cache hit)
2177 http cache react-is@https://registry.npmjs.org/react-is/-/react-is-18.3.1.tgz 0ms (cache hit)
2178 http cache ansi-styles@https://registry.npmjs.org/ansi-styles/-/ansi-styles-5.2.0.tgz 0ms (cache hit)
2179 http cache p-locate@https://registry.npmjs.org/p-locate/-/p-locate-4.1.0.tgz 0ms (cache hit)
2180 http cache p-limit@https://registry.npmjs.org/p-limit/-/p-limit-2.3.0.tgz 1ms (cache hit)
2181 http cache find-up@https://registry.npmjs.org/find-up/-/find-up-4.1.0.tgz 0ms (cache hit)
2182 http cache lru-cache@https://registry.npmjs.org/lru-cache/-/lru-cache-11.3.0.tgz 0ms (cache hit)
2183 http cache locate-path@https://registry.npmjs.org/locate-path/-/locate-path-5.0.0.tgz 0ms (cache hit)
2184 http cache strip-ansi@https://registry.npmjs.org/strip-ansi/-/strip-ansi-5.2.0.tgz 0ms (cache hit)
2185 http cache supports-color@https://registry.npmjs.org/supports-color/-/supports-color-5.5.0.tgz 0ms (cache hit)
2186 http cache has-flag@https://registry.npmjs.org/has-flag/-/has-flag-3.0.0.tgz 0ms (cache hit)
2187 http cache escape-string-regexp@https://registry.npmjs.org/escape-string-regexp/-/escape-string-regexp-1.0.5.tgz 0ms (cache hit)
2188 http cache color-name@https://registry.npmjs.org/color-name/-/color-name-1.1.3.tgz 0ms (cache hit)
2189 http cache ansi-styles@https://registry.npmjs.org/ansi-styles/-/ansi-styles-3.2.1.tgz 0ms (cache hit)
2190 http cache color-convert@https://registry.npmjs.org/color-convert/-/color-convert-1.9.3.tgz 0ms (cache hit)
2191 http cache chalk@https://registry.npmjs.org/chalk/-/chalk-2.4.2.tgz 0ms (cache hit)
2192 http cache semver@https://registry.npmjs.org/semver/-/semver-7.7.4.tgz 0ms (cache hit)
2193 http cache ansi-regex@https://registry.npmjs.org/ansi-regex/-/ansi-regex-4.1.1.tgz 0ms (cache hit)
2194 http cache rimraf@https://registry.npmjs.org/rimraf/-/rimraf-2.4.5.tgz 0ms (cache hit)
2195 http cache mkdirp@https://registry.npmjs.org/mkdirp/-/mkdirp-0.5.6.tgz 0ms (cache hit)
2196 http cache hermes-parser@https://registry.npmjs.org/hermes-parser/-/hermes-parser-0.32.0.tgz 0ms (cache hit)
2197 http cache glob@https://registry.npmjs.org/glob/-/glob-6.0.4.tgz 0ms (cache hit)
2198 http cache hermes-estree@https://registry.npmjs.org/hermes-estree/-/hermes-estree-0.32.0.tgz 0ms (cache hit)
2199 http cache hermes-estree@https://registry.npmjs.org/hermes-estree/-/hermes-estree-0.32.0.tgz 0ms (cache hit)
2200 http cache color-convert@https://registry.npmjs.org/color-convert/-/color-convert-1.9.3.tgz 0ms (cache hit)
2201 http cache escape-string-regexp@https://registry.npmjs.org/escape-string-regexp/-/escape-string-regexp-1.0.5.tgz 0ms (cache hit)
2202 http cache has-flag@https://registry.npmjs.org/has-flag/-/has-flag-3.0.0.tgz 0ms (cache hit)
2203 http cache supports-color@https://registry.npmjs.org/supports-color/-/supports-color-5.5.0.tgz 0ms (cache hit)
2204 http cache color-convert@https://registry.npmjs.org/color-convert/-/color-convert-1.9.3.tgz 0ms (cache hit)
2205 http cache color-name@https://registry.npmjs.org/color-name/-/color-name-1.1.3.tgz 0ms (cache hit)
2206 http cache ansi-styles@https://registry.npmjs.org/ansi-styles/-/ansi-styles-3.2.1.tgz 0ms (cache hit)
2207 http cache ms@https://registry.npmjs.org/ms/-/ms-2.0.0.tgz 0ms (cache hit)
2208 http cache chalk@https://registry.npmjs.org/chalk/-/chalk-2.4.2.tgz 0ms (cache hit)
2209 http cache supports-color@https://registry.npmjs.org/supports-color/-/supports-color-8.1.1.tgz 0ms (cache hit)
2210 http cache ci-info@https://registry.npmjs.org/ci-info/-/ci-info-3.9.0.tgz 0ms (cache hit)
2211 http cache hermes-parser@https://registry.npmjs.org/hermes-parser/-/hermes-parser-0.32.0.tgz 0ms (cache hit)
2212 http cache semver@https://registry.npmjs.org/semver/-/semver-7.7.4.tgz 0ms (cache hit)
2213 http cache resolve-from@https://registry.npmjs.org/resolve-from/-/resolve-from-4.0.0.tgz 0ms (cache hit)
2214 http cache statuses@https://registry.npmjs.org/statuses/-/statuses-2.0.2.tgz 0ms (cache hit)
2215 http cache react-is@https://registry.npmjs.org/react-is/-/react-is-16.13.1.tgz 0ms (cache hit)
2216 http cache minimatch@https://registry.npmjs.org/minimatch/-/minimatch-10.2.5.tgz 0ms (cache hit)
2217 http cache lru-cache@https://registry.npmjs.org/lru-cache/-/lru-cache-10.4.3.tgz 0ms (cache hit)
2218 http cache signal-exit@https://registry.npmjs.org/signal-exit/-/signal-exit-4.1.0.tgz 0ms (cache hit)
2219 http cache balanced-match@https://registry.npmjs.org/balanced-match/-/balanced-match-4.0.4.tgz 0ms (cache hit)
2220 http cache brace-expansion@https://registry.npmjs.org/brace-expansion/-/brace-expansion-5.0.5.tgz 0ms (cache hit)
2221 http cache ms@https://registry.npmjs.org/ms/-/ms-2.0.0.tgz 0ms (cache hit)
2222 http cache minimatch@https://registry.npmjs.org/minimatch/-/minimatch-5.1.9.tgz 0ms (cache hit)
2223 http cache escape-string-regexp@https://registry.npmjs.org/escape-string-regexp/-/escape-string-regexp-1.0.5.tgz 0ms (cache hit)
2224 http cache promise@https://registry.npmjs.org/promise/-/promise-7.3.1.tgz 0ms (cache hit)
2225 http cache glob-parent@https://registry.npmjs.org/glob-parent/-/glob-parent-5.1.2.tgz 0ms (cache hit)
2226 http cache brace-expansion@https://registry.npmjs.org/brace-expansion/-/brace-expansion-2.0.3.tgz 0ms (cache hit)
2227 http cache @radix-ui/react-tabs@https://registry.npmjs.org/@radix-ui/react-tabs/-/react-tabs-1.1.13.tgz 0ms (cache hit)
2228 http cache @radix-ui/react-roving-focus@https://registry.npmjs.org/@radix-ui/react-roving-focus/-/react-roving-focus-1.1.11.tgz 0ms (cache hit)
2229 http cache @radix-ui/react-primitive@https://registry.npmjs.org/@radix-ui/react-primitive/-/react-primitive-2.1.3.tgz 0ms (cache hit)
2230 http cache @radix-ui/react-presence@https://registry.npmjs.org/@radix-ui/react-presence/-/react-presence-1.1.5.tgz 0ms (cache hit)
2231 http cache @radix-ui/react-slot@https://registry.npmjs.org/@radix-ui/react-slot/-/react-slot-1.2.3.tgz 0ms (cache hit)
2232 http cache @radix-ui/react-collection@https://registry.npmjs.org/@radix-ui/react-collection/-/react-collection-1.1.7.tgz 0ms (cache hit)
2233 http cache @radix-ui/react-slot@https://registry.npmjs.org/@radix-ui/react-slot/-/react-slot-1.2.3.tgz 0ms (cache hit)
2234 http cache @expo/cli@https://registry.npmjs.org/@expo/cli/-/cli-54.0.23.tgz 0ms (cache hit)
2235 http cache debug@https://registry.npmjs.org/debug/-/debug-2.6.9.tgz 0ms (cache hit)
2236 http cache semver@https://registry.npmjs.org/semver/-/semver-7.6.3.tgz 0ms (cache hit)
2237 http cache ws@https://registry.npmjs.org/ws/-/ws-8.20.0.tgz 0ms (cache hit)
2238 http cache resolve@https://registry.npmjs.org/resolve/-/resolve-1.22.11.tgz 0ms (cache hit)
2239 http cache semver@https://registry.npmjs.org/semver/-/semver-7.7.4.tgz 0ms (cache hit)
2240 http cache minimatch@https://registry.npmjs.org/minimatch/-/minimatch-9.0.9.tgz 0ms (cache hit)
2241 http cache ci-info@https://registry.npmjs.org/ci-info/-/ci-info-3.9.0.tgz 0ms (cache hit)
2242 http cache debug@https://registry.npmjs.org/debug/-/debug-2.6.9.tgz 0ms (cache hit)
2243 http cache brace-expansion@https://registry.npmjs.org/brace-expansion/-/brace-expansion-2.0.3.tgz 0ms (cache hit)
2244 http cache debug@https://registry.npmjs.org/debug/-/debug-3.2.7.tgz 0ms (cache hit)
2245 http cache debug@https://registry.npmjs.org/debug/-/debug-3.2.7.tgz 0ms (cache hit)
2246 http cache globals@https://registry.npmjs.org/globals/-/globals-16.5.0.tgz 0ms (cache hit)
2247 http cache @urql/core@https://registry.npmjs.org/@urql/core/-/core-4.0.11.tgz 0ms (cache hit)
2248 http cache @urql/exchange-retry@https://registry.npmjs.org/@urql/exchange-retry/-/exchange-retry-1.2.0.tgz 0ms (cache hit)
2249 http cache debug@https://registry.npmjs.org/debug/-/debug-3.2.7.tgz 0ms (cache hit)
2250 http cache is-arrayish@https://registry.npmjs.org/is-arrayish/-/is-arrayish-0.2.1.tgz 0ms (cache hit)
2251 http cache @segment/ajv-human-errors@https://registry.npmjs.org/@segment/ajv-human-errors/-/ajv-human-errors-2.16.0.tgz 0ms (cache hit)
2252 http cache @react-native/normalize-colors@https://registry.npmjs.org/@react-native/normalize-colors/-/normalize-colors-0.76.2.tgz 0ms (cache hit)
2253 http cache @expo/prebuild-config@https://registry.npmjs.org/@expo/prebuild-config/-/prebuild-config-8.0.17.tgz 0ms (cache hit)
2254 http cache @xmldom/xmldom@https://registry.npmjs.org/@xmldom/xmldom/-/xmldom-0.7.13.tgz 0ms (cache hit)
2255 http cache @expo/plist@https://registry.npmjs.org/@expo/plist/-/plist-0.2.2.tgz 0ms (cache hit)
2256 http cache @expo/json-file@https://registry.npmjs.org/@expo/json-file/-/json-file-9.1.5.tgz 0ms (cache hit)
2257 http cache @expo/config-types@https://registry.npmjs.org/@expo/config-types/-/config-types-52.0.5.tgz 0ms (cache hit)
2258 http cache @expo/config-plugins@https://registry.npmjs.org/@expo/config-plugins/-/config-plugins-9.0.17.tgz 0ms (cache hit)
2259 http cache @expo/config@https://registry.npmjs.org/@expo/config/-/config-10.0.11.tgz 0ms (cache hit)
2260 http cache @expo/json-file@https://registry.npmjs.org/@expo/json-file/-/json-file-9.0.2.tgz 0ms (cache hit)
2261 http cache @babel/code-frame@https://registry.npmjs.org/@babel/code-frame/-/code-frame-7.10.4.tgz 0ms (cache hit)
2262 http cache semver@https://registry.npmjs.org/semver/-/semver-7.7.4.tgz 0ms (cache hit)
2263 http cache xmlbuilder@https://registry.npmjs.org/xmlbuilder/-/xmlbuilder-14.0.0.tgz 0ms (cache hit)
2264 http cache minimatch@https://registry.npmjs.org/minimatch/-/minimatch-9.0.9.tgz 0ms (cache hit)
2265 http cache glob@https://registry.npmjs.org/glob/-/glob-10.5.0.tgz 0ms (cache hit)
2266 http cache @expo/plist@https://registry.npmjs.org/@expo/plist/-/plist-0.2.0.tgz 0ms (cache hit)
2267 http cache fs-extra@https://registry.npmjs.org/fs-extra/-/fs-extra-9.1.0.tgz 0ms (cache hit)
2268 http cache @xmldom/xmldom@https://registry.npmjs.org/@xmldom/xmldom/-/xmldom-0.7.13.tgz 0ms (cache hit)
2269 http cache @expo/json-file@https://registry.npmjs.org/@expo/json-file/-/json-file-10.0.13.tgz 0ms (cache hit)
2270 http cache xmlbuilder@https://registry.npmjs.org/xmlbuilder/-/xmlbuilder-14.0.0.tgz 0ms (cache hit)
2271 http cache @expo/package-manager@https://registry.npmjs.org/@expo/package-manager/-/package-manager-1.9.10.tgz 0ms (cache hit)
2272 http cache strip-ansi@https://registry.npmjs.org/strip-ansi/-/strip-ansi-5.2.0.tgz 0ms (cache hit)
2273 http cache chalk@https://registry.npmjs.org/chalk/-/chalk-2.4.2.tgz 0ms (cache hit)
2274 http cache ora@https://registry.npmjs.org/ora/-/ora-3.4.0.tgz 0ms (cache hit)
2275 http cache log-symbols@https://registry.npmjs.org/log-symbols/-/log-symbols-2.2.0.tgz 0ms (cache hit)
2276 http cache @expo/osascript@https://registry.npmjs.org/@expo/osascript/-/osascript-2.1.4.tgz 0ms (cache hit)
2277 http cache chalk@https://registry.npmjs.org/chalk/-/chalk-2.4.2.tgz 0ms (cache hit)
2278 http cache @expo/json-file@https://registry.npmjs.org/@expo/json-file/-/json-file-8.3.3.tgz 0ms (cache hit)
2279 http cache @expo/image-utils@https://registry.npmjs.org/@expo/image-utils/-/image-utils-0.6.5.tgz 0ms (cache hit)
2280 http cache @babel/code-frame@https://registry.npmjs.org/@babel/code-frame/-/code-frame-7.10.4.tgz 0ms (cache hit)
2281 http cache semver@https://registry.npmjs.org/semver/-/semver-7.7.4.tgz 0ms (cache hit)
2282 http cache universalify@https://registry.npmjs.org/universalify/-/universalify-1.0.0.tgz 0ms (cache hit)
2283 http cache fs-extra@https://registry.npmjs.org/fs-extra/-/fs-extra-9.0.0.tgz 0ms (cache hit)
2284 http cache @expo/env@https://registry.npmjs.org/@expo/env/-/env-1.0.7.tgz 0ms (cache hit)
2285 http cache dotenv@https://registry.npmjs.org/dotenv/-/dotenv-16.4.7.tgz 0ms (cache hit)
2286 http cache @expo/config-types@https://registry.npmjs.org/@expo/config-types/-/config-types-55.0.5.tgz 0ms (cache hit)
2287 http cache getenv@https://registry.npmjs.org/getenv/-/getenv-2.0.0.tgz 0ms (cache hit)
2288 http cache @expo/config-plugins@https://registry.npmjs.org/@expo/config-plugins/-/config-plugins-55.0.7.tgz 1ms (cache hit)
2289 http cache @expo/plist@https://registry.npmjs.org/@expo/plist/-/plist-0.5.2.tgz 0ms (cache hit)
2290 http cache @expo/json-file@https://registry.npmjs.org/@expo/json-file/-/json-file-10.0.13.tgz 0ms (cache hit)
2291 http cache getenv@https://registry.npmjs.org/getenv/-/getenv-2.0.0.tgz 0ms (cache hit)
2292 http cache @expo/config@https://registry.npmjs.org/@expo/config/-/config-55.0.10.tgz 0ms (cache hit)
2293 http cache picomatch@https://registry.npmjs.org/picomatch/-/picomatch-3.0.2.tgz 0ms (cache hit)
2294 http cache @expo/json-file@https://registry.npmjs.org/@expo/json-file/-/json-file-10.0.13.tgz 0ms (cache hit)
2295 http cache semver@https://registry.npmjs.org/semver/-/semver-7.7.4.tgz 0ms (cache hit)
2296 http cache getenv@https://registry.npmjs.org/getenv/-/getenv-2.0.0.tgz 0ms (cache hit)
2297 http cache @expo/code-signing-certificates@https://registry.npmjs.org/@expo/code-signing-certificates/-/code-signing-certificates-0.0.5.tgz 0ms (cache hit)
2298 http cache yaml@https://registry.npmjs.org/yaml/-/yaml-2.6.0.tgz 0ms (cache hit)
2299 http cache yallist@https://registry.npmjs.org/yallist/-/yallist-4.0.0.tgz 0ms (cache hit)
2300 http cache uuid@https://registry.npmjs.org/uuid/-/uuid-9.0.1.tgz 0ms (cache hit)
2301 http cache write-file-atomic@https://registry.npmjs.org/write-file-atomic/-/write-file-atomic-2.4.3.tgz 0ms (cache hit)
2302 http cache tar@https://registry.npmjs.org/tar/-/tar-7.5.7.tgz 0ms (cache hit)
2303 http cache tslib@https://registry.npmjs.org/tslib/-/tslib-2.6.2.tgz 0ms (cache hit)
2304 http cache yallist@https://registry.npmjs.org/yallist/-/yallist-5.0.0.tgz 0ms (cache hit)
2305 http cache supports-color@https://registry.npmjs.org/supports-color/-/supports-color-5.5.0.tgz 0ms (cache hit)
2306 http cache sucrase@https://registry.npmjs.org/sucrase/-/sucrase-3.35.0.tgz 0ms (cache hit)
2307 http cache minizlib@https://registry.npmjs.org/minizlib/-/minizlib-3.1.0.tgz 0ms (cache hit)
2308 http cache semver@https://registry.npmjs.org/semver/-/semver-7.5.4.tgz 0ms (cache hit)
2309 http cache minimatch@https://registry.npmjs.org/minimatch/-/minimatch-9.0.9.tgz 0ms (cache hit)
2310 http cache glob@https://registry.npmjs.org/glob/-/glob-10.5.0.tgz 0ms (cache hit)
2311 http cache rimraf@https://registry.npmjs.org/rimraf/-/rimraf-5.0.10.tgz 0ms (cache hit)
2312 http cache restore-cursor@https://registry.npmjs.org/restore-cursor/-/restore-cursor-3.1.0.tgz 0ms (cache hit)
2313 http cache minimatch@https://registry.npmjs.org/minimatch/-/minimatch-9.0.9.tgz 0ms (cache hit)
2314 http cache glob@https://registry.npmjs.org/glob/-/glob-10.5.0.tgz 0ms (cache hit)
2315 http cache pngjs@https://registry.npmjs.org/pngjs/-/pngjs-7.0.0.tgz 0ms (cache hit)
2316 http cache qrcode-terminal@https://registry.npmjs.org/qrcode-terminal/-/qrcode-terminal-0.12.0.tgz 0ms (cache hit)
2317 http cache path-scurry@https://registry.npmjs.org/path-scurry/-/path-scurry-1.11.1.tgz 0ms (cache hit)
2318 http cache cli-cursor@https://registry.npmjs.org/cli-cursor/-/cli-cursor-3.1.0.tgz 0ms (cache hit)
2319 http cache lru-cache@https://registry.npmjs.org/lru-cache/-/lru-cache-10.4.3.tgz 0ms (cache hit)
2320 http cache ora@https://registry.npmjs.org/ora/-/ora-5.1.0.tgz 0ms (cache hit)
2321 http cache node-forge@https://registry.npmjs.org/node-forge/-/node-forge-1.3.1.tgz 0ms (cache hit)
2322 http cache onetime@https://registry.npmjs.org/onetime/-/onetime-5.1.2.tgz 0ms (cache hit)
2323 http cache node-fetch@https://registry.npmjs.org/node-fetch/-/node-fetch-2.6.7.tgz 0ms (cache hit)
2324 http cache nanoid@https://registry.npmjs.org/nanoid/-/nanoid-3.3.8.tgz 0ms (cache hit)
2325 http cache minizlib@https://registry.npmjs.org/minizlib/-/minizlib-3.0.1.tgz 0ms (cache hit)
2326 http cache minimatch@https://registry.npmjs.org/minimatch/-/minimatch-5.1.2.tgz 0ms (cache hit)
2327 http cache mimic-fn@https://registry.npmjs.org/mimic-fn/-/mimic-fn-2.1.0.tgz 0ms (cache hit)
2328 http cache mime@https://registry.npmjs.org/mime/-/mime-3.0.0.tgz 0ms (cache hit)
2329 http cache lru-cache@https://registry.npmjs.org/lru-cache/-/lru-cache-6.0.0.tgz 0ms (cache hit)
2330 http cache log-symbols@https://registry.npmjs.org/log-symbols/-/log-symbols-4.1.0.tgz 0ms (cache hit)
2331 http cache json-schema-traverse@https://registry.npmjs.org/json-schema-traverse/-/json-schema-traverse-1.0.0.tgz 0ms (cache hit)
2332 http cache ignore@https://registry.npmjs.org/ignore/-/ignore-5.3.0.tgz 0ms (cache hit)
2333 http cache has-flag@https://registry.npmjs.org/has-flag/-/has-flag-3.0.0.tgz 0ms (cache hit)
2334 http cache https-proxy-agent@https://registry.npmjs.org/https-proxy-agent/-/https-proxy-agent-5.0.1.tgz 0ms (cache hit)
2335 http cache getenv@https://registry.npmjs.org/getenv/-/getenv-1.0.0.tgz 0ms (cache hit)
2336 http cache commander@https://registry.npmjs.org/commander/-/commander-4.1.1.tgz 0ms (cache hit)
2337 http cache escape-string-regexp@https://registry.npmjs.org/escape-string-regexp/-/escape-string-regexp-1.0.5.tgz 0ms (cache hit)
2338 http cache color-name@https://registry.npmjs.org/color-name/-/color-name-1.1.3.tgz 0ms (cache hit)
2339 http cache dotenv@https://registry.npmjs.org/dotenv/-/dotenv-16.3.1.tgz 0ms (cache hit)
2340 http cache color-convert@https://registry.npmjs.org/color-convert/-/color-convert-1.9.3.tgz 0ms (cache hit)
2341 http cache brace-expansion@https://registry.npmjs.org/brace-expansion/-/brace-expansion-2.0.3.tgz 0ms (cache hit)
2342 http cache ansi-styles@https://registry.npmjs.org/ansi-styles/-/ansi-styles-3.2.1.tgz 0ms (cache hit)
2343 http cache ansi-regex@https://registry.npmjs.org/ansi-regex/-/ansi-regex-4.1.1.tgz 0ms (cache hit)
2344 http cache ajv@https://registry.npmjs.org/ajv/-/ajv-8.11.0.tgz 0ms (cache hit)
2345 http cache agent-base@https://registry.npmjs.org/agent-base/-/agent-base-6.0.2.tgz 0ms (cache hit)
2346 http cache source-map@https://registry.npmjs.org/source-map/-/source-map-0.6.1.tgz 0ms (cache hit)
2347 http cache ms@https://registry.npmjs.org/ms/-/ms-2.0.0.tgz 0ms (cache hit)
2348 http cache debug@https://registry.npmjs.org/debug/-/debug-2.6.9.tgz 0ms (cache hit)
2349 http cache negotiator@https://registry.npmjs.org/negotiator/-/negotiator-0.6.4.tgz 0ms (cache hit)
2350 http cache ms@https://registry.npmjs.org/ms/-/ms-2.0.0.tgz 0ms (cache hit)
2351 http cache debug@https://registry.npmjs.org/debug/-/debug-2.6.9.tgz 0ms (cache hit)
2352 http cache open@https://registry.npmjs.org/open/-/open-8.4.2.tgz 0ms (cache hit)
2353 http cache type-fest@https://registry.npmjs.org/type-fest/-/type-fest-0.21.3.tgz 0ms (cache hit)
2354 http cache json-schema-traverse@https://registry.npmjs.org/json-schema-traverse/-/json-schema-traverse-1.0.0.tgz 0ms (cache hit)
2355 silly tarball no local data for @urql/exchange-retry@https://registry.npmjs.org/@urql/exchange-retry/-/exchange-retry-1.3.2.tgz. Extracting by manifest.
2356 silly tarball no local data for @unrs/resolver-binding-win32-x64-msvc@https://registry.npmjs.org/@unrs/resolver-binding-win32-x64-msvc/-/resolver-binding-win32-x64-msvc-1.11.1.tgz. Extracting by manifest.
2357 http cache ajv@https://registry.npmjs.org/ajv/-/ajv-8.18.0.tgz 0ms (cache hit)
2358 silly tarball no local data for @xmldom/xmldom@https://registry.npmjs.org/@xmldom/xmldom/-/xmldom-0.8.12.tgz. Extracting by manifest.
2359 silly tarball no local data for @urql/core@https://registry.npmjs.org/@urql/core/-/core-5.2.0.tgz. Extracting by manifest.
2360 silly tarball no local data for @ungap/structured-clone@https://registry.npmjs.org/@ungap/structured-clone/-/structured-clone-1.3.0.tgz. Extracting by manifest.
2361 silly tarball no local data for @typescript-eslint/visitor-keys@https://registry.npmjs.org/@typescript-eslint/visitor-keys/-/visitor-keys-8.58.0.tgz. Extracting by manifest.
2362 silly tarball no local data for @typescript-eslint/utils@https://registry.npmjs.org/@typescript-eslint/utils/-/utils-8.58.0.tgz. Extracting by manifest.
2363 silly tarball no local data for @typescript-eslint/typescript-estree@https://registry.npmjs.org/@typescript-eslint/typescript-estree/-/typescript-estree-8.58.0.tgz. Extracting by manifest.
2364 silly tarball no local data for @typescript-eslint/type-utils@https://registry.npmjs.org/@typescript-eslint/type-utils/-/type-utils-8.58.0.tgz. Extracting by manifest.
2365 silly tarball no local data for @typescript-eslint/types@https://registry.npmjs.org/@typescript-eslint/types/-/types-8.58.0.tgz. Extracting by manifest.
2366 silly tarball no local data for @typescript-eslint/tsconfig-utils@https://registry.npmjs.org/@typescript-eslint/tsconfig-utils/-/tsconfig-utils-8.58.0.tgz. Extracting by manifest.
2367 silly tarball no local data for @typescript-eslint/project-service@https://registry.npmjs.org/@typescript-eslint/project-service/-/project-service-8.58.0.tgz. Extracting by manifest.
2368 silly tarball no local data for @typescript-eslint/scope-manager@https://registry.npmjs.org/@typescript-eslint/scope-manager/-/scope-manager-8.58.0.tgz. Extracting by manifest.
2369 silly tarball no local data for @typescript-eslint/parser@https://registry.npmjs.org/@typescript-eslint/parser/-/parser-8.58.0.tgz. Extracting by manifest.
2370 silly tarball no local data for @typescript-eslint/eslint-plugin@https://registry.npmjs.org/@typescript-eslint/eslint-plugin/-/eslint-plugin-8.58.0.tgz. Extracting by manifest.
2371 silly tarball no local data for @types/yargs-parser@https://registry.npmjs.org/@types/yargs-parser/-/yargs-parser-21.0.3.tgz. Extracting by manifest.
2372 silly tarball no local data for @types/yargs@https://registry.npmjs.org/@types/yargs/-/yargs-17.0.35.tgz. Extracting by manifest.
2373 silly tarball no local data for @types/stack-utils@https://registry.npmjs.org/@types/stack-utils/-/stack-utils-2.0.3.tgz. Extracting by manifest.
2374 silly tarball no local data for @types/react@https://registry.npmjs.org/@types/react/-/react-19.1.17.tgz. Extracting by manifest.
2375 silly tarball no local data for @types/node@https://registry.npmjs.org/@types/node/-/node-25.5.2.tgz. Extracting by manifest.
2376 silly tarball no local data for @types/json5@https://registry.npmjs.org/@types/json5/-/json5-0.0.29.tgz. Extracting by manifest.
2377 silly tarball no local data for @types/json-schema@https://registry.npmjs.org/@types/json-schema/-/json-schema-7.0.15.tgz. Extracting by manifest.
2378 silly tarball no local data for @types/istanbul-reports@https://registry.npmjs.org/@types/istanbul-reports/-/istanbul-reports-3.0.4.tgz. Extracting by manifest.
2379 silly tarball no local data for @types/istanbul-lib-coverage@https://registry.npmjs.org/@types/istanbul-lib-coverage/-/istanbul-lib-coverage-2.0.6.tgz. Extracting by manifest.
2380 silly tarball no local data for @types/istanbul-lib-report@https://registry.npmjs.org/@types/istanbul-lib-report/-/istanbul-lib-report-3.0.3.tgz. Extracting by manifest.
2381 silly tarball no local data for @types/graceful-fs@https://registry.npmjs.org/@types/graceful-fs/-/graceful-fs-4.1.9.tgz. Extracting by manifest.
2382 silly tarball no local data for @types/estree@https://registry.npmjs.org/@types/estree/-/estree-1.0.8.tgz. Extracting by manifest.
2383 silly tarball no local data for @types/hammerjs@https://registry.npmjs.org/@types/hammerjs/-/hammerjs-2.0.46.tgz. Extracting by manifest.
2384 silly tarball no local data for @types/geojson@https://registry.npmjs.org/@types/geojson/-/geojson-7946.0.16.tgz. Extracting by manifest.
2385 silly tarball no local data for @types/cli-progress@https://registry.npmjs.org/@types/cli-progress/-/cli-progress-3.11.6.tgz. Extracting by manifest.
2386 silly tarball no local data for @types/bunyan@https://registry.npmjs.org/@types/bunyan/-/bunyan-1.8.11.tgz. Extracting by manifest.
2387 silly tarball no local data for @types/babel__traverse@https://registry.npmjs.org/@types/babel__traverse/-/babel__traverse-7.28.0.tgz. Extracting by manifest.
2388 silly tarball no local data for @tybys/wasm-util@https://registry.npmjs.org/@tybys/wasm-util/-/wasm-util-0.10.1.tgz. Extracting by manifest.
2389 silly tarball no local data for @types/babel__template@https://registry.npmjs.org/@types/babel__template/-/babel__template-7.4.4.tgz. Extracting by manifest.
2390 silly tarball no local data for @types/babel__generator@https://registry.npmjs.org/@types/babel__generator/-/babel__generator-7.27.0.tgz. Extracting by manifest.
2391 silly tarball no local data for @tsconfig/node16@https://registry.npmjs.org/@tsconfig/node16/-/node16-1.0.4.tgz. Extracting by manifest.
2392 silly tarball no local data for @types/babel__core@https://registry.npmjs.org/@types/babel__core/-/babel__core-7.20.5.tgz. Extracting by manifest.
2393 silly tarball no local data for @tsconfig/node12@https://registry.npmjs.org/@tsconfig/node12/-/node12-1.0.11.tgz. Extracting by manifest.
2394 silly tarball no local data for @sinonjs/fake-timers@https://registry.npmjs.org/@sinonjs/fake-timers/-/fake-timers-10.3.0.tgz. Extracting by manifest.
2395 silly tarball no local data for @tsconfig/node14@https://registry.npmjs.org/@tsconfig/node14/-/node14-1.0.3.tgz. Extracting by manifest.
2396 silly tarball no local data for @sinclair/typebox@https://registry.npmjs.org/@sinclair/typebox/-/typebox-0.27.10.tgz. Extracting by manifest.
2397 silly tarball no local data for @tsconfig/node10@https://registry.npmjs.org/@tsconfig/node10/-/node10-1.0.12.tgz. Extracting by manifest.
2398 silly tarball no local data for @sinonjs/commons@https://registry.npmjs.org/@sinonjs/commons/-/commons-3.0.1.tgz. Extracting by manifest.
2399 silly tarball no local data for @sentry-internal/tracing@https://registry.npmjs.org/@sentry-internal/tracing/-/tracing-7.77.0.tgz. Extracting by manifest.
2400 silly tarball no local data for @sentry/utils@https://registry.npmjs.org/@sentry/utils/-/utils-7.77.0.tgz. Extracting by manifest.
2401 silly tarball no local data for @sentry/types@https://registry.npmjs.org/@sentry/types/-/types-7.77.0.tgz. Extracting by manifest.
2402 silly tarball no local data for @sentry/node@https://registry.npmjs.org/@sentry/node/-/node-7.77.0.tgz. Extracting by manifest.
2403 silly tarball no local data for @sideway/pinpoint@https://registry.npmjs.org/@sideway/pinpoint/-/pinpoint-2.0.0.tgz. Extracting by manifest.
2404 silly tarball no local data for @sideway/address@https://registry.npmjs.org/@sideway/address/-/address-4.1.5.tgz. Extracting by manifest.
2405 silly tarball no local data for @segment/loosely-validate-event@https://registry.npmjs.org/@segment/loosely-validate-event/-/loosely-validate-event-2.0.0.tgz. Extracting by manifest.
2406 silly tarball no local data for @rtsao/scc@https://registry.npmjs.org/@rtsao/scc/-/scc-1.1.0.tgz. Extracting by manifest.
2407 silly tarball no local data for @sideway/formula@https://registry.npmjs.org/@sideway/formula/-/formula-3.0.1.tgz. Extracting by manifest.
2408 silly tarball no local data for @sentry/core@https://registry.npmjs.org/@sentry/core/-/core-7.77.0.tgz. Extracting by manifest.
2409 silly tarball no local data for @react-navigation/native-stack@https://registry.npmjs.org/@react-navigation/native-stack/-/native-stack-7.14.10.tgz. Extracting by manifest.
2410 silly tarball no local data for @react-navigation/routers@https://registry.npmjs.org/@react-navigation/routers/-/routers-7.5.3.tgz. Extracting by manifest.
2411 silly tarball no local data for @react-navigation/elements@https://registry.npmjs.org/@react-navigation/elements/-/elements-2.9.14.tgz. Extracting by manifest.
2412 silly tarball no local data for @react-navigation/native@https://registry.npmjs.org/@react-navigation/native/-/native-7.2.2.tgz. Extracting by manifest.
2413 silly tarball no local data for @react-native-google-signin/google-signin@https://registry.npmjs.org/@react-native-google-signin/google-signin/-/google-signin-16.1.2.tgz. Extracting by manifest.
2414 silly tarball no local data for @react-native-community/datetimepicker@https://registry.npmjs.org/@react-native-community/datetimepicker/-/datetimepicker-9.1.0.tgz. Extracting by manifest.
2415 silly tarball no local data for @react-native-async-storage/async-storage@https://registry.npmjs.org/@react-native-async-storage/async-storage/-/async-storage-2.2.0.tgz. Extracting by manifest.
2416 silly tarball no local data for @react-native/normalize-colors@https://registry.npmjs.org/@react-native/normalize-colors/-/normalize-colors-0.81.5.tgz. Extracting by manifest.
2417 silly tarball no local data for @react-navigation/bottom-tabs@https://registry.npmjs.org/@react-navigation/bottom-tabs/-/bottom-tabs-7.15.9.tgz. Extracting by manifest.
2418 silly tarball no local data for @react-native/js-polyfills@https://registry.npmjs.org/@react-native/js-polyfills/-/js-polyfills-0.81.5.tgz. Extracting by manifest.
2419 silly tarball no local data for @react-navigation/core@https://registry.npmjs.org/@react-navigation/core/-/core-7.17.2.tgz. Extracting by manifest.
2420 silly tarball no local data for @react-native/dev-middleware@https://registry.npmjs.org/@react-native/dev-middleware/-/dev-middleware-0.81.5.tgz. Extracting by manifest.
2421 silly tarball no local data for @react-native/community-cli-plugin@https://registry.npmjs.org/@react-native/community-cli-plugin/-/community-cli-plugin-0.81.5.tgz. Extracting by manifest.
2422 silly tarball no local data for @react-native/debugger-frontend@https://registry.npmjs.org/@react-native/debugger-frontend/-/debugger-frontend-0.81.5.tgz. Extracting by manifest.
2423 silly tarball no local data for @react-native/codegen@https://registry.npmjs.org/@react-native/codegen/-/codegen-0.81.5.tgz. Extracting by manifest.
2424 silly tarball no local data for @react-native/babel-preset@https://registry.npmjs.org/@react-native/babel-preset/-/babel-preset-0.81.5.tgz. Extracting by manifest.
2425 silly tarball no local data for @radix-ui/react-use-layout-effect@https://registry.npmjs.org/@radix-ui/react-use-layout-effect/-/react-use-layout-effect-1.1.1.tgz. Extracting by manifest.
2426 silly tarball no local data for @react-native/assets-registry@https://registry.npmjs.org/@react-native/assets-registry/-/assets-registry-0.81.5.tgz. Extracting by manifest.
2427 silly tarball no local data for @react-native/babel-plugin-codegen@https://registry.npmjs.org/@react-native/babel-plugin-codegen/-/babel-plugin-codegen-0.81.5.tgz. Extracting by manifest.
2428 silly tarball no local data for @radix-ui/react-use-effect-event@https://registry.npmjs.org/@radix-ui/react-use-effect-event/-/react-use-effect-event-0.0.2.tgz. Extracting by manifest.
2429 silly tarball no local data for @radix-ui/react-use-escape-keydown@https://registry.npmjs.org/@radix-ui/react-use-escape-keydown/-/react-use-escape-keydown-1.1.1.tgz. Extracting by manifest.
2430 silly tarball no local data for @radix-ui/react-slot@https://registry.npmjs.org/@radix-ui/react-slot/-/react-slot-1.2.0.tgz. Extracting by manifest.
2431 silly tarball no local data for @radix-ui/react-use-controllable-state@https://registry.npmjs.org/@radix-ui/react-use-controllable-state/-/react-use-controllable-state-1.2.2.tgz. Extracting by manifest.
2432 silly tarball no local data for @radix-ui/react-use-callback-ref@https://registry.npmjs.org/@radix-ui/react-use-callback-ref/-/react-use-callback-ref-1.1.1.tgz. Extracting by manifest.
2433 silly tarball no local data for @radix-ui/react-id@https://registry.npmjs.org/@radix-ui/react-id/-/react-id-1.1.1.tgz. Extracting by manifest.
2434 silly tarball no local data for @radix-ui/react-focus-guards@https://registry.npmjs.org/@radix-ui/react-focus-guards/-/react-focus-guards-1.1.3.tgz. Extracting by manifest.
2435 silly tarball no local data for @radix-ui/react-direction@https://registry.npmjs.org/@radix-ui/react-direction/-/react-direction-1.1.1.tgz. Extracting by manifest.
2436 silly tarball no local data for @radix-ui/react-context@https://registry.npmjs.org/@radix-ui/react-context/-/react-context-1.1.2.tgz. Extracting by manifest.
2437 silly tarball no local data for @oclif/plugin-autocomplete@https://registry.npmjs.org/@oclif/plugin-autocomplete/-/plugin-autocomplete-3.2.45.tgz. Extracting by manifest.
2438 silly tarball no local data for @pkgjs/parseargs@https://registry.npmjs.org/@pkgjs/parseargs/-/parseargs-0.11.0.tgz. Extracting by manifest.
2439 silly tarball no local data for @oclif/core@https://registry.npmjs.org/@oclif/core/-/core-4.10.5.tgz. Extracting by manifest.
2440 silly tarball no local data for @nolyfill/is-core-module@https://registry.npmjs.org/@nolyfill/is-core-module/-/is-core-module-1.0.39.tgz. Extracting by manifest.
2441 silly tarball no local data for @radix-ui/react-compose-refs@https://registry.npmjs.org/@radix-ui/react-compose-refs/-/react-compose-refs-1.1.2.tgz. Extracting by manifest.
2442 silly tarball no local data for @nodelib/fs.walk@https://registry.npmjs.org/@nodelib/fs.walk/-/fs.walk-1.2.8.tgz. Extracting by manifest.
2443 silly tarball no local data for @radix-ui/primitive@https://registry.npmjs.org/@radix-ui/primitive/-/primitive-1.1.3.tgz. Extracting by manifest.
2444 silly tarball no local data for @napi-rs/wasm-runtime@https://registry.npmjs.org/@napi-rs/wasm-runtime/-/wasm-runtime-0.2.12.tgz. Extracting by manifest.
2445 silly tarball no local data for @jridgewell/trace-mapping@https://registry.npmjs.org/@jridgewell/trace-mapping/-/trace-mapping-0.3.31.tgz. Extracting by manifest.
2446 silly tarball no local data for @nodelib/fs.stat@https://registry.npmjs.org/@nodelib/fs.stat/-/fs.stat-2.0.5.tgz. Extracting by manifest.
2447 silly tarball no local data for @nodelib/fs.scandir@https://registry.npmjs.org/@nodelib/fs.scandir/-/fs.scandir-2.1.5.tgz. Extracting by manifest.
2448 silly tarball no local data for @jridgewell/sourcemap-codec@https://registry.npmjs.org/@jridgewell/sourcemap-codec/-/sourcemap-codec-1.5.5.tgz. Extracting by manifest.
2449 silly tarball no local data for @jridgewell/resolve-uri@https://registry.npmjs.org/@jridgewell/resolve-uri/-/resolve-uri-3.1.2.tgz. Extracting by manifest.
2450 silly tarball no local data for @jridgewell/source-map@https://registry.npmjs.org/@jridgewell/source-map/-/source-map-0.3.11.tgz. Extracting by manifest.
2451 silly tarball no local data for @jridgewell/remapping@https://registry.npmjs.org/@jridgewell/remapping/-/remapping-2.3.5.tgz. Extracting by manifest.
2452 silly tarball no local data for @jridgewell/gen-mapping@https://registry.npmjs.org/@jridgewell/gen-mapping/-/gen-mapping-0.3.13.tgz. Extracting by manifest.
2453 silly tarball no local data for @jest/transform@https://registry.npmjs.org/@jest/transform/-/transform-29.7.0.tgz. Extracting by manifest.
2454 silly tarball no local data for @jest/types@https://registry.npmjs.org/@jest/types/-/types-29.6.3.tgz. Extracting by manifest.
2455 silly tarball no local data for @jest/schemas@https://registry.npmjs.org/@jest/schemas/-/schemas-29.6.3.tgz. Extracting by manifest.
2456 silly tarball no local data for @jest/fake-timers@https://registry.npmjs.org/@jest/fake-timers/-/fake-timers-29.7.0.tgz. Extracting by manifest.
2457 silly tarball no local data for @jest/environment@https://registry.npmjs.org/@jest/environment/-/environment-29.7.0.tgz. Extracting by manifest.
2458 silly tarball no local data for @istanbuljs/load-nyc-config@https://registry.npmjs.org/@istanbuljs/load-nyc-config/-/load-nyc-config-1.1.0.tgz. Extracting by manifest.
2459 silly tarball no local data for @isaacs/ttlcache@https://registry.npmjs.org/@isaacs/ttlcache/-/ttlcache-1.4.1.tgz. Extracting by manifest.
2460 silly tarball no local data for @jest/create-cache-key-function@https://registry.npmjs.org/@jest/create-cache-key-function/-/create-cache-key-function-29.7.0.tgz. Extracting by manifest.
2461 silly tarball no local data for @istanbuljs/schema@https://registry.npmjs.org/@istanbuljs/schema/-/schema-0.1.3.tgz. Extracting by manifest.
2462 silly tarball no local data for @isaacs/fs-minipass@https://registry.npmjs.org/@isaacs/fs-minipass/-/fs-minipass-4.0.1.tgz. Extracting by manifest.
2463 silly tarball no local data for @isaacs/cliui@https://registry.npmjs.org/@isaacs/cliui/-/cliui-8.0.2.tgz. Extracting by manifest.
2464 silly tarball no local data for @humanfs/core@https://registry.npmjs.org/@humanfs/core/-/core-0.19.1.tgz. Extracting by manifest.
2465 silly tarball no local data for @humanfs/node@https://registry.npmjs.org/@humanfs/node/-/node-0.16.7.tgz. Extracting by manifest.
2466 silly tarball no local data for @humanwhocodes/retry@https://registry.npmjs.org/@humanwhocodes/retry/-/retry-0.4.3.tgz. Extracting by manifest.
2467 silly tarball no local data for @hapi/topo@https://registry.npmjs.org/@hapi/topo/-/topo-5.1.0.tgz. Extracting by manifest.
2468 silly tarball no local data for @humanwhocodes/module-importer@https://registry.npmjs.org/@humanwhocodes/module-importer/-/module-importer-1.0.1.tgz. Extracting by manifest.
2469 silly tarball no local data for @hapi/hoek@https://registry.npmjs.org/@hapi/hoek/-/hoek-9.3.0.tgz. Extracting by manifest.
2470 silly tarball no local data for @expo/xcpretty@https://registry.npmjs.org/@expo/xcpretty/-/xcpretty-4.4.1.tgz. Extracting by manifest.
2471 silly tarball no local data for @expo/ws-tunnel@https://registry.npmjs.org/@expo/ws-tunnel/-/ws-tunnel-1.0.6.tgz. Extracting by manifest.
2472 silly tarball no local data for @expo/vector-icons@https://registry.npmjs.org/@expo/vector-icons/-/vector-icons-15.1.1.tgz. Extracting by manifest.
2473 silly tarball no local data for @expo/sudo-prompt@https://registry.npmjs.org/@expo/sudo-prompt/-/sudo-prompt-9.3.2.tgz. Extracting by manifest.
2474 silly tarball no local data for @expo/timeago.js@https://registry.npmjs.org/@expo/timeago.js/-/timeago.js-1.0.0.tgz. Extracting by manifest.
2475 silly tarball no local data for @expo/spawn-async@https://registry.npmjs.org/@expo/spawn-async/-/spawn-async-1.7.2.tgz. Extracting by manifest.
2476 silly tarball no local data for @expo/steps@https://registry.npmjs.org/@expo/steps/-/steps-18.5.0.tgz. Extracting by manifest.
2477 silly tarball no local data for @expo/sdk-runtime-versions@https://registry.npmjs.org/@expo/sdk-runtime-versions/-/sdk-runtime-versions-1.0.0.tgz. Extracting by manifest.
2478 silly tarball no local data for @expo/schema-utils@https://registry.npmjs.org/@expo/schema-utils/-/schema-utils-0.1.8.tgz. Extracting by manifest.
2479 silly tarball no local data for @expo/rudder-sdk-node@https://registry.npmjs.org/@expo/rudder-sdk-node/-/rudder-sdk-node-1.1.1.tgz. Extracting by manifest.
2480 silly tarball no local data for @expo/require-utils@https://registry.npmjs.org/@expo/require-utils/-/require-utils-55.0.3.tgz. Extracting by manifest.
2481 silly tarball no local data for @expo/results@https://registry.npmjs.org/@expo/results/-/results-1.0.0.tgz. Extracting by manifest.
2482 silly tarball no local data for @expo/prebuild-config@https://registry.npmjs.org/@expo/prebuild-config/-/prebuild-config-54.0.8.tgz. Extracting by manifest.
2483 silly tarball no local data for @expo/plugin-warn-if-update-available@https://registry.npmjs.org/@expo/plugin-warn-if-update-available/-/plugin-warn-if-update-available-2.5.1.tgz. Extracting by manifest.
2484 silly tarball no local data for @expo/plist@https://registry.npmjs.org/@expo/plist/-/plist-0.4.8.tgz. Extracting by manifest.
2485 silly tarball no local data for @expo/plugin-help@https://registry.npmjs.org/@expo/plugin-help/-/plugin-help-5.1.23.tgz. Extracting by manifest.
2486 silly tarball no local data for @expo/pkcs12@https://registry.npmjs.org/@expo/pkcs12/-/pkcs12-0.1.3.tgz. Extracting by manifest.
2487 silly tarball no local data for @expo/package-manager@https://registry.npmjs.org/@expo/package-manager/-/package-manager-1.10.3.tgz. Extracting by manifest.
2488 silly tarball no local data for @expo/osascript@https://registry.npmjs.org/@expo/osascript/-/osascript-2.4.2.tgz. Extracting by manifest.
2489 silly tarball no local data for @expo/metro-config@https://registry.npmjs.org/@expo/metro-config/-/metro-config-54.0.14.tgz. Extracting by manifest.
2490 silly tarball no local data for @expo/metro-runtime@https://registry.npmjs.org/@expo/metro-runtime/-/metro-runtime-6.1.2.tgz. Extracting by manifest.
2491 silly tarball no local data for @expo/metro@https://registry.npmjs.org/@expo/metro/-/metro-54.2.0.tgz. Extracting by manifest.
2492 silly tarball no local data for @expo/logger@https://registry.npmjs.org/@expo/logger/-/logger-18.5.0.tgz. Extracting by manifest.
2493 silly tarball no local data for @expo/image-utils@https://registry.npmjs.org/@expo/image-utils/-/image-utils-0.8.12.tgz. Extracting by manifest.
2494 silly tarball no local data for @expo/multipart-body-parser@https://registry.npmjs.org/@expo/multipart-body-parser/-/multipart-body-parser-2.0.0.tgz. Extracting by manifest.
2495 silly tarball no local data for @expo/json-file@https://registry.npmjs.org/@expo/json-file/-/json-file-10.0.13.tgz. Extracting by manifest.
2496 silly tarball no local data for @expo/fingerprint@https://registry.npmjs.org/@expo/fingerprint/-/fingerprint-0.15.4.tgz. Extracting by manifest.
2497 silly tarball no local data for @expo/env@https://registry.npmjs.org/@expo/env/-/env-2.0.11.tgz. Extracting by manifest.
2498 silly tarball no local data for @expo/eas-build-job@https://registry.npmjs.org/@expo/eas-build-job/-/eas-build-job-18.5.0.tgz. Extracting by manifest.
2499 silly tarball no local data for @expo/eas-json@https://registry.npmjs.org/@expo/eas-json/-/eas-json-18.5.0.tgz. Extracting by manifest.
2500 silly tarball no local data for @expo/devtools@https://registry.npmjs.org/@expo/devtools/-/devtools-0.1.8.tgz. Extracting by manifest.
2501 silly tarball no local data for @expo/devcert@https://registry.npmjs.org/@expo/devcert/-/devcert-1.2.1.tgz. Extracting by manifest.
2502 silly tarball no local data for @expo/config-types@https://registry.npmjs.org/@expo/config-types/-/config-types-54.0.10.tgz. Extracting by manifest.
2503 silly tarball no local data for @expo/config@https://registry.npmjs.org/@expo/config/-/config-12.0.13.tgz. Extracting by manifest.
2504 silly tarball no local data for @expo/config-plugins@https://registry.npmjs.org/@expo/config-plugins/-/config-plugins-54.0.4.tgz. Extracting by manifest.
2505 silly tarball no local data for @eslint-community/regexpp@https://registry.npmjs.org/@eslint-community/regexpp/-/regexpp-4.12.2.tgz. Extracting by manifest.
2506 silly tarball no local data for @expo/code-signing-certificates@https://registry.npmjs.org/@expo/code-signing-certificates/-/code-signing-certificates-0.0.6.tgz. Extracting by manifest.
2507 silly tarball no local data for @expo/bunyan@https://registry.npmjs.org/@expo/bunyan/-/bunyan-4.0.1.tgz. Extracting by manifest.
2508 silly tarball no local data for @expo/apple-utils@https://registry.npmjs.org/@expo/apple-utils/-/apple-utils-2.1.16.tgz. Extracting by manifest.
2509 silly tarball no local data for @eslint-community/eslint-utils@https://registry.npmjs.org/@eslint-community/eslint-utils/-/eslint-utils-4.9.1.tgz. Extracting by manifest.
2510 silly tarball no local data for @eslint/object-schema@https://registry.npmjs.org/@eslint/object-schema/-/object-schema-2.1.7.tgz. Extracting by manifest.
2511 silly tarball no local data for @eslint/plugin-kit@https://registry.npmjs.org/@eslint/plugin-kit/-/plugin-kit-0.4.1.tgz. Extracting by manifest.
2512 silly tarball no local data for @eslint/js@https://registry.npmjs.org/@eslint/js/-/js-9.39.4.tgz. Extracting by manifest.
2513 silly tarball no local data for @eslint/eslintrc@https://registry.npmjs.org/@eslint/eslintrc/-/eslintrc-3.3.5.tgz. Extracting by manifest.
2514 silly tarball no local data for @eslint/core@https://registry.npmjs.org/@eslint/core/-/core-0.17.0.tgz. Extracting by manifest.
2515 silly tarball no local data for @emnapi/wasi-threads@https://registry.npmjs.org/@emnapi/wasi-threads/-/wasi-threads-1.2.1.tgz. Extracting by manifest.
2516 silly tarball no local data for @eslint/config-helpers@https://registry.npmjs.org/@eslint/config-helpers/-/config-helpers-0.4.2.tgz. Extracting by manifest.
2517 silly tarball no local data for @eslint/config-array@https://registry.npmjs.org/@eslint/config-array/-/config-array-0.21.2.tgz. Extracting by manifest.
2518 silly tarball no local data for @egjs/hammerjs@https://registry.npmjs.org/@egjs/hammerjs/-/hammerjs-2.0.17.tgz. Extracting by manifest.
2519 silly tarball no local data for @cspotcode/source-map-support@https://registry.npmjs.org/@cspotcode/source-map-support/-/source-map-support-0.8.1.tgz. Extracting by manifest.
2520 silly tarball no local data for @emnapi/runtime@https://registry.npmjs.org/@emnapi/runtime/-/runtime-1.9.2.tgz. Extracting by manifest.
2521 silly tarball no local data for @emnapi/core@https://registry.npmjs.org/@emnapi/core/-/core-1.9.2.tgz. Extracting by manifest.
2522 silly tarball no local data for @babel/types@https://registry.npmjs.org/@babel/types/-/types-7.29.0.tgz. Extracting by manifest.
2523 silly tarball no local data for @babel/traverse--for-generate-function-map@https://registry.npmjs.org/@babel/traverse/-/traverse-7.29.0.tgz. Extracting by manifest.
2524 silly tarball no local data for @babel/template@https://registry.npmjs.org/@babel/template/-/template-7.28.6.tgz. Extracting by manifest.
2525 silly tarball no local data for @babel/traverse@https://registry.npmjs.org/@babel/traverse/-/traverse-7.29.0.tgz. Extracting by manifest.
2526 silly tarball no local data for @babel/runtime@https://registry.npmjs.org/@babel/runtime/-/runtime-7.29.2.tgz. Extracting by manifest.
2527 silly tarball no local data for @babel/preset-typescript@https://registry.npmjs.org/@babel/preset-typescript/-/preset-typescript-7.28.5.tgz. Extracting by manifest.
2528 silly tarball no local data for @babel/preset-react@https://registry.npmjs.org/@babel/preset-react/-/preset-react-7.28.5.tgz. Extracting by manifest.
2529 silly tarball no local data for @babel/plugin-transform-unicode-regex@https://registry.npmjs.org/@babel/plugin-transform-unicode-regex/-/plugin-transform-unicode-regex-7.27.1.tgz. Extracting by manifest.
2530 silly tarball no local data for @babel/plugin-transform-typescript@https://registry.npmjs.org/@babel/plugin-transform-typescript/-/plugin-transform-typescript-7.28.6.tgz. Extracting by manifest.
2531 silly tarball no local data for @babel/plugin-transform-template-literals@https://registry.npmjs.org/@babel/plugin-transform-template-literals/-/plugin-transform-template-literals-7.27.1.tgz. Extracting by manifest.
2532 silly tarball no local data for @babel/plugin-transform-sticky-regex@https://registry.npmjs.org/@babel/plugin-transform-sticky-regex/-/plugin-transform-sticky-regex-7.27.1.tgz. Extracting by manifest.
2533 silly tarball no local data for @babel/plugin-transform-spread@https://registry.npmjs.org/@babel/plugin-transform-spread/-/plugin-transform-spread-7.28.6.tgz. Extracting by manifest.
2534 silly tarball no local data for @babel/plugin-transform-shorthand-properties@https://registry.npmjs.org/@babel/plugin-transform-shorthand-properties/-/plugin-transform-shorthand-properties-7.27.1.tgz. Extracting by manifest.
2535 silly tarball no local data for @babel/plugin-transform-runtime@https://registry.npmjs.org/@babel/plugin-transform-runtime/-/plugin-transform-runtime-7.29.0.tgz. Extracting by manifest.
2536 silly tarball no local data for @babel/plugin-transform-react-pure-annotations@https://registry.npmjs.org/@babel/plugin-transform-react-pure-annotations/-/plugin-transform-react-pure-annotations-7.27.1.tgz. Extracting by manifest.
2537 silly tarball no local data for @babel/plugin-transform-regenerator@https://registry.npmjs.org/@babel/plugin-transform-regenerator/-/plugin-transform-regenerator-7.29.0.tgz. Extracting by manifest.
2538 silly tarball no local data for @babel/plugin-transform-react-jsx-source@https://registry.npmjs.org/@babel/plugin-transform-react-jsx-source/-/plugin-transform-react-jsx-source-7.27.1.tgz. Extracting by manifest.
2539 silly tarball no local data for @babel/plugin-transform-react-jsx-self@https://registry.npmjs.org/@babel/plugin-transform-react-jsx-self/-/plugin-transform-react-jsx-self-7.27.1.tgz. Extracting by manifest.
2540 silly tarball no local data for @babel/plugin-transform-react-jsx@https://registry.npmjs.org/@babel/plugin-transform-react-jsx/-/plugin-transform-react-jsx-7.28.6.tgz. Extracting by manifest.
2541 silly tarball no local data for @babel/plugin-transform-react-jsx-development@https://registry.npmjs.org/@babel/plugin-transform-react-jsx-development/-/plugin-transform-react-jsx-development-7.27.1.tgz. Extracting by manifest.
2542 silly tarball no local data for @babel/plugin-transform-react-display-name@https://registry.npmjs.org/@babel/plugin-transform-react-display-name/-/plugin-transform-react-display-name-7.28.0.tgz. Extracting by manifest.
2543 silly tarball no local data for @babel/plugin-transform-parameters@https://registry.npmjs.org/@babel/plugin-transform-parameters/-/plugin-transform-parameters-7.27.7.tgz. Extracting by manifest.
2544 silly tarball no local data for @babel/plugin-transform-private-property-in-object@https://registry.npmjs.org/@babel/plugin-transform-private-property-in-object/-/plugin-transform-private-property-in-object-7.28.6.tgz. Extracting by manifest.
2545 silly tarball no local data for @babel/plugin-transform-private-methods@https://registry.npmjs.org/@babel/plugin-transform-private-methods/-/plugin-transform-private-methods-7.28.6.tgz. Extracting by manifest.
2546 silly tarball no local data for @babel/plugin-transform-optional-chaining@https://registry.npmjs.org/@babel/plugin-transform-optional-chaining/-/plugin-transform-optional-chaining-7.28.6.tgz. Extracting by manifest.
2547 silly tarball no local data for @babel/plugin-transform-optional-catch-binding@https://registry.npmjs.org/@babel/plugin-transform-optional-catch-binding/-/plugin-transform-optional-catch-binding-7.28.6.tgz. Extracting by manifest.
2548 silly tarball no local data for @babel/plugin-transform-object-rest-spread@https://registry.npmjs.org/@babel/plugin-transform-object-rest-spread/-/plugin-transform-object-rest-spread-7.28.6.tgz. Extracting by manifest.
2549 silly tarball no local data for @babel/plugin-transform-numeric-separator@https://registry.npmjs.org/@babel/plugin-transform-numeric-separator/-/plugin-transform-numeric-separator-7.28.6.tgz. Extracting by manifest.
2550 silly tarball no local data for @babel/plugin-transform-nullish-coalescing-operator@https://registry.npmjs.org/@babel/plugin-transform-nullish-coalescing-operator/-/plugin-transform-nullish-coalescing-operator-7.28.6.tgz. Extracting by manifest.
2551 silly tarball no local data for @babel/plugin-transform-named-capturing-groups-regex@https://registry.npmjs.org/@babel/plugin-transform-named-capturing-groups-regex/-/plugin-transform-named-capturing-groups-regex-7.29.0.tgz. Extracting by manifest.
2552 silly tarball no local data for @babel/plugin-transform-modules-commonjs@https://registry.npmjs.org/@babel/plugin-transform-modules-commonjs/-/plugin-transform-modules-commonjs-7.28.6.tgz. Extracting by manifest.
2553 silly tarball no local data for @babel/plugin-transform-logical-assignment-operators@https://registry.npmjs.org/@babel/plugin-transform-logical-assignment-operators/-/plugin-transform-logical-assignment-operators-7.28.6.tgz. Extracting by manifest.
2554 silly tarball no local data for @babel/plugin-transform-literals@https://registry.npmjs.org/@babel/plugin-transform-literals/-/plugin-transform-literals-7.27.1.tgz. Extracting by manifest.
2555 silly tarball no local data for @babel/plugin-transform-function-name@https://registry.npmjs.org/@babel/plugin-transform-function-name/-/plugin-transform-function-name-7.27.1.tgz. Extracting by manifest.
2556 silly tarball no local data for @babel/plugin-transform-for-of@https://registry.npmjs.org/@babel/plugin-transform-for-of/-/plugin-transform-for-of-7.27.1.tgz. Extracting by manifest.
2557 silly tarball no local data for @babel/plugin-transform-flow-strip-types@https://registry.npmjs.org/@babel/plugin-transform-flow-strip-types/-/plugin-transform-flow-strip-types-7.27.1.tgz. Extracting by manifest.
2558 silly tarball no local data for @babel/plugin-transform-export-namespace-from@https://registry.npmjs.org/@babel/plugin-transform-export-namespace-from/-/plugin-transform-export-namespace-from-7.27.1.tgz. Extracting by manifest.
2559 silly tarball no local data for @babel/plugin-transform-destructuring@https://registry.npmjs.org/@babel/plugin-transform-destructuring/-/plugin-transform-destructuring-7.28.5.tgz. Extracting by manifest.
2560 silly tarball no local data for @babel/plugin-transform-classes@https://registry.npmjs.org/@babel/plugin-transform-classes/-/plugin-transform-classes-7.28.6.tgz. Extracting by manifest.
2561 silly tarball no local data for @babel/plugin-transform-computed-properties@https://registry.npmjs.org/@babel/plugin-transform-computed-properties/-/plugin-transform-computed-properties-7.28.6.tgz. Extracting by manifest.
2562 silly tarball no local data for @babel/plugin-transform-class-static-block@https://registry.npmjs.org/@babel/plugin-transform-class-static-block/-/plugin-transform-class-static-block-7.28.6.tgz. Extracting by manifest.
2563 silly tarball no local data for @babel/plugin-transform-block-scoping@https://registry.npmjs.org/@babel/plugin-transform-block-scoping/-/plugin-transform-block-scoping-7.28.6.tgz. Extracting by manifest.
2564 silly tarball no local data for @babel/plugin-transform-class-properties@https://registry.npmjs.org/@babel/plugin-transform-class-properties/-/plugin-transform-class-properties-7.28.6.tgz. Extracting by manifest.
2565 silly tarball no local data for @babel/plugin-transform-async-to-generator@https://registry.npmjs.org/@babel/plugin-transform-async-to-generator/-/plugin-transform-async-to-generator-7.28.6.tgz. Extracting by manifest.
2566 silly tarball no local data for @babel/plugin-transform-async-generator-functions@https://registry.npmjs.org/@babel/plugin-transform-async-generator-functions/-/plugin-transform-async-generator-functions-7.29.0.tgz. Extracting by manifest.
2567 silly tarball no local data for @babel/plugin-transform-arrow-functions@https://registry.npmjs.org/@babel/plugin-transform-arrow-functions/-/plugin-transform-arrow-functions-7.27.1.tgz. Extracting by manifest.
2568 silly tarball no local data for @babel/plugin-syntax-top-level-await@https://registry.npmjs.org/@babel/plugin-syntax-top-level-await/-/plugin-syntax-top-level-await-7.14.5.tgz. Extracting by manifest.
2569 silly tarball no local data for @babel/plugin-syntax-typescript@https://registry.npmjs.org/@babel/plugin-syntax-typescript/-/plugin-syntax-typescript-7.28.6.tgz. Extracting by manifest.
2570 silly tarball no local data for @babel/plugin-syntax-private-property-in-object@https://registry.npmjs.org/@babel/plugin-syntax-private-property-in-object/-/plugin-syntax-private-property-in-object-7.14.5.tgz. Extracting by manifest.
2571 silly tarball no local data for @babel/plugin-syntax-optional-catch-binding@https://registry.npmjs.org/@babel/plugin-syntax-optional-catch-binding/-/plugin-syntax-optional-catch-binding-7.8.3.tgz. Extracting by manifest.
2572 silly tarball no local data for @babel/plugin-syntax-optional-chaining@https://registry.npmjs.org/@babel/plugin-syntax-optional-chaining/-/plugin-syntax-optional-chaining-7.8.3.tgz. Extracting by manifest.
2573 silly tarball no local data for @babel/plugin-syntax-object-rest-spread@https://registry.npmjs.org/@babel/plugin-syntax-object-rest-spread/-/plugin-syntax-object-rest-spread-7.8.3.tgz. Extracting by manifest.
2574 silly tarball no local data for @babel/plugin-syntax-numeric-separator@https://registry.npmjs.org/@babel/plugin-syntax-numeric-separator/-/plugin-syntax-numeric-separator-7.10.4.tgz. Extracting by manifest.
2575 silly tarball no local data for @babel/plugin-syntax-nullish-coalescing-operator@https://registry.npmjs.org/@babel/plugin-syntax-nullish-coalescing-operator/-/plugin-syntax-nullish-coalescing-operator-7.8.3.tgz. Extracting by manifest.
2576 silly tarball no local data for @babel/plugin-syntax-logical-assignment-operators@https://registry.npmjs.org/@babel/plugin-syntax-logical-assignment-operators/-/plugin-syntax-logical-assignment-operators-7.10.4.tgz. Extracting by manifest.
2577 silly tarball no local data for @babel/plugin-syntax-jsx@https://registry.npmjs.org/@babel/plugin-syntax-jsx/-/plugin-syntax-jsx-7.28.6.tgz. Extracting by manifest.
2578 silly tarball no local data for @babel/plugin-syntax-json-strings@https://registry.npmjs.org/@babel/plugin-syntax-json-strings/-/plugin-syntax-json-strings-7.8.3.tgz. Extracting by manifest.
2579 silly tarball no local data for @babel/plugin-syntax-import-meta@https://registry.npmjs.org/@babel/plugin-syntax-import-meta/-/plugin-syntax-import-meta-7.10.4.tgz. Extracting by manifest.
2580 silly tarball no local data for @babel/plugin-syntax-import-attributes@https://registry.npmjs.org/@babel/plugin-syntax-import-attributes/-/plugin-syntax-import-attributes-7.28.6.tgz. Extracting by manifest.
2581 silly tarball no local data for @babel/plugin-syntax-flow@https://registry.npmjs.org/@babel/plugin-syntax-flow/-/plugin-syntax-flow-7.28.6.tgz. Extracting by manifest.
2582 silly tarball no local data for @babel/plugin-syntax-export-default-from@https://registry.npmjs.org/@babel/plugin-syntax-export-default-from/-/plugin-syntax-export-default-from-7.28.6.tgz. Extracting by manifest.
2583 silly tarball no local data for @babel/plugin-syntax-dynamic-import@https://registry.npmjs.org/@babel/plugin-syntax-dynamic-import/-/plugin-syntax-dynamic-import-7.8.3.tgz. Extracting by manifest.
2584 silly tarball no local data for @babel/plugin-syntax-decorators@https://registry.npmjs.org/@babel/plugin-syntax-decorators/-/plugin-syntax-decorators-7.28.6.tgz. Extracting by manifest.
2585 silly tarball no local data for @babel/plugin-syntax-class-static-block@https://registry.npmjs.org/@babel/plugin-syntax-class-static-block/-/plugin-syntax-class-static-block-7.14.5.tgz. Extracting by manifest.
2586 silly tarball no local data for @babel/plugin-syntax-class-properties@https://registry.npmjs.org/@babel/plugin-syntax-class-properties/-/plugin-syntax-class-properties-7.12.13.tgz. Extracting by manifest.
2587 silly tarball no local data for @babel/plugin-syntax-bigint@https://registry.npmjs.org/@babel/plugin-syntax-bigint/-/plugin-syntax-bigint-7.8.3.tgz. Extracting by manifest.
2588 silly tarball no local data for @babel/plugin-proposal-export-default-from@https://registry.npmjs.org/@babel/plugin-proposal-export-default-from/-/plugin-proposal-export-default-from-7.27.1.tgz. Extracting by manifest.
2589 silly tarball no local data for @babel/plugin-syntax-async-generators@https://registry.npmjs.org/@babel/plugin-syntax-async-generators/-/plugin-syntax-async-generators-7.8.4.tgz. Extracting by manifest.
2590 silly tarball no local data for @babel/plugin-proposal-decorators@https://registry.npmjs.org/@babel/plugin-proposal-decorators/-/plugin-proposal-decorators-7.29.0.tgz. Extracting by manifest.
2591 silly tarball no local data for @babel/parser@https://registry.npmjs.org/@babel/parser/-/parser-7.29.2.tgz. Extracting by manifest.
2592 silly tarball no local data for @babel/highlight@https://registry.npmjs.org/@babel/highlight/-/highlight-7.25.9.tgz. Extracting by manifest.
2593 silly tarball no local data for @babel/helpers@https://registry.npmjs.org/@babel/helpers/-/helpers-7.29.2.tgz. Extracting by manifest.
2594 silly tarball no local data for @babel/helper-wrap-function@https://registry.npmjs.org/@babel/helper-wrap-function/-/helper-wrap-function-7.28.6.tgz. Extracting by manifest.
2595 silly tarball no local data for @babel/helper-validator-option@https://registry.npmjs.org/@babel/helper-validator-option/-/helper-validator-option-7.27.1.tgz. Extracting by manifest.
2596 silly tarball no local data for @babel/helper-string-parser@https://registry.npmjs.org/@babel/helper-string-parser/-/helper-string-parser-7.27.1.tgz. Extracting by manifest.
2597 silly tarball no local data for @babel/helper-validator-identifier@https://registry.npmjs.org/@babel/helper-validator-identifier/-/helper-validator-identifier-7.28.5.tgz. Extracting by manifest.
2598 silly tarball no local data for @babel/helper-skip-transparent-expression-wrappers@https://registry.npmjs.org/@babel/helper-skip-transparent-expression-wrappers/-/helper-skip-transparent-expression-wrappers-7.27.1.tgz. Extracting by manifest.
2599 silly tarball no local data for @babel/helper-replace-supers@https://registry.npmjs.org/@babel/helper-replace-supers/-/helper-replace-supers-7.28.6.tgz. Extracting by manifest.
2600 silly tarball no local data for @babel/helper-remap-async-to-generator@https://registry.npmjs.org/@babel/helper-remap-async-to-generator/-/helper-remap-async-to-generator-7.27.1.tgz. Extracting by manifest.
2601 silly tarball no local data for @babel/helper-plugin-utils@https://registry.npmjs.org/@babel/helper-plugin-utils/-/helper-plugin-utils-7.28.6.tgz. Extracting by manifest.
2602 silly tarball no local data for @babel/helper-optimise-call-expression@https://registry.npmjs.org/@babel/helper-optimise-call-expression/-/helper-optimise-call-expression-7.27.1.tgz. Extracting by manifest.
2603 silly tarball no local data for @babel/helper-module-imports@https://registry.npmjs.org/@babel/helper-module-imports/-/helper-module-imports-7.28.6.tgz. Extracting by manifest.
2604 silly tarball no local data for @babel/helper-module-transforms@https://registry.npmjs.org/@babel/helper-module-transforms/-/helper-module-transforms-7.28.6.tgz. Extracting by manifest.
2605 silly tarball no local data for @babel/helper-globals@https://registry.npmjs.org/@babel/helper-globals/-/helper-globals-7.28.0.tgz. Extracting by manifest.
2606 silly tarball no local data for @babel/helper-define-polyfill-provider@https://registry.npmjs.org/@babel/helper-define-polyfill-provider/-/helper-define-polyfill-provider-0.6.8.tgz. Extracting by manifest.
2607 silly tarball no local data for @babel/helper-create-regexp-features-plugin@https://registry.npmjs.org/@babel/helper-create-regexp-features-plugin/-/helper-create-regexp-features-plugin-7.28.5.tgz. Extracting by manifest.
2608 silly tarball no local data for @babel/helper-create-class-features-plugin@https://registry.npmjs.org/@babel/helper-create-class-features-plugin/-/helper-create-class-features-plugin-7.28.6.tgz. Extracting by manifest.
2609 silly tarball no local data for @babel/helper-member-expression-to-functions@https://registry.npmjs.org/@babel/helper-member-expression-to-functions/-/helper-member-expression-to-functions-7.28.5.tgz. Extracting by manifest.
2610 silly tarball no local data for @babel/helper-annotate-as-pure@https://registry.npmjs.org/@babel/helper-annotate-as-pure/-/helper-annotate-as-pure-7.27.3.tgz. Extracting by manifest.
2611 silly tarball no local data for @babel/helper-compilation-targets@https://registry.npmjs.org/@babel/helper-compilation-targets/-/helper-compilation-targets-7.28.6.tgz. Extracting by manifest.
2612 silly tarball no local data for @babel/generator@https://registry.npmjs.org/@babel/generator/-/generator-7.29.1.tgz. Extracting by manifest.
2613 silly tarball no local data for @0no-co/graphql.web@https://registry.npmjs.org/@0no-co/graphql.web/-/graphql.web-1.2.0.tgz. Extracting by manifest.
2614 silly tarball no local data for zod@https://registry.npmjs.org/zod/-/zod-4.3.6.tgz. Extracting by manifest.
2615 silly tarball no local data for yocto-queue@https://registry.npmjs.org/yocto-queue/-/yocto-queue-0.1.0.tgz. Extracting by manifest.
2616 silly tarball no local data for yn@https://registry.npmjs.org/yn/-/yn-3.1.1.tgz. Extracting by manifest.
2617 silly tarball no local data for @babel/compat-data@https://registry.npmjs.org/@babel/compat-data/-/compat-data-7.29.0.tgz. Extracting by manifest.
2618 silly tarball no local data for @babel/core@https://registry.npmjs.org/@babel/core/-/core-7.29.0.tgz. Extracting by manifest.
2619 silly tarball no local data for @babel/code-frame@https://registry.npmjs.org/@babel/code-frame/-/code-frame-7.29.0.tgz. Extracting by manifest.
2620 silly tarball no local data for yargs-parser@https://registry.npmjs.org/yargs-parser/-/yargs-parser-21.1.1.tgz. Extracting by manifest.
2621 silly tarball no local data for yargs@https://registry.npmjs.org/yargs/-/yargs-17.7.2.tgz. Extracting by manifest.
2622 silly tarball no local data for yaml@https://registry.npmjs.org/yaml/-/yaml-2.8.3.tgz. Extracting by manifest.
2623 silly tarball no local data for yallist@https://registry.npmjs.org/yallist/-/yallist-3.1.1.tgz. Extracting by manifest.
2624 silly tarball no local data for y18n@https://registry.npmjs.org/y18n/-/y18n-5.0.8.tgz. Extracting by manifest.
2625 silly tarball no local data for xml2js@https://registry.npmjs.org/xml2js/-/xml2js-0.6.0.tgz. Extracting by manifest.
2626 silly tarball no local data for ws@https://registry.npmjs.org/ws/-/ws-7.5.10.tgz. Extracting by manifest.
2627 silly tarball no local data for xmlbuilder@https://registry.npmjs.org/xmlbuilder/-/xmlbuilder-15.1.1.tgz. Extracting by manifest.
2628 silly tarball no local data for xcode@https://registry.npmjs.org/xcode/-/xcode-3.0.1.tgz. Extracting by manifest.
2629 silly tarball no local data for write-file-atomic@https://registry.npmjs.org/write-file-atomic/-/write-file-atomic-4.0.2.tgz. Extracting by manifest.
2630 silly tarball no local data for wrap-ansi-cjs@https://registry.npmjs.org/wrap-ansi/-/wrap-ansi-7.0.0.tgz. Extracting by manifest.
2631 silly tarball no local data for wrap-ansi@https://registry.npmjs.org/wrap-ansi/-/wrap-ansi-7.0.0.tgz. Extracting by manifest.
2632 silly tarball no local data for wordwrap@https://registry.npmjs.org/wordwrap/-/wordwrap-1.0.0.tgz. Extracting by manifest.
2633 silly tarball no local data for word-wrap@https://registry.npmjs.org/word-wrap/-/word-wrap-1.2.5.tgz. Extracting by manifest.
2634 silly tarball no local data for wonka@https://registry.npmjs.org/wonka/-/wonka-6.3.6.tgz. Extracting by manifest.
2635 silly tarball no local data for widest-line@https://registry.npmjs.org/widest-line/-/widest-line-3.1.0.tgz. Extracting by manifest.
2636 silly tarball no local data for which-typed-array@https://registry.npmjs.org/which-typed-array/-/which-typed-array-1.1.20.tgz. Extracting by manifest.
2637 silly tarball no local data for which-module@https://registry.npmjs.org/which-module/-/which-module-2.0.1.tgz. Extracting by manifest.
2638 silly tarball no local data for which-collection@https://registry.npmjs.org/which-collection/-/which-collection-1.0.2.tgz. Extracting by manifest.
2639 silly tarball no local data for which-builtin-type@https://registry.npmjs.org/which-builtin-type/-/which-builtin-type-1.2.1.tgz. Extracting by manifest.
2640 silly tarball no local data for which-boxed-primitive@https://registry.npmjs.org/which-boxed-primitive/-/which-boxed-primitive-1.1.1.tgz. Extracting by manifest.
2641 silly tarball no local data for which@https://registry.npmjs.org/which/-/which-2.0.2.tgz. Extracting by manifest.
2642 silly tarball no local data for whatwg-url-without-unicode@https://registry.npmjs.org/whatwg-url-without-unicode/-/whatwg-url-without-unicode-8.0.0-3.tgz. Extracting by manifest.
2643 silly tarball no local data for whatwg-fetch@https://registry.npmjs.org/whatwg-fetch/-/whatwg-fetch-3.6.20.tgz. Extracting by manifest.
2644 silly tarball no local data for webidl-conversions@https://registry.npmjs.org/webidl-conversions/-/webidl-conversions-3.0.1.tgz. Extracting by manifest.
2645 silly tarball no local data for whatwg-url@https://registry.npmjs.org/whatwg-url/-/whatwg-url-5.0.0.tgz. Extracting by manifest.
2646 silly tarball no local data for wcwidth@https://registry.npmjs.org/wcwidth/-/wcwidth-1.0.1.tgz. Extracting by manifest.
2647 silly tarball no local data for warn-once@https://registry.npmjs.org/warn-once/-/warn-once-0.1.1.tgz. Extracting by manifest.
2648 silly tarball no local data for walker@https://registry.npmjs.org/walker/-/walker-1.0.8.tgz. Extracting by manifest.
2649 silly tarball no local data for vlq@https://registry.npmjs.org/vlq/-/vlq-1.0.1.tgz. Extracting by manifest.
2650 silly tarball no local data for vaul@https://registry.npmjs.org/vaul/-/vaul-1.1.2.tgz. Extracting by manifest.
2651 silly tarball no local data for v8-compile-cache-lib@https://registry.npmjs.org/v8-compile-cache-lib/-/v8-compile-cache-lib-3.0.1.tgz. Extracting by manifest.
2652 silly tarball no local data for validate-npm-package-name@https://registry.npmjs.org/validate-npm-package-name/-/validate-npm-package-name-5.0.1.tgz. Extracting by manifest.
2653 silly tarball no local data for uuid@https://registry.npmjs.org/uuid/-/uuid-7.0.3.tgz. Extracting by manifest.
2654 silly tarball no local data for use-sync-external-store@https://registry.npmjs.org/use-sync-external-store/-/use-sync-external-store-1.6.0.tgz. Extracting by manifest.
2655 silly tarball no local data for utils-merge@https://registry.npmjs.org/utils-merge/-/utils-merge-1.0.1.tgz. Extracting by manifest.
2656 silly tarball no local data for use-latest-callback@https://registry.npmjs.org/use-latest-callback/-/use-latest-callback-0.2.6.tgz. Extracting by manifest.
2657 silly tarball no local data for use-sidecar@https://registry.npmjs.org/use-sidecar/-/use-sidecar-1.1.3.tgz. Extracting by manifest.
2658 silly tarball no local data for use-callback-ref@https://registry.npmjs.org/use-callback-ref/-/use-callback-ref-1.3.3.tgz. Extracting by manifest.
2659 silly tarball no local data for update-browserslist-db@https://registry.npmjs.org/update-browserslist-db/-/update-browserslist-db-1.2.3.tgz. Extracting by manifest.
2660 silly tarball no local data for uri-js@https://registry.npmjs.org/uri-js/-/uri-js-4.4.1.tgz. Extracting by manifest.
2661 silly tarball no local data for untildify@https://registry.npmjs.org/untildify/-/untildify-4.0.0.tgz. Extracting by manifest.
2662 silly tarball no local data for universalify@https://registry.npmjs.org/universalify/-/universalify-2.0.1.tgz. Extracting by manifest.
2663 silly tarball no local data for unrs-resolver@https://registry.npmjs.org/unrs-resolver/-/unrs-resolver-1.11.1.tgz. Extracting by manifest.
2664 silly tarball no local data for unique-string@https://registry.npmjs.org/unique-string/-/unique-string-2.0.0.tgz. Extracting by manifest.
2665 silly tarball no local data for unicode-property-aliases-ecmascript@https://registry.npmjs.org/unicode-property-aliases-ecmascript/-/unicode-property-aliases-ecmascript-2.2.0.tgz. Extracting by manifest.
2666 silly tarball no local data for unicode-match-property-value-ecmascript@https://registry.npmjs.org/unicode-match-property-value-ecmascript/-/unicode-match-property-value-ecmascript-2.2.1.tgz. Extracting by manifest.
2667 silly tarball no local data for unicode-canonical-property-names-ecmascript@https://registry.npmjs.org/unicode-canonical-property-names-ecmascript/-/unicode-canonical-property-names-ecmascript-2.0.1.tgz. Extracting by manifest.
2668 silly tarball no local data for unicode-match-property-ecmascript@https://registry.npmjs.org/unicode-match-property-ecmascript/-/unicode-match-property-ecmascript-2.0.0.tgz. Extracting by manifest.
2669 silly tarball no local data for undici-types@https://registry.npmjs.org/undici-types/-/undici-types-7.18.2.tgz. Extracting by manifest.
2670 silly tarball no local data for undici@https://registry.npmjs.org/undici/-/undici-6.24.1.tgz. Extracting by manifest.
2671 silly tarball no local data for unbox-primitive@https://registry.npmjs.org/unbox-primitive/-/unbox-primitive-1.1.0.tgz. Extracting by manifest.
2672 silly tarball no local data for ua-parser-js@https://registry.npmjs.org/ua-parser-js/-/ua-parser-js-1.0.41.tgz. Extracting by manifest.
2673 silly tarball no local data for typescript@https://registry.npmjs.org/typescript/-/typescript-5.9.3.tgz. Extracting by manifest.
2674 silly tarball no local data for typed-array-length@https://registry.npmjs.org/typed-array-length/-/typed-array-length-1.0.7.tgz. Extracting by manifest.
2675 silly tarball no local data for typed-array-byte-offset@https://registry.npmjs.org/typed-array-byte-offset/-/typed-array-byte-offset-1.0.4.tgz. Extracting by manifest.
2676 silly tarball no local data for typed-array-byte-length@https://registry.npmjs.org/typed-array-byte-length/-/typed-array-byte-length-1.0.3.tgz. Extracting by manifest.
2677 silly tarball no local data for type-fest@https://registry.npmjs.org/type-fest/-/type-fest-0.7.1.tgz. Extracting by manifest.
2678 silly tarball no local data for typed-array-buffer@https://registry.npmjs.org/typed-array-buffer/-/typed-array-buffer-1.0.3.tgz. Extracting by manifest.
2679 silly tarball no local data for type-detect@https://registry.npmjs.org/type-detect/-/type-detect-4.0.8.tgz. Extracting by manifest.
2680 silly tarball no local data for type-check@https://registry.npmjs.org/type-check/-/type-check-0.4.0.tgz. Extracting by manifest.
2681 silly tarball no local data for turndown@https://registry.npmjs.org/turndown/-/turndown-7.1.2.tgz. Extracting by manifest.
2682 silly tarball no local data for tunnel-agent@https://registry.npmjs.org/tunnel-agent/-/tunnel-agent-0.6.0.tgz. Extracting by manifest.
2683 silly tarball no local data for tslib@https://registry.npmjs.org/tslib/-/tslib-2.8.1.tgz. Extracting by manifest.
2684 silly tarball no local data for tsconfig-paths@https://registry.npmjs.org/tsconfig-paths/-/tsconfig-paths-3.15.0.tgz. Extracting by manifest.
2685 silly tarball no local data for ts-node@https://registry.npmjs.org/ts-node/-/ts-node-10.9.2.tgz. Extracting by manifest.
2686 silly tarball no local data for ts-interface-checker@https://registry.npmjs.org/ts-interface-checker/-/ts-interface-checker-0.1.13.tgz. Extracting by manifest.
2687 silly tarball no local data for ts-deepmerge@https://registry.npmjs.org/ts-deepmerge/-/ts-deepmerge-6.2.0.tgz. Extracting by manifest.
2688 silly tarball no local data for tr46@https://registry.npmjs.org/tr46/-/tr46-0.0.3.tgz. Extracting by manifest.
2689 silly tarball no local data for ts-api-utils@https://registry.npmjs.org/ts-api-utils/-/ts-api-utils-2.5.0.tgz. Extracting by manifest.
2690 silly tarball no local data for tmpl@https://registry.npmjs.org/tmpl/-/tmpl-1.0.5.tgz. Extracting by manifest.
2691 silly tarball no local data for tinyglobby@https://registry.npmjs.org/tinyglobby/-/tinyglobby-0.2.15.tgz. Extracting by manifest.
2692 silly tarball no local data for throat@https://registry.npmjs.org/throat/-/throat-5.0.0.tgz. Extracting by manifest.
2693 silly tarball no local data for thenify@https://registry.npmjs.org/thenify/-/thenify-3.3.1.tgz. Extracting by manifest.
2694 silly tarball no local data for thenify-all@https://registry.npmjs.org/thenify-all/-/thenify-all-1.6.0.tgz. Extracting by manifest.
2695 silly tarball no local data for text-encoding@https://registry.npmjs.org/text-encoding/-/text-encoding-0.7.0.tgz. Extracting by manifest.
2696 silly tarball no local data for text-decoder@https://registry.npmjs.org/text-decoder/-/text-decoder-1.2.7.tgz. Extracting by manifest.
2697 silly tarball no local data for test-exclude@https://registry.npmjs.org/test-exclude/-/test-exclude-6.0.0.tgz. Extracting by manifest.
2698 silly tarball no local data for terminal-link@https://registry.npmjs.org/terminal-link/-/terminal-link-2.1.1.tgz. Extracting by manifest.
2699 silly tarball no local data for terser@https://registry.npmjs.org/terser/-/terser-5.46.1.tgz. Extracting by manifest.
2700 silly tarball no local data for tar-stream@https://registry.npmjs.org/tar-stream/-/tar-stream-3.1.7.tgz. Extracting by manifest.
2701 silly tarball no local data for temp-dir@https://registry.npmjs.org/temp-dir/-/temp-dir-2.0.0.tgz. Extracting by manifest.
2702 silly tarball no local data for tar@https://registry.npmjs.org/tar/-/tar-7.5.13.tgz. Extracting by manifest.
2703 silly tarball no local data for supports-preserve-symlinks-flag@https://registry.npmjs.org/supports-preserve-symlinks-flag/-/supports-preserve-symlinks-flag-1.0.0.tgz. Extracting by manifest.
2704 silly tarball no local data for supports-hyperlinks@https://registry.npmjs.org/supports-hyperlinks/-/supports-hyperlinks-2.3.0.tgz. Extracting by manifest.
2705 silly tarball no local data for supports-color@https://registry.npmjs.org/supports-color/-/supports-color-7.2.0.tgz. Extracting by manifest.
2706 silly tarball no local data for sucrase@https://registry.npmjs.org/sucrase/-/sucrase-3.35.1.tgz. Extracting by manifest.
2707 silly tarball no local data for structured-headers@https://registry.npmjs.org/structured-headers/-/structured-headers-0.4.1.tgz. Extracting by manifest.
2708 silly tarball no local data for styleq@https://registry.npmjs.org/styleq/-/styleq-0.1.3.tgz. Extracting by manifest.
2709 silly tarball no local data for strip-json-comments@https://registry.npmjs.org/strip-json-comments/-/strip-json-comments-3.1.1.tgz. Extracting by manifest.
2710 silly tarball no local data for strip-bom@https://registry.npmjs.org/strip-bom/-/strip-bom-3.0.0.tgz. Extracting by manifest.
2711 silly tarball no local data for strip-ansi@https://registry.npmjs.org/strip-ansi/-/strip-ansi-6.0.1.tgz. Extracting by manifest.
2712 silly tarball no local data for strip-ansi-cjs@https://registry.npmjs.org/strip-ansi/-/strip-ansi-6.0.1.tgz. Extracting by manifest.
2713 silly tarball no local data for string.prototype.trimstart@https://registry.npmjs.org/string.prototype.trimstart/-/string.prototype.trimstart-1.0.8.tgz. Extracting by manifest.
2714 silly tarball no local data for string.prototype.trim@https://registry.npmjs.org/string.prototype.trim/-/string.prototype.trim-1.2.10.tgz. Extracting by manifest.
2715 silly tarball no local data for string.prototype.repeat@https://registry.npmjs.org/string.prototype.repeat/-/string.prototype.repeat-1.0.0.tgz. Extracting by manifest.
2716 silly tarball no local data for string.prototype.matchall@https://registry.npmjs.org/string.prototype.matchall/-/string.prototype.matchall-4.0.12.tgz. Extracting by manifest.
2717 silly tarball no local data for string.prototype.trimend@https://registry.npmjs.org/string.prototype.trimend/-/string.prototype.trimend-1.0.9.tgz. Extracting by manifest.
2718 silly tarball no local data for string-width-cjs@https://registry.npmjs.org/string-width/-/string-width-4.2.3.tgz. Extracting by manifest.
2719 silly tarball no local data for string-width@https://registry.npmjs.org/string-width/-/string-width-4.2.3.tgz. Extracting by manifest.
2720 silly tarball no local data for strict-uri-encode@https://registry.npmjs.org/strict-uri-encode/-/strict-uri-encode-2.0.0.tgz. Extracting by manifest.
2721 silly tarball no local data for streamx@https://registry.npmjs.org/streamx/-/streamx-2.25.0.tgz. Extracting by manifest.
2722 silly tarball no local data for stream-buffers@https://registry.npmjs.org/stream-buffers/-/stream-buffers-2.2.0.tgz. Extracting by manifest.
2723 silly tarball no local data for stop-iteration-iterator@https://registry.npmjs.org/stop-iteration-iterator/-/stop-iteration-iterator-1.1.0.tgz. Extracting by manifest.
2724 silly tarball no local data for statuses@https://registry.npmjs.org/statuses/-/statuses-1.5.0.tgz. Extracting by manifest.
2725 silly tarball no local data for stacktrace-parser@https://registry.npmjs.org/stacktrace-parser/-/stacktrace-parser-0.1.11.tgz. Extracting by manifest.
2726 silly tarball no local data for stackframe@https://registry.npmjs.org/stackframe/-/stackframe-1.3.4.tgz. Extracting by manifest.
2727 silly tarball no local data for stack-utils@https://registry.npmjs.org/stack-utils/-/stack-utils-2.0.6.tgz. Extracting by manifest.
2728 silly tarball no local data for stable-hash@https://registry.npmjs.org/stable-hash/-/stable-hash-0.0.5.tgz. Extracting by manifest.
2729 silly tarball no local data for split-on-first@https://registry.npmjs.org/split-on-first/-/split-on-first-1.1.0.tgz. Extracting by manifest.
2730 silly tarball no local data for sprintf-js@https://registry.npmjs.org/sprintf-js/-/sprintf-js-1.0.3.tgz. Extracting by manifest.
2731 silly tarball no local data for source-map-support@https://registry.npmjs.org/source-map-support/-/source-map-support-0.5.21.tgz. Extracting by manifest.
2732 silly tarball no local data for source-map-js@https://registry.npmjs.org/source-map-js/-/source-map-js-1.2.1.tgz. Extracting by manifest.
2733 silly tarball no local data for source-map@https://registry.npmjs.org/source-map/-/source-map-0.5.7.tgz. Extracting by manifest.
2734 silly tarball no local data for slice-ansi@https://registry.npmjs.org/slice-ansi/-/slice-ansi-4.0.0.tgz. Extracting by manifest.
2735 silly tarball no local data for slugify@https://registry.npmjs.org/slugify/-/slugify-1.6.9.tgz. Extracting by manifest.
2736 silly tarball no local data for slash@https://registry.npmjs.org/slash/-/slash-3.0.0.tgz. Extracting by manifest.
2737 silly tarball no local data for simple-swizzle@https://registry.npmjs.org/simple-swizzle/-/simple-swizzle-0.2.4.tgz. Extracting by manifest.
2738 silly tarball no local data for sisteransi@https://registry.npmjs.org/sisteransi/-/sisteransi-1.0.5.tgz. Extracting by manifest.
2739 silly tarball no local data for simple-plist@https://registry.npmjs.org/simple-plist/-/simple-plist-1.3.1.tgz. Extracting by manifest.
2740 silly tarball no local data for signal-exit@https://registry.npmjs.org/signal-exit/-/signal-exit-3.0.7.tgz. Extracting by manifest.
2741 silly tarball no local data for shell-quote@https://registry.npmjs.org/shell-quote/-/shell-quote-1.8.3.tgz. Extracting by manifest.
2742 silly tarball no local data for shebang-regex@https://registry.npmjs.org/shebang-regex/-/shebang-regex-3.0.0.tgz. Extracting by manifest.
2743 silly tarball no local data for shallowequal@https://registry.npmjs.org/shallowequal/-/shallowequal-1.1.0.tgz. Extracting by manifest.
2744 silly tarball no local data for shebang-command@https://registry.npmjs.org/shebang-command/-/shebang-command-2.0.0.tgz. Extracting by manifest.
2745 silly tarball no local data for sf-symbols-typescript@https://registry.npmjs.org/sf-symbols-typescript/-/sf-symbols-typescript-2.2.0.tgz. Extracting by manifest.
2746 silly tarball no local data for setimmediate@https://registry.npmjs.org/setimmediate/-/setimmediate-1.0.5.tgz. Extracting by manifest.
2747 silly tarball no local data for set-proto@https://registry.npmjs.org/set-proto/-/set-proto-1.0.0.tgz. Extracting by manifest.
2748 silly tarball no local data for set-interval-async@https://registry.npmjs.org/set-interval-async/-/set-interval-async-3.0.3.tgz. Extracting by manifest.
2749 silly tarball no local data for set-function-name@https://registry.npmjs.org/set-function-name/-/set-function-name-2.0.2.tgz. Extracting by manifest.
2750 silly tarball no local data for set-function-length@https://registry.npmjs.org/set-function-length/-/set-function-length-1.2.2.tgz. Extracting by manifest.
2751 silly tarball no local data for set-blocking@https://registry.npmjs.org/set-blocking/-/set-blocking-2.0.0.tgz. Extracting by manifest.
2752 silly tarball no local data for server-only@https://registry.npmjs.org/server-only/-/server-only-0.0.1.tgz. Extracting by manifest.
2753 silly tarball no local data for serialize-error@https://registry.npmjs.org/serialize-error/-/serialize-error-2.1.0.tgz. Extracting by manifest.
2754 silly tarball no local data for serve-static@https://registry.npmjs.org/serve-static/-/serve-static-1.16.3.tgz. Extracting by manifest.
2755 silly tarball no local data for send@https://registry.npmjs.org/send/-/send-0.19.2.tgz. Extracting by manifest.
2756 silly tarball no local data for semver@https://registry.npmjs.org/semver/-/semver-6.3.1.tgz. Extracting by manifest.
2757 silly tarball no local data for scheduler@https://registry.npmjs.org/scheduler/-/scheduler-0.26.0.tgz. Extracting by manifest.
2758 silly tarball no local data for sax@https://registry.npmjs.org/sax/-/sax-1.6.0.tgz. Extracting by manifest.
2759 silly tarball no local data for safe-push-apply@https://registry.npmjs.org/safe-push-apply/-/safe-push-apply-1.0.0.tgz. Extracting by manifest.
2760 silly tarball no local data for safe-regex-test@https://registry.npmjs.org/safe-regex-test/-/safe-regex-test-1.1.0.tgz. Extracting by manifest.
2761 silly tarball no local data for safe-buffer@https://registry.npmjs.org/safe-buffer/-/safe-buffer-5.2.1.tgz. Extracting by manifest.
2762 silly tarball no local data for safe-json-stringify@https://registry.npmjs.org/safe-json-stringify/-/safe-json-stringify-1.2.0.tgz. Extracting by manifest.
2763 silly tarball no local data for safe-array-concat@https://registry.npmjs.org/safe-array-concat/-/safe-array-concat-1.1.3.tgz. Extracting by manifest.
2764 silly tarball no local data for run-parallel@https://registry.npmjs.org/run-parallel/-/run-parallel-1.2.0.tgz. Extracting by manifest.
2765 silly tarball no local data for rimraf@https://registry.npmjs.org/rimraf/-/rimraf-3.0.2.tgz. Extracting by manifest.
2766 silly tarball no local data for reusify@https://registry.npmjs.org/reusify/-/reusify-1.1.0.tgz. Extracting by manifest.
2767 silly tarball no local data for restore-cursor@https://registry.npmjs.org/restore-cursor/-/restore-cursor-2.0.0.tgz. Extracting by manifest.
2768 silly tarball no local data for retry@https://registry.npmjs.org/retry/-/retry-0.12.0.tgz. Extracting by manifest.
2769 silly tarball no local data for resolve.exports@https://registry.npmjs.org/resolve.exports/-/resolve.exports-2.0.3.tgz. Extracting by manifest.
2770 silly tarball no local data for resolve-workspace-root@https://registry.npmjs.org/resolve-workspace-root/-/resolve-workspace-root-2.0.1.tgz. Extracting by manifest.
2771 silly tarball no local data for resolve-pkg-maps@https://registry.npmjs.org/resolve-pkg-maps/-/resolve-pkg-maps-1.0.0.tgz. Extracting by manifest.
2772 silly tarball no local data for resolve-from@https://registry.npmjs.org/resolve-from/-/resolve-from-5.0.0.tgz. Extracting by manifest.
2773 silly tarball no local data for resolve@https://registry.npmjs.org/resolve/-/resolve-2.0.0-next.6.tgz. Extracting by manifest.
2774 silly tarball no local data for require-main-filename@https://registry.npmjs.org/require-main-filename/-/require-main-filename-2.0.0.tgz. Extracting by manifest.
2775 silly tarball no local data for requireg@https://registry.npmjs.org/requireg/-/requireg-0.2.2.tgz. Extracting by manifest.
2776 silly tarball no local data for require-from-string@https://registry.npmjs.org/require-from-string/-/require-from-string-2.0.2.tgz. Extracting by manifest.
2777 silly tarball no local data for require-directory@https://registry.npmjs.org/require-directory/-/require-directory-2.1.1.tgz. Extracting by manifest.
2778 silly tarball no local data for remove-trailing-slash@https://registry.npmjs.org/remove-trailing-slash/-/remove-trailing-slash-0.1.1.tgz. Extracting by manifest.
2779 silly tarball no local data for regjsgen@https://registry.npmjs.org/regjsgen/-/regjsgen-0.8.0.tgz. Extracting by manifest.
2780 silly tarball no local data for regexpu-core@https://registry.npmjs.org/regexpu-core/-/regexpu-core-6.4.0.tgz. Extracting by manifest.
2781 silly tarball no local data for regjsparser@https://registry.npmjs.org/regjsparser/-/regjsparser-0.13.1.tgz. Extracting by manifest.
2782 silly tarball no local data for regexp.prototype.flags@https://registry.npmjs.org/regexp.prototype.flags/-/regexp.prototype.flags-1.5.4.tgz. Extracting by manifest.
2783 silly tarball no local data for regenerator-runtime@https://registry.npmjs.org/regenerator-runtime/-/regenerator-runtime-0.13.11.tgz. Extracting by manifest.
2784 silly tarball no local data for regenerate@https://registry.npmjs.org/regenerate/-/regenerate-1.4.2.tgz. Extracting by manifest.
2785 silly tarball no local data for regenerate-unicode-properties@https://registry.npmjs.org/regenerate-unicode-properties/-/regenerate-unicode-properties-10.2.2.tgz. Extracting by manifest.
2786 silly tarball no local data for redeyed@https://registry.npmjs.org/redeyed/-/redeyed-2.1.1.tgz. Extracting by manifest.
2787 silly tarball no local data for reflect.getprototypeof@https://registry.npmjs.org/reflect.getprototypeof/-/reflect.getprototypeof-1.0.10.tgz. Extracting by manifest.
2788 silly tarball no local data for react-style-singleton@https://registry.npmjs.org/react-style-singleton/-/react-style-singleton-2.2.3.tgz. Extracting by manifest.
2789 silly tarball no local data for react-remove-scroll-bar@https://registry.npmjs.org/react-remove-scroll-bar/-/react-remove-scroll-bar-2.3.8.tgz. Extracting by manifest.
2790 silly tarball no local data for react-remove-scroll@https://registry.npmjs.org/react-remove-scroll/-/react-remove-scroll-2.7.2.tgz. Extracting by manifest.
2791 silly tarball no local data for react-refresh@https://registry.npmjs.org/react-refresh/-/react-refresh-0.14.2.tgz. Extracting by manifest.
2792 silly tarball no local data for react-native-worklets@https://registry.npmjs.org/react-native-worklets/-/react-native-worklets-0.5.1.tgz. Extracting by manifest.
2793 silly tarball no local data for react-native-web@https://registry.npmjs.org/react-native-web/-/react-native-web-0.21.2.tgz. Extracting by manifest.
2794 silly tarball no local data for react-native-svg@https://registry.npmjs.org/react-native-svg/-/react-native-svg-15.15.4.tgz. Extracting by manifest.
2795 silly tarball no local data for react-native-screens@https://registry.npmjs.org/react-native-screens/-/react-native-screens-4.16.0.tgz. Extracting by manifest.
2796 silly tarball no local data for react-native-safe-area-context@https://registry.npmjs.org/react-native-safe-area-context/-/react-native-safe-area-context-5.6.2.tgz. Extracting by manifest.
2797 silly tarball no local data for react-native-reanimated@https://registry.npmjs.org/react-native-reanimated/-/react-native-reanimated-4.1.7.tgz. Extracting by manifest.
2798 silly tarball no local data for react-native-razorpay@https://registry.npmjs.org/react-native-razorpay/-/react-native-razorpay-2.3.1.tgz. Extracting by manifest.
2799 silly tarball no local data for react-native-qrcode-svg@https://registry.npmjs.org/react-native-qrcode-svg/-/react-native-qrcode-svg-6.3.21.tgz. Extracting by manifest.
2800 silly tarball no local data for react-native-maps@https://registry.npmjs.org/react-native-maps/-/react-native-maps-1.20.1.tgz. Extracting by manifest.
2801 silly tarball no local data for react-native-is-edge-to-edge@https://registry.npmjs.org/react-native-is-edge-to-edge/-/react-native-is-edge-to-edge-1.3.1.tgz. Extracting by manifest.
2802 silly tarball no local data for react-native-gesture-handler@https://registry.npmjs.org/react-native-gesture-handler/-/react-native-gesture-handler-2.28.0.tgz. Extracting by manifest.
2803 silly tarball no local data for react-is@https://registry.npmjs.org/react-is/-/react-is-19.2.4.tgz. Extracting by manifest.
2804 silly tarball no local data for react-native@https://registry.npmjs.org/react-native/-/react-native-0.81.5.tgz. Extracting by manifest.
2805 silly tarball no local data for react-freeze@https://registry.npmjs.org/react-freeze/-/react-freeze-1.0.4.tgz. Extracting by manifest.
2806 silly tarball no local data for react-fast-compare@https://registry.npmjs.org/react-fast-compare/-/react-fast-compare-3.2.2.tgz. Extracting by manifest.
2807 silly tarball no local data for react-dom@https://registry.npmjs.org/react-dom/-/react-dom-19.1.0.tgz. Extracting by manifest.
2808 silly tarball no local data for react-devtools-core@https://registry.npmjs.org/react-devtools-core/-/react-devtools-core-6.1.5.tgz. Extracting by manifest.
2809 silly tarball no local data for react@https://registry.npmjs.org/react/-/react-19.1.0.tgz. Extracting by manifest.
2810 silly tarball no local data for rc@https://registry.npmjs.org/rc/-/rc-1.2.8.tgz. Extracting by manifest.
2811 silly tarball no local data for queue-microtask@https://registry.npmjs.org/queue-microtask/-/queue-microtask-1.2.3.tgz. Extracting by manifest.
2812 silly tarball no local data for queue@https://registry.npmjs.org/queue/-/queue-6.0.2.tgz. Extracting by manifest.
2813 silly tarball no local data for query-string@https://registry.npmjs.org/query-string/-/query-string-7.1.3.tgz. Extracting by manifest.
2814 silly tarball no local data for qrcode-terminal@https://registry.npmjs.org/qrcode-terminal/-/qrcode-terminal-0.11.0.tgz. Extracting by manifest.
2815 silly tarball no local data for qrcode@https://registry.npmjs.org/qrcode/-/qrcode-1.5.4.tgz. Extracting by manifest.
2816 silly tarball no local data for prop-types@https://registry.npmjs.org/prop-types/-/prop-types-15.8.1.tgz. Extracting by manifest.
2817 silly tarball no local data for prompts@https://registry.npmjs.org/prompts/-/prompts-2.4.2.tgz. Extracting by manifest.
2818 silly tarball no local data for promise-limit@https://registry.npmjs.org/promise-limit/-/promise-limit-2.7.0.tgz. Extracting by manifest.
2819 silly tarball no local data for promise-retry@https://registry.npmjs.org/promise-retry/-/promise-retry-2.0.1.tgz. Extracting by manifest.
2820 silly tarball no local data for promise@https://registry.npmjs.org/promise/-/promise-8.3.0.tgz. Extracting by manifest.
2821 silly tarball no local data for progress@https://registry.npmjs.org/progress/-/progress-2.0.3.tgz. Extracting by manifest.
2822 silly tarball no local data for proc-log@https://registry.npmjs.org/proc-log/-/proc-log-4.2.0.tgz. Extracting by manifest.
2823 silly tarball no local data for pretty-format@https://registry.npmjs.org/pretty-format/-/pretty-format-29.7.0.tgz. Extracting by manifest.
2824 silly tarball no local data for prelude-ls@https://registry.npmjs.org/prelude-ls/-/prelude-ls-1.2.1.tgz. Extracting by manifest.
2825 silly tarball no local data for pretty-bytes@https://registry.npmjs.org/pretty-bytes/-/pretty-bytes-5.6.0.tgz. Extracting by manifest.
2826 silly tarball no local data for postcss-value-parser@https://registry.npmjs.org/postcss-value-parser/-/postcss-value-parser-4.2.0.tgz. Extracting by manifest.
2827 silly tarball no local data for postcss@https://registry.npmjs.org/postcss/-/postcss-8.4.49.tgz. Extracting by manifest.
2828 silly tarball no local data for pngjs@https://registry.npmjs.org/pngjs/-/pngjs-3.4.0.tgz. Extracting by manifest.
2829 silly tarball no local data for possible-typed-array-names@https://registry.npmjs.org/possible-typed-array-names/-/possible-typed-array-names-1.1.0.tgz. Extracting by manifest.
2830 silly tarball no local data for plist@https://registry.npmjs.org/plist/-/plist-3.1.0.tgz. Extracting by manifest.
2831 silly tarball no local data for pkg-dir@https://registry.npmjs.org/pkg-dir/-/pkg-dir-4.2.0.tgz. Extracting by manifest.
2832 silly tarball no local data for pirates@https://registry.npmjs.org/pirates/-/pirates-4.0.7.tgz. Extracting by manifest.
2833 silly tarball no local data for picocolors@https://registry.npmjs.org/picocolors/-/picocolors-1.1.1.tgz. Extracting by manifest.
2834 silly tarball no local data for path-type@https://registry.npmjs.org/path-type/-/path-type-4.0.0.tgz. Extracting by manifest.
2835 silly tarball no local data for path-scurry@https://registry.npmjs.org/path-scurry/-/path-scurry-2.0.2.tgz. Extracting by manifest.
2836 silly tarball no local data for path-parse@https://registry.npmjs.org/path-parse/-/path-parse-1.0.7.tgz. Extracting by manifest.
2837 silly tarball no local data for path-key@https://registry.npmjs.org/path-key/-/path-key-3.1.1.tgz. Extracting by manifest.
2838 silly tarball no local data for path-is-absolute@https://registry.npmjs.org/path-is-absolute/-/path-is-absolute-1.0.1.tgz. Extracting by manifest.
2839 silly tarball no local data for path-exists@https://registry.npmjs.org/path-exists/-/path-exists-4.0.0.tgz. Extracting by manifest.
2840 silly tarball no local data for password-prompt@https://registry.npmjs.org/password-prompt/-/password-prompt-1.1.3.tgz. Extracting by manifest.
2841 silly tarball no local data for parse-png@https://registry.npmjs.org/parse-png/-/parse-png-2.1.0.tgz. Extracting by manifest.
2842 silly tarball no local data for parse-json@https://registry.npmjs.org/parse-json/-/parse-json-4.0.0.tgz. Extracting by manifest.
2843 silly tarball no local data for package-json-from-dist@https://registry.npmjs.org/package-json-from-dist/-/package-json-from-dist-1.0.1.tgz. Extracting by manifest.
2844 silly tarball no local data for p-try@https://registry.npmjs.org/p-try/-/p-try-2.2.0.tgz. Extracting by manifest.
2845 silly tarball no local data for parent-module@https://registry.npmjs.org/parent-module/-/parent-module-1.0.1.tgz. Extracting by manifest.
2846 silly tarball no local data for p-locate@https://registry.npmjs.org/p-locate/-/p-locate-5.0.0.tgz. Extracting by manifest.
2847 silly tarball no local data for p-limit@https://registry.npmjs.org/p-limit/-/p-limit-3.1.0.tgz. Extracting by manifest.
2848 silly tarball no local data for own-keys@https://registry.npmjs.org/own-keys/-/own-keys-1.0.1.tgz. Extracting by manifest.
2849 silly tarball no local data for ora@https://registry.npmjs.org/ora/-/ora-3.4.0.tgz. Extracting by manifest.
2850 silly tarball no local data for optionator@https://registry.npmjs.org/optionator/-/optionator-0.9.4.tgz. Extracting by manifest.
2851 silly tarball no local data for onetime@https://registry.npmjs.org/onetime/-/onetime-2.0.1.tgz. Extracting by manifest.
2852 silly tarball no local data for open@https://registry.npmjs.org/open/-/open-7.4.2.tgz. Extracting by manifest.
2853 silly tarball no local data for on-headers@https://registry.npmjs.org/on-headers/-/on-headers-1.1.0.tgz. Extracting by manifest.
2854 silly tarball no local data for on-finished@https://registry.npmjs.org/on-finished/-/on-finished-2.3.0.tgz. Extracting by manifest.
2855 silly tarball no local data for object.values@https://registry.npmjs.org/object.values/-/object.values-1.2.1.tgz. Extracting by manifest.
2856 silly tarball no local data for object.fromentries@https://registry.npmjs.org/object.fromentries/-/object.fromentries-2.0.8.tgz. Extracting by manifest.
2857 silly tarball no local data for object.entries@https://registry.npmjs.org/object.entries/-/object.entries-1.1.9.tgz. Extracting by manifest.
2858 silly tarball no local data for object.groupby@https://registry.npmjs.org/object.groupby/-/object.groupby-1.0.3.tgz. Extracting by manifest.
2859 silly tarball no local data for object.assign@https://registry.npmjs.org/object.assign/-/object.assign-4.1.7.tgz. Extracting by manifest.
2860 silly tarball no local data for object-treeify@https://registry.npmjs.org/object-treeify/-/object-treeify-1.1.33.tgz. Extracting by manifest.
2861 silly tarball no local data for object-keys@https://registry.npmjs.org/object-keys/-/object-keys-1.1.1.tgz. Extracting by manifest.
2862 silly tarball no local data for ob1@https://registry.npmjs.org/ob1/-/ob1-0.83.3.tgz. Extracting by manifest.
2863 silly tarball no local data for nullthrows@https://registry.npmjs.org/nullthrows/-/nullthrows-1.1.1.tgz. Extracting by manifest.
2864 silly tarball no local data for nth-check@https://registry.npmjs.org/nth-check/-/nth-check-2.1.1.tgz. Extracting by manifest.
2865 silly tarball no local data for npm-package-arg@https://registry.npmjs.org/npm-package-arg/-/npm-package-arg-11.0.3.tgz. Extracting by manifest.
2866 silly tarball no local data for node-stream-zip@https://registry.npmjs.org/node-stream-zip/-/node-stream-zip-1.15.0.tgz. Extracting by manifest.
2867 silly tarball no local data for node-rsa@https://registry.npmjs.org/node-rsa/-/node-rsa-1.1.1.tgz. Extracting by manifest.
2868 silly tarball no local data for node-releases@https://registry.npmjs.org/node-releases/-/node-releases-2.0.37.tgz. Extracting by manifest.
2869 silly tarball no local data for node-forge@https://registry.npmjs.org/node-forge/-/node-forge-1.4.0.tgz. Extracting by manifest.
2870 silly tarball no local data for nested-error-stacks@https://registry.npmjs.org/nested-error-stacks/-/nested-error-stacks-2.0.1.tgz. Extracting by manifest.
2871 silly tarball no local data for node-fetch@https://registry.npmjs.org/node-fetch/-/node-fetch-2.7.0.tgz. Extracting by manifest.
2872 silly tarball no local data for node-int64@https://registry.npmjs.org/node-int64/-/node-int64-0.4.0.tgz. Extracting by manifest.
2873 silly tarball no local data for node-exports-info@https://registry.npmjs.org/node-exports-info/-/node-exports-info-1.6.0.tgz. Extracting by manifest.
2874 silly tarball no local data for nan@https://registry.npmjs.org/nan/-/nan-2.26.2.tgz. Extracting by manifest.
2875 silly tarball no local data for natural-compare@https://registry.npmjs.org/natural-compare/-/natural-compare-1.4.0.tgz. Extracting by manifest.
2876 silly tarball no local data for ncp@https://registry.npmjs.org/ncp/-/ncp-2.0.0.tgz. Extracting by manifest.
2877 silly tarball no local data for negotiator@https://registry.npmjs.org/negotiator/-/negotiator-0.6.3.tgz. Extracting by manifest.
2878 silly tarball no local data for natural-orderby@https://registry.npmjs.org/natural-orderby/-/natural-orderby-2.0.3.tgz. Extracting by manifest.
2879 silly tarball no local data for mv@https://registry.npmjs.org/mv/-/mv-2.1.1.tgz. Extracting by manifest.
2880 silly tarball no local data for mz@https://registry.npmjs.org/mz/-/mz-2.7.0.tgz. Extracting by manifest.
2881 silly tarball no local data for nanoid@https://registry.npmjs.org/nanoid/-/nanoid-3.3.11.tgz. Extracting by manifest.
2882 silly tarball no local data for mute-stream@https://registry.npmjs.org/mute-stream/-/mute-stream-0.0.8.tgz. Extracting by manifest.
2883 silly tarball no local data for napi-postinstall@https://registry.npmjs.org/napi-postinstall/-/napi-postinstall-0.3.4.tgz. Extracting by manifest.
2884 silly tarball no local data for mkdirp@https://registry.npmjs.org/mkdirp/-/mkdirp-1.0.4.tgz. Extracting by manifest.
2885 silly tarball no local data for multipasta@https://registry.npmjs.org/multipasta/-/multipasta-0.2.7.tgz. Extracting by manifest.
2886 silly tarball no local data for moment@https://registry.npmjs.org/moment/-/moment-2.30.1.tgz. Extracting by manifest.
2887 silly tarball no local data for minizlib@https://registry.npmjs.org/minizlib/-/minizlib-3.1.0.tgz. Extracting by manifest.
2888 silly tarball no local data for minipass@https://registry.npmjs.org/minipass/-/minipass-7.1.3.tgz. Extracting by manifest.
2889 silly tarball no local data for minimatch@https://registry.npmjs.org/minimatch/-/minimatch-3.1.5.tgz. Extracting by manifest.
2890 silly tarball no local data for minimist@https://registry.npmjs.org/minimist/-/minimist-1.2.8.tgz. Extracting by manifest.
2891 silly tarball no local data for mimic-fn@https://registry.npmjs.org/mimic-fn/-/mimic-fn-1.2.0.tgz. Extracting by manifest.
2892 silly tarball no local data for mime@https://registry.npmjs.org/mime/-/mime-1.6.0.tgz. Extracting by manifest.
2893 silly tarball no local data for micromatch@https://registry.npmjs.org/micromatch/-/micromatch-4.0.8.tgz. Extracting by manifest.
2894 silly tarball no local data for metro-transform-worker@https://registry.npmjs.org/metro-transform-worker/-/metro-transform-worker-0.83.3.tgz. Extracting by manifest.
2895 silly tarball no local data for metro-transform-plugins@https://registry.npmjs.org/metro-transform-plugins/-/metro-transform-plugins-0.83.3.tgz. Extracting by manifest.
2896 silly tarball no local data for metro-source-map@https://registry.npmjs.org/metro-source-map/-/metro-source-map-0.83.3.tgz. Extracting by manifest.
2897 silly tarball no local data for metro-symbolicate@https://registry.npmjs.org/metro-symbolicate/-/metro-symbolicate-0.83.3.tgz. Extracting by manifest.
2898 silly tarball no local data for metro-resolver@https://registry.npmjs.org/metro-resolver/-/metro-resolver-0.83.3.tgz. Extracting by manifest.
2899 silly tarball no local data for metro-minify-terser@https://registry.npmjs.org/metro-minify-terser/-/metro-minify-terser-0.83.3.tgz. Extracting by manifest.
2900 silly tarball no local data for metro-file-map@https://registry.npmjs.org/metro-file-map/-/metro-file-map-0.83.3.tgz. Extracting by manifest.
2901 silly tarball no local data for metro-core@https://registry.npmjs.org/metro-core/-/metro-core-0.83.3.tgz. Extracting by manifest.
2902 silly tarball no local data for metro-config@https://registry.npmjs.org/metro-config/-/metro-config-0.83.3.tgz. Extracting by manifest.
2903 silly tarball no local data for metro-cache@https://registry.npmjs.org/metro-cache/-/metro-cache-0.83.3.tgz. Extracting by manifest.
2904 silly tarball no local data for metro-babel-transformer@https://registry.npmjs.org/metro-babel-transformer/-/metro-babel-transformer-0.83.3.tgz. Extracting by manifest.
2905 silly tarball no local data for metro-runtime@https://registry.npmjs.org/metro-runtime/-/metro-runtime-0.83.3.tgz. Extracting by manifest.
2906 silly tarball no local data for metro-cache-key@https://registry.npmjs.org/metro-cache-key/-/metro-cache-key-0.83.3.tgz. Extracting by manifest.
2907 silly tarball no local data for metro@https://registry.npmjs.org/metro/-/metro-0.83.3.tgz. Extracting by manifest.
2908 silly tarball no local data for merge2@https://registry.npmjs.org/merge2/-/merge2-1.4.1.tgz. Extracting by manifest.
2909 silly tarball no local data for merge-stream@https://registry.npmjs.org/merge-stream/-/merge-stream-2.0.0.tgz. Extracting by manifest.
2910 silly tarball no local data for merge-options@https://registry.npmjs.org/merge-options/-/merge-options-3.0.4.tgz. Extracting by manifest.
2911 silly tarball no local data for memoize-one@https://registry.npmjs.org/memoize-one/-/memoize-one-5.2.1.tgz. Extracting by manifest.
2912 silly tarball no local data for mdn-data@https://registry.npmjs.org/mdn-data/-/mdn-data-2.0.14.tgz. Extracting by manifest.
2913 silly tarball no local data for marky@https://registry.npmjs.org/marky/-/marky-1.3.0.tgz. Extracting by manifest.
2914 silly tarball no local data for md5@https://registry.npmjs.org/md5/-/md5-2.3.0.tgz. Extracting by manifest.
2915 silly tarball no local data for make-error@https://registry.npmjs.org/make-error/-/make-error-1.3.6.tgz. Extracting by manifest.
2916 silly tarball no local data for makeerror@https://registry.npmjs.org/makeerror/-/makeerror-1.0.12.tgz. Extracting by manifest.
2917 silly tarball no local data for lru-cache@https://registry.npmjs.org/lru-cache/-/lru-cache-5.1.1.tgz. Extracting by manifest.
2918 silly tarball no local data for loose-envify@https://registry.npmjs.org/loose-envify/-/loose-envify-1.4.0.tgz. Extracting by manifest.
2919 silly tarball no local data for log-symbols@https://registry.npmjs.org/log-symbols/-/log-symbols-2.2.0.tgz. Extracting by manifest.
2920 silly tarball no local data for lodash.merge@https://registry.npmjs.org/lodash.merge/-/lodash.merge-4.6.2.tgz. Extracting by manifest.
2921 silly tarball no local data for lodash.debounce@https://registry.npmjs.org/lodash.debounce/-/lodash.debounce-4.0.8.tgz. Extracting by manifest.
2922 silly tarball no local data for lodash.get@https://registry.npmjs.org/lodash.get/-/lodash.get-4.4.2.tgz. Extracting by manifest.
2923 silly tarball no local data for lodash.clonedeep@https://registry.npmjs.org/lodash.clonedeep/-/lodash.clonedeep-4.5.0.tgz. Extracting by manifest.
2924 silly tarball no local data for lodash.throttle@https://registry.npmjs.org/lodash.throttle/-/lodash.throttle-4.1.1.tgz. Extracting by manifest.
2925 silly tarball no local data for locate-path@https://registry.npmjs.org/locate-path/-/locate-path-6.0.0.tgz. Extracting by manifest.
2926 silly tarball no local data for lines-and-columns@https://registry.npmjs.org/lines-and-columns/-/lines-and-columns-1.2.4.tgz. Extracting by manifest.
2927 silly tarball no local data for lilconfig@https://registry.npmjs.org/lilconfig/-/lilconfig-3.1.3.tgz. Extracting by manifest.
2928 silly tarball no local data for lightningcss-win32-x64-msvc@https://registry.npmjs.org/lightningcss-win32-x64-msvc/-/lightningcss-win32-x64-msvc-1.32.0.tgz. Extracting by manifest.
2929 silly tarball no local data for lightningcss@https://registry.npmjs.org/lightningcss/-/lightningcss-1.32.0.tgz. Extracting by manifest.
2930 silly tarball no local data for lighthouse-logger@https://registry.npmjs.org/lighthouse-logger/-/lighthouse-logger-1.4.2.tgz. Extracting by manifest.
2931 silly tarball no local data for levn@https://registry.npmjs.org/levn/-/levn-0.4.1.tgz. Extracting by manifest.
2932 silly tarball no local data for leven@https://registry.npmjs.org/leven/-/leven-3.1.0.tgz. Extracting by manifest.
2933 silly tarball no local data for kleur@https://registry.npmjs.org/kleur/-/kleur-3.0.3.tgz. Extracting by manifest.
2934 silly tarball no local data for lan-network@https://registry.npmjs.org/lan-network/-/lan-network-0.1.7.tgz. Extracting by manifest.
2935 silly tarball no local data for keyv@https://registry.npmjs.org/keyv/-/keyv-4.5.4.tgz. Extracting by manifest.
2936 silly tarball no local data for keychain@https://registry.npmjs.org/keychain/-/keychain-1.5.0.tgz. Extracting by manifest.
2937 silly tarball no local data for jsx-ast-utils@https://registry.npmjs.org/jsx-ast-utils/-/jsx-ast-utils-3.3.5.tgz. Extracting by manifest.
2938 silly tarball no local data for jsonfile@https://registry.npmjs.org/jsonfile/-/jsonfile-6.2.0.tgz. Extracting by manifest.
2939 silly tarball no local data for json5@https://registry.npmjs.org/json5/-/json5-2.2.3.tgz. Extracting by manifest.
2940 silly tarball no local data for json-schema-traverse@https://registry.npmjs.org/json-schema-traverse/-/json-schema-traverse-0.4.1.tgz. Extracting by manifest.
2941 silly tarball no local data for json-stable-stringify-without-jsonify@https://registry.npmjs.org/json-stable-stringify-without-jsonify/-/json-stable-stringify-without-jsonify-1.0.1.tgz. Extracting by manifest.
2942 silly tarball no local data for jsesc@https://registry.npmjs.org/jsesc/-/jsesc-3.1.0.tgz. Extracting by manifest.
2943 silly tarball no local data for jsep@https://registry.npmjs.org/jsep/-/jsep-1.4.0.tgz. Extracting by manifest.
2944 silly tarball no local data for json-buffer@https://registry.npmjs.org/json-buffer/-/json-buffer-3.0.1.tgz. Extracting by manifest.
2945 silly tarball no local data for json-parse-better-errors@https://registry.npmjs.org/json-parse-better-errors/-/json-parse-better-errors-1.0.2.tgz. Extracting by manifest.
2946 silly tarball no local data for js-tokens@https://registry.npmjs.org/js-tokens/-/js-tokens-4.0.0.tgz. Extracting by manifest.
2947 silly tarball no local data for js-yaml@https://registry.npmjs.org/js-yaml/-/js-yaml-4.1.1.tgz. Extracting by manifest.
2948 silly tarball no local data for jsc-safe-url@https://registry.npmjs.org/jsc-safe-url/-/jsc-safe-url-0.2.4.tgz. Extracting by manifest.
2949 silly tarball no local data for join-component@https://registry.npmjs.org/join-component/-/join-component-1.1.0.tgz. Extracting by manifest.
2950 silly tarball no local data for joi@https://registry.npmjs.org/joi/-/joi-17.11.0.tgz. Extracting by manifest.
2951 silly tarball no local data for jks-js@https://registry.npmjs.org/jks-js/-/jks-js-1.1.0.tgz. Extracting by manifest.
2952 silly tarball no local data for jimp-compact@https://registry.npmjs.org/jimp-compact/-/jimp-compact-0.16.1.tgz. Extracting by manifest.
2953 silly tarball no local data for jest-worker@https://registry.npmjs.org/jest-worker/-/jest-worker-29.7.0.tgz. Extracting by manifest.
2954 silly tarball no local data for jest-validate@https://registry.npmjs.org/jest-validate/-/jest-validate-29.7.0.tgz. Extracting by manifest.
2955 silly tarball no local data for jest-mock@https://registry.npmjs.org/jest-mock/-/jest-mock-29.7.0.tgz. Extracting by manifest.
2956 silly tarball no local data for jest-util@https://registry.npmjs.org/jest-util/-/jest-util-29.7.0.tgz. Extracting by manifest.
2957 silly tarball no local data for jest-regex-util@https://registry.npmjs.org/jest-regex-util/-/jest-regex-util-29.6.3.tgz. Extracting by manifest.
2958 silly tarball no local data for jest-message-util@https://registry.npmjs.org/jest-message-util/-/jest-message-util-29.7.0.tgz. Extracting by manifest.
2959 silly tarball no local data for jest-get-type@https://registry.npmjs.org/jest-get-type/-/jest-get-type-29.6.3.tgz. Extracting by manifest.
2960 silly tarball no local data for jest-haste-map@https://registry.npmjs.org/jest-haste-map/-/jest-haste-map-29.7.0.tgz. Extracting by manifest.
2961 silly tarball no local data for jake@https://registry.npmjs.org/jake/-/jake-10.9.4.tgz. Extracting by manifest.
2962 silly tarball no local data for jest-environment-node@https://registry.npmjs.org/jest-environment-node/-/jest-environment-node-29.7.0.tgz. Extracting by manifest.
2963 silly tarball no local data for iterator.prototype@https://registry.npmjs.org/iterator.prototype/-/iterator.prototype-1.1.5.tgz. Extracting by manifest.
2964 silly tarball no local data for jackspeak@https://registry.npmjs.org/jackspeak/-/jackspeak-3.4.3.tgz. Extracting by manifest.
2965 silly tarball no local data for isarray@https://registry.npmjs.org/isarray/-/isarray-2.0.5.tgz. Extracting by manifest.
2966 silly tarball no local data for istanbul-lib-coverage@https://registry.npmjs.org/istanbul-lib-coverage/-/istanbul-lib-coverage-3.2.2.tgz. Extracting by manifest.
2967 silly tarball no local data for is-weakset@https://registry.npmjs.org/is-weakset/-/is-weakset-2.0.4.tgz. Extracting by manifest.
2968 silly tarball no local data for is-wsl@https://registry.npmjs.org/is-wsl/-/is-wsl-2.2.0.tgz. Extracting by manifest.
2969 silly tarball no local data for istanbul-lib-instrument@https://registry.npmjs.org/istanbul-lib-instrument/-/istanbul-lib-instrument-5.2.1.tgz. Extracting by manifest.
2970 silly tarball no local data for isexe@https://registry.npmjs.org/isexe/-/isexe-2.0.0.tgz. Extracting by manifest.
2971 silly tarball no local data for is-weakref@https://registry.npmjs.org/is-weakref/-/is-weakref-1.1.1.tgz. Extracting by manifest.
2972 silly tarball no local data for is-weakmap@https://registry.npmjs.org/is-weakmap/-/is-weakmap-2.0.2.tgz. Extracting by manifest.
2973 silly tarball no local data for is-unicode-supported@https://registry.npmjs.org/is-unicode-supported/-/is-unicode-supported-0.1.0.tgz. Extracting by manifest.
2974 silly tarball no local data for is-string@https://registry.npmjs.org/is-string/-/is-string-1.1.1.tgz. Extracting by manifest.
2975 silly tarball no local data for is-symbol@https://registry.npmjs.org/is-symbol/-/is-symbol-1.1.1.tgz. Extracting by manifest.
2976 silly tarball no local data for is-typed-array@https://registry.npmjs.org/is-typed-array/-/is-typed-array-1.1.15.tgz. Extracting by manifest.
2977 silly tarball no local data for is-stream@https://registry.npmjs.org/is-stream/-/is-stream-2.0.1.tgz. Extracting by manifest.
2978 silly tarball no local data for is-retry-allowed@https://registry.npmjs.org/is-retry-allowed/-/is-retry-allowed-1.2.0.tgz. Extracting by manifest.
2979 silly tarball no local data for is-shared-array-buffer@https://registry.npmjs.org/is-shared-array-buffer/-/is-shared-array-buffer-1.0.4.tgz. Extracting by manifest.
2980 silly tarball no local data for is-regex@https://registry.npmjs.org/is-regex/-/is-regex-1.2.1.tgz. Extracting by manifest.
2981 silly tarball no local data for is-set@https://registry.npmjs.org/is-set/-/is-set-2.0.3.tgz. Extracting by manifest.
2982 silly tarball no local data for is-plain-obj@https://registry.npmjs.org/is-plain-obj/-/is-plain-obj-2.1.0.tgz. Extracting by manifest.
2983 silly tarball no local data for is-negative-zero@https://registry.npmjs.org/is-negative-zero/-/is-negative-zero-2.0.3.tgz. Extracting by manifest.
2984 silly tarball no local data for is-number-object@https://registry.npmjs.org/is-number-object/-/is-number-object-1.1.1.tgz. Extracting by manifest.
2985 silly tarball no local data for is-map@https://registry.npmjs.org/is-map/-/is-map-2.0.3.tgz. Extracting by manifest.
2986 silly tarball no local data for is-generator-function@https://registry.npmjs.org/is-generator-function/-/is-generator-function-1.1.2.tgz. Extracting by manifest.
2987 silly tarball no local data for is-fullwidth-code-point@https://registry.npmjs.org/is-fullwidth-code-point/-/is-fullwidth-code-point-3.0.0.tgz. Extracting by manifest.
2988 silly tarball no local data for is-interactive@https://registry.npmjs.org/is-interactive/-/is-interactive-1.0.0.tgz. Extracting by manifest.
2989 silly tarball no local data for is-finalizationregistry@https://registry.npmjs.org/is-finalizationregistry/-/is-finalizationregistry-1.1.1.tgz. Extracting by manifest.
2990 silly tarball no local data for is-docker@https://registry.npmjs.org/is-docker/-/is-docker-2.2.1.tgz. Extracting by manifest.
2991 silly tarball no local data for is-date-object@https://registry.npmjs.org/is-date-object/-/is-date-object-1.1.0.tgz. Extracting by manifest.
2992 silly tarball no local data for is-core-module@https://registry.npmjs.org/is-core-module/-/is-core-module-2.16.1.tgz. Extracting by manifest.
2993 silly tarball no local data for is-callable@https://registry.npmjs.org/is-callable/-/is-callable-1.2.7.tgz. Extracting by manifest.
2994 silly tarball no local data for is-data-view@https://registry.npmjs.org/is-data-view/-/is-data-view-1.0.2.tgz. Extracting by manifest.
2995 silly tarball no local data for is-buffer@https://registry.npmjs.org/is-buffer/-/is-buffer-1.1.6.tgz. Extracting by manifest.
2996 silly tarball no local data for is-bigint@https://registry.npmjs.org/is-bigint/-/is-bigint-1.1.0.tgz. Extracting by manifest.
2997 silly tarball no local data for is-bun-module@https://registry.npmjs.org/is-bun-module/-/is-bun-module-2.0.0.tgz. Extracting by manifest.
2998 silly tarball no local data for is-boolean-object@https://registry.npmjs.org/is-boolean-object/-/is-boolean-object-1.2.2.tgz. Extracting by manifest.
2999 silly tarball no local data for is-async-function@https://registry.npmjs.org/is-async-function/-/is-async-function-2.1.1.tgz. Extracting by manifest.
3000 silly tarball no local data for is-arrayish@https://registry.npmjs.org/is-arrayish/-/is-arrayish-0.3.4.tgz. Extracting by manifest.
3001 silly tarball no local data for is-array-buffer@https://registry.npmjs.org/is-array-buffer/-/is-array-buffer-3.0.5.tgz. Extracting by manifest.
3002 silly tarball no local data for internal-slot@https://registry.npmjs.org/internal-slot/-/internal-slot-1.1.0.tgz. Extracting by manifest.
3003 silly tarball no local data for inline-style-prefixer@https://registry.npmjs.org/inline-style-prefixer/-/inline-style-prefixer-7.0.1.tgz. Extracting by manifest.
3004 silly tarball no local data for invariant@https://registry.npmjs.org/invariant/-/invariant-2.2.4.tgz. Extracting by manifest.
3005 silly tarball no local data for ini@https://registry.npmjs.org/ini/-/ini-1.3.8.tgz. Extracting by manifest.
3006 silly tarball no local data for inflight@https://registry.npmjs.org/inflight/-/inflight-1.0.6.tgz. Extracting by manifest.
3007 silly tarball no local data for indent-string@https://registry.npmjs.org/indent-string/-/indent-string-4.0.0.tgz. Extracting by manifest.
3008 silly tarball no local data for imurmurhash@https://registry.npmjs.org/imurmurhash/-/imurmurhash-0.1.4.tgz. Extracting by manifest.
3009 silly tarball no local data for import-fresh@https://registry.npmjs.org/import-fresh/-/import-fresh-3.3.1.tgz. Extracting by manifest.
3010 silly tarball no local data for image-size@https://registry.npmjs.org/image-size/-/image-size-1.2.1.tgz. Extracting by manifest.
3011 silly tarball no local data for ignore@https://registry.npmjs.org/ignore/-/ignore-5.3.2.tgz. Extracting by manifest.
3012 silly tarball no local data for ieee754@https://registry.npmjs.org/ieee754/-/ieee754-1.2.1.tgz. Extracting by manifest.
3013 silly tarball no local data for hyphenate-style-name@https://registry.npmjs.org/hyphenate-style-name/-/hyphenate-style-name-1.1.0.tgz. Extracting by manifest.
3014 silly tarball no local data for http-call@https://registry.npmjs.org/http-call/-/http-call-5.3.0.tgz. Extracting by manifest.
3015 silly tarball no local data for https-proxy-agent@https://registry.npmjs.org/https-proxy-agent/-/https-proxy-agent-7.0.6.tgz. Extracting by manifest.
3016 silly tarball no local data for hyperlinker@https://registry.npmjs.org/hyperlinker/-/hyperlinker-1.0.0.tgz. Extracting by manifest.
3017 silly tarball no local data for hoist-non-react-statics@https://registry.npmjs.org/hoist-non-react-statics/-/hoist-non-react-statics-3.3.2.tgz. Extracting by manifest.
3018 silly tarball no local data for hermes-estree@https://registry.npmjs.org/hermes-estree/-/hermes-estree-0.29.1.tgz. Extracting by manifest.
3019 silly tarball no local data for hosted-git-info@https://registry.npmjs.org/hosted-git-info/-/hosted-git-info-7.0.2.tgz. Extracting by manifest.
3020 silly tarball no local data for hermes-parser@https://registry.npmjs.org/hermes-parser/-/hermes-parser-0.29.1.tgz. Extracting by manifest.
3021 silly tarball no local data for has-proto@https://registry.npmjs.org/has-proto/-/has-proto-1.2.0.tgz. Extracting by manifest.
3022 silly tarball no local data for has-property-descriptors@https://registry.npmjs.org/has-property-descriptors/-/has-property-descriptors-1.0.2.tgz. Extracting by manifest.
3023 silly tarball no local data for has-flag@https://registry.npmjs.org/has-flag/-/has-flag-4.0.0.tgz. Extracting by manifest.
3024 silly tarball no local data for has-bigints@https://registry.npmjs.org/has-bigints/-/has-bigints-1.1.0.tgz. Extracting by manifest.
3025 silly tarball no local data for graphql-tag@https://registry.npmjs.org/graphql-tag/-/graphql-tag-2.12.6.tgz. Extracting by manifest.
3026 silly tarball no local data for graphql@https://registry.npmjs.org/graphql/-/graphql-16.8.1.tgz. Extracting by manifest.
3027 silly tarball no local data for graceful-fs@https://registry.npmjs.org/graceful-fs/-/graceful-fs-4.2.11.tgz. Extracting by manifest.
3028 silly tarball no local data for gradle-to-js@https://registry.npmjs.org/gradle-to-js/-/gradle-to-js-2.0.1.tgz. Extracting by manifest.
3029 silly tarball no local data for golden-fleece@https://registry.npmjs.org/golden-fleece/-/golden-fleece-1.0.9.tgz. Extracting by manifest.
3030 silly tarball no local data for globby@https://registry.npmjs.org/globby/-/globby-11.1.0.tgz. Extracting by manifest.
3031 silly tarball no local data for globalthis@https://registry.npmjs.org/globalthis/-/globalthis-1.0.4.tgz. Extracting by manifest.
3032 silly tarball no local data for glob-parent@https://registry.npmjs.org/glob-parent/-/glob-parent-6.0.2.tgz. Extracting by manifest.
3033 silly tarball no local data for globals@https://registry.npmjs.org/globals/-/globals-14.0.0.tgz. Extracting by manifest.
3034 silly tarball no local data for glob@https://registry.npmjs.org/glob/-/glob-13.0.6.tgz. Extracting by manifest.
3035 silly tarball no local data for getenv@https://registry.npmjs.org/getenv/-/getenv-2.0.0.tgz. Extracting by manifest.
3036 silly tarball no local data for get-symbol-description@https://registry.npmjs.org/get-symbol-description/-/get-symbol-description-1.1.0.tgz. Extracting by manifest.
3037 silly tarball no local data for get-package-type@https://registry.npmjs.org/get-package-type/-/get-package-type-0.1.0.tgz. Extracting by manifest.
3038 silly tarball no local data for get-tsconfig@https://registry.npmjs.org/get-tsconfig/-/get-tsconfig-4.13.7.tgz. Extracting by manifest.
3039 silly tarball no local data for get-nonce@https://registry.npmjs.org/get-nonce/-/get-nonce-1.0.1.tgz. Extracting by manifest.
3040 silly tarball no local data for get-caller-file@https://registry.npmjs.org/get-caller-file/-/get-caller-file-2.0.5.tgz. Extracting by manifest.
3041 silly tarball no local data for gensync@https://registry.npmjs.org/gensync/-/gensync-1.0.0-beta.2.tgz. Extracting by manifest.
3042 silly tarball no local data for generator-function@https://registry.npmjs.org/generator-function/-/generator-function-2.0.1.tgz. Extracting by manifest.
3043 silly tarball no local data for functions-have-names@https://registry.npmjs.org/functions-have-names/-/functions-have-names-1.2.3.tgz. Extracting by manifest.
3044 silly tarball no local data for function.prototype.name@https://registry.npmjs.org/function.prototype.name/-/function.prototype.name-1.1.8.tgz. Extracting by manifest.
3045 silly tarball no local data for fs.realpath@https://registry.npmjs.org/fs.realpath/-/fs.realpath-1.0.0.tgz. Extracting by manifest.
3046 silly tarball no local data for fs-extra@https://registry.npmjs.org/fs-extra/-/fs-extra-11.2.0.tgz. Extracting by manifest.
3047 silly tarball no local data for fresh@https://registry.npmjs.org/fresh/-/fresh-0.5.2.tgz. Extracting by manifest.
3048 silly tarball no local data for freeport-async@https://registry.npmjs.org/freeport-async/-/freeport-async-2.0.0.tgz. Extracting by manifest.
3049 silly tarball no local data for foreground-child@https://registry.npmjs.org/foreground-child/-/foreground-child-3.3.1.tgz. Extracting by manifest.
3050 silly tarball no local data for for-each@https://registry.npmjs.org/for-each/-/for-each-0.3.5.tgz. Extracting by manifest.
3051 silly tarball no local data for fontfaceobserver@https://registry.npmjs.org/fontfaceobserver/-/fontfaceobserver-2.3.0.tgz. Extracting by manifest.
3052 silly tarball no local data for flow-enums-runtime@https://registry.npmjs.org/flow-enums-runtime/-/flow-enums-runtime-0.0.6.tgz. Extracting by manifest.
3053 silly tarball no local data for flatted@https://registry.npmjs.org/flatted/-/flatted-3.4.2.tgz. Extracting by manifest.
3054 silly tarball no local data for flat-cache@https://registry.npmjs.org/flat-cache/-/flat-cache-4.0.1.tgz. Extracting by manifest.
3055 silly tarball no local data for find-up@https://registry.npmjs.org/find-up/-/find-up-5.0.0.tgz. Extracting by manifest.
3056 silly tarball no local data for finalhandler@https://registry.npmjs.org/finalhandler/-/finalhandler-1.1.2.tgz. Extracting by manifest.
3057 silly tarball no local data for filter-obj@https://registry.npmjs.org/filter-obj/-/filter-obj-1.1.0.tgz. Extracting by manifest.
3058 silly tarball no local data for file-entry-cache@https://registry.npmjs.org/file-entry-cache/-/file-entry-cache-8.0.0.tgz. Extracting by manifest.
3059 silly tarball no local data for filelist@https://registry.npmjs.org/filelist/-/filelist-1.0.6.tgz. Extracting by manifest.
3060 silly tarball no local data for figures@https://registry.npmjs.org/figures/-/figures-3.2.0.tgz. Extracting by manifest.
3061 silly tarball no local data for fetch-retry@https://registry.npmjs.org/fetch-retry/-/fetch-retry-4.1.1.tgz. Extracting by manifest.
3062 silly tarball no local data for fbjs-css-vars@https://registry.npmjs.org/fbjs-css-vars/-/fbjs-css-vars-1.0.2.tgz. Extracting by manifest.
3063 silly tarball no local data for fbjs@https://registry.npmjs.org/fbjs/-/fbjs-3.0.5.tgz. Extracting by manifest.
3064 silly tarball no local data for fb-watchman@https://registry.npmjs.org/fb-watchman/-/fb-watchman-2.0.2.tgz. Extracting by manifest.
3065 silly tarball no local data for fastq@https://registry.npmjs.org/fastq/-/fastq-1.20.1.tgz. Extracting by manifest.
3066 silly tarball no local data for fast-uri@https://registry.npmjs.org/fast-uri/-/fast-uri-3.1.0.tgz. Extracting by manifest.
3067 silly tarball no local data for fast-levenshtein@https://registry.npmjs.org/fast-levenshtein/-/fast-levenshtein-2.0.6.tgz. Extracting by manifest.
3068 silly tarball no local data for fast-glob@https://registry.npmjs.org/fast-glob/-/fast-glob-3.3.2.tgz. Extracting by manifest.
3069 silly tarball no local data for fast-fifo@https://registry.npmjs.org/fast-fifo/-/fast-fifo-1.3.2.tgz. Extracting by manifest.
3070 silly tarball no local data for fast-deep-equal@https://registry.npmjs.org/fast-deep-equal/-/fast-deep-equal-3.1.3.tgz. Extracting by manifest.
3071 silly tarball no local data for fast-json-stable-stringify@https://registry.npmjs.org/fast-json-stable-stringify/-/fast-json-stable-stringify-2.1.0.tgz. Extracting by manifest.
3072 silly tarball no local data for exponential-backoff@https://registry.npmjs.org/exponential-backoff/-/exponential-backoff-3.1.3.tgz. Extracting by manifest.
3073 silly tarball no local data for expo-symbols@https://registry.npmjs.org/expo-symbols/-/expo-symbols-1.0.8.tgz. Extracting by manifest.
3074 silly tarball no local data for expo-web-browser@https://registry.npmjs.org/expo-web-browser/-/expo-web-browser-15.0.10.tgz. Extracting by manifest.
3075 silly tarball no local data for expo-system-ui@https://registry.npmjs.org/expo-system-ui/-/expo-system-ui-6.0.9.tgz. Extracting by manifest.
3076 silly tarball no local data for expo-status-bar@https://registry.npmjs.org/expo-status-bar/-/expo-status-bar-3.0.9.tgz. Extracting by manifest.
3077 silly tarball no local data for expo-server@https://registry.npmjs.org/expo-server/-/expo-server-1.0.5.tgz. Extracting by manifest.
3078 silly tarball no local data for expo-splash-screen@https://registry.npmjs.org/expo-splash-screen/-/expo-splash-screen-31.0.13.tgz. Extracting by manifest.
3079 silly tarball no local data for expo-router@https://registry.npmjs.org/expo-router/-/expo-router-6.0.23.tgz. Extracting by manifest.
3080 silly tarball no local data for expo-modules-core@https://registry.npmjs.org/expo-modules-core/-/expo-modules-core-3.0.29.tgz. Extracting by manifest.
3081 silly tarball no local data for expo-modules-autolinking@https://registry.npmjs.org/expo-modules-autolinking/-/expo-modules-autolinking-3.0.24.tgz. Extracting by manifest.
3082 silly tarball no local data for expo-location@https://registry.npmjs.org/expo-location/-/expo-location-19.0.8.tgz. Extracting by manifest.
3083 silly tarball no local data for expo-linking@https://registry.npmjs.org/expo-linking/-/expo-linking-8.0.11.tgz. Extracting by manifest.
3084 silly tarball no local data for expo-linear-gradient@https://registry.npmjs.org/expo-linear-gradient/-/expo-linear-gradient-15.0.8.tgz. Extracting by manifest.
3085 silly tarball no local data for expo-keep-awake@https://registry.npmjs.org/expo-keep-awake/-/expo-keep-awake-15.0.8.tgz. Extracting by manifest.
3086 silly tarball no local data for expo-image-picker@https://registry.npmjs.org/expo-image-picker/-/expo-image-picker-55.0.16.tgz. Extracting by manifest.
3087 silly tarball no local data for expo-image-loader@https://registry.npmjs.org/expo-image-loader/-/expo-image-loader-55.0.0.tgz. Extracting by manifest.
3088 silly tarball no local data for expo-image@https://registry.npmjs.org/expo-image/-/expo-image-3.0.11.tgz. Extracting by manifest.
3089 silly tarball no local data for expo-haptics@https://registry.npmjs.org/expo-haptics/-/expo-haptics-15.0.8.tgz. Extracting by manifest.
3090 silly tarball no local data for expo-font@https://registry.npmjs.org/expo-font/-/expo-font-14.0.11.tgz. Extracting by manifest.
3091 silly tarball no local data for expo-file-system@https://registry.npmjs.org/expo-file-system/-/expo-file-system-19.0.21.tgz. Extracting by manifest.
3092 silly tarball no local data for expo-constants@https://registry.npmjs.org/expo-constants/-/expo-constants-18.0.13.tgz. Extracting by manifest.
3093 silly tarball no local data for exec-async@https://registry.npmjs.org/exec-async/-/exec-async-2.2.0.tgz. Extracting by manifest.
3094 silly tarball no local data for events-universal@https://registry.npmjs.org/events-universal/-/events-universal-1.0.1.tgz. Extracting by manifest.
3095 silly tarball no local data for expo-asset@https://registry.npmjs.org/expo-asset/-/expo-asset-12.0.12.tgz. Extracting by manifest.
3096 silly tarball no local data for expo@https://registry.npmjs.org/expo/-/expo-54.0.33.tgz. Extracting by manifest.
3097 silly tarball no local data for event-target-shim@https://registry.npmjs.org/event-target-shim/-/event-target-shim-5.0.1.tgz. Extracting by manifest.
3098 silly tarball no local data for esutils@https://registry.npmjs.org/esutils/-/esutils-2.0.3.tgz. Extracting by manifest.
3099 silly tarball no local data for esrecurse@https://registry.npmjs.org/esrecurse/-/esrecurse-4.3.0.tgz. Extracting by manifest.
3100 silly tarball no local data for estraverse@https://registry.npmjs.org/estraverse/-/estraverse-5.3.0.tgz. Extracting by manifest.
3101 silly tarball no local data for esquery@https://registry.npmjs.org/esquery/-/esquery-1.7.0.tgz. Extracting by manifest.
3102 silly tarball no local data for esprima@https://registry.npmjs.org/esprima/-/esprima-4.0.1.tgz. Extracting by manifest.
3103 silly tarball no local data for eslint-scope@https://registry.npmjs.org/eslint-scope/-/eslint-scope-8.4.0.tgz. Extracting by manifest.
3104 silly tarball no local data for eslint-plugin-react-hooks@https://registry.npmjs.org/eslint-plugin-react-hooks/-/eslint-plugin-react-hooks-5.2.0.tgz. Extracting by manifest.
3105 silly tarball no local data for eslint-visitor-keys@https://registry.npmjs.org/eslint-visitor-keys/-/eslint-visitor-keys-4.2.1.tgz. Extracting by manifest.
3106 silly tarball no local data for espree@https://registry.npmjs.org/espree/-/espree-10.4.0.tgz. Extracting by manifest.
3107 silly tarball no local data for eslint-plugin-react@https://registry.npmjs.org/eslint-plugin-react/-/eslint-plugin-react-7.37.5.tgz. Extracting by manifest.
3108 silly tarball no local data for eslint-plugin-expo@https://registry.npmjs.org/eslint-plugin-expo/-/eslint-plugin-expo-1.0.0.tgz. Extracting by manifest.
3109 silly tarball no local data for eslint-plugin-import@https://registry.npmjs.org/eslint-plugin-import/-/eslint-plugin-import-2.32.0.tgz. Extracting by manifest.
3110 silly tarball no local data for eslint-module-utils@https://registry.npmjs.org/eslint-module-utils/-/eslint-module-utils-2.12.1.tgz. Extracting by manifest.
3111 silly tarball no local data for eslint-config-expo@https://registry.npmjs.org/eslint-config-expo/-/eslint-config-expo-10.0.0.tgz. Extracting by manifest.
3112 silly tarball no local data for eslint-import-resolver-node@https://registry.npmjs.org/eslint-import-resolver-node/-/eslint-import-resolver-node-0.3.10.tgz. Extracting by manifest.
3113 silly tarball no local data for eslint@https://registry.npmjs.org/eslint/-/eslint-9.39.4.tgz. Extracting by manifest.
3114 silly tarball no local data for eslint-import-resolver-typescript@https://registry.npmjs.org/eslint-import-resolver-typescript/-/eslint-import-resolver-typescript-3.10.1.tgz. Extracting by manifest.
3115 silly tarball no local data for escape-string-regexp@https://registry.npmjs.org/escape-string-regexp/-/escape-string-regexp-4.0.0.tgz. Extracting by manifest.
3116 silly tarball no local data for escalade@https://registry.npmjs.org/escalade/-/escalade-3.2.0.tgz. Extracting by manifest.
3117 silly tarball no local data for es-shim-unscopables@https://registry.npmjs.org/es-shim-unscopables/-/es-shim-unscopables-1.1.0.tgz. Extracting by manifest.
3118 silly tarball no local data for es-to-primitive@https://registry.npmjs.org/es-to-primitive/-/es-to-primitive-1.3.0.tgz. Extracting by manifest.
3119 silly tarball no local data for es-iterator-helpers@https://registry.npmjs.org/es-iterator-helpers/-/es-iterator-helpers-1.3.1.tgz. Extracting by manifest.
3120 silly tarball no local data for es-abstract@https://registry.npmjs.org/es-abstract/-/es-abstract-1.24.1.tgz. Extracting by manifest.
3121 silly tarball no local data for error-stack-parser@https://registry.npmjs.org/error-stack-parser/-/error-stack-parser-2.1.4.tgz. Extracting by manifest.
3122 silly tarball no local data for err-code@https://registry.npmjs.org/err-code/-/err-code-2.0.3.tgz. Extracting by manifest.
3123 silly tarball no local data for error-ex@https://registry.npmjs.org/error-ex/-/error-ex-1.3.4.tgz. Extracting by manifest.
3124 silly tarball no local data for envinfo@https://registry.npmjs.org/envinfo/-/envinfo-7.11.0.tgz. Extracting by manifest.
3125 silly tarball no local data for env-string@https://registry.npmjs.org/env-string/-/env-string-1.0.1.tgz. Extracting by manifest.
3126 silly tarball no local data for entities@https://registry.npmjs.org/entities/-/entities-4.5.0.tgz. Extracting by manifest.
3127 silly tarball no local data for env-paths@https://registry.npmjs.org/env-paths/-/env-paths-2.2.0.tgz. Extracting by manifest.
3128 silly tarball no local data for env-editor@https://registry.npmjs.org/env-editor/-/env-editor-0.4.2.tgz. Extracting by manifest.
3129 silly tarball no local data for emoji-regex@https://registry.npmjs.org/emoji-regex/-/emoji-regex-8.0.0.tgz. Extracting by manifest.
3130 silly tarball no local data for encodeurl@https://registry.npmjs.org/encodeurl/-/encodeurl-1.0.2.tgz. Extracting by manifest.
3131 silly tarball no local data for electron-to-chromium@https://registry.npmjs.org/electron-to-chromium/-/electron-to-chromium-1.5.331.tgz. Extracting by manifest.
3132 silly tarball no local data for eastasianwidth@https://registry.npmjs.org/eastasianwidth/-/eastasianwidth-0.2.0.tgz. Extracting by manifest.
3133 silly tarball no local data for ejs@https://registry.npmjs.org/ejs/-/ejs-3.1.10.tgz. Extracting by manifest.
3134 silly tarball no local data for eas-cli@https://registry.npmjs.org/eas-cli/-/eas-cli-18.5.0.tgz. Extracting by manifest.
3135 silly tarball no local data for dotenv@https://registry.npmjs.org/dotenv/-/dotenv-16.4.7.tgz. Extracting by manifest.
3136 silly tarball no local data for dotenv-expand@https://registry.npmjs.org/dotenv-expand/-/dotenv-expand-11.0.7.tgz. Extracting by manifest.
3137 silly tarball no local data for domutils@https://registry.npmjs.org/domutils/-/domutils-3.2.2.tgz. Extracting by manifest.
3138 silly tarball no local data for dtrace-provider@https://registry.npmjs.org/dtrace-provider/-/dtrace-provider-0.8.8.tgz. Extracting by manifest.
3139 silly tarball no local data for domino@https://registry.npmjs.org/domino/-/domino-2.1.7.tgz. Extracting by manifest.
3140 silly tarball no local data for domhandler@https://registry.npmjs.org/domhandler/-/domhandler-5.0.3.tgz. Extracting by manifest.
3141 silly tarball no local data for domelementtype@https://registry.npmjs.org/domelementtype/-/domelementtype-2.3.0.tgz. Extracting by manifest.
3142 silly tarball no local data for doctrine@https://registry.npmjs.org/doctrine/-/doctrine-2.1.0.tgz. Extracting by manifest.
3143 silly tarball no local data for dom-serializer@https://registry.npmjs.org/dom-serializer/-/dom-serializer-2.0.0.tgz. Extracting by manifest.
3144 silly tarball no local data for dir-glob@https://registry.npmjs.org/dir-glob/-/dir-glob-3.0.1.tgz. Extracting by manifest.
3145 silly tarball no local data for dijkstrajs@https://registry.npmjs.org/dijkstrajs/-/dijkstrajs-1.0.3.tgz. Extracting by manifest.
3146 silly tarball no local data for diff@https://registry.npmjs.org/diff/-/diff-7.0.0.tgz. Extracting by manifest.
3147 silly tarball no local data for detect-node-es@https://registry.npmjs.org/detect-node-es/-/detect-node-es-1.1.0.tgz. Extracting by manifest.
3148 silly tarball no local data for destroy@https://registry.npmjs.org/destroy/-/destroy-1.2.0.tgz. Extracting by manifest.
3149 silly tarball no local data for detect-libc@https://registry.npmjs.org/detect-libc/-/detect-libc-2.1.2.tgz. Extracting by manifest.
3150 silly tarball no local data for define-properties@https://registry.npmjs.org/define-properties/-/define-properties-1.2.1.tgz. Extracting by manifest.
3151 silly tarball no local data for define-data-property@https://registry.npmjs.org/define-data-property/-/define-data-property-1.1.4.tgz. Extracting by manifest.
3152 silly tarball no local data for define-lazy-prop@https://registry.npmjs.org/define-lazy-prop/-/define-lazy-prop-2.0.0.tgz. Extracting by manifest.
3153 silly tarball no local data for defaults@https://registry.npmjs.org/defaults/-/defaults-1.0.4.tgz. Extracting by manifest.
3154 silly tarball no local data for deep-is@https://registry.npmjs.org/deep-is/-/deep-is-0.1.4.tgz. Extracting by manifest.
3155 silly tarball no local data for deep-extend@https://registry.npmjs.org/deep-extend/-/deep-extend-0.6.0.tgz. Extracting by manifest.
3156 silly tarball no local data for decamelize@https://registry.npmjs.org/decamelize/-/decamelize-1.2.0.tgz. Extracting by manifest.
3157 silly tarball no local data for decode-uri-component@https://registry.npmjs.org/decode-uri-component/-/decode-uri-component-0.2.2.tgz. Extracting by manifest.
3158 silly tarball no local data for deepmerge@https://registry.npmjs.org/deepmerge/-/deepmerge-4.3.1.tgz. Extracting by manifest.
3159 silly tarball no local data for dateformat@https://registry.npmjs.org/dateformat/-/dateformat-4.6.3.tgz. Extracting by manifest.
3160 silly tarball no local data for data-view-byte-offset@https://registry.npmjs.org/data-view-byte-offset/-/data-view-byte-offset-1.0.1.tgz. Extracting by manifest.
3161 silly tarball no local data for data-view-buffer@https://registry.npmjs.org/data-view-buffer/-/data-view-buffer-1.0.2.tgz. Extracting by manifest.
3162 silly tarball no local data for data-view-byte-length@https://registry.npmjs.org/data-view-byte-length/-/data-view-byte-length-1.0.2.tgz. Extracting by manifest.
3163 silly tarball no local data for csstype@https://registry.npmjs.org/csstype/-/csstype-3.2.3.tgz. Extracting by manifest.
3164 silly tarball no local data for css-what@https://registry.npmjs.org/css-what/-/css-what-6.2.2.tgz. Extracting by manifest.
3165 silly tarball no local data for css-select@https://registry.npmjs.org/css-select/-/css-select-5.2.2.tgz. Extracting by manifest.
3166 silly tarball no local data for css-in-js-utils@https://registry.npmjs.org/css-in-js-utils/-/css-in-js-utils-3.1.0.tgz. Extracting by manifest.
3167 silly tarball no local data for crypto-random-string@https://registry.npmjs.org/crypto-random-string/-/crypto-random-string-2.0.0.tgz. Extracting by manifest.
3168 silly tarball no local data for crypt@https://registry.npmjs.org/crypt/-/crypt-0.0.2.tgz. Extracting by manifest.
3169 silly tarball no local data for css-tree@https://registry.npmjs.org/css-tree/-/css-tree-1.1.3.tgz. Extracting by manifest.
3170 silly tarball no local data for cross-spawn@https://registry.npmjs.org/cross-spawn/-/cross-spawn-7.0.6.tgz. Extracting by manifest.
3171 silly tarball no local data for cross-fetch@https://registry.npmjs.org/cross-fetch/-/cross-fetch-3.2.0.tgz. Extracting by manifest.
3172 silly tarball no local data for create-require@https://registry.npmjs.org/create-require/-/create-require-1.1.1.tgz. Extracting by manifest.
3173 silly tarball no local data for core-js-compat@https://registry.npmjs.org/core-js-compat/-/core-js-compat-3.49.0.tgz. Extracting by manifest.
3174 silly tarball no local data for convert-source-map@https://registry.npmjs.org/convert-source-map/-/convert-source-map-2.0.0.tgz. Extracting by manifest.
3175 silly tarball no local data for connect@https://registry.npmjs.org/connect/-/connect-3.7.0.tgz. Extracting by manifest.
3176 silly tarball no local data for concat-map@https://registry.npmjs.org/concat-map/-/concat-map-0.0.1.tgz. Extracting by manifest.
3177 silly tarball no local data for compression@https://registry.npmjs.org/compression/-/compression-1.8.1.tgz. Extracting by manifest.
3178 silly tarball no local data for compressible@https://registry.npmjs.org/compressible/-/compressible-2.0.18.tgz. Extracting by manifest.
3179 silly tarball no local data for component-type@https://registry.npmjs.org/component-type/-/component-type-1.2.2.tgz. Extracting by manifest.
3180 silly tarball no local data for commander@https://registry.npmjs.org/commander/-/commander-7.2.0.tgz. Extracting by manifest.
3181 silly tarball no local data for color-convert@https://registry.npmjs.org/color-convert/-/color-convert-2.0.1.tgz. Extracting by manifest.
3182 silly tarball no local data for color-string@https://registry.npmjs.org/color-string/-/color-string-1.9.1.tgz. Extracting by manifest.
3183 silly tarball no local data for color-name@https://registry.npmjs.org/color-name/-/color-name-1.1.4.tgz. Extracting by manifest.
3184 silly tarball no local data for color@https://registry.npmjs.org/color/-/color-4.2.3.tgz. Extracting by manifest.
3185 silly tarball no local data for clone@https://registry.npmjs.org/clone/-/clone-1.0.4.tgz. Extracting by manifest.
3186 silly tarball no local data for cliui@https://registry.npmjs.org/cliui/-/cliui-8.0.1.tgz. Extracting by manifest.
3187 silly tarball no local data for client-only@https://registry.npmjs.org/client-only/-/client-only-0.0.1.tgz. Extracting by manifest.
3188 silly tarball no local data for cli-spinners@https://registry.npmjs.org/cli-spinners/-/cli-spinners-2.9.2.tgz. Extracting by manifest.
3189 silly tarball no local data for cli-cursor@https://registry.npmjs.org/cli-cursor/-/cli-cursor-2.1.0.tgz. Extracting by manifest.
3190 silly tarball no local data for cli-progress@https://registry.npmjs.org/cli-progress/-/cli-progress-3.12.0.tgz. Extracting by manifest.
3191 silly tarball no local data for clean-stack@https://registry.npmjs.org/clean-stack/-/clean-stack-3.0.1.tgz. Extracting by manifest.
3192 silly tarball no local data for ci-info@https://registry.npmjs.org/ci-info/-/ci-info-2.0.0.tgz. Extracting by manifest.
3193 silly tarball no local data for chromium-edge-launcher@https://registry.npmjs.org/chromium-edge-launcher/-/chromium-edge-launcher-0.2.0.tgz. Extracting by manifest.
3194 silly tarball no local data for chrome-launcher@https://registry.npmjs.org/chrome-launcher/-/chrome-launcher-0.15.2.tgz. Extracting by manifest.
3195 silly tarball no local data for chalk@https://registry.npmjs.org/chalk/-/chalk-4.1.2.tgz. Extracting by manifest.
3196 silly tarball no local data for chownr@https://registry.npmjs.org/chownr/-/chownr-3.0.0.tgz. Extracting by manifest.
3197 silly tarball no local data for charenc@https://registry.npmjs.org/charenc/-/charenc-0.0.2.tgz. Extracting by manifest.
3198 silly tarball no local data for cardinal@https://registry.npmjs.org/cardinal/-/cardinal-2.1.1.tgz. Extracting by manifest.
3199 silly tarball no local data for caniuse-lite@https://registry.npmjs.org/caniuse-lite/-/caniuse-lite-1.0.30001785.tgz. Extracting by manifest.
3200 silly tarball no local data for camelcase@https://registry.npmjs.org/camelcase/-/camelcase-6.3.0.tgz. Extracting by manifest.
3201 silly tarball no local data for callsites@https://registry.npmjs.org/callsites/-/callsites-3.1.0.tgz. Extracting by manifest.
3202 silly tarball no local data for call-bind@https://registry.npmjs.org/call-bind/-/call-bind-1.0.8.tgz. Extracting by manifest.
3203 silly tarball no local data for buffer-from@https://registry.npmjs.org/buffer-from/-/buffer-from-1.1.2.tgz. Extracting by manifest.
3204 silly tarball no local data for bunyan@https://registry.npmjs.org/bunyan/-/bunyan-1.8.15.tgz. Extracting by manifest.
3205 silly tarball no local data for buffer@https://registry.npmjs.org/buffer/-/buffer-5.7.1.tgz. Extracting by manifest.
3206 silly tarball no local data for bser@https://registry.npmjs.org/bser/-/bser-2.1.1.tgz. Extracting by manifest.
3207 silly tarball no local data for browserslist@https://registry.npmjs.org/browserslist/-/browserslist-4.28.2.tgz. Extracting by manifest.
3208 silly tarball no local data for brace-expansion@https://registry.npmjs.org/brace-expansion/-/brace-expansion-1.1.13.tgz. Extracting by manifest.
3209 silly tarball no local data for bplist-parser@https://registry.npmjs.org/bplist-parser/-/bplist-parser-0.3.1.tgz. Extracting by manifest.
3210 silly tarball no local data for bplist-creator@https://registry.npmjs.org/bplist-creator/-/bplist-creator-0.1.0.tgz. Extracting by manifest.
3211 silly tarball no local data for big-integer@https://registry.npmjs.org/big-integer/-/big-integer-1.6.52.tgz. Extracting by manifest.
3212 silly tarball no local data for boolbase@https://registry.npmjs.org/boolbase/-/boolbase-1.0.0.tgz. Extracting by manifest.
3213 silly tarball no local data for better-opn@https://registry.npmjs.org/better-opn/-/better-opn-3.0.2.tgz. Extracting by manifest.
3214 silly tarball no local data for bare-events@https://registry.npmjs.org/bare-events/-/bare-events-2.8.2.tgz. Extracting by manifest.
3215 silly tarball no local data for baseline-browser-mapping@https://registry.npmjs.org/baseline-browser-mapping/-/baseline-browser-mapping-2.10.15.tgz. Extracting by manifest.
3216 silly tarball no local data for base64-js@https://registry.npmjs.org/base64-js/-/base64-js-1.5.1.tgz. Extracting by manifest.
3217 silly tarball no local data for balanced-match@https://registry.npmjs.org/balanced-match/-/balanced-match-1.0.2.tgz. Extracting by manifest.
3218 silly tarball no local data for babel-preset-jest@https://registry.npmjs.org/babel-preset-jest/-/babel-preset-jest-29.6.3.tgz. Extracting by manifest.
3219 silly tarball no local data for babel-preset-expo@https://registry.npmjs.org/babel-preset-expo/-/babel-preset-expo-54.0.10.tgz. Extracting by manifest.
3220 silly tarball no local data for babel-preset-current-node-syntax@https://registry.npmjs.org/babel-preset-current-node-syntax/-/babel-preset-current-node-syntax-1.2.0.tgz. Extracting by manifest.
3221 silly tarball no local data for babel-plugin-transform-flow-enums@https://registry.npmjs.org/babel-plugin-transform-flow-enums/-/babel-plugin-transform-flow-enums-0.0.2.tgz. Extracting by manifest.
3222 silly tarball no local data for babel-plugin-syntax-hermes-parser@https://registry.npmjs.org/babel-plugin-syntax-hermes-parser/-/babel-plugin-syntax-hermes-parser-0.29.1.tgz. Extracting by manifest.
3223 silly tarball no local data for babel-plugin-react-native-web@https://registry.npmjs.org/babel-plugin-react-native-web/-/babel-plugin-react-native-web-0.21.2.tgz. Extracting by manifest.
3224 silly tarball no local data for babel-plugin-react-compiler@https://registry.npmjs.org/babel-plugin-react-compiler/-/babel-plugin-react-compiler-1.0.0.tgz. Extracting by manifest.
3225 silly tarball no local data for babel-plugin-polyfill-corejs3@https://registry.npmjs.org/babel-plugin-polyfill-corejs3/-/babel-plugin-polyfill-corejs3-0.13.0.tgz. Extracting by manifest.
3226 silly tarball no local data for babel-plugin-polyfill-regenerator@https://registry.npmjs.org/babel-plugin-polyfill-regenerator/-/babel-plugin-polyfill-regenerator-0.6.8.tgz. Extracting by manifest.
3227 silly tarball no local data for babel-plugin-polyfill-corejs2@https://registry.npmjs.org/babel-plugin-polyfill-corejs2/-/babel-plugin-polyfill-corejs2-0.4.17.tgz. Extracting by manifest.
3228 silly tarball no local data for babel-plugin-jest-hoist@https://registry.npmjs.org/babel-plugin-jest-hoist/-/babel-plugin-jest-hoist-29.6.3.tgz. Extracting by manifest.
3229 silly tarball no local data for babel-plugin-istanbul@https://registry.npmjs.org/babel-plugin-istanbul/-/babel-plugin-istanbul-6.1.1.tgz. Extracting by manifest.
3230 silly tarball no local data for babel-jest@https://registry.npmjs.org/babel-jest/-/babel-jest-29.7.0.tgz. Extracting by manifest.
3231 silly tarball no local data for at-least-node@https://registry.npmjs.org/at-least-node/-/at-least-node-1.0.0.tgz. Extracting by manifest.
3232 silly tarball no local data for b4a@https://registry.npmjs.org/b4a/-/b4a-1.8.0.tgz. Extracting by manifest.
3233 silly tarball no local data for available-typed-arrays@https://registry.npmjs.org/available-typed-arrays/-/available-typed-arrays-1.0.7.tgz. Extracting by manifest.
3234 silly tarball no local data for async-limiter@https://registry.npmjs.org/async-limiter/-/async-limiter-1.0.1.tgz. Extracting by manifest.
3235 silly tarball no local data for async-function@https://registry.npmjs.org/async-function/-/async-function-1.0.0.tgz. Extracting by manifest.
3236 silly tarball no local data for async@https://registry.npmjs.org/async/-/async-3.2.6.tgz. Extracting by manifest.
3237 silly tarball no local data for astral-regex@https://registry.npmjs.org/astral-regex/-/astral-regex-2.0.0.tgz. Extracting by manifest.
3238 silly tarball no local data for asn1@https://registry.npmjs.org/asn1/-/asn1-0.2.6.tgz. Extracting by manifest.
3239 silly tarball no local data for asap@https://registry.npmjs.org/asap/-/asap-2.0.6.tgz. Extracting by manifest.
3240 silly tarball no local data for arraybuffer.prototype.slice@https://registry.npmjs.org/arraybuffer.prototype.slice/-/arraybuffer.prototype.slice-1.0.4.tgz. Extracting by manifest.
3241 silly tarball no local data for array.prototype.tosorted@https://registry.npmjs.org/array.prototype.tosorted/-/array.prototype.tosorted-1.1.4.tgz. Extracting by manifest.
3242 silly tarball no local data for array.prototype.flatmap@https://registry.npmjs.org/array.prototype.flatmap/-/array.prototype.flatmap-1.3.3.tgz. Extracting by manifest.
3243 silly tarball no local data for array.prototype.flat@https://registry.npmjs.org/array.prototype.flat/-/array.prototype.flat-1.3.3.tgz. Extracting by manifest.
3244 silly tarball no local data for array.prototype.findlastindex@https://registry.npmjs.org/array.prototype.findlastindex/-/array.prototype.findlastindex-1.2.6.tgz. Extracting by manifest.
3245 silly tarball no local data for array.prototype.findlast@https://registry.npmjs.org/array.prototype.findlast/-/array.prototype.findlast-1.2.5.tgz. Extracting by manifest.
3246 silly tarball no local data for array-union@https://registry.npmjs.org/array-union/-/array-union-2.1.0.tgz. Extracting by manifest.
3247 silly tarball no local data for array-buffer-byte-length@https://registry.npmjs.org/array-buffer-byte-length/-/array-buffer-byte-length-1.0.2.tgz. Extracting by manifest.
3248 silly tarball no local data for array-includes@https://registry.npmjs.org/array-includes/-/array-includes-3.1.9.tgz. Extracting by manifest.
3249 silly tarball no local data for argparse@https://registry.npmjs.org/argparse/-/argparse-2.0.1.tgz. Extracting by manifest.
3250 silly tarball no local data for aria-hidden@https://registry.npmjs.org/aria-hidden/-/aria-hidden-1.2.6.tgz. Extracting by manifest.
3251 silly tarball no local data for arg@https://registry.npmjs.org/arg/-/arg-5.0.2.tgz. Extracting by manifest.
3252 silly tarball no local data for any-promise@https://registry.npmjs.org/any-promise/-/any-promise-1.3.0.tgz. Extracting by manifest.
3253 silly tarball no local data for ansis@https://registry.npmjs.org/ansis/-/ansis-3.17.0.tgz. Extracting by manifest.
3254 silly tarball no local data for ansicolors@https://registry.npmjs.org/ansicolors/-/ansicolors-0.3.2.tgz. Extracting by manifest.
3255 silly tarball no local data for ansi-styles@https://registry.npmjs.org/ansi-styles/-/ansi-styles-4.3.0.tgz. Extracting by manifest.
3256 silly tarball no local data for ansi-regex@https://registry.npmjs.org/ansi-regex/-/ansi-regex-5.0.1.tgz. Extracting by manifest.
3257 silly tarball no local data for ansi-escapes@https://registry.npmjs.org/ansi-escapes/-/ansi-escapes-4.3.2.tgz. Extracting by manifest.
3258 silly tarball no local data for anser@https://registry.npmjs.org/anser/-/anser-1.4.10.tgz. Extracting by manifest.
3259 silly tarball no local data for ajv-formats@https://registry.npmjs.org/ajv-formats/-/ajv-formats-2.1.1.tgz. Extracting by manifest.
3260 silly tarball no local data for ajv@https://registry.npmjs.org/ajv/-/ajv-6.14.0.tgz. Extracting by manifest.
3261 silly tarball no local data for acorn-walk@https://registry.npmjs.org/acorn-walk/-/acorn-walk-8.3.5.tgz. Extracting by manifest.
3262 silly tarball no local data for agent-base@https://registry.npmjs.org/agent-base/-/agent-base-7.1.4.tgz. Extracting by manifest.
3263 silly tarball no local data for acorn-jsx@https://registry.npmjs.org/acorn-jsx/-/acorn-jsx-5.3.2.tgz. Extracting by manifest.
3264 silly tarball no local data for acorn@https://registry.npmjs.org/acorn/-/acorn-8.16.0.tgz. Extracting by manifest.
3265 silly tarball no local data for accepts@https://registry.npmjs.org/accepts/-/accepts-1.3.8.tgz. Extracting by manifest.
3266 silly tarball no local data for abort-controller@https://registry.npmjs.org/abort-controller/-/abort-controller-3.0.0.tgz. Extracting by manifest.
3267 silly tarball no local data for eslint-visitor-keys@https://registry.npmjs.org/eslint-visitor-keys/-/eslint-visitor-keys-5.0.1.tgz. Extracting by manifest.
3268 silly tarball no local data for ignore@https://registry.npmjs.org/ignore/-/ignore-7.0.5.tgz. Extracting by manifest.
3269 silly tarball no local data for https-proxy-agent@https://registry.npmjs.org/https-proxy-agent/-/https-proxy-agent-5.0.1.tgz. Extracting by manifest.
3270 silly tarball no local data for agent-base@https://registry.npmjs.org/agent-base/-/agent-base-6.0.2.tgz. Extracting by manifest.
3271 silly tarball no local data for ws@https://registry.npmjs.org/ws/-/ws-6.2.3.tgz. Extracting by manifest.
3272 silly tarball no local data for glob@https://registry.npmjs.org/glob/-/glob-7.2.3.tgz. Extracting by manifest.
3273 silly tarball no local data for supports-color@https://registry.npmjs.org/supports-color/-/supports-color-8.1.1.tgz. Extracting by manifest.
3274 silly tarball no local data for p-locate@https://registry.npmjs.org/p-locate/-/p-locate-4.1.0.tgz. Extracting by manifest.
3275 silly tarball no local data for locate-path@https://registry.npmjs.org/locate-path/-/locate-path-5.0.0.tgz. Extracting by manifest.
3276 silly tarball no local data for js-yaml@https://registry.npmjs.org/js-yaml/-/js-yaml-3.14.2.tgz. Extracting by manifest.
3277 silly tarball no local data for find-up@https://registry.npmjs.org/find-up/-/find-up-4.1.0.tgz. Extracting by manifest.
3278 silly tarball no local data for camelcase@https://registry.npmjs.org/camelcase/-/camelcase-5.3.1.tgz. Extracting by manifest.
3279 silly tarball no local data for wrap-ansi@https://registry.npmjs.org/wrap-ansi/-/wrap-ansi-8.1.0.tgz. Extracting by manifest.
3280 silly tarball no local data for argparse@https://registry.npmjs.org/argparse/-/argparse-1.0.10.tgz. Extracting by manifest.
3281 silly tarball no local data for strip-ansi@https://registry.npmjs.org/strip-ansi/-/strip-ansi-7.2.0.tgz. Extracting by manifest.
3282 silly tarball no local data for string-width@https://registry.npmjs.org/string-width/-/string-width-5.1.2.tgz. Extracting by manifest.
3283 silly tarball no local data for emoji-regex@https://registry.npmjs.org/emoji-regex/-/emoji-regex-9.2.2.tgz. Extracting by manifest.
3284 silly tarball no local data for ansi-regex@https://registry.npmjs.org/ansi-regex/-/ansi-regex-6.2.2.tgz. Extracting by manifest.
3285 silly tarball no local data for ansi-styles@https://registry.npmjs.org/ansi-styles/-/ansi-styles-6.2.3.tgz. Extracting by manifest.
3286 silly tarball no local data for uuid@https://registry.npmjs.org/uuid/-/uuid-9.0.1.tgz. Extracting by manifest.
3287 silly tarball no local data for joi@https://registry.npmjs.org/joi/-/joi-17.13.3.tgz. Extracting by manifest.
3288 silly tarball no local data for uuid@https://registry.npmjs.org/uuid/-/uuid-8.3.2.tgz. Extracting by manifest.
3289 silly tarball no local data for @oclif/core@https://registry.npmjs.org/@oclif/core/-/core-2.16.0.tgz. Extracting by manifest.
3290 silly tarball no local data for supports-color@https://registry.npmjs.org/supports-color/-/supports-color-8.1.1.tgz. Extracting by manifest.
3291 silly tarball no local data for js-yaml@https://registry.npmjs.org/js-yaml/-/js-yaml-3.14.2.tgz. Extracting by manifest.
3292 silly tarball no local data for fs-extra@https://registry.npmjs.org/fs-extra/-/fs-extra-10.1.0.tgz. Extracting by manifest.
3293 silly tarball no local data for argparse@https://registry.npmjs.org/argparse/-/argparse-1.0.10.tgz. Extracting by manifest.
3294 silly tarball no local data for @oclif/core@https://registry.npmjs.org/@oclif/core/-/core-2.16.0.tgz. Extracting by manifest.
3295 silly tarball no local data for js-yaml@https://registry.npmjs.org/js-yaml/-/js-yaml-3.14.2.tgz. Extracting by manifest.
3296 silly tarball no local data for supports-color@https://registry.npmjs.org/supports-color/-/supports-color-8.1.1.tgz. Extracting by manifest.
3297 silly tarball no local data for minimatch@https://registry.npmjs.org/minimatch/-/minimatch-9.0.9.tgz. Extracting by manifest.
3298 silly tarball no local data for brace-expansion@https://registry.npmjs.org/brace-expansion/-/brace-expansion-2.0.3.tgz. Extracting by manifest.
3299 silly tarball no local data for argparse@https://registry.npmjs.org/argparse/-/argparse-1.0.10.tgz. Extracting by manifest.
3300 silly tarball no local data for minimatch@https://registry.npmjs.org/minimatch/-/minimatch-9.0.9.tgz. Extracting by manifest.
3301 silly tarball no local data for brace-expansion@https://registry.npmjs.org/brace-expansion/-/brace-expansion-2.0.3.tgz. Extracting by manifest.
3302 silly tarball no local data for chalk@https://registry.npmjs.org/chalk/-/chalk-2.4.2.tgz. Extracting by manifest.
3303 silly tarball no local data for yallist@https://registry.npmjs.org/yallist/-/yallist-4.0.0.tgz. Extracting by manifest.
3304 silly tarball no local data for tslib@https://registry.npmjs.org/tslib/-/tslib-2.4.1.tgz. Extracting by manifest.
3305 silly tarball no local data for @babel/code-frame@https://registry.npmjs.org/@babel/code-frame/-/code-frame-7.23.5.tgz. Extracting by manifest.
3306 silly tarball no local data for semver@https://registry.npmjs.org/semver/-/semver-7.5.2.tgz. Extracting by manifest.
3307 silly tarball no local data for lru-cache@https://registry.npmjs.org/lru-cache/-/lru-cache-6.0.0.tgz. Extracting by manifest.
3308 silly tarball no local data for escape-string-regexp@https://registry.npmjs.org/escape-string-regexp/-/escape-string-regexp-1.0.5.tgz. Extracting by manifest.
3309 silly tarball no local data for color-convert@https://registry.npmjs.org/color-convert/-/color-convert-1.9.3.tgz. Extracting by manifest.
3310 silly tarball no local data for log-symbols@https://registry.npmjs.org/log-symbols/-/log-symbols-4.1.0.tgz. Extracting by manifest.
3311 silly tarball no local data for color-name@https://registry.npmjs.org/color-name/-/color-name-1.1.3.tgz. Extracting by manifest.
3312 silly tarball no local data for ansi-styles@https://registry.npmjs.org/ansi-styles/-/ansi-styles-3.2.1.tgz. Extracting by manifest.
3313 silly tarball no local data for joi@https://registry.npmjs.org/joi/-/joi-17.13.3.tgz. Extracting by manifest.
3314 silly tarball no local data for debug@https://registry.npmjs.org/debug/-/debug-3.2.7.tgz. Extracting by manifest.
3315 silly tarball no local data for @babel/code-frame@https://registry.npmjs.org/@babel/code-frame/-/code-frame-7.10.4.tgz. Extracting by manifest.
3316 silly tarball no local data for eslint-visitor-keys@https://registry.npmjs.org/eslint-visitor-keys/-/eslint-visitor-keys-3.4.3.tgz. Extracting by manifest.
3317 silly tarball no local data for uuid@https://registry.npmjs.org/uuid/-/uuid-8.3.2.tgz. Extracting by manifest.
3318 silly tarball no local data for @jridgewell/trace-mapping@https://registry.npmjs.org/@jridgewell/trace-mapping/-/trace-mapping-0.3.9.tgz. Extracting by manifest.
3319 silly tarball no local data for p-limit@https://registry.npmjs.org/p-limit/-/p-limit-2.3.0.tgz. Extracting by manifest.
3320 silly tarball no local data for escape-string-regexp@https://registry.npmjs.org/escape-string-regexp/-/escape-string-regexp-1.0.5.tgz. Extracting by manifest.
3321 silly tarball no local data for color-name@https://registry.npmjs.org/color-name/-/color-name-1.1.3.tgz. Extracting by manifest.
3322 silly tarball no local data for chalk@https://registry.npmjs.org/chalk/-/chalk-2.4.2.tgz. Extracting by manifest.
3323 silly tarball no local data for ansi-styles@https://registry.npmjs.org/ansi-styles/-/ansi-styles-3.2.1.tgz. Extracting by manifest.
3324 silly tarball no local data for resolve@https://registry.npmjs.org/resolve/-/resolve-1.22.11.tgz. Extracting by manifest.
3325 silly tarball no local data for xmlbuilder@https://registry.npmjs.org/xmlbuilder/-/xmlbuilder-11.0.1.tgz. Extracting by manifest.
3326 silly tarball no local data for webidl-conversions@https://registry.npmjs.org/webidl-conversions/-/webidl-conversions-5.0.0.tgz. Extracting by manifest.
3327 silly tarball no local data for @radix-ui/react-slot@https://registry.npmjs.org/@radix-ui/react-slot/-/react-slot-1.2.3.tgz. Extracting by manifest.
3328 silly tarball no local data for @radix-ui/react-primitive@https://registry.npmjs.org/@radix-ui/react-primitive/-/react-primitive-2.1.3.tgz. Extracting by manifest.
3329 silly tarball no local data for @radix-ui/react-presence@https://registry.npmjs.org/@radix-ui/react-presence/-/react-presence-1.1.5.tgz. Extracting by manifest.
3330 silly tarball no local data for @radix-ui/react-portal@https://registry.npmjs.org/@radix-ui/react-portal/-/react-portal-1.1.9.tgz. Extracting by manifest.
3331 silly tarball no local data for @radix-ui/react-focus-scope@https://registry.npmjs.org/@radix-ui/react-focus-scope/-/react-focus-scope-1.1.7.tgz. Extracting by manifest.
3332 silly tarball no local data for @radix-ui/react-dismissable-layer@https://registry.npmjs.org/@radix-ui/react-dismissable-layer/-/react-dismissable-layer-1.1.11.tgz. Extracting by manifest.
3333 silly tarball no local data for @radix-ui/react-dialog@https://registry.npmjs.org/@radix-ui/react-dialog/-/react-dialog-1.1.15.tgz. Extracting by manifest.
3334 silly tarball no local data for diff@https://registry.npmjs.org/diff/-/diff-4.0.4.tgz. Extracting by manifest.
3335 silly tarball no local data for json5@https://registry.npmjs.org/json5/-/json5-1.0.2.tgz. Extracting by manifest.
3336 silly tarball no local data for arg@https://registry.npmjs.org/arg/-/arg-4.1.3.tgz. Extracting by manifest.
3337 silly tarball no local data for fdir@https://registry.npmjs.org/fdir/-/fdir-6.5.0.tgz. Extracting by manifest.
3338 silly tarball no local data for glob@https://registry.npmjs.org/glob/-/glob-7.2.3.tgz. Extracting by manifest.
3339 silly tarball no local data for picomatch@https://registry.npmjs.org/picomatch/-/picomatch-4.0.4.tgz. Extracting by manifest.
3340 silly tarball no local data for yallist@https://registry.npmjs.org/yallist/-/yallist-5.0.0.tgz. Extracting by manifest.
3341 silly tarball no local data for commander@https://registry.npmjs.org/commander/-/commander-2.20.3.tgz. Extracting by manifest.
3342 silly tarball no local data for commander@https://registry.npmjs.org/commander/-/commander-4.1.1.tgz. Extracting by manifest.
3343 silly tarball no local data for escape-string-regexp@https://registry.npmjs.org/escape-string-regexp/-/escape-string-regexp-2.0.0.tgz. Extracting by manifest.
3344 silly tarball no local data for source-map@https://registry.npmjs.org/source-map/-/source-map-0.6.1.tgz. Extracting by manifest.
3345 silly tarball no local data for glob@https://registry.npmjs.org/glob/-/glob-7.2.3.tgz. Extracting by manifest.
3346 silly tarball no local data for ms@https://registry.npmjs.org/ms/-/ms-2.0.0.tgz. Extracting by manifest.
3347 silly tarball no local data for debug@https://registry.npmjs.org/debug/-/debug-2.6.9.tgz. Extracting by manifest.
3348 silly tarball no local data for resolve@https://registry.npmjs.org/resolve/-/resolve-1.7.1.tgz. Extracting by manifest.
3349 silly tarball no local data for semver@https://registry.npmjs.org/semver/-/semver-7.7.2.tgz. Extracting by manifest.
3350 silly tarball no local data for @react-native/normalize-colors@https://registry.npmjs.org/@react-native/normalize-colors/-/normalize-colors-0.74.89.tgz. Extracting by manifest.
3351 silly tarball no local data for memoize-one@https://registry.npmjs.org/memoize-one/-/memoize-one-6.0.0.tgz. Extracting by manifest.
3352 silly tarball no local data for @react-native/virtualized-lists@https://registry.npmjs.org/@react-native/virtualized-lists/-/virtualized-lists-0.81.5.tgz. Extracting by manifest.
3353 silly tarball no local data for @react-native/gradle-plugin@https://registry.npmjs.org/@react-native/gradle-plugin/-/gradle-plugin-0.81.5.tgz. Extracting by manifest.
3354 silly tarball no local data for ws@https://registry.npmjs.org/ws/-/ws-6.2.3.tgz. Extracting by manifest.
3355 silly tarball no local data for glob@https://registry.npmjs.org/glob/-/glob-7.2.3.tgz. Extracting by manifest.
3356 silly tarball no local data for commander@https://registry.npmjs.org/commander/-/commander-12.1.0.tgz. Extracting by manifest.
3357 silly tarball no local data for strip-json-comments@https://registry.npmjs.org/strip-json-comments/-/strip-json-comments-2.0.1.tgz. Extracting by manifest.
3358 silly tarball no local data for yargs-parser@https://registry.npmjs.org/yargs-parser/-/yargs-parser-18.1.3.tgz. Extracting by manifest.
3359 silly tarball no local data for yargs@https://registry.npmjs.org/yargs/-/yargs-15.4.1.tgz. Extracting by manifest.
3360 silly tarball no local data for y18n@https://registry.npmjs.org/y18n/-/y18n-4.0.3.tgz. Extracting by manifest.
3361 silly tarball no local data for wrap-ansi@https://registry.npmjs.org/wrap-ansi/-/wrap-ansi-6.2.0.tgz. Extracting by manifest.
3362 silly tarball no local data for p-locate@https://registry.npmjs.org/p-locate/-/p-locate-4.1.0.tgz. Extracting by manifest.
3363 silly tarball no local data for pngjs@https://registry.npmjs.org/pngjs/-/pngjs-5.0.0.tgz. Extracting by manifest.
3364 silly tarball no local data for p-limit@https://registry.npmjs.org/p-limit/-/p-limit-2.3.0.tgz. Extracting by manifest.
3365 silly tarball no local data for locate-path@https://registry.npmjs.org/locate-path/-/locate-path-5.0.0.tgz. Extracting by manifest.
3366 silly tarball no local data for cliui@https://registry.npmjs.org/cliui/-/cliui-6.0.0.tgz. Extracting by manifest.
3367 silly tarball no local data for find-up@https://registry.npmjs.org/find-up/-/find-up-4.1.0.tgz. Extracting by manifest.
3368 silly tarball no local data for camelcase@https://registry.npmjs.org/camelcase/-/camelcase-5.3.1.tgz. Extracting by manifest.
3369 silly tarball no local data for react-is@https://registry.npmjs.org/react-is/-/react-is-16.13.1.tgz. Extracting by manifest.
3370 silly tarball no local data for react-is@https://registry.npmjs.org/react-is/-/react-is-18.3.1.tgz. Extracting by manifest.
3371 silly tarball no local data for ansi-styles@https://registry.npmjs.org/ansi-styles/-/ansi-styles-5.2.0.tgz. Extracting by manifest.
3372 silly tarball no local data for p-locate@https://registry.npmjs.org/p-locate/-/p-locate-4.1.0.tgz. Extracting by manifest.
3373 silly tarball no local data for p-limit@https://registry.npmjs.org/p-limit/-/p-limit-2.3.0.tgz. Extracting by manifest.
3374 silly tarball no local data for find-up@https://registry.npmjs.org/find-up/-/find-up-4.1.0.tgz. Extracting by manifest.
3375 silly tarball no local data for lru-cache@https://registry.npmjs.org/lru-cache/-/lru-cache-11.3.0.tgz. Extracting by manifest.
3376 silly tarball no local data for locate-path@https://registry.npmjs.org/locate-path/-/locate-path-5.0.0.tgz. Extracting by manifest.
3377 silly tarball no local data for strip-ansi@https://registry.npmjs.org/strip-ansi/-/strip-ansi-5.2.0.tgz. Extracting by manifest.
3378 silly tarball no local data for escape-string-regexp@https://registry.npmjs.org/escape-string-regexp/-/escape-string-regexp-1.0.5.tgz. Extracting by manifest.
3379 silly tarball no local data for color-name@https://registry.npmjs.org/color-name/-/color-name-1.1.3.tgz. Extracting by manifest.
3380 silly tarball no local data for ansi-styles@https://registry.npmjs.org/ansi-styles/-/ansi-styles-3.2.1.tgz. Extracting by manifest.
3381 silly tarball no local data for color-convert@https://registry.npmjs.org/color-convert/-/color-convert-1.9.3.tgz. Extracting by manifest.
3382 silly tarball no local data for chalk@https://registry.npmjs.org/chalk/-/chalk-2.4.2.tgz. Extracting by manifest.
3383 silly tarball no local data for ansi-regex@https://registry.npmjs.org/ansi-regex/-/ansi-regex-4.1.1.tgz. Extracting by manifest.
3384 silly tarball no local data for rimraf@https://registry.npmjs.org/rimraf/-/rimraf-2.4.5.tgz. Extracting by manifest.
3385 silly tarball no local data for mkdirp@https://registry.npmjs.org/mkdirp/-/mkdirp-0.5.6.tgz. Extracting by manifest.
3386 silly tarball no local data for hermes-parser@https://registry.npmjs.org/hermes-parser/-/hermes-parser-0.32.0.tgz. Extracting by manifest.
3387 silly tarball no local data for glob@https://registry.npmjs.org/glob/-/glob-6.0.4.tgz. Extracting by manifest.
3388 silly tarball no local data for hermes-estree@https://registry.npmjs.org/hermes-estree/-/hermes-estree-0.32.0.tgz. Extracting by manifest.
3389 silly tarball no local data for hermes-estree@https://registry.npmjs.org/hermes-estree/-/hermes-estree-0.32.0.tgz. Extracting by manifest.
3390 silly tarball no local data for color-convert@https://registry.npmjs.org/color-convert/-/color-convert-1.9.3.tgz. Extracting by manifest.
3391 silly tarball no local data for escape-string-regexp@https://registry.npmjs.org/escape-string-regexp/-/escape-string-regexp-1.0.5.tgz. Extracting by manifest.
3392 silly tarball no local data for color-convert@https://registry.npmjs.org/color-convert/-/color-convert-1.9.3.tgz. Extracting by manifest.
3393 silly tarball no local data for color-name@https://registry.npmjs.org/color-name/-/color-name-1.1.3.tgz. Extracting by manifest.
3394 silly tarball no local data for ansi-styles@https://registry.npmjs.org/ansi-styles/-/ansi-styles-3.2.1.tgz. Extracting by manifest.
3395 silly tarball no local data for ms@https://registry.npmjs.org/ms/-/ms-2.0.0.tgz. Extracting by manifest.
3396 silly tarball no local data for chalk@https://registry.npmjs.org/chalk/-/chalk-2.4.2.tgz. Extracting by manifest.
3397 silly tarball no local data for supports-color@https://registry.npmjs.org/supports-color/-/supports-color-8.1.1.tgz. Extracting by manifest.
3398 silly tarball no local data for ci-info@https://registry.npmjs.org/ci-info/-/ci-info-3.9.0.tgz. Extracting by manifest.
3399 silly tarball no local data for hermes-parser@https://registry.npmjs.org/hermes-parser/-/hermes-parser-0.32.0.tgz. Extracting by manifest.
3400 silly tarball no local data for resolve-from@https://registry.npmjs.org/resolve-from/-/resolve-from-4.0.0.tgz. Extracting by manifest.
3401 silly tarball no local data for react-is@https://registry.npmjs.org/react-is/-/react-is-16.13.1.tgz. Extracting by manifest.
3402 silly tarball no local data for lru-cache@https://registry.npmjs.org/lru-cache/-/lru-cache-10.4.3.tgz. Extracting by manifest.
3403 silly tarball no local data for signal-exit@https://registry.npmjs.org/signal-exit/-/signal-exit-4.1.0.tgz. Extracting by manifest.
3404 silly tarball no local data for ms@https://registry.npmjs.org/ms/-/ms-2.0.0.tgz. Extracting by manifest.
3405 silly tarball no local data for minimatch@https://registry.npmjs.org/minimatch/-/minimatch-5.1.9.tgz. Extracting by manifest.
3406 silly tarball no local data for escape-string-regexp@https://registry.npmjs.org/escape-string-regexp/-/escape-string-regexp-1.0.5.tgz. Extracting by manifest.
3407 silly tarball no local data for promise@https://registry.npmjs.org/promise/-/promise-7.3.1.tgz. Extracting by manifest.
3408 silly tarball no local data for brace-expansion@https://registry.npmjs.org/brace-expansion/-/brace-expansion-2.0.3.tgz. Extracting by manifest.
3409 silly tarball no local data for @radix-ui/react-tabs@https://registry.npmjs.org/@radix-ui/react-tabs/-/react-tabs-1.1.13.tgz. Extracting by manifest.
3410 silly tarball no local data for @radix-ui/react-roving-focus@https://registry.npmjs.org/@radix-ui/react-roving-focus/-/react-roving-focus-1.1.11.tgz. Extracting by manifest.
3411 silly tarball no local data for @radix-ui/react-primitive@https://registry.npmjs.org/@radix-ui/react-primitive/-/react-primitive-2.1.3.tgz. Extracting by manifest.
3412 silly tarball no local data for @radix-ui/react-presence@https://registry.npmjs.org/@radix-ui/react-presence/-/react-presence-1.1.5.tgz. Extracting by manifest.
3413 silly tarball no local data for @radix-ui/react-slot@https://registry.npmjs.org/@radix-ui/react-slot/-/react-slot-1.2.3.tgz. Extracting by manifest.
3414 silly tarball no local data for @radix-ui/react-collection@https://registry.npmjs.org/@radix-ui/react-collection/-/react-collection-1.1.7.tgz. Extracting by manifest.
3415 silly tarball no local data for @radix-ui/react-slot@https://registry.npmjs.org/@radix-ui/react-slot/-/react-slot-1.2.3.tgz. Extracting by manifest.
3416 silly tarball no local data for @expo/cli@https://registry.npmjs.org/@expo/cli/-/cli-54.0.23.tgz. Extracting by manifest.
3417 silly tarball no local data for debug@https://registry.npmjs.org/debug/-/debug-2.6.9.tgz. Extracting by manifest.
3418 silly tarball no local data for semver@https://registry.npmjs.org/semver/-/semver-7.6.3.tgz. Extracting by manifest.
3419 silly tarball no local data for ws@https://registry.npmjs.org/ws/-/ws-8.20.0.tgz. Extracting by manifest.
3420 silly tarball no local data for resolve@https://registry.npmjs.org/resolve/-/resolve-1.22.11.tgz. Extracting by manifest.
3421 silly tarball no local data for minimatch@https://registry.npmjs.org/minimatch/-/minimatch-9.0.9.tgz. Extracting by manifest.
3422 silly tarball no local data for ci-info@https://registry.npmjs.org/ci-info/-/ci-info-3.9.0.tgz. Extracting by manifest.
3423 silly tarball no local data for debug@https://registry.npmjs.org/debug/-/debug-2.6.9.tgz. Extracting by manifest.
3424 silly tarball no local data for brace-expansion@https://registry.npmjs.org/brace-expansion/-/brace-expansion-2.0.3.tgz. Extracting by manifest.
3425 silly tarball no local data for debug@https://registry.npmjs.org/debug/-/debug-3.2.7.tgz. Extracting by manifest.
3426 silly tarball no local data for debug@https://registry.npmjs.org/debug/-/debug-3.2.7.tgz. Extracting by manifest.
3427 silly tarball no local data for globals@https://registry.npmjs.org/globals/-/globals-16.5.0.tgz. Extracting by manifest.
3428 silly tarball no local data for @urql/core@https://registry.npmjs.org/@urql/core/-/core-4.0.11.tgz. Extracting by manifest.
3429 silly tarball no local data for @urql/exchange-retry@https://registry.npmjs.org/@urql/exchange-retry/-/exchange-retry-1.2.0.tgz. Extracting by manifest.
3430 silly tarball no local data for debug@https://registry.npmjs.org/debug/-/debug-3.2.7.tgz. Extracting by manifest.
3431 silly tarball no local data for is-arrayish@https://registry.npmjs.org/is-arrayish/-/is-arrayish-0.2.1.tgz. Extracting by manifest.
3432 silly tarball no local data for @segment/ajv-human-errors@https://registry.npmjs.org/@segment/ajv-human-errors/-/ajv-human-errors-2.16.0.tgz. Extracting by manifest.
3433 silly tarball no local data for @react-native/normalize-colors@https://registry.npmjs.org/@react-native/normalize-colors/-/normalize-colors-0.76.2.tgz. Extracting by manifest.
3434 silly tarball no local data for @expo/prebuild-config@https://registry.npmjs.org/@expo/prebuild-config/-/prebuild-config-8.0.17.tgz. Extracting by manifest.
3435 silly tarball no local data for @xmldom/xmldom@https://registry.npmjs.org/@xmldom/xmldom/-/xmldom-0.7.13.tgz. Extracting by manifest.
3436 silly tarball no local data for @expo/plist@https://registry.npmjs.org/@expo/plist/-/plist-0.2.2.tgz. Extracting by manifest.
3437 silly tarball no local data for @expo/json-file@https://registry.npmjs.org/@expo/json-file/-/json-file-9.1.5.tgz. Extracting by manifest.
3438 silly tarball no local data for @expo/config-types@https://registry.npmjs.org/@expo/config-types/-/config-types-52.0.5.tgz. Extracting by manifest.
3439 silly tarball no local data for @expo/config-plugins@https://registry.npmjs.org/@expo/config-plugins/-/config-plugins-9.0.17.tgz. Extracting by manifest.
3440 silly tarball no local data for @expo/config@https://registry.npmjs.org/@expo/config/-/config-10.0.11.tgz. Extracting by manifest.
3441 silly tarball no local data for @expo/json-file@https://registry.npmjs.org/@expo/json-file/-/json-file-9.0.2.tgz. Extracting by manifest.
3442 silly tarball no local data for @babel/code-frame@https://registry.npmjs.org/@babel/code-frame/-/code-frame-7.10.4.tgz. Extracting by manifest.
3443 silly tarball no local data for xmlbuilder@https://registry.npmjs.org/xmlbuilder/-/xmlbuilder-14.0.0.tgz. Extracting by manifest.
3444 silly tarball no local data for minimatch@https://registry.npmjs.org/minimatch/-/minimatch-9.0.9.tgz. Extracting by manifest.
3445 silly tarball no local data for glob@https://registry.npmjs.org/glob/-/glob-10.5.0.tgz. Extracting by manifest.
3446 silly tarball no local data for @expo/plist@https://registry.npmjs.org/@expo/plist/-/plist-0.2.0.tgz. Extracting by manifest.
3447 silly tarball no local data for fs-extra@https://registry.npmjs.org/fs-extra/-/fs-extra-9.1.0.tgz. Extracting by manifest.
3448 silly tarball no local data for @xmldom/xmldom@https://registry.npmjs.org/@xmldom/xmldom/-/xmldom-0.7.13.tgz. Extracting by manifest.
3449 silly tarball no local data for @expo/json-file@https://registry.npmjs.org/@expo/json-file/-/json-file-10.0.13.tgz. Extracting by manifest.
3450 silly tarball no local data for xmlbuilder@https://registry.npmjs.org/xmlbuilder/-/xmlbuilder-14.0.0.tgz. Extracting by manifest.
3451 silly tarball no local data for @expo/package-manager@https://registry.npmjs.org/@expo/package-manager/-/package-manager-1.9.10.tgz. Extracting by manifest.
3452 silly tarball no local data for strip-ansi@https://registry.npmjs.org/strip-ansi/-/strip-ansi-5.2.0.tgz. Extracting by manifest.
3453 silly tarball no local data for chalk@https://registry.npmjs.org/chalk/-/chalk-2.4.2.tgz. Extracting by manifest.
3454 silly tarball no local data for ora@https://registry.npmjs.org/ora/-/ora-3.4.0.tgz. Extracting by manifest.
3455 silly tarball no local data for log-symbols@https://registry.npmjs.org/log-symbols/-/log-symbols-2.2.0.tgz. Extracting by manifest.
3456 silly tarball no local data for @expo/osascript@https://registry.npmjs.org/@expo/osascript/-/osascript-2.1.4.tgz. Extracting by manifest.
3457 silly tarball no local data for chalk@https://registry.npmjs.org/chalk/-/chalk-2.4.2.tgz. Extracting by manifest.
3458 silly tarball no local data for @expo/json-file@https://registry.npmjs.org/@expo/json-file/-/json-file-8.3.3.tgz. Extracting by manifest.
3459 silly tarball no local data for @expo/image-utils@https://registry.npmjs.org/@expo/image-utils/-/image-utils-0.6.5.tgz. Extracting by manifest.
3460 silly tarball no local data for @babel/code-frame@https://registry.npmjs.org/@babel/code-frame/-/code-frame-7.10.4.tgz. Extracting by manifest.
3461 silly tarball no local data for universalify@https://registry.npmjs.org/universalify/-/universalify-1.0.0.tgz. Extracting by manifest.
3462 silly tarball no local data for fs-extra@https://registry.npmjs.org/fs-extra/-/fs-extra-9.0.0.tgz. Extracting by manifest.
3463 silly tarball no local data for @expo/env@https://registry.npmjs.org/@expo/env/-/env-1.0.7.tgz. Extracting by manifest.
3464 silly tarball no local data for dotenv@https://registry.npmjs.org/dotenv/-/dotenv-16.4.7.tgz. Extracting by manifest.
3465 silly tarball no local data for @expo/config-types@https://registry.npmjs.org/@expo/config-types/-/config-types-55.0.5.tgz. Extracting by manifest.
3466 silly tarball no local data for getenv@https://registry.npmjs.org/getenv/-/getenv-2.0.0.tgz. Extracting by manifest.
3467 silly tarball no local data for @expo/config-plugins@https://registry.npmjs.org/@expo/config-plugins/-/config-plugins-55.0.7.tgz. Extracting by manifest.
3468 silly tarball no local data for @expo/plist@https://registry.npmjs.org/@expo/plist/-/plist-0.5.2.tgz. Extracting by manifest.
3469 silly tarball no local data for @expo/json-file@https://registry.npmjs.org/@expo/json-file/-/json-file-10.0.13.tgz. Extracting by manifest.
3470 silly tarball no local data for getenv@https://registry.npmjs.org/getenv/-/getenv-2.0.0.tgz. Extracting by manifest.
3471 silly tarball no local data for @expo/config@https://registry.npmjs.org/@expo/config/-/config-55.0.10.tgz. Extracting by manifest.
3472 silly tarball no local data for picomatch@https://registry.npmjs.org/picomatch/-/picomatch-3.0.2.tgz. Extracting by manifest.
3473 silly tarball no local data for @expo/json-file@https://registry.npmjs.org/@expo/json-file/-/json-file-10.0.13.tgz. Extracting by manifest.
3474 silly tarball no local data for getenv@https://registry.npmjs.org/getenv/-/getenv-2.0.0.tgz. Extracting by manifest.
3475 silly tarball no local data for @expo/code-signing-certificates@https://registry.npmjs.org/@expo/code-signing-certificates/-/code-signing-certificates-0.0.5.tgz. Extracting by manifest.
3476 silly tarball no local data for yaml@https://registry.npmjs.org/yaml/-/yaml-2.6.0.tgz. Extracting by manifest.
3477 silly tarball no local data for yallist@https://registry.npmjs.org/yallist/-/yallist-4.0.0.tgz. Extracting by manifest.
3478 silly tarball no local data for uuid@https://registry.npmjs.org/uuid/-/uuid-9.0.1.tgz. Extracting by manifest.
3479 silly tarball no local data for write-file-atomic@https://registry.npmjs.org/write-file-atomic/-/write-file-atomic-2.4.3.tgz. Extracting by manifest.
3480 silly tarball no local data for tar@https://registry.npmjs.org/tar/-/tar-7.5.7.tgz. Extracting by manifest.
3481 silly tarball no local data for tslib@https://registry.npmjs.org/tslib/-/tslib-2.6.2.tgz. Extracting by manifest.
3482 silly tarball no local data for yallist@https://registry.npmjs.org/yallist/-/yallist-5.0.0.tgz. Extracting by manifest.
3483 silly tarball no local data for sucrase@https://registry.npmjs.org/sucrase/-/sucrase-3.35.0.tgz. Extracting by manifest.
3484 silly tarball no local data for minizlib@https://registry.npmjs.org/minizlib/-/minizlib-3.1.0.tgz. Extracting by manifest.
3485 silly tarball no local data for semver@https://registry.npmjs.org/semver/-/semver-7.5.4.tgz. Extracting by manifest.
3486 silly tarball no local data for minimatch@https://registry.npmjs.org/minimatch/-/minimatch-9.0.9.tgz. Extracting by manifest.
3487 silly tarball no local data for glob@https://registry.npmjs.org/glob/-/glob-10.5.0.tgz. Extracting by manifest.
3488 silly tarball no local data for rimraf@https://registry.npmjs.org/rimraf/-/rimraf-5.0.10.tgz. Extracting by manifest.
3489 silly tarball no local data for restore-cursor@https://registry.npmjs.org/restore-cursor/-/restore-cursor-3.1.0.tgz. Extracting by manifest.
3490 silly tarball no local data for minimatch@https://registry.npmjs.org/minimatch/-/minimatch-9.0.9.tgz. Extracting by manifest.
3491 silly tarball no local data for glob@https://registry.npmjs.org/glob/-/glob-10.5.0.tgz. Extracting by manifest.
3492 silly tarball no local data for pngjs@https://registry.npmjs.org/pngjs/-/pngjs-7.0.0.tgz. Extracting by manifest.
3493 silly tarball no local data for qrcode-terminal@https://registry.npmjs.org/qrcode-terminal/-/qrcode-terminal-0.12.0.tgz. Extracting by manifest.
3494 silly tarball no local data for path-scurry@https://registry.npmjs.org/path-scurry/-/path-scurry-1.11.1.tgz. Extracting by manifest.
3495 silly tarball no local data for cli-cursor@https://registry.npmjs.org/cli-cursor/-/cli-cursor-3.1.0.tgz. Extracting by manifest.
3496 silly tarball no local data for lru-cache@https://registry.npmjs.org/lru-cache/-/lru-cache-10.4.3.tgz. Extracting by manifest.
3497 silly tarball no local data for ora@https://registry.npmjs.org/ora/-/ora-5.1.0.tgz. Extracting by manifest.
3498 silly tarball no local data for node-forge@https://registry.npmjs.org/node-forge/-/node-forge-1.3.1.tgz. Extracting by manifest.
3499 silly tarball no local data for onetime@https://registry.npmjs.org/onetime/-/onetime-5.1.2.tgz. Extracting by manifest.
3500 silly tarball no local data for node-fetch@https://registry.npmjs.org/node-fetch/-/node-fetch-2.6.7.tgz. Extracting by manifest.
3501 silly tarball no local data for nanoid@https://registry.npmjs.org/nanoid/-/nanoid-3.3.8.tgz. Extracting by manifest.
3502 silly tarball no local data for minizlib@https://registry.npmjs.org/minizlib/-/minizlib-3.0.1.tgz. Extracting by manifest.
3503 silly tarball no local data for minimatch@https://registry.npmjs.org/minimatch/-/minimatch-5.1.2.tgz. Extracting by manifest.
3504 silly tarball no local data for mimic-fn@https://registry.npmjs.org/mimic-fn/-/mimic-fn-2.1.0.tgz. Extracting by manifest.
3505 silly tarball no local data for mime@https://registry.npmjs.org/mime/-/mime-3.0.0.tgz. Extracting by manifest.
3506 silly tarball no local data for lru-cache@https://registry.npmjs.org/lru-cache/-/lru-cache-6.0.0.tgz. Extracting by manifest.
3507 silly tarball no local data for log-symbols@https://registry.npmjs.org/log-symbols/-/log-symbols-4.1.0.tgz. Extracting by manifest.
3508 silly tarball no local data for json-schema-traverse@https://registry.npmjs.org/json-schema-traverse/-/json-schema-traverse-1.0.0.tgz. Extracting by manifest.
3509 silly tarball no local data for ignore@https://registry.npmjs.org/ignore/-/ignore-5.3.0.tgz. Extracting by manifest.
3510 silly tarball no local data for https-proxy-agent@https://registry.npmjs.org/https-proxy-agent/-/https-proxy-agent-5.0.1.tgz. Extracting by manifest.
3511 silly tarball no local data for getenv@https://registry.npmjs.org/getenv/-/getenv-1.0.0.tgz. Extracting by manifest.
3512 silly tarball no local data for commander@https://registry.npmjs.org/commander/-/commander-4.1.1.tgz. Extracting by manifest.
3513 silly tarball no local data for escape-string-regexp@https://registry.npmjs.org/escape-string-regexp/-/escape-string-regexp-1.0.5.tgz. Extracting by manifest.
3514 silly tarball no local data for color-name@https://registry.npmjs.org/color-name/-/color-name-1.1.3.tgz. Extracting by manifest.
3515 silly tarball no local data for dotenv@https://registry.npmjs.org/dotenv/-/dotenv-16.3.1.tgz. Extracting by manifest.
3516 silly tarball no local data for color-convert@https://registry.npmjs.org/color-convert/-/color-convert-1.9.3.tgz. Extracting by manifest.
3517 silly tarball no local data for brace-expansion@https://registry.npmjs.org/brace-expansion/-/brace-expansion-2.0.3.tgz. Extracting by manifest.
3518 silly tarball no local data for ansi-styles@https://registry.npmjs.org/ansi-styles/-/ansi-styles-3.2.1.tgz. Extracting by manifest.
3519 silly tarball no local data for ansi-regex@https://registry.npmjs.org/ansi-regex/-/ansi-regex-4.1.1.tgz. Extracting by manifest.
3520 silly tarball no local data for ajv@https://registry.npmjs.org/ajv/-/ajv-8.11.0.tgz. Extracting by manifest.
3521 silly tarball no local data for agent-base@https://registry.npmjs.org/agent-base/-/agent-base-6.0.2.tgz. Extracting by manifest.
3522 silly tarball no local data for source-map@https://registry.npmjs.org/source-map/-/source-map-0.6.1.tgz. Extracting by manifest.
3523 silly tarball no local data for ms@https://registry.npmjs.org/ms/-/ms-2.0.0.tgz. Extracting by manifest.
3524 silly tarball no local data for debug@https://registry.npmjs.org/debug/-/debug-2.6.9.tgz. Extracting by manifest.
3525 silly tarball no local data for negotiator@https://registry.npmjs.org/negotiator/-/negotiator-0.6.4.tgz. Extracting by manifest.
3526 silly tarball no local data for ms@https://registry.npmjs.org/ms/-/ms-2.0.0.tgz. Extracting by manifest.
3527 silly tarball no local data for debug@https://registry.npmjs.org/debug/-/debug-2.6.9.tgz. Extracting by manifest.
3528 silly tarball no local data for open@https://registry.npmjs.org/open/-/open-8.4.2.tgz. Extracting by manifest.
3529 silly tarball no local data for type-fest@https://registry.npmjs.org/type-fest/-/type-fest-0.21.3.tgz. Extracting by manifest.
3530 silly tarball no local data for json-schema-traverse@https://registry.npmjs.org/json-schema-traverse/-/json-schema-traverse-1.0.0.tgz. Extracting by manifest.
3531 silly tarball no local data for ajv@https://registry.npmjs.org/ajv/-/ajv-8.18.0.tgz. Extracting by manifest.
3532 http fetch POST 200 https://registry.npmjs.org/-/npm/v1/security/advisories/bulk 2691ms
3533 silly audit report {
3533 silly audit report   minimatch: [
3533 silly audit report     {
3533 silly audit report       id: 1113461,
3533 silly audit report       url: 'https://github.com/advisories/GHSA-3ppc-4f35-3m26',
3533 silly audit report       title: 'minimatch has a ReDoS via repeated wildcards with non-matching literal in pattern',
3533 silly audit report       severity: 'high',
3533 silly audit report       vulnerable_versions: '>=5.0.0 <5.1.7',
3533 silly audit report       cwe: [Array],
3533 silly audit report       cvss: [Object]
3533 silly audit report     },
3533 silly audit report     {
3533 silly audit report       id: 1113540,
3533 silly audit report       url: 'https://github.com/advisories/GHSA-7r86-cg39-jmmj',
3533 silly audit report       title: 'minimatch has ReDoS: matchOne() combinatorial backtracking via multiple non-adjacent GLOBSTAR segments',
3533 silly audit report       severity: 'high',
3533 silly audit report       vulnerable_versions: '>=5.0.0 <5.1.8',
3533 silly audit report       cwe: [Array],
3533 silly audit report       cvss: [Object]
3533 silly audit report     },
3533 silly audit report     {
3533 silly audit report       id: 1113548,
3533 silly audit report       url: 'https://github.com/advisories/GHSA-23c5-xmqv-rm74',
3533 silly audit report       title: 'minimatch ReDoS: nested *() extglobs generate catastrophically backtracking regular expressions',
3533 silly audit report       severity: 'high',
3533 silly audit report       vulnerable_versions: '>=5.0.0 <5.1.8',
3533 silly audit report       cwe: [Array],
3533 silly audit report       cvss: [Object]
3533 silly audit report     }
3533 silly audit report   ],
3533 silly audit report   '@xmldom/xmldom': [
3533 silly audit report     {
3533 silly audit report       id: 1115997,
3533 silly audit report       url: 'https://github.com/advisories/GHSA-wh4c-j3r5-mjhp',
3533 silly audit report       title: 'xmldom: XML injection via unsafe CDATA serialization allows attacker-controlled markup insertion',
3533 silly audit report       severity: 'high',
3533 silly audit report       vulnerable_versions: '<0.8.12',
3533 silly audit report       cwe: [Array],
3533 silly audit report       cvss: [Object]
3533 silly audit report     }
3533 silly audit report   ],
3533 silly audit report   ajv: [
3533 silly audit report     {
3533 silly audit report       id: 1113715,
3533 silly audit report       url: 'https://github.com/advisories/GHSA-2g4f-4pwh-qvx6',
3533 silly audit report       title: 'ajv has ReDoS when using `$data` option',
3533 silly audit report       severity: 'moderate',
3533 silly audit report       vulnerable_versions: '>=7.0.0-alpha.0 <8.18.0',
3533 silly audit report       cwe: [Array],
3533 silly audit report       cvss: [Object]
3533 silly audit report     }
3533 silly audit report   ],
3533 silly audit report   diff: [
3533 silly audit report     {
3533 silly audit report       id: 1112706,
3533 silly audit report       url: 'https://github.com/advisories/GHSA-73rr-hh4g-fpgx',
3533 silly audit report       title: 'jsdiff has a Denial of Service vulnerability in parsePatch and applyPatch',
3533 silly audit report       severity: 'low',
3533 silly audit report       vulnerable_versions: '>=6.0.0 <8.0.3',
3533 silly audit report       cwe: [Array],
3533 silly audit report       cvss: [Object]
3533 silly audit report     }
3533 silly audit report   ],
3533 silly audit report   'node-forge': [
3533 silly audit report     {
3533 silly audit report       id: 1110996,
3533 silly audit report       url: 'https://github.com/advisories/GHSA-554w-wpv2-vw27',
3533 silly audit report       title: 'node-forge has ASN.1 Unbounded Recursion',
3533 silly audit report       severity: 'high',
3533 silly audit report       vulnerable_versions: '<1.3.2',
3533 silly audit report       cwe: [Array],
3533 silly audit report       cvss: [Object]
3533 silly audit report     },
3533 silly audit report     {
3533 silly audit report       id: 1110998,
3533 silly audit report       url: 'https://github.com/advisories/GHSA-5gfm-wpxj-wjgq',
3533 silly audit report       title: 'node-forge has an Interpretation Conflict vulnerability via its ASN.1 Validator Desynchronization',
3533 silly audit report       severity: 'high',
3533 silly audit report       vulnerable_versions: '<1.3.2',
3533 silly audit report       cwe: [Array],
3533 silly audit report       cvss: [Object]
3533 silly audit report     },
3533 silly audit report     {
3533 silly audit report       id: 1111068,
3533 silly audit report       url: 'https://github.com/advisories/GHSA-65ch-62r8-g69g',
3533 silly audit report       title: 'node-forge is vulnerable to ASN.1 OID Integer Truncation',
3533 silly audit report       severity: 'moderate',
3533 silly audit report       vulnerable_versions: '<1.3.2',
3533 silly audit report       cwe: [Array],
3533 silly audit report       cvss: [Object]
3533 silly audit report     },
3533 silly audit report     {
3533 silly audit report       id: 1115545,
3533 silly audit report       url: 'https://github.com/advisories/GHSA-2328-f5f3-gj25',
3533 silly audit report       title: 'Forge has a basicConstraints bypass in its certificate chain verification (RFC 5280 violation)',
3533 silly audit report       severity: 'high',
3533 silly audit report       vulnerable_versions: '<=1.3.3',
3533 silly audit report       cwe: [Array],
3533 silly audit report       cvss: [Object]
3533 silly audit report     },
3533 silly audit report     {
3533 silly audit report       id: 1115546,
3533 silly audit report       url: 'https://github.com/advisories/GHSA-q67f-28xg-22rw',
3533 silly audit report       title: 'Forge has signature forgery in Ed25519 due to missing S > L check',
3533 silly audit report       severity: 'high',
3533 silly audit report       vulnerable_versions: '<1.4.0',
3533 silly audit report       cwe: [Array],
3533 silly audit report       cvss: [Object]
3533 silly audit report     },
3533 silly audit report     {
3533 silly audit report       id: 1115548,
3533 silly audit report       url: 'https://github.com/advisories/GHSA-5m6q-g25r-mvwx',
3533 silly audit report       title: 'Forge has Denial of Service via Infinite Loop in BigInteger.modInverse() with Zero Input',
3533 silly audit report       severity: 'high',
3533 silly audit report       vulnerable_versions: '<1.4.0',
3533 silly audit report       cwe: [Array],
3533 silly audit report       cvss: [Object]
3533 silly audit report     },
3533 silly audit report     {
3533 silly audit report       id: 1115612,
3533 silly audit report       url: 'https://github.com/advisories/GHSA-ppp5-5v6c-4jwp',
3533 silly audit report       title: 'Forge has signature forgery in RSA-PKCS due to ASN.1 extra field  ',
3533 silly audit report       severity: 'high',
3533 silly audit report       vulnerable_versions: '<1.4.0',
3533 silly audit report       cwe: [Array],
3533 silly audit report       cvss: [Object]
3533 silly audit report     }
3533 silly audit report   ],
3533 silly audit report   tar: [
3533 silly audit report     {
3533 silly audit report       id: 1113375,
3533 silly audit report       url: 'https://github.com/advisories/GHSA-83g3-92jg-28cx',
3533 silly audit report       title: 'Arbitrary File Read/Write via Hardlink Target Escape Through Symlink Chain in node-tar Extraction',
3533 silly audit report       severity: 'high',
3533 silly audit report       vulnerable_versions: '<7.5.8',
3533 silly audit report       cwe: [Array],
3533 silly audit report       cvss: [Object]
3533 silly audit report     },
3533 silly audit report     {
3533 silly audit report       id: 1114200,
3533 silly audit report       url: 'https://github.com/advisories/GHSA-qffp-2rhf-9h96',
3533 silly audit report       title: 'tar has Hardlink Path Traversal via Drive-Relative Linkpath',
3533 silly audit report       severity: 'high',
3533 silly audit report       vulnerable_versions: '<=7.5.9',
3533 silly audit report       cwe: [Array],
3533 silly audit report       cvss: [Object]
3533 silly audit report     },
3533 silly audit report     {
3533 silly audit report       id: 1114302,
3533 silly audit report       url: 'https://github.com/advisories/GHSA-9ppj-qmqm-q256',
3533 silly audit report       title: 'node-tar Symlink Path Traversal via Drive-Relative Linkpath',
3533 silly audit report       severity: 'high',
3533 silly audit report       vulnerable_versions: '<=7.5.10',
3533 silly audit report       cwe: [Array],
3533 silly audit report       cvss: [Object]
3533 silly audit report     }
3533 silly audit report   ],
3533 silly audit report   yaml: [
3533 silly audit report     {
3533 silly audit report       id: 1115556,
3533 silly audit report       url: 'https://github.com/advisories/GHSA-48c2-rrv3-qjmp',
3533 silly audit report       title: 'yaml is vulnerable to Stack Overflow via deeply nested YAML collections',
3533 silly audit report       severity: 'moderate',
3533 silly audit report       vulnerable_versions: '>=2.0.0 <2.8.3',
3533 silly audit report       cwe: [Array],
3533 silly audit report       cvss: [Object]
3533 silly audit report     }
3533 silly audit report   ]
3533 silly audit report }
3534 silly packumentCache corgi:https://registry.npmjs.org/minimatch cache-miss
3535 silly packumentCache corgi:https://registry.npmjs.org/@xmldom%2fxmldom cache-miss
3536 silly packumentCache corgi:https://registry.npmjs.org/ajv cache-miss
3537 silly packumentCache corgi:https://registry.npmjs.org/diff cache-miss
3538 silly packumentCache corgi:https://registry.npmjs.org/node-forge cache-miss
3539 silly packumentCache corgi:https://registry.npmjs.org/tar cache-miss
3540 silly packumentCache corgi:https://registry.npmjs.org/yaml cache-miss
3541 http fetch GET 200 https://registry.npmjs.org/@types/stack-utils/-/stack-utils-2.0.3.tgz 2806ms (cache miss)
3542 http fetch GET 200 https://registry.npmjs.org/@types/json5/-/json5-0.0.29.tgz 2889ms (cache miss)
3543 http fetch GET 200 https://registry.npmjs.org/@types/json-schema/-/json-schema-7.0.15.tgz 2911ms (cache miss)
3544 http fetch GET 200 https://registry.npmjs.org/@types/yargs-parser/-/yargs-parser-21.0.3.tgz 2946ms (cache miss)
3545 http fetch GET 200 https://registry.npmjs.org/@types/istanbul-reports/-/istanbul-reports-3.0.4.tgz 2945ms (cache miss)
3546 http fetch GET 200 https://registry.npmjs.org/@types/geojson/-/geojson-7946.0.16.tgz 3138ms (cache miss)
3547 http fetch GET 200 https://registry.npmjs.org/@types/graceful-fs/-/graceful-fs-4.1.9.tgz 3156ms (cache miss)
3548 http fetch GET 200 https://registry.npmjs.org/@types/babel__template/-/babel__template-7.4.4.tgz 3179ms (cache miss)
3549 http fetch GET 200 https://registry.npmjs.org/@types/cli-progress/-/cli-progress-3.11.6.tgz 3181ms (cache miss)
3550 http fetch GET 200 https://registry.npmjs.org/@types/babel__generator/-/babel__generator-7.27.0.tgz 3216ms (cache miss)
3551 http fetch GET 200 https://registry.npmjs.org/@types/yargs/-/yargs-17.0.35.tgz 3259ms (cache miss)
3552 http fetch GET 200 https://registry.npmjs.org/@types/bunyan/-/bunyan-1.8.11.tgz 3248ms (cache miss)
3553 http fetch GET 200 https://registry.npmjs.org/@urql/exchange-retry/-/exchange-retry-1.3.2.tgz 3308ms (cache miss)
3554 http fetch GET 200 https://registry.npmjs.org/@types/estree/-/estree-1.0.8.tgz 3302ms (cache miss)
3555 http fetch GET 200 https://registry.npmjs.org/@tsconfig/node16/-/node16-1.0.4.tgz 3297ms (cache miss)
3556 http fetch GET 200 https://registry.npmjs.org/@types/babel__traverse/-/babel__traverse-7.28.0.tgz 3306ms (cache miss)
3557 http fetch GET 200 https://registry.npmjs.org/@types/istanbul-lib-report/-/istanbul-lib-report-3.0.3.tgz 3392ms (cache miss)
3558 http fetch GET 200 https://registry.npmjs.org/@types/hammerjs/-/hammerjs-2.0.46.tgz 3426ms (cache miss)
3559 http fetch GET 200 https://registry.npmjs.org/@types/istanbul-lib-coverage/-/istanbul-lib-coverage-2.0.6.tgz 3444ms (cache miss)
3560 http fetch GET 200 https://registry.npmjs.org/@types/babel__core/-/babel__core-7.20.5.tgz 3490ms (cache miss)
3561 http fetch GET 200 https://registry.npmjs.org/@typescript-eslint/parser/-/parser-8.58.0.tgz 3557ms (cache miss)
3562 http fetch GET 200 https://registry.npmjs.org/@tsconfig/node10/-/node10-1.0.12.tgz 3546ms (cache miss)
3563 http fetch GET 200 https://registry.npmjs.org/@ungap/structured-clone/-/structured-clone-1.3.0.tgz 3734ms (cache miss)
3564 http fetch GET 200 https://registry.npmjs.org/@typescript-eslint/visitor-keys/-/visitor-keys-8.58.0.tgz 4285ms (cache miss)
3565 http fetch GET 200 https://registry.npmjs.org/@typescript-eslint/tsconfig-utils/-/tsconfig-utils-8.58.0.tgz 4362ms (cache miss)
3566 http fetch GET 200 https://registry.npmjs.org/@tsconfig/node12/-/node12-1.0.11.tgz 4371ms (cache miss)
3567 http fetch GET 200 https://registry.npmjs.org/@sideway/pinpoint/-/pinpoint-2.0.0.tgz 4444ms (cache miss)
3568 http fetch GET 200 https://registry.npmjs.org/@typescript-eslint/project-service/-/project-service-8.58.0.tgz 4510ms (cache miss)
3569 http fetch GET 200 https://registry.npmjs.org/@sinonjs/fake-timers/-/fake-timers-10.3.0.tgz 4614ms (cache miss)
3570 http fetch GET 200 https://registry.npmjs.org/@xmldom/xmldom/-/xmldom-0.8.12.tgz 4747ms (cache miss)
3571 http fetch GET 200 https://registry.npmjs.org/@tsconfig/node14/-/node14-1.0.3.tgz 4699ms (cache miss)
3572 http fetch GET 200 https://registry.npmjs.org/@sideway/formula/-/formula-3.0.1.tgz 4857ms (cache miss)
3573 http fetch GET 200 https://registry.npmjs.org/@rtsao/scc/-/scc-1.1.0.tgz 4928ms (cache miss)
3574 http fetch GET 200 https://registry.npmjs.org/@react-native/normalize-colors/-/normalize-colors-0.81.5.tgz 4984ms (cache miss)
3575 http fetch GET 200 https://registry.npmjs.org/@react-native/js-polyfills/-/js-polyfills-0.81.5.tgz 5104ms (cache miss)
3576 http fetch GET 200 https://registry.npmjs.org/@typescript-eslint/types/-/types-8.58.0.tgz 5458ms (cache miss)
3577 http fetch GET 200 https://registry.npmjs.org/@radix-ui/react-use-layout-effect/-/react-use-layout-effect-1.1.1.tgz 5431ms (cache miss)
3578 http fetch GET 200 https://registry.npmjs.org/@react-native/assets-registry/-/assets-registry-0.81.5.tgz 5443ms (cache miss)
3579 http fetch GET 200 https://registry.npmjs.org/@react-native/babel-plugin-codegen/-/babel-plugin-codegen-0.81.5.tgz 5479ms (cache miss)
3580 http fetch GET 200 https://registry.npmjs.org/@radix-ui/react-use-escape-keydown/-/react-use-escape-keydown-1.1.1.tgz 5554ms (cache miss)
3581 http fetch GET 200 https://registry.npmjs.org/@radix-ui/react-use-effect-event/-/react-use-effect-event-0.0.2.tgz 5557ms (cache miss)
3582 http fetch GET 200 https://registry.npmjs.org/@radix-ui/react-id/-/react-id-1.1.1.tgz 5590ms (cache miss)
3583 http fetch GET 200 https://registry.npmjs.org/@radix-ui/react-direction/-/react-direction-1.1.1.tgz 5664ms (cache miss)
3584 http fetch GET 200 https://registry.npmjs.org/@radix-ui/react-use-callback-ref/-/react-use-callback-ref-1.1.1.tgz 5694ms (cache miss)
3585 http fetch GET 200 https://registry.npmjs.org/@sideway/address/-/address-4.1.5.tgz 6112ms (cache miss)
3586 http fetch GET 200 https://registry.npmjs.org/@react-native/babel-preset/-/babel-preset-0.81.5.tgz 6105ms (cache miss)
3587 http fetch GET 200 https://registry.npmjs.org/@radix-ui/react-compose-refs/-/react-compose-refs-1.1.2.tgz 6168ms (cache miss)
3588 http fetch GET 200 https://registry.npmjs.org/@radix-ui/react-focus-guards/-/react-focus-guards-1.1.3.tgz 6223ms (cache miss)
3589 http fetch GET 200 https://registry.npmjs.org/@nodelib/fs.scandir/-/fs.scandir-2.1.5.tgz 6378ms (cache miss)
3590 http fetch GET 200 https://registry.npmjs.org/@radix-ui/react-slot/-/react-slot-1.2.0.tgz 6390ms (cache miss)
3591 http fetch GET 200 https://registry.npmjs.org/@segment/loosely-validate-event/-/loosely-validate-event-2.0.0.tgz 6539ms (cache miss)
3592 http fetch GET 200 https://registry.npmjs.org/@nolyfill/is-core-module/-/is-core-module-1.0.39.tgz 6547ms (cache miss)
3593 http fetch GET 200 https://registry.npmjs.org/@jest/transform/-/transform-29.7.0.tgz 6578ms (cache miss)
3594 http fetch GET 200 https://registry.npmjs.org/@radix-ui/react-use-controllable-state/-/react-use-controllable-state-1.2.2.tgz 6677ms (cache miss)
3595 http fetch GET 200 https://registry.npmjs.org/@types/react/-/react-19.1.17.tgz 6816ms (cache miss)
3596 http fetch GET 200 https://registry.npmjs.org/@radix-ui/react-context/-/react-context-1.1.2.tgz 7242ms (cache miss)
3597 http fetch GET 200 https://registry.npmjs.org/@jest/fake-timers/-/fake-timers-29.7.0.tgz 7227ms (cache miss)
3598 http fetch GET 200 https://registry.npmjs.org/@jest/environment/-/environment-29.7.0.tgz 7352ms (cache miss)
3599 http fetch GET 200 https://registry.npmjs.org/@jest/schemas/-/schemas-29.6.3.tgz 7379ms (cache miss)
3600 http fetch GET 200 https://registry.npmjs.org/@isaacs/ttlcache/-/ttlcache-1.4.1.tgz 7593ms (cache miss)
3601 http fetch GET 200 https://registry.npmjs.org/@jest/create-cache-key-function/-/create-cache-key-function-29.7.0.tgz 7671ms (cache miss)
3602 http fetch GET 200 https://registry.npmjs.org/@isaacs/cliui/-/cliui-8.0.2.tgz 7718ms (cache miss)
3603 http fetch GET 200 https://registry.npmjs.org/@humanwhocodes/module-importer/-/module-importer-1.0.1.tgz 7764ms (cache miss)
3604 http fetch GET 200 https://registry.npmjs.org/@radix-ui/primitive/-/primitive-1.1.3.tgz 7945ms (cache miss)
3605 http fetch GET 200 https://registry.npmjs.org/@hapi/topo/-/topo-5.1.0.tgz 7926ms (cache miss)
3606 http fetch GET 200 https://registry.npmjs.org/@expo/spawn-async/-/spawn-async-1.7.2.tgz 7928ms (cache miss)
3607 http fetch GET 200 https://registry.npmjs.org/@expo/sdk-runtime-versions/-/sdk-runtime-versions-1.0.0.tgz 7953ms (cache miss)
3608 http fetch GET 200 https://registry.npmjs.org/@expo/timeago.js/-/timeago.js-1.0.0.tgz 8021ms (cache miss)
3609 http fetch GET 200 https://registry.npmjs.org/@expo/plugin-warn-if-update-available/-/plugin-warn-if-update-available-2.5.1.tgz 8066ms (cache miss)
3610 http fetch GET 200 https://registry.npmjs.org/@istanbuljs/load-nyc-config/-/load-nyc-config-1.1.0.tgz 8113ms (cache miss)
3611 http fetch GET 200 https://registry.npmjs.org/@jridgewell/resolve-uri/-/resolve-uri-3.1.2.tgz 8210ms (cache miss)
3612 http fetch GET 200 https://registry.npmjs.org/@expo/pkcs12/-/pkcs12-0.1.3.tgz 8192ms (cache miss)
3613 http fetch GET 200 https://registry.npmjs.org/@expo/require-utils/-/require-utils-55.0.3.tgz 8202ms (cache miss)
3614 http fetch GET 200 https://registry.npmjs.org/@expo/plugin-help/-/plugin-help-5.1.23.tgz 8230ms (cache miss)
3615 http fetch GET 200 https://registry.npmjs.org/@istanbuljs/schema/-/schema-0.1.3.tgz 8275ms (cache miss)
3616 http fetch GET 200 https://registry.npmjs.org/@expo/multipart-body-parser/-/multipart-body-parser-2.0.0.tgz 8311ms (cache miss)
3617 http fetch GET 200 https://registry.npmjs.org/@expo/env/-/env-2.0.11.tgz 8339ms (cache miss)
3618 http fetch GET 200 https://registry.npmjs.org/@urql/core/-/core-5.2.0.tgz 8478ms (cache miss)
3619 http fetch GET 200 https://registry.npmjs.org/@expo/logger/-/logger-18.5.0.tgz 8362ms (cache miss)
3620 http fetch GET 200 https://registry.npmjs.org/@humanfs/node/-/node-0.16.7.tgz 8391ms (cache miss)
3621 http fetch GET 200 https://registry.npmjs.org/@jest/types/-/types-29.6.3.tgz 8401ms (cache miss)
3622 http fetch GET 200 https://registry.npmjs.org/@expo/json-file/-/json-file-10.0.13.tgz 8375ms (cache miss)
3623 http fetch GET 200 https://registry.npmjs.org/@pkgjs/parseargs/-/parseargs-0.11.0.tgz 8425ms (cache miss)
3624 http fetch GET 200 https://registry.npmjs.org/@expo/rudder-sdk-node/-/rudder-sdk-node-1.1.1.tgz 8399ms (cache miss)
3625 http fetch GET 200 https://registry.npmjs.org/@expo/results/-/results-1.0.0.tgz 8447ms (cache miss)
3626 http fetch GET 200 https://registry.npmjs.org/@expo/sudo-prompt/-/sudo-prompt-9.3.2.tgz 8455ms (cache miss)
3627 http fetch GET 200 https://registry.npmjs.org/@expo/osascript/-/osascript-2.4.2.tgz 8595ms (cache miss)
3628 http fetch GET 200 https://registry.npmjs.org/@humanwhocodes/retry/-/retry-0.4.3.tgz 8630ms (cache miss)
3629 http fetch GET 200 https://registry.npmjs.org/@expo/config-types/-/config-types-54.0.10.tgz 8708ms (cache miss)
3630 http fetch GET 200 https://registry.npmjs.org/@eslint/object-schema/-/object-schema-2.1.7.tgz 8774ms (cache miss)
3631 http fetch GET 200 https://registry.npmjs.org/@jridgewell/source-map/-/source-map-0.3.11.tgz 8861ms (cache miss)
3632 http fetch GET 200 https://registry.npmjs.org/@nodelib/fs.stat/-/fs.stat-2.0.5.tgz 8994ms (cache miss)
3633 http fetch GET 200 https://registry.npmjs.org/@humanfs/core/-/core-0.19.1.tgz 9125ms (cache miss)
3634 http fetch GET 200 https://registry.npmjs.org/@expo/plist/-/plist-0.4.8.tgz 9210ms (cache miss)
3635 http fetch GET 200 https://registry.npmjs.org/@isaacs/fs-minipass/-/fs-minipass-4.0.1.tgz 9397ms (cache miss)
3636 http fetch GET 200 https://registry.npmjs.org/@babel/preset-typescript/-/preset-typescript-7.28.5.tgz 9395ms (cache miss)
3637 http fetch GET 200 https://registry.npmjs.org/@babel/plugin-transform-unicode-regex/-/plugin-transform-unicode-regex-7.27.1.tgz 9394ms (cache miss)
3638 http fetch GET 200 https://registry.npmjs.org/@babel/plugin-transform-template-literals/-/plugin-transform-template-literals-7.27.1.tgz 9604ms (cache miss)
3639 http fetch GET 200 https://registry.npmjs.org/@expo/bunyan/-/bunyan-4.0.1.tgz 9690ms (cache miss)
3640 http fetch GET 200 https://registry.npmjs.org/@babel/plugin-transform-sticky-regex/-/plugin-transform-sticky-regex-7.27.1.tgz 9687ms (cache miss)
3641 http fetch GET 200 https://registry.npmjs.org/@eslint/core/-/core-0.17.0.tgz 9729ms (cache miss)
3642 http fetch GET 200 https://registry.npmjs.org/@babel/plugin-transform-shorthand-properties/-/plugin-transform-shorthand-properties-7.27.1.tgz 9743ms (cache miss)
3643 http fetch GET 200 https://registry.npmjs.org/@babel/plugin-transform-react-jsx-self/-/plugin-transform-react-jsx-self-7.27.1.tgz 9807ms (cache miss)
3644 http fetch GET 200 https://registry.npmjs.org/@eslint/js/-/js-9.39.4.tgz 9833ms (cache miss)
3645 http fetch GET 200 https://registry.npmjs.org/@babel/plugin-transform-spread/-/plugin-transform-spread-7.28.6.tgz 9829ms (cache miss)
3646 http fetch GET 200 https://registry.npmjs.org/@eslint/config-helpers/-/config-helpers-0.4.2.tgz 9839ms (cache miss)
3647 http fetch GET 200 https://registry.npmjs.org/@babel/plugin-transform-react-jsx-development/-/plugin-transform-react-jsx-development-7.27.1.tgz 9825ms (cache miss)
3648 http fetch GET 200 https://registry.npmjs.org/@babel/preset-react/-/preset-react-7.28.5.tgz 9836ms (cache miss)
3649 http fetch GET 200 https://registry.npmjs.org/@babel/plugin-transform-react-display-name/-/plugin-transform-react-display-name-7.28.0.tgz 9841ms (cache miss)
3650 http fetch GET 200 https://registry.npmjs.org/@babel/plugin-transform-react-jsx-source/-/plugin-transform-react-jsx-source-7.27.1.tgz 9862ms (cache miss)
3651 http fetch GET 200 https://registry.npmjs.org/@babel/plugin-transform-private-methods/-/plugin-transform-private-methods-7.28.6.tgz 9961ms (cache miss)
3652 http fetch GET 200 https://registry.npmjs.org/@expo/schema-utils/-/schema-utils-0.1.8.tgz 10058ms (cache miss)
3653 http fetch GET 200 https://registry.npmjs.org/@babel/plugin-transform-optional-catch-binding/-/plugin-transform-optional-catch-binding-7.28.6.tgz 10041ms (cache miss)
3654 http fetch GET 200 https://registry.npmjs.org/@babel/plugin-transform-modules-commonjs/-/plugin-transform-modules-commonjs-7.28.6.tgz 10264ms (cache miss)
3655 http fetch GET 200 https://registry.npmjs.org/@babel/plugin-transform-numeric-separator/-/plugin-transform-numeric-separator-7.28.6.tgz 10266ms (cache miss)
3656 http fetch GET 200 https://registry.npmjs.org/@babel/plugin-transform-function-name/-/plugin-transform-function-name-7.27.1.tgz 10265ms (cache miss)
3657 http fetch GET 200 https://registry.npmjs.org/@oclif/plugin-autocomplete/-/plugin-autocomplete-3.2.45.tgz 10355ms (cache miss)
3658 http fetch GET 200 https://registry.npmjs.org/@babel/plugin-transform-private-property-in-object/-/plugin-transform-private-property-in-object-7.28.6.tgz 10307ms (cache miss)
3659 http fetch GET 200 https://registry.npmjs.org/@babel/plugin-transform-nullish-coalescing-operator/-/plugin-transform-nullish-coalescing-operator-7.28.6.tgz 10328ms (cache miss)
3660 http fetch GET 200 https://registry.npmjs.org/@babel/plugin-transform-react-pure-annotations/-/plugin-transform-react-pure-annotations-7.27.1.tgz 10339ms (cache miss)
3661 http fetch GET 200 https://registry.npmjs.org/@babel/plugin-transform-logical-assignment-operators/-/plugin-transform-logical-assignment-operators-7.28.6.tgz 10330ms (cache miss)
3662 http fetch GET 200 https://registry.npmjs.org/@babel/plugin-transform-computed-properties/-/plugin-transform-computed-properties-7.28.6.tgz 10326ms (cache miss)
3663 http fetch GET 200 https://registry.npmjs.org/@babel/plugin-transform-optional-chaining/-/plugin-transform-optional-chaining-7.28.6.tgz 10342ms (cache miss)
3664 http fetch GET 200 https://registry.npmjs.org/@babel/plugin-transform-for-of/-/plugin-transform-for-of-7.27.1.tgz 10375ms (cache miss)
3665 http fetch GET 200 https://registry.npmjs.org/@babel/plugin-transform-export-namespace-from/-/plugin-transform-export-namespace-from-7.27.1.tgz 10408ms (cache miss)
3666 http fetch GET 200 https://registry.npmjs.org/@eslint/plugin-kit/-/plugin-kit-0.4.1.tgz 10456ms (cache miss)
3667 http fetch GET 200 https://registry.npmjs.org/@expo/ws-tunnel/-/ws-tunnel-1.0.6.tgz 10553ms (cache miss)
3668 http fetch GET 200 https://registry.npmjs.org/@unrs/resolver-binding-win32-x64-msvc/-/resolver-binding-win32-x64-msvc-1.11.1.tgz 10714ms (cache miss)
3669 http fetch GET 200 https://registry.npmjs.org/@babel/plugin-transform-object-rest-spread/-/plugin-transform-object-rest-spread-7.28.6.tgz 10699ms (cache miss)
3670 http fetch GET 200 https://registry.npmjs.org/@babel/plugin-transform-literals/-/plugin-transform-literals-7.27.1.tgz 10744ms (cache miss)
3671 http fetch GET 200 https://registry.npmjs.org/@babel/plugin-transform-destructuring/-/plugin-transform-destructuring-7.28.5.tgz 10787ms (cache miss)
3672 http fetch GET 200 https://registry.npmjs.org/@nodelib/fs.walk/-/fs.walk-1.2.8.tgz 10864ms (cache miss)
3673 http fetch GET 200 https://registry.npmjs.org/@babel/plugin-transform-async-to-generator/-/plugin-transform-async-to-generator-7.28.6.tgz 10791ms (cache miss)
3674 http fetch GET 200 https://registry.npmjs.org/@cspotcode/source-map-support/-/source-map-support-0.8.1.tgz 10829ms (cache miss)
3675 http fetch GET 200 https://registry.npmjs.org/@babel/plugin-transform-class-static-block/-/plugin-transform-class-static-block-7.28.6.tgz 10825ms (cache miss)
3676 http fetch GET 200 https://registry.npmjs.org/@babel/plugin-syntax-top-level-await/-/plugin-syntax-top-level-await-7.14.5.tgz 10824ms (cache miss)
3677 http fetch GET 200 https://registry.npmjs.org/@babel/plugin-transform-arrow-functions/-/plugin-transform-arrow-functions-7.27.1.tgz 10885ms (cache miss)
3678 http fetch GET 200 https://registry.npmjs.org/@babel/plugin-transform-class-properties/-/plugin-transform-class-properties-7.28.6.tgz 10891ms (cache miss)
3679 http fetch GET 200 https://registry.npmjs.org/@babel/plugin-syntax-private-property-in-object/-/plugin-syntax-private-property-in-object-7.14.5.tgz 11029ms (cache miss)
3680 http fetch GET 200 https://registry.npmjs.org/@eslint-community/regexpp/-/regexpp-4.12.2.tgz 11084ms (cache miss)
3681 http fetch GET 200 https://registry.npmjs.org/@babel/plugin-transform-react-jsx/-/plugin-transform-react-jsx-7.28.6.tgz 11066ms (cache miss)
3682 http fetch GET 200 https://registry.npmjs.org/@babel/plugin-syntax-typescript/-/plugin-syntax-typescript-7.28.6.tgz 11091ms (cache miss)
3683 http fetch GET 200 https://registry.npmjs.org/@babel/plugin-syntax-numeric-separator/-/plugin-syntax-numeric-separator-7.10.4.tgz 11089ms (cache miss)
3684 http fetch GET 200 https://registry.npmjs.org/@babel/plugin-syntax-object-rest-spread/-/plugin-syntax-object-rest-spread-7.8.3.tgz 11089ms (cache miss)
3685 http fetch GET 200 https://registry.npmjs.org/@babel/plugin-transform-named-capturing-groups-regex/-/plugin-transform-named-capturing-groups-regex-7.29.0.tgz 11171ms (cache miss)
3686 http fetch GET 200 https://registry.npmjs.org/@babel/plugin-syntax-nullish-coalescing-operator/-/plugin-syntax-nullish-coalescing-operator-7.8.3.tgz 11156ms (cache miss)
3687 http fetch GET 200 https://registry.npmjs.org/@babel/plugin-transform-flow-strip-types/-/plugin-transform-flow-strip-types-7.27.1.tgz 11227ms (cache miss)
3688 http fetch GET 200 https://registry.npmjs.org/@babel/plugin-syntax-logical-assignment-operators/-/plugin-syntax-logical-assignment-operators-7.10.4.tgz 11273ms (cache miss)
3689 http fetch GET 200 https://registry.npmjs.org/@babel/plugin-syntax-import-attributes/-/plugin-syntax-import-attributes-7.28.6.tgz 11272ms (cache miss)
3690 http fetch GET 200 https://registry.npmjs.org/@jridgewell/sourcemap-codec/-/sourcemap-codec-1.5.5.tgz 11452ms (cache miss)
3691 http fetch GET 200 https://registry.npmjs.org/@babel/plugin-syntax-import-meta/-/plugin-syntax-import-meta-7.10.4.tgz 11375ms (cache miss)
3692 http fetch GET 200 https://registry.npmjs.org/@babel/plugin-syntax-json-strings/-/plugin-syntax-json-strings-7.8.3.tgz 11439ms (cache miss)
3693 http fetch GET 200 https://registry.npmjs.org/@eslint-community/eslint-utils/-/eslint-utils-4.9.1.tgz 11508ms (cache miss)
3694 http fetch GET 200 https://registry.npmjs.org/@babel/plugin-syntax-export-default-from/-/plugin-syntax-export-default-from-7.28.6.tgz 11460ms (cache miss)
3695 http fetch GET 200 https://registry.npmjs.org/@babel/plugin-syntax-dynamic-import/-/plugin-syntax-dynamic-import-7.8.3.tgz 11467ms (cache miss)
3696 http fetch GET 200 https://registry.npmjs.org/@babel/plugin-syntax-decorators/-/plugin-syntax-decorators-7.28.6.tgz 11537ms (cache miss)
3697 http fetch GET 200 https://registry.npmjs.org/@babel/plugin-syntax-class-static-block/-/plugin-syntax-class-static-block-7.14.5.tgz 11537ms (cache miss)
3698 http fetch GET 200 https://registry.npmjs.org/@babel/plugin-syntax-flow/-/plugin-syntax-flow-7.28.6.tgz 11610ms (cache miss)
3699 http fetch GET 200 https://registry.npmjs.org/@babel/plugin-syntax-class-properties/-/plugin-syntax-class-properties-7.12.13.tgz 11614ms (cache miss)
3700 http fetch GET 200 https://registry.npmjs.org/@babel/plugin-syntax-bigint/-/plugin-syntax-bigint-7.8.3.tgz 11615ms (cache miss)
3701 http fetch GET 200 https://registry.npmjs.org/@babel/plugin-transform-typescript/-/plugin-transform-typescript-7.28.6.tgz 11717ms (cache miss)
3702 http fetch GET 200 https://registry.npmjs.org/@babel/plugin-transform-async-generator-functions/-/plugin-transform-async-generator-functions-7.29.0.tgz 11697ms (cache miss)
3703 http fetch GET 200 https://registry.npmjs.org/@babel/plugin-syntax-optional-catch-binding/-/plugin-syntax-optional-catch-binding-7.8.3.tgz 11708ms (cache miss)
3704 http fetch GET 200 https://registry.npmjs.org/@babel/plugin-syntax-optional-chaining/-/plugin-syntax-optional-chaining-7.8.3.tgz 11708ms (cache miss)
3705 http fetch GET 200 https://registry.npmjs.org/@babel/plugin-proposal-export-default-from/-/plugin-proposal-export-default-from-7.27.1.tgz 11700ms (cache miss)
3706 http fetch GET 200 https://registry.npmjs.org/@babel/plugin-syntax-jsx/-/plugin-syntax-jsx-7.28.6.tgz 11789ms (cache miss)
3707 http fetch GET 200 https://registry.npmjs.org/@babel/helper-skip-transparent-expression-wrappers/-/helper-skip-transparent-expression-wrappers-7.27.1.tgz 11857ms (cache miss)
3708 http fetch GET 200 https://registry.npmjs.org/@babel/plugin-syntax-async-generators/-/plugin-syntax-async-generators-7.8.4.tgz 11865ms (cache miss)
3709 http fetch GET 200 https://registry.npmjs.org/@babel/highlight/-/highlight-7.25.9.tgz 11978ms (cache miss)
3710 http fetch GET 200 https://registry.npmjs.org/@babel/plugin-transform-classes/-/plugin-transform-classes-7.28.6.tgz 11998ms (cache miss)
3711 http fetch GET 200 https://registry.npmjs.org/@babel/helper-validator-identifier/-/helper-validator-identifier-7.28.5.tgz 12161ms (cache miss)
3712 http fetch GET 200 https://registry.npmjs.org/@babel/helper-replace-supers/-/helper-replace-supers-7.28.6.tgz 12160ms (cache miss)
3713 http fetch GET 200 https://registry.npmjs.org/@babel/helper-globals/-/helper-globals-7.28.0.tgz 12226ms (cache miss)
3714 http fetch GET 200 https://registry.npmjs.org/@expo/code-signing-certificates/-/code-signing-certificates-0.0.6.tgz 12352ms (cache miss)
3715 http fetch GET 200 https://registry.npmjs.org/@babel/helper-plugin-utils/-/helper-plugin-utils-7.28.6.tgz 12340ms (cache miss)
3716 http fetch GET 200 https://registry.npmjs.org/yocto-queue/-/yocto-queue-0.1.0.tgz 12332ms (cache miss)
3717 http fetch GET 200 https://registry.npmjs.org/@babel/helper-wrap-function/-/helper-wrap-function-7.28.6.tgz 12512ms (cache miss)
3718 http fetch GET 200 https://registry.npmjs.org/@babel/helper-optimise-call-expression/-/helper-optimise-call-expression-7.27.1.tgz 12526ms (cache miss)
3719 http fetch GET 200 https://registry.npmjs.org/@babel/code-frame/-/code-frame-7.29.0.tgz 12524ms (cache miss)
3720 http fetch GET 200 https://registry.npmjs.org/@babel/helper-annotate-as-pure/-/helper-annotate-as-pure-7.27.3.tgz 12675ms (cache miss)
3721 http fetch GET 200 https://registry.npmjs.org/@babel/plugin-proposal-decorators/-/plugin-proposal-decorators-7.29.0.tgz 12688ms (cache miss)
3722 http fetch GET 200 https://registry.npmjs.org/@babel/helper-remap-async-to-generator/-/helper-remap-async-to-generator-7.27.1.tgz 12774ms (cache miss)
3723 http fetch GET 200 https://registry.npmjs.org/wrap-ansi/-/wrap-ansi-7.0.0.tgz 12766ms (cache miss)
3724 http fetch GET 200 https://registry.npmjs.org/@babel/plugin-transform-parameters/-/plugin-transform-parameters-7.27.7.tgz 12937ms (cache miss)
3725 http fetch GET 200 https://registry.npmjs.org/@babel/helper-string-parser/-/helper-string-parser-7.27.1.tgz 12908ms (cache miss)
3726 http fetch GET 200 https://registry.npmjs.org/@babel/compat-data/-/compat-data-7.29.0.tgz 12893ms (cache miss)
3727 http fetch GET 200 https://registry.npmjs.org/yn/-/yn-3.1.1.tgz 12894ms (cache miss)
3728 http fetch GET 200 https://registry.npmjs.org/yallist/-/yallist-3.1.1.tgz 12892ms (cache miss)
3729 http fetch GET 200 https://registry.npmjs.org/xml2js/-/xml2js-0.6.0.tgz 12894ms (cache miss)
3730 http fetch GET 200 https://registry.npmjs.org/which-typed-array/-/which-typed-array-1.1.20.tgz 12888ms (cache miss)
3731 http fetch GET 200 https://registry.npmjs.org/which-collection/-/which-collection-1.0.2.tgz 12889ms (cache miss)
3732 http fetch GET 200 https://registry.npmjs.org/widest-line/-/widest-line-3.1.0.tgz 12890ms (cache miss)
3733 http fetch GET 200 https://registry.npmjs.org/@babel/template/-/template-7.28.6.tgz 13142ms (cache miss)
3734 http fetch GET 200 https://registry.npmjs.org/@emnapi/wasi-threads/-/wasi-threads-1.2.1.tgz 13181ms (cache miss)
3735 http fetch GET 200 https://registry.npmjs.org/write-file-atomic/-/write-file-atomic-4.0.2.tgz 13184ms (cache miss)
3736 http fetch GET 200 https://registry.npmjs.org/word-wrap/-/word-wrap-1.2.5.tgz 13504ms (cache miss)
3737 http fetch GET 200 https://registry.npmjs.org/which-module/-/which-module-2.0.1.tgz 13503ms (cache miss)
3738 http fetch GET 200 https://registry.npmjs.org/wcwidth/-/wcwidth-1.0.1.tgz 13591ms (cache miss)
3739 http fetch GET 200 https://registry.npmjs.org/whatwg-url/-/whatwg-url-5.0.0.tgz 13591ms (cache miss)
3740 http fetch GET 200 https://registry.npmjs.org/walker/-/walker-1.0.8.tgz 13596ms (cache miss)
3741 http fetch GET 200 https://registry.npmjs.org/wrap-ansi/-/wrap-ansi-7.0.0.tgz 13847ms (cache miss)
3742 http fetch GET 200 https://registry.npmjs.org/which-builtin-type/-/which-builtin-type-1.2.1.tgz 13862ms (cache miss)
3743 http fetch GET 200 https://registry.npmjs.org/which-boxed-primitive/-/which-boxed-primitive-1.1.1.tgz 13863ms (cache miss)
3744 http fetch GET 200 https://registry.npmjs.org/which/-/which-2.0.2.tgz 13863ms (cache miss)
3745 http fetch GET 200 https://registry.npmjs.org/use-latest-callback/-/use-latest-callback-0.2.6.tgz 13854ms (cache miss)
3746 http fetch GET 200 https://registry.npmjs.org/use-sidecar/-/use-sidecar-1.1.3.tgz 13853ms (cache miss)
3747 http fetch GET 200 https://registry.npmjs.org/update-browserslist-db/-/update-browserslist-db-1.2.3.tgz 13853ms (cache miss)
3748 http fetch GET 200 https://registry.npmjs.org/use-callback-ref/-/use-callback-ref-1.3.3.tgz 13854ms (cache miss)
3749 http fetch GET 200 https://registry.npmjs.org/webidl-conversions/-/webidl-conversions-3.0.1.tgz 14083ms (cache miss)
3750 http fetch GET 200 https://registry.npmjs.org/v8-compile-cache-lib/-/v8-compile-cache-lib-3.0.1.tgz 14087ms (cache miss)
3751 http fetch GET 200 https://registry.npmjs.org/validate-npm-package-name/-/validate-npm-package-name-5.0.1.tgz 14087ms (cache miss)
3752 http fetch GET 200 https://registry.npmjs.org/universalify/-/universalify-2.0.1.tgz 14085ms (cache miss)
3753 http fetch GET 200 https://registry.npmjs.org/unicode-property-aliases-ecmascript/-/unicode-property-aliases-ecmascript-2.2.0.tgz 14085ms (cache miss)
3754 http fetch GET 200 https://registry.npmjs.org/unicode-match-property-ecmascript/-/unicode-match-property-ecmascript-2.0.0.tgz 14081ms (cache miss)
3755 http fetch GET 200 https://registry.npmjs.org/@jridgewell/gen-mapping/-/gen-mapping-0.3.13.tgz 14336ms (cache miss)
3756 http fetch GET 200 https://registry.npmjs.org/@babel/helper-member-expression-to-functions/-/helper-member-expression-to-functions-7.28.5.tgz 14289ms (cache miss)
3757 http fetch GET 200 https://registry.npmjs.org/warn-once/-/warn-once-0.1.1.tgz 14270ms (cache miss)
3758 http fetch GET 200 https://registry.npmjs.org/utils-merge/-/utils-merge-1.0.1.tgz 14266ms (cache miss)
3759 http fetch GET 200 https://registry.npmjs.org/untildify/-/untildify-4.0.0.tgz 14268ms (cache miss)
3760 http fetch GET 200 https://registry.npmjs.org/unbox-primitive/-/unbox-primitive-1.1.0.tgz 14259ms (cache miss)
3761 http fetch GET 200 https://registry.npmjs.org/typed-array-byte-length/-/typed-array-byte-length-1.0.3.tgz 14259ms (cache miss)
3762 http fetch GET 200 https://registry.npmjs.org/vlq/-/vlq-1.0.1.tgz 14388ms (cache miss)
3763 http fetch GET 200 https://registry.npmjs.org/unicode-match-property-value-ecmascript/-/unicode-match-property-value-ecmascript-2.2.1.tgz 14377ms (cache miss)
3764 http fetch GET 200 https://registry.npmjs.org/unicode-canonical-property-names-ecmascript/-/unicode-canonical-property-names-ecmascript-2.0.1.tgz 14378ms (cache miss)
3765 http fetch GET 200 https://registry.npmjs.org/type-detect/-/type-detect-4.0.8.tgz 14372ms (cache miss)
3766 http fetch GET 200 https://registry.npmjs.org/tunnel-agent/-/tunnel-agent-0.6.0.tgz 14372ms (cache miss)
3767 http fetch GET 200 https://registry.npmjs.org/use-sync-external-store/-/use-sync-external-store-1.6.0.tgz 14505ms (cache miss)
3768 http fetch GET 200 https://registry.npmjs.org/typed-array-length/-/typed-array-length-1.0.7.tgz 14493ms (cache miss)
3769 http fetch GET 200 https://registry.npmjs.org/typed-array-byte-offset/-/typed-array-byte-offset-1.0.4.tgz 14495ms (cache miss)
3770 http fetch GET 200 https://registry.npmjs.org/tinyglobby/-/tinyglobby-0.2.15.tgz 14495ms (cache miss)
3771 http fetch GET 200 https://registry.npmjs.org/ts-deepmerge/-/ts-deepmerge-6.2.0.tgz 14497ms (cache miss)
3772 http fetch GET 200 https://registry.npmjs.org/@babel/plugin-transform-runtime/-/plugin-transform-runtime-7.29.0.tgz 14833ms (cache miss)
3773 http fetch GET 200 https://registry.npmjs.org/unique-string/-/unique-string-2.0.0.tgz 14784ms (cache miss)
3774 http fetch GET 200 https://registry.npmjs.org/thenify/-/thenify-3.3.1.tgz 14782ms (cache miss)
3775 http fetch GET 200 https://registry.npmjs.org/throat/-/throat-5.0.0.tgz 14785ms (cache miss)
3776 http fetch GET 200 https://registry.npmjs.org/thenify-all/-/thenify-all-1.6.0.tgz 14781ms (cache miss)
3777 http fetch GET 200 https://registry.npmjs.org/test-exclude/-/test-exclude-6.0.0.tgz 14781ms (cache miss)
3778 http fetch GET 200 https://registry.npmjs.org/tmpl/-/tmpl-1.0.5.tgz 14968ms (cache miss)
3779 http fetch GET 200 https://registry.npmjs.org/temp-dir/-/temp-dir-2.0.0.tgz 15004ms (cache miss)
3780 http fetch GET 200 https://registry.npmjs.org/supports-color/-/supports-color-7.2.0.tgz 15003ms (cache miss)
3781 http fetch GET 200 https://registry.npmjs.org/supports-hyperlinks/-/supports-hyperlinks-2.3.0.tgz 15005ms (cache miss)
3782 http fetch GET 200 https://registry.npmjs.org/ts-interface-checker/-/ts-interface-checker-0.1.13.tgz 15056ms (cache miss)
3783 http fetch GET 200 https://registry.npmjs.org/supports-preserve-symlinks-flag/-/supports-preserve-symlinks-flag-1.0.0.tgz 15045ms (cache miss)
3784 http fetch GET 200 https://registry.npmjs.org/@babel/plugin-transform-block-scoping/-/plugin-transform-block-scoping-7.28.6.tgz 15210ms (cache miss)
3785 http fetch GET 200 https://registry.npmjs.org/unrs-resolver/-/unrs-resolver-1.11.1.tgz 15163ms (cache miss)
3786 http fetch GET 200 https://registry.npmjs.org/terminal-link/-/terminal-link-2.1.1.tgz 15143ms (cache miss)
3787 http fetch GET 200 https://registry.npmjs.org/text-decoder/-/text-decoder-1.2.7.tgz 15144ms (cache miss)
3788 http fetch GET 200 https://registry.npmjs.org/strip-json-comments/-/strip-json-comments-3.1.1.tgz 15141ms (cache miss)
3789 http fetch GET 200 https://registry.npmjs.org/@hapi/hoek/-/hoek-9.3.0.tgz 15383ms (cache miss)
3790 http fetch GET 200 https://registry.npmjs.org/string.prototype.trimend/-/string.prototype.trimend-1.0.9.tgz 15320ms (cache miss)
3791 http fetch GET 200 https://registry.npmjs.org/string.prototype.matchall/-/string.prototype.matchall-4.0.12.tgz 15322ms (cache miss)
3792 http fetch GET 200 https://registry.npmjs.org/string-width/-/string-width-4.2.3.tgz 15321ms (cache miss)
3793 http fetch GET 200 https://registry.npmjs.org/strip-bom/-/strip-bom-3.0.0.tgz 15428ms (cache miss)
3794 http fetch GET 200 https://registry.npmjs.org/strip-ansi/-/strip-ansi-6.0.1.tgz 15428ms (cache miss)
3795 http fetch GET 200 https://registry.npmjs.org/strict-uri-encode/-/strict-uri-encode-2.0.0.tgz 15427ms (cache miss)
3796 http fetch GET 200 https://registry.npmjs.org/stacktrace-parser/-/stacktrace-parser-0.1.11.tgz 15435ms (cache miss)
3797 http fetch GET 200 https://registry.npmjs.org/string.prototype.trimstart/-/string.prototype.trimstart-1.0.8.tgz 15571ms (cache miss)
3798 http fetch GET 200 https://registry.npmjs.org/string.prototype.repeat/-/string.prototype.repeat-1.0.0.tgz 15571ms (cache miss)
3799 http fetch GET 200 https://registry.npmjs.org/stack-utils/-/stack-utils-2.0.6.tgz 15584ms (cache miss)
3800 http fetch GET 200 https://registry.npmjs.org/split-on-first/-/split-on-first-1.1.0.tgz 15580ms (cache miss)
3801 http fetch GET 200 https://registry.npmjs.org/streamx/-/streamx-2.25.0.tgz 15588ms (cache miss)
3802 http fetch GET 200 https://registry.npmjs.org/@typescript-eslint/type-utils/-/type-utils-8.58.0.tgz 15928ms (cache miss)
3803 http fetch GET 200 https://registry.npmjs.org/strip-ansi/-/strip-ansi-6.0.1.tgz 15705ms (cache miss)
3804 http fetch GET 200 https://registry.npmjs.org/statuses/-/statuses-1.5.0.tgz 15703ms (cache miss)
3805 http fetch GET 200 https://registry.npmjs.org/slice-ansi/-/slice-ansi-4.0.0.tgz 15700ms (cache miss)
3806 http fetch GET 200 https://registry.npmjs.org/simple-swizzle/-/simple-swizzle-0.2.4.tgz 15700ms (cache miss)
3807 http fetch GET 200 https://registry.npmjs.org/slugify/-/slugify-1.6.9.tgz 15702ms (cache miss)
3808 http fetch GET 200 https://registry.npmjs.org/slash/-/slash-3.0.0.tgz 15702ms (cache miss)
3809 http fetch GET 200 https://registry.npmjs.org/simple-plist/-/simple-plist-1.3.1.tgz 15700ms (cache miss)
3810 http fetch GET 200 https://registry.npmjs.org/string-width/-/string-width-4.2.3.tgz 15886ms (cache miss)
3811 http fetch GET 200 https://registry.npmjs.org/stable-hash/-/stable-hash-0.0.5.tgz 15887ms (cache miss)
3812 http fetch GET 200 https://registry.npmjs.org/shebang-command/-/shebang-command-2.0.0.tgz 15884ms (cache miss)
3813 http fetch GET 200 https://registry.npmjs.org/shallowequal/-/shallowequal-1.1.0.tgz 15885ms (cache miss)
3814 http fetch GET 200 https://registry.npmjs.org/set-interval-async/-/set-interval-async-3.0.3.tgz 15885ms (cache miss)
3815 http fetch GET 200 https://registry.npmjs.org/set-proto/-/set-proto-1.0.0.tgz 15885ms (cache miss)
3816 http fetch GET 200 https://registry.npmjs.org/set-function-name/-/set-function-name-2.0.2.tgz 15887ms (cache miss)
3817 http fetch GET 200 https://registry.npmjs.org/set-blocking/-/set-blocking-2.0.0.tgz 15888ms (cache miss)
3818 http fetch GET 200 https://registry.npmjs.org/@eslint/config-array/-/config-array-0.21.2.tgz 16261ms (cache miss)
3819 http fetch GET 200 https://registry.npmjs.org/type-check/-/type-check-0.4.0.tgz 16190ms (cache miss)
3820 http fetch GET 200 https://registry.npmjs.org/sisteransi/-/sisteransi-1.0.5.tgz 16342ms (cache miss)
3821 http fetch GET 200 https://registry.npmjs.org/signal-exit/-/signal-exit-3.0.7.tgz 16351ms (cache miss)
3822 http fetch GET 200 https://registry.npmjs.org/server-only/-/server-only-0.0.1.tgz 16352ms (cache miss)
3823 http fetch GET 200 https://registry.npmjs.org/serialize-error/-/serialize-error-2.1.0.tgz 16353ms (cache miss)
3824 http fetch GET 200 https://registry.npmjs.org/scheduler/-/scheduler-0.26.0.tgz 16349ms (cache miss)
3825 http fetch GET 200 https://registry.npmjs.org/safe-push-apply/-/safe-push-apply-1.0.0.tgz 16348ms (cache miss)
3826 http fetch GET 200 https://registry.npmjs.org/shebang-regex/-/shebang-regex-3.0.0.tgz 16374ms (cache miss)
3827 http fetch GET 200 https://registry.npmjs.org/safe-json-stringify/-/safe-json-stringify-1.2.0.tgz 16371ms (cache miss)
3828 http fetch GET 200 https://registry.npmjs.org/run-parallel/-/run-parallel-1.2.0.tgz 16376ms (cache miss)
3829 http fetch GET 200 https://registry.npmjs.org/setimmediate/-/setimmediate-1.0.5.tgz 16730ms (cache miss)
3830 http fetch GET 200 https://registry.npmjs.org/set-function-length/-/set-function-length-1.2.2.tgz 16729ms (cache miss)
3831 http fetch GET 200 https://registry.npmjs.org/reusify/-/reusify-1.1.0.tgz 16723ms (cache miss)
3832 http fetch GET 200 https://registry.npmjs.org/restore-cursor/-/restore-cursor-2.0.0.tgz 16723ms (cache miss)
3833 http fetch GET 200 https://registry.npmjs.org/retry/-/retry-0.12.0.tgz 16723ms (cache miss)
3834 http fetch GET 200 https://registry.npmjs.org/resolve-from/-/resolve-from-5.0.0.tgz 16724ms (cache miss)
3835 http fetch GET 200 https://registry.npmjs.org/resolve.exports/-/resolve.exports-2.0.3.tgz 16725ms (cache miss)
3836 http fetch GET 200 https://registry.npmjs.org/resolve-pkg-maps/-/resolve-pkg-maps-1.0.0.tgz 16733ms (cache miss)
3837 http fetch GET 200 https://registry.npmjs.org/remove-trailing-slash/-/remove-trailing-slash-0.1.1.tgz 16748ms (cache miss)
3838 http fetch GET 200 https://registry.npmjs.org/@jridgewell/remapping/-/remapping-2.3.5.tgz 17184ms (cache miss)
3839 http fetch GET 200 https://registry.npmjs.org/@babel/helper-create-regexp-features-plugin/-/helper-create-regexp-features-plugin-7.28.5.tgz 17101ms (cache miss)
3840 http fetch GET 200 https://registry.npmjs.org/whatwg-fetch/-/whatwg-fetch-3.6.20.tgz 17080ms (cache miss)
3841 http fetch GET 200 https://registry.npmjs.org/serve-static/-/serve-static-1.16.3.tgz 17037ms (cache miss)
3842 http fetch GET 200 https://registry.npmjs.org/safe-array-concat/-/safe-array-concat-1.1.3.tgz 17034ms (cache miss)
3843 http fetch GET 200 https://registry.npmjs.org/require-from-string/-/require-from-string-2.0.2.tgz 17032ms (cache miss)
3844 http fetch GET 200 https://registry.npmjs.org/require-directory/-/require-directory-2.1.1.tgz 17033ms (cache miss)
3845 http fetch GET 200 https://registry.npmjs.org/regjsgen/-/regjsgen-0.8.0.tgz 17032ms (cache miss)
3846 http fetch GET 200 https://registry.npmjs.org/redeyed/-/redeyed-2.1.1.tgz 17024ms (cache miss)
3847 http fetch GET 200 https://registry.npmjs.org/@sinclair/typebox/-/typebox-0.27.10.tgz 17634ms (cache miss)
3848 http fetch GET 200 https://registry.npmjs.org/require-main-filename/-/require-main-filename-2.0.0.tgz 17521ms (cache miss)
3849 http fetch GET 200 https://registry.npmjs.org/react-style-singleton/-/react-style-singleton-2.2.3.tgz 17511ms (cache miss)
3850 http fetch GET 200 https://registry.npmjs.org/reflect.getprototypeof/-/reflect.getprototypeof-1.0.10.tgz 17518ms (cache miss)
3851 http fetch GET 200 https://registry.npmjs.org/react-remove-scroll-bar/-/react-remove-scroll-bar-2.3.8.tgz 17518ms (cache miss)
3852 http fetch GET 200 https://registry.npmjs.org/react-remove-scroll/-/react-remove-scroll-2.7.2.tgz 17516ms (cache miss)
3853 http fetch GET 200 https://registry.npmjs.org/react-refresh/-/react-refresh-0.14.2.tgz 17517ms (cache miss)
3854 http fetch GET 200 https://registry.npmjs.org/regenerator-runtime/-/regenerator-runtime-0.13.11.tgz 17860ms (cache miss)
3855 http fetch GET 200 https://registry.npmjs.org/regenerate/-/regenerate-1.4.2.tgz 17856ms (cache miss)
3856 http fetch GET 200 https://registry.npmjs.org/react-native-is-edge-to-edge/-/react-native-is-edge-to-edge-1.3.1.tgz 17846ms (cache miss)
3857 http fetch GET 200 https://registry.npmjs.org/react-fast-compare/-/react-fast-compare-3.2.2.tgz 17843ms (cache miss)
3858 http fetch GET 200 https://registry.npmjs.org/react-freeze/-/react-freeze-1.0.4.tgz 17844ms (cache miss)
3859 http fetch GET 200 https://registry.npmjs.org/@babel/helper-validator-option/-/helper-validator-option-7.27.1.tgz 18725ms (cache miss)
3860 http fetch GET 200 https://registry.npmjs.org/sax/-/sax-1.6.0.tgz 18825ms (cache miss)
3861 http fetch GET 200 https://registry.npmjs.org/safe-buffer/-/safe-buffer-5.2.1.tgz 18824ms (cache miss)
3862 http fetch GET 200 https://registry.npmjs.org/queue-microtask/-/queue-microtask-1.2.3.tgz 18939ms (cache miss)
3863 http fetch GET 200 https://registry.npmjs.org/@babel/helper-module-imports/-/helper-module-imports-7.28.6.tgz 19545ms (cache miss)
3864 http fetch GET 200 https://registry.npmjs.org/y18n/-/y18n-5.0.8.tgz 19533ms (cache miss)
3865 http fetch GET 200 https://registry.npmjs.org/queue/-/queue-6.0.2.tgz 19586ms (cache miss)
3866 http fetch GET 200 https://registry.npmjs.org/query-string/-/query-string-7.1.3.tgz 19586ms (cache miss)
3867 http fetch GET 200 https://registry.npmjs.org/rimraf/-/rimraf-3.0.2.tgz 20050ms (cache miss)
3868 http fetch GET 200 https://registry.npmjs.org/react-is/-/react-is-19.2.4.tgz 20076ms (cache miss)
3869 http fetch GET 200 https://registry.npmjs.org/rc/-/rc-1.2.8.tgz 20119ms (cache miss)
3870 http fetch GET 200 https://registry.npmjs.org/progress/-/progress-2.0.3.tgz 20132ms (cache miss)
3871 http fetch GET 200 https://registry.npmjs.org/promise-retry/-/promise-retry-2.0.1.tgz 20133ms (cache miss)
3872 http fetch GET 200 https://registry.npmjs.org/promise-limit/-/promise-limit-2.7.0.tgz 20134ms (cache miss)
3873 http fetch GET 200 https://registry.npmjs.org/proc-log/-/proc-log-4.2.0.tgz 20133ms (cache miss)
3874 http fetch GET 200 https://registry.npmjs.org/prelude-ls/-/prelude-ls-1.2.1.tgz 20133ms (cache miss)
3875 http fetch GET 200 https://registry.npmjs.org/wordwrap/-/wordwrap-1.0.0.tgz 20518ms (cache miss)
3876 http fetch GET 200 https://registry.npmjs.org/@0no-co/graphql.web/-/graphql.web-1.2.0.tgz 20554ms (cache miss)
3877 http fetch GET 200 https://registry.npmjs.org/pretty-bytes/-/pretty-bytes-5.6.0.tgz 20477ms (cache miss)
3878 http fetch GET 200 https://registry.npmjs.org/postcss-value-parser/-/postcss-value-parser-4.2.0.tgz 20478ms (cache miss)
3879 http fetch GET 200 https://registry.npmjs.org/possible-typed-array-names/-/possible-typed-array-names-1.1.0.tgz 20477ms (cache miss)
3880 http fetch GET 200 https://registry.npmjs.org/send/-/send-0.19.2.tgz 20727ms (cache miss)
3881 http fetch GET 200 https://registry.npmjs.org/path-type/-/path-type-4.0.0.tgz 20695ms (cache miss)
3882 http fetch GET 200 https://registry.npmjs.org/pirates/-/pirates-4.0.7.tgz 20696ms (cache miss)
3883 http fetch GET 200 https://registry.npmjs.org/picocolors/-/picocolors-1.1.1.tgz 20695ms (cache miss)
3884 http fetch GET 200 https://registry.npmjs.org/path-parse/-/path-parse-1.0.7.tgz 20699ms (cache miss)
3885 warn deprecated rimraf@3.0.2: Rimraf versions prior to v4 are no longer supported
3886 http fetch GET 200 https://registry.npmjs.org/path-key/-/path-key-3.1.1.tgz 20944ms (cache miss)
3887 http fetch GET 200 https://registry.npmjs.org/path-exists/-/path-exists-4.0.0.tgz 20948ms (cache miss)
3888 http fetch GET 200 https://registry.npmjs.org/path-is-absolute/-/path-is-absolute-1.0.1.tgz 20949ms (cache miss)
3889 http fetch GET 200 https://registry.npmjs.org/parse-png/-/parse-png-2.1.0.tgz 20948ms (cache miss)
3890 http fetch GET 200 https://registry.npmjs.org/p-try/-/p-try-2.2.0.tgz 20947ms (cache miss)
3891 http fetch GET 200 https://registry.npmjs.org/password-prompt/-/password-prompt-1.1.3.tgz 20949ms (cache miss)
3892 http fetch GET 200 https://registry.npmjs.org/parse-json/-/parse-json-4.0.0.tgz 20949ms (cache miss)
3893 http fetch GET 200 https://registry.npmjs.org/@expo/eas-json/-/eas-json-18.5.0.tgz 21252ms (cache miss)
3894 http fetch GET 200 https://registry.npmjs.org/@expo/eas-build-job/-/eas-build-job-18.5.0.tgz 21294ms (cache miss)
3895 http fetch GET 200 https://registry.npmjs.org/tar-stream/-/tar-stream-3.1.7.tgz 21237ms (cache miss)
3896 http fetch GET 200 https://registry.npmjs.org/pkg-dir/-/pkg-dir-4.2.0.tgz 21232ms (cache miss)
3897 http fetch GET 200 https://registry.npmjs.org/p-locate/-/p-locate-5.0.0.tgz 21236ms (cache miss)
3898 http fetch GET 200 https://registry.npmjs.org/ora/-/ora-3.4.0.tgz 21237ms (cache miss)
3899 http fetch GET 200 https://registry.npmjs.org/open/-/open-7.4.2.tgz 21237ms (cache miss)
3900 http fetch GET 200 https://registry.npmjs.org/p-limit/-/p-limit-3.1.0.tgz 21239ms (cache miss)
3901 http fetch GET 200 https://registry.npmjs.org/resolve-workspace-root/-/resolve-workspace-root-2.0.1.tgz 21587ms (cache miss)
3902 http fetch GET 200 https://registry.npmjs.org/parent-module/-/parent-module-1.0.1.tgz 21557ms (cache miss)
3903 http fetch GET 200 https://registry.npmjs.org/on-finished/-/on-finished-2.3.0.tgz 21561ms (cache miss)
3904 http fetch GET 200 https://registry.npmjs.org/object.values/-/object.values-1.2.1.tgz 21562ms (cache miss)
3905 http fetch GET 200 https://registry.npmjs.org/object.groupby/-/object.groupby-1.0.3.tgz 21563ms (cache miss)
3906 http fetch GET 200 https://registry.npmjs.org/on-headers/-/on-headers-1.1.0.tgz 21569ms (cache miss)
3907 http fetch GET 200 https://registry.npmjs.org/vaul/-/vaul-1.1.2.tgz 21867ms (cache miss)
3908 http fetch GET 200 https://registry.npmjs.org/stackframe/-/stackframe-1.3.4.tgz 21827ms (cache miss)
3909 http fetch GET 200 https://registry.npmjs.org/semver/-/semver-6.3.1.tgz 21811ms (cache miss)
3910 http fetch GET 200 https://registry.npmjs.org/object-treeify/-/object-treeify-1.1.33.tgz 21786ms (cache miss)
3911 http fetch GET 200 https://registry.npmjs.org/nullthrows/-/nullthrows-1.1.1.tgz 21786ms (cache miss)
3912 http fetch GET 200 https://registry.npmjs.org/@babel/plugin-transform-regenerator/-/plugin-transform-regenerator-7.29.0.tgz 22088ms (cache miss)
3913 http fetch GET 200 https://registry.npmjs.org/onetime/-/onetime-2.0.1.tgz 21936ms (cache miss)
3914 http fetch GET 200 https://registry.npmjs.org/optionator/-/optionator-0.9.4.tgz 21937ms (cache miss)
3915 http fetch GET 200 https://registry.npmjs.org/nested-error-stacks/-/nested-error-stacks-2.0.1.tgz 21939ms (cache miss)
3916 http fetch GET 200 https://registry.npmjs.org/object.entries/-/object.entries-1.1.9.tgz 21945ms (cache miss)
3917 http fetch GET 200 https://registry.npmjs.org/source-map-support/-/source-map-support-0.5.21.tgz 22303ms (cache miss)
3918 http fetch GET 200 https://registry.npmjs.org/regjsparser/-/regjsparser-0.13.1.tgz 22330ms (cache miss)
3919 http fetch GET 200 https://registry.npmjs.org/ob1/-/ob1-0.83.3.tgz 22463ms (cache miss)
3920 http fetch GET 200 https://registry.npmjs.org/object-keys/-/object-keys-1.1.1.tgz 22464ms (cache miss)
3921 http fetch GET 200 https://registry.npmjs.org/node-int64/-/node-int64-0.4.0.tgz 22473ms (cache miss)
3922 http fetch GET 200 https://registry.npmjs.org/mv/-/mv-2.1.1.tgz 22464ms (cache miss)
3923 http fetch GET 200 https://registry.npmjs.org/negotiator/-/negotiator-0.6.3.tgz 22465ms (cache miss)
3924 http fetch GET 200 https://registry.npmjs.org/yargs-parser/-/yargs-parser-21.1.1.tgz 23321ms (cache miss)
3925 http fetch GET 200 https://registry.npmjs.org/@emnapi/runtime/-/runtime-1.9.2.tgz 23386ms (cache miss)
3926 http fetch GET 200 https://registry.npmjs.org/ua-parser-js/-/ua-parser-js-1.0.41.tgz 23302ms (cache miss)
3927 http fetch GET 200 https://registry.npmjs.org/styleq/-/styleq-0.1.3.tgz 23294ms (cache miss)
3928 http fetch GET 200 https://registry.npmjs.org/nth-check/-/nth-check-2.1.1.tgz 23390ms (cache miss)
3929 http fetch GET 200 https://registry.npmjs.org/nanoid/-/nanoid-3.3.11.tgz 23402ms (cache miss)
3930 http fetch GET 200 https://registry.npmjs.org/mute-stream/-/mute-stream-0.0.8.tgz 23402ms (cache miss)
3931 http fetch GET 200 https://registry.npmjs.org/napi-postinstall/-/napi-postinstall-0.3.4.tgz 23402ms (cache miss)
3932 http fetch GET 200 https://registry.npmjs.org/npm-package-arg/-/npm-package-arg-11.0.3.tgz 23675ms (cache miss)
3933 http fetch GET 200 https://registry.npmjs.org/node-exports-info/-/node-exports-info-1.6.0.tgz 23674ms (cache miss)
3934 http fetch GET 200 https://registry.npmjs.org/natural-compare/-/natural-compare-1.4.0.tgz 23670ms (cache miss)
3935 http fetch GET 200 https://registry.npmjs.org/mimic-fn/-/mimic-fn-1.2.0.tgz 23665ms (cache miss)
3936 http fetch GET 200 https://registry.npmjs.org/micromatch/-/micromatch-4.0.8.tgz 23664ms (cache miss)
3937 http fetch GET 200 https://registry.npmjs.org/minimatch/-/minimatch-3.1.5.tgz 23667ms (cache miss)
3938 http fetch GET 200 https://registry.npmjs.org/tr46/-/tr46-0.0.3.tgz 24088ms (cache miss)
3939 http fetch GET 200 https://registry.npmjs.org/mkdirp/-/mkdirp-1.0.4.tgz 23996ms (cache miss)
3940 http fetch GET 200 https://registry.npmjs.org/metro-babel-transformer/-/metro-babel-transformer-0.83.3.tgz 23991ms (cache miss)
3941 http fetch GET 200 https://registry.npmjs.org/metro-cache-key/-/metro-cache-key-0.83.3.tgz 23991ms (cache miss)
3942 http fetch GET 200 https://registry.npmjs.org/merge2/-/merge2-1.4.1.tgz 23991ms (cache miss)
3943 http fetch GET 200 https://registry.npmjs.org/typed-array-buffer/-/typed-array-buffer-1.0.3.tgz 24218ms (cache miss)
3944 http fetch GET 200 https://registry.npmjs.org/minimist/-/minimist-1.2.8.tgz 24160ms (cache miss)
3945 http fetch GET 200 https://registry.npmjs.org/memoize-one/-/memoize-one-5.2.1.tgz 24157ms (cache miss)
3946 http fetch GET 200 https://registry.npmjs.org/marky/-/marky-1.3.0.tgz 24156ms (cache miss)
3947 http fetch GET 200 https://registry.npmjs.org/make-error/-/make-error-1.3.6.tgz 24163ms (cache miss)
3948 http fetch GET 200 https://registry.npmjs.org/makeerror/-/makeerror-1.0.12.tgz 24162ms (cache miss)
3949 http fetch GET 200 https://registry.npmjs.org/loose-envify/-/loose-envify-1.4.0.tgz 24163ms (cache miss)
3950 http fetch GET 200 https://registry.npmjs.org/kleur/-/kleur-3.0.3.tgz 24160ms (cache miss)
3951 http fetch GET 200 https://registry.npmjs.org/leven/-/leven-3.1.0.tgz 24160ms (cache miss)
3952 http fetch GET 200 https://registry.npmjs.org/lru-cache/-/lru-cache-5.1.1.tgz 24200ms (cache miss)
3953 http fetch GET 200 https://registry.npmjs.org/node-stream-zip/-/node-stream-zip-1.15.0.tgz 24508ms (cache miss)
3954 http fetch GET 200 https://registry.npmjs.org/metro-minify-terser/-/metro-minify-terser-0.83.3.tgz 24496ms (cache miss)
3955 http fetch GET 200 https://registry.npmjs.org/metro-core/-/metro-core-0.83.3.tgz 24497ms (cache miss)
3956 http fetch GET 200 https://registry.npmjs.org/levn/-/levn-0.4.1.tgz 24497ms (cache miss)
3957 http fetch GET 200 https://registry.npmjs.org/lodash.merge/-/lodash.merge-4.6.2.tgz 24502ms (cache miss)
3958 http fetch GET 200 https://registry.npmjs.org/lodash.throttle/-/lodash.throttle-4.1.1.tgz 24502ms (cache miss)
3959 http fetch GET 200 https://registry.npmjs.org/lodash.debounce/-/lodash.debounce-4.0.8.tgz 24504ms (cache miss)
3960 http fetch GET 200 https://registry.npmjs.org/locate-path/-/locate-path-6.0.0.tgz 24503ms (cache miss)
3961 http fetch GET 200 https://registry.npmjs.org/lines-and-columns/-/lines-and-columns-1.2.4.tgz 24508ms (cache miss)
3962 http fetch GET 200 https://registry.npmjs.org/lilconfig/-/lilconfig-3.1.3.tgz 24507ms (cache miss)
3963 http fetch GET 200 https://registry.npmjs.org/lighthouse-logger/-/lighthouse-logger-1.4.2.tgz 24508ms (cache miss)
3964 http fetch GET 200 https://registry.npmjs.org/merge-stream/-/merge-stream-2.0.0.tgz 24962ms (cache miss)
3965 http fetch GET 200 https://registry.npmjs.org/md5/-/md5-2.3.0.tgz 24962ms (cache miss)
3966 http fetch GET 200 https://registry.npmjs.org/log-symbols/-/log-symbols-2.2.0.tgz 24962ms (cache miss)
3967 http fetch GET 200 https://registry.npmjs.org/lodash.get/-/lodash.get-4.4.2.tgz 24968ms (cache miss)
3968 http fetch GET 200 https://registry.npmjs.org/lan-network/-/lan-network-0.1.7.tgz 24972ms (cache miss)
3969 http fetch GET 200 https://registry.npmjs.org/jsonfile/-/jsonfile-6.2.0.tgz 24972ms (cache miss)
3970 http fetch GET 200 https://registry.npmjs.org/json-stable-stringify-without-jsonify/-/json-stable-stringify-without-jsonify-1.0.1.tgz 24977ms (cache miss)
3971 http fetch GET 200 https://registry.npmjs.org/json-schema-traverse/-/json-schema-traverse-0.4.1.tgz 24978ms (cache miss)
3972 http fetch GET 200 https://registry.npmjs.org/json-parse-better-errors/-/json-parse-better-errors-1.0.2.tgz 24975ms (cache miss)
3973 http fetch GET 200 https://registry.npmjs.org/jest-regex-util/-/jest-regex-util-29.6.3.tgz 24976ms (cache miss)
3974 http fetch GET 200 https://registry.npmjs.org/json-buffer/-/json-buffer-3.0.1.tgz 25322ms (cache miss)
3975 http fetch GET 200 https://registry.npmjs.org/join-component/-/join-component-1.1.0.tgz 25332ms (cache miss)
3976 http fetch GET 200 https://registry.npmjs.org/jsc-safe-url/-/jsc-safe-url-0.2.4.tgz 25335ms (cache miss)
3977 http fetch GET 200 https://registry.npmjs.org/jest-validate/-/jest-validate-29.7.0.tgz 25344ms (cache miss)
3978 http fetch GET 200 https://registry.npmjs.org/jest-util/-/jest-util-29.7.0.tgz 25350ms (cache miss)
3979 http fetch GET 200 https://registry.npmjs.org/sf-symbols-typescript/-/sf-symbols-typescript-2.2.0.tgz 25794ms (cache miss)
3980 http fetch GET 200 https://registry.npmjs.org/lodash.clonedeep/-/lodash.clonedeep-4.5.0.tgz 25785ms (cache miss)
3981 http fetch GET 200 https://registry.npmjs.org/jest-get-type/-/jest-get-type-29.6.3.tgz 25797ms (cache miss)
3982 http fetch GET 200 https://registry.npmjs.org/jest-environment-node/-/jest-environment-node-29.7.0.tgz 25806ms (cache miss)
3983 http fetch GET 200 https://registry.npmjs.org/iterator.prototype/-/iterator.prototype-1.1.5.tgz 25810ms (cache miss)
3984 warn deprecated lodash.get@4.4.2: This package is deprecated. Use the optional chaining (?.) operator instead.
3985 http fetch GET 200 https://registry.npmjs.org/keyv/-/keyv-4.5.4.tgz 26175ms (cache miss)
3986 http fetch GET 200 https://registry.npmjs.org/is-weakset/-/is-weakset-2.0.4.tgz 26154ms (cache miss)
3987 http fetch GET 200 https://registry.npmjs.org/isexe/-/isexe-2.0.0.tgz 26153ms (cache miss)
3988 http fetch GET 200 https://registry.npmjs.org/is-wsl/-/is-wsl-2.2.0.tgz 26153ms (cache miss)
3989 http fetch GET 200 https://registry.npmjs.org/@react-native/community-cli-plugin/-/community-cli-plugin-0.81.5.tgz 26814ms (cache miss)
3990 http fetch GET 200 https://registry.npmjs.org/stop-iteration-iterator/-/stop-iteration-iterator-1.1.0.tgz 26669ms (cache miss)
3991 http fetch GET 200 https://registry.npmjs.org/ts-api-utils/-/ts-api-utils-2.5.0.tgz 26690ms (cache miss)
3992 http fetch GET 200 https://registry.npmjs.org/node-releases/-/node-releases-2.0.37.tgz 26630ms (cache miss)
3993 http fetch GET 200 https://registry.npmjs.org/is-typed-array/-/is-typed-array-1.1.15.tgz 26594ms (cache miss)
3994 http fetch GET 200 https://registry.npmjs.org/is-symbol/-/is-symbol-1.1.1.tgz 26594ms (cache miss)
3995 http fetch GET 200 https://registry.npmjs.org/is-weakref/-/is-weakref-1.1.1.tgz 26599ms (cache miss)
3996 http fetch GET 200 https://registry.npmjs.org/is-stream/-/is-stream-2.0.1.tgz 26596ms (cache miss)
3997 http fetch GET 200 https://registry.npmjs.org/is-retry-allowed/-/is-retry-allowed-1.2.0.tgz 26596ms (cache miss)
3998 http fetch GET 200 https://registry.npmjs.org/is-unicode-supported/-/is-unicode-supported-0.1.0.tgz 26600ms (cache miss)
3999 http fetch GET 200 https://registry.npmjs.org/is-shared-array-buffer/-/is-shared-array-buffer-1.0.4.tgz 26599ms (cache miss)
4000 http fetch GET 200 https://registry.npmjs.org/is-set/-/is-set-2.0.3.tgz 26599ms (cache miss)
4001 http fetch GET 200 https://registry.npmjs.org/is-plain-obj/-/is-plain-obj-2.1.0.tgz 26599ms (cache miss)
4002 http fetch GET 200 https://registry.npmjs.org/is-number-object/-/is-number-object-1.1.1.tgz 26602ms (cache miss)
4003 http fetch GET 200 https://registry.npmjs.org/is-interactive/-/is-interactive-1.0.0.tgz 26601ms (cache miss)
4004 http fetch GET 200 https://registry.npmjs.org/turndown/-/turndown-7.1.2.tgz 26893ms (cache miss)
4005 http fetch GET 200 https://registry.npmjs.org/merge-options/-/merge-options-3.0.4.tgz 26818ms (cache miss)
4006 http fetch GET 200 https://registry.npmjs.org/js-tokens/-/js-tokens-4.0.0.tgz 26828ms (cache miss)
4007 http fetch GET 200 https://registry.npmjs.org/isarray/-/isarray-2.0.5.tgz 26853ms (cache miss)
4008 http fetch GET 200 https://registry.npmjs.org/is-fullwidth-code-point/-/is-fullwidth-code-point-3.0.0.tgz 26839ms (cache miss)
4009 http fetch GET 200 https://registry.npmjs.org/is-map/-/is-map-2.0.3.tgz 26840ms (cache miss)
4010 http fetch GET 200 https://registry.npmjs.org/is-finalizationregistry/-/is-finalizationregistry-1.1.1.tgz 26839ms (cache miss)
4011 http fetch GET 200 https://registry.npmjs.org/is-docker/-/is-docker-2.2.1.tgz 26839ms (cache miss)
4012 http fetch GET 200 https://registry.npmjs.org/whatwg-url-without-unicode/-/whatwg-url-without-unicode-8.0.0-3.tgz 27271ms (cache miss)
4013 http fetch GET 200 https://registry.npmjs.org/is-weakmap/-/is-weakmap-2.0.2.tgz 27201ms (cache miss)
4014 http fetch GET 200 https://registry.npmjs.org/is-regex/-/is-regex-1.2.1.tgz 27203ms (cache miss)
4015 http fetch GET 200 https://registry.npmjs.org/is-core-module/-/is-core-module-2.16.1.tgz 27202ms (cache miss)
4016 http fetch GET 200 https://registry.npmjs.org/is-buffer/-/is-buffer-1.1.6.tgz 27197ms (cache miss)
4017 http fetch GET 200 https://registry.npmjs.org/is-data-view/-/is-data-view-1.0.2.tgz 27199ms (cache miss)
4018 http fetch GET 200 https://registry.npmjs.org/is-callable/-/is-callable-1.2.7.tgz 27199ms (cache miss)
4019 http fetch GET 200 https://registry.npmjs.org/jest-message-util/-/jest-message-util-29.7.0.tgz 27533ms (cache miss)
4020 http fetch GET 200 https://registry.npmjs.org/is-boolean-object/-/is-boolean-object-1.2.2.tgz 27525ms (cache miss)
4021 http fetch GET 200 https://registry.npmjs.org/is-array-buffer/-/is-array-buffer-3.0.5.tgz 27527ms (cache miss)
4022 http fetch GET 200 https://registry.npmjs.org/invariant/-/invariant-2.2.4.tgz 27529ms (cache miss)
4023 http fetch GET 200 https://registry.npmjs.org/inflight/-/inflight-1.0.6.tgz 27527ms (cache miss)
4024 http fetch GET 200 https://registry.npmjs.org/ini/-/ini-1.3.8.tgz 27530ms (cache miss)
4025 http fetch GET 200 https://registry.npmjs.org/@sinonjs/commons/-/commons-3.0.1.tgz 28002ms (cache miss)
4026 http fetch GET 200 https://registry.npmjs.org/keychain/-/keychain-1.5.0.tgz 27760ms (cache miss)
4027 http fetch GET 200 https://registry.npmjs.org/is-bigint/-/is-bigint-1.1.0.tgz 27732ms (cache miss)
4028 http fetch GET 200 https://registry.npmjs.org/import-fresh/-/import-fresh-3.3.1.tgz 27726ms (cache miss)
4029 http fetch GET 200 https://registry.npmjs.org/imurmurhash/-/imurmurhash-0.1.4.tgz 27730ms (cache miss)
4030 http fetch GET 200 https://registry.npmjs.org/ieee754/-/ieee754-1.2.1.tgz 27718ms (cache miss)
4031 http fetch GET 200 https://registry.npmjs.org/hyphenate-style-name/-/hyphenate-style-name-1.1.0.tgz 27718ms (cache miss)
4032 http fetch GET 200 https://registry.npmjs.org/hyperlinker/-/hyperlinker-1.0.0.tgz 27721ms (cache miss)
4033 http fetch GET 200 https://registry.npmjs.org/safe-regex-test/-/safe-regex-test-1.1.0.tgz 28069ms (cache miss)
4034 http fetch GET 200 https://registry.npmjs.org/jest-mock/-/jest-mock-29.7.0.tgz 27995ms (cache miss)
4035 http fetch GET 200 https://registry.npmjs.org/is-arrayish/-/is-arrayish-0.3.4.tgz 27967ms (cache miss)
4036 warn deprecated inflight@1.0.6: This module is not supported, and leaks memory. Do not use it. Check out lru-cache if you want a good and tested way to coalesce async requests by a key value, which is much more comprehensive and powerful.
4037 http fetch GET 200 https://registry.npmjs.org/hoist-non-react-statics/-/hoist-non-react-statics-3.3.2.tgz 27956ms (cache miss)
4038 http fetch GET 200 https://registry.npmjs.org/has-proto/-/has-proto-1.2.0.tgz 27955ms (cache miss)
4039 http fetch GET 200 https://registry.npmjs.org/has-property-descriptors/-/has-property-descriptors-1.0.2.tgz 27955ms (cache miss)
4040 http fetch GET 200 https://registry.npmjs.org/has-flag/-/has-flag-4.0.0.tgz 27956ms (cache miss)
4041 http fetch GET 200 https://registry.npmjs.org/@tybys/wasm-util/-/wasm-util-0.10.1.tgz 28477ms (cache miss)
4042 http fetch GET 200 https://registry.npmjs.org/indent-string/-/indent-string-4.0.0.tgz 28160ms (cache miss)
4043 http fetch GET 200 https://registry.npmjs.org/get-package-type/-/get-package-type-0.1.0.tgz 28140ms (cache miss)
4044 http fetch GET 200 https://registry.npmjs.org/gradle-to-js/-/gradle-to-js-2.0.1.tgz 28143ms (cache miss)
4045 http fetch GET 200 https://registry.npmjs.org/golden-fleece/-/golden-fleece-1.0.9.tgz 28142ms (cache miss)
4046 http fetch GET 200 https://registry.npmjs.org/globby/-/globby-11.1.0.tgz 28143ms (cache miss)
4047 http fetch GET 200 https://registry.npmjs.org/globalthis/-/globalthis-1.0.4.tgz 28143ms (cache miss)
4048 http fetch GET 200 https://registry.npmjs.org/getenv/-/getenv-2.0.0.tgz 28142ms (cache miss)
4049 http fetch GET 200 https://registry.npmjs.org/jsesc/-/jsesc-3.1.0.tgz 28587ms (cache miss)
4050 http fetch GET 200 https://registry.npmjs.org/internal-slot/-/internal-slot-1.1.0.tgz 28558ms (cache miss)
4051 http fetch GET 200 https://registry.npmjs.org/graceful-fs/-/graceful-fs-4.2.11.tgz 28542ms (cache miss)
4052 http fetch GET 200 https://registry.npmjs.org/get-nonce/-/get-nonce-1.0.1.tgz 28542ms (cache miss)
4053 http fetch GET 200 https://registry.npmjs.org/get-caller-file/-/get-caller-file-2.0.5.tgz 28538ms (cache miss)
4054 http fetch GET 200 https://registry.npmjs.org/gensync/-/gensync-1.0.0-beta.2.tgz 28537ms (cache miss)
4055 http fetch GET 200 https://registry.npmjs.org/generator-function/-/generator-function-2.0.1.tgz 28542ms (cache miss)
4056 http fetch GET 200 https://registry.npmjs.org/function.prototype.name/-/function.prototype.name-1.1.8.tgz 28541ms (cache miss)
4057 http fetch GET 200 https://registry.npmjs.org/fs.realpath/-/fs.realpath-1.0.0.tgz 28541ms (cache miss)
4058 http fetch GET 200 https://registry.npmjs.org/functions-have-names/-/functions-have-names-1.2.3.tgz 28542ms (cache miss)
4059 http fetch GET 200 https://registry.npmjs.org/fs-extra/-/fs-extra-11.2.0.tgz 28543ms (cache miss)
4060 http fetch GET 200 https://registry.npmjs.org/fresh/-/fresh-0.5.2.tgz 28546ms (cache miss)
4061 http fetch GET 200 https://registry.npmjs.org/freeport-async/-/freeport-async-2.0.0.tgz 28546ms (cache miss)
4062 http fetch GET 200 https://registry.npmjs.org/@babel/helper-compilation-targets/-/helper-compilation-targets-7.28.6.tgz 29113ms (cache miss)
4063 http fetch GET 200 https://registry.npmjs.org/get-symbol-description/-/get-symbol-description-1.1.0.tgz 29109ms (cache miss)
4064 http fetch GET 200 https://registry.npmjs.org/for-each/-/for-each-0.3.5.tgz 29111ms (cache miss)
4065 http fetch GET 200 https://registry.npmjs.org/flatted/-/flatted-3.4.2.tgz 29111ms (cache miss)
4066 http fetch GET 200 https://registry.npmjs.org/find-up/-/find-up-5.0.0.tgz 29110ms (cache miss)
4067 http fetch GET 200 https://registry.npmjs.org/file-entry-cache/-/file-entry-cache-8.0.0.tgz 29109ms (cache miss)
4068 http fetch GET 200 https://registry.npmjs.org/flow-enums-runtime/-/flow-enums-runtime-0.0.6.tgz 29495ms (cache miss)
4069 http fetch GET 200 https://registry.npmjs.org/finalhandler/-/finalhandler-1.1.2.tgz 29506ms (cache miss)
4070 http fetch GET 200 https://registry.npmjs.org/fetch-retry/-/fetch-retry-4.1.1.tgz 29508ms (cache miss)
4071 http fetch GET 200 https://registry.npmjs.org/fb-watchman/-/fb-watchman-2.0.2.tgz 29506ms (cache miss)
4072 http fetch GET 200 https://registry.npmjs.org/filelist/-/filelist-1.0.6.tgz 29508ms (cache miss)
4073 http fetch GET 200 https://registry.npmjs.org/fast-levenshtein/-/fast-levenshtein-2.0.6.tgz 29508ms (cache miss)
4074 http fetch GET 200 https://registry.npmjs.org/expo-status-bar/-/expo-status-bar-3.0.9.tgz 29506ms (cache miss)
4075 http fetch GET 200 https://registry.npmjs.org/fbjs-css-vars/-/fbjs-css-vars-1.0.2.tgz 29518ms (cache miss)
4076 http fetch GET 200 https://registry.npmjs.org/tslib/-/tslib-2.8.1.tgz 29927ms (cache miss)
4077 http fetch GET 200 https://registry.npmjs.org/regexpu-core/-/regexpu-core-6.4.0.tgz 29923ms (cache miss)
4078 http fetch GET 200 https://registry.npmjs.org/glob-parent/-/glob-parent-6.0.2.tgz 29883ms (cache miss)
4079 http fetch GET 200 https://registry.npmjs.org/filter-obj/-/filter-obj-1.1.0.tgz 29876ms (cache miss)
4080 http fetch GET 200 https://registry.npmjs.org/fast-deep-equal/-/fast-deep-equal-3.1.3.tgz 29884ms (cache miss)
4081 http fetch GET 200 https://registry.npmjs.org/fast-fifo/-/fast-fifo-1.3.2.tgz 29885ms (cache miss)
4082 http fetch GET 200 https://registry.npmjs.org/fast-json-stable-stringify/-/fast-json-stable-stringify-2.1.0.tgz 29889ms (cache miss)
4083 http fetch GET 200 https://registry.npmjs.org/flat-cache/-/flat-cache-4.0.1.tgz 30038ms (cache miss)
4084 http fetch GET 200 https://registry.npmjs.org/type-fest/-/type-fest-0.7.1.tgz 30373ms (cache miss)
4085 http fetch GET 200 https://registry.npmjs.org/@expo/image-utils/-/image-utils-0.8.12.tgz 30844ms (cache miss)
4086 http fetch GET 200 https://registry.npmjs.org/node-fetch/-/node-fetch-2.7.0.tgz 30701ms (cache miss)
4087 http fetch GET 200 https://registry.npmjs.org/events-universal/-/events-universal-1.0.1.tgz 30616ms (cache miss)
4088 http fetch GET 200 https://registry.npmjs.org/xcode/-/xcode-3.0.1.tgz 31007ms (cache miss)
4089 http fetch GET 200 https://registry.npmjs.org/esutils/-/esutils-2.0.3.tgz 30905ms (cache miss)
4090 http fetch GET 200 https://registry.npmjs.org/esrecurse/-/esrecurse-4.3.0.tgz 30904ms (cache miss)
4091 http fetch GET 200 https://registry.npmjs.org/estraverse/-/estraverse-5.3.0.tgz 30908ms (cache miss)
4092 http fetch GET 200 https://registry.npmjs.org/@babel/helper-module-transforms/-/helper-module-transforms-7.28.6.tgz 31490ms (cache miss)
4093 http fetch GET 200 https://registry.npmjs.org/ignore/-/ignore-5.3.2.tgz 31358ms (cache miss)
4094 http fetch GET 200 https://registry.npmjs.org/figures/-/figures-3.2.0.tgz 31346ms (cache miss)
4095 http fetch GET 200 https://registry.npmjs.org/exec-async/-/exec-async-2.2.0.tgz 31346ms (cache miss)
4096 http fetch GET 200 https://registry.npmjs.org/eslint-config-expo/-/eslint-config-expo-10.0.0.tgz 31369ms (cache miss)
4097 http fetch GET 200 https://registry.npmjs.org/eslint-plugin-expo/-/eslint-plugin-expo-1.0.0.tgz 31370ms (cache miss)
4098 http fetch GET 200 https://registry.npmjs.org/metro-transform-worker/-/metro-transform-worker-0.83.3.tgz 31555ms (cache miss)
4099 http fetch GET 200 https://registry.npmjs.org/requireg/-/requireg-0.2.2.tgz 31785ms (cache miss)
4100 http fetch GET 200 https://registry.npmjs.org/escape-string-regexp/-/escape-string-regexp-4.0.0.tgz 31655ms (cache miss)
4101 http fetch GET 200 https://registry.npmjs.org/eslint-import-resolver-node/-/eslint-import-resolver-node-0.3.10.tgz 31656ms (cache miss)
4102 http fetch GET 200 https://registry.npmjs.org/es-to-primitive/-/es-to-primitive-1.3.0.tgz 31657ms (cache miss)
4103 http fetch GET 200 https://registry.npmjs.org/err-code/-/err-code-2.0.3.tgz 31656ms (cache miss)
4104 http fetch GET 200 https://registry.npmjs.org/error-stack-parser/-/error-stack-parser-2.1.4.tgz 31658ms (cache miss)
4105 http fetch GET 200 https://registry.npmjs.org/own-keys/-/own-keys-1.0.1.tgz 32178ms (cache miss)
4106 http fetch GET 200 https://registry.npmjs.org/env-string/-/env-string-1.0.1.tgz 32258ms (cache miss)
4107 http fetch GET 200 https://registry.npmjs.org/env-paths/-/env-paths-2.2.0.tgz 32259ms (cache miss)
4108 http fetch GET 200 https://registry.npmjs.org/env-editor/-/env-editor-0.4.2.tgz 32260ms (cache miss)
4109 http fetch GET 200 https://registry.npmjs.org/emoji-regex/-/emoji-regex-8.0.0.tgz 32260ms (cache miss)
4110 http fetch GET 200 https://registry.npmjs.org/ws/-/ws-7.5.10.tgz 32729ms (cache miss)
4111 http fetch GET 200 https://registry.npmjs.org/mz/-/mz-2.7.0.tgz 32691ms (cache miss)
4112 http fetch GET 200 https://registry.npmjs.org/error-ex/-/error-ex-1.3.4.tgz 32668ms (cache miss)
4113 http fetch GET 200 https://registry.npmjs.org/encodeurl/-/encodeurl-1.0.2.tgz 32670ms (cache miss)
4114 http fetch GET 200 https://registry.npmjs.org/eastasianwidth/-/eastasianwidth-0.2.0.tgz 32672ms (cache miss)
4115 http fetch GET 200 https://registry.npmjs.org/mime/-/mime-1.6.0.tgz 32986ms (cache miss)
4116 http fetch GET 200 https://registry.npmjs.org/hosted-git-info/-/hosted-git-info-7.0.2.tgz 32919ms (cache miss)
4117 http fetch GET 200 https://registry.npmjs.org/domhandler/-/domhandler-5.0.3.tgz 32891ms (cache miss)
4118 http fetch GET 200 https://registry.npmjs.org/dir-glob/-/dir-glob-3.0.1.tgz 32886ms (cache miss)
4119 http fetch GET 200 https://registry.npmjs.org/detect-node-es/-/detect-node-es-1.1.0.tgz 32885ms (cache miss)
4120 http fetch GET 200 https://registry.npmjs.org/dijkstrajs/-/dijkstrajs-1.0.3.tgz 32902ms (cache miss)
4121 http fetch GET 200 https://registry.npmjs.org/detect-libc/-/detect-libc-2.1.2.tgz 32897ms (cache miss)
4122 http fetch GET 200 https://registry.npmjs.org/destroy/-/destroy-1.2.0.tgz 32898ms (cache miss)
4123 http fetch GET 200 https://registry.npmjs.org/@expo/apple-utils/-/apple-utils-2.1.16.tgz 33520ms (cache miss)
4124 http fetch GET 200 https://registry.npmjs.org/define-properties/-/define-properties-1.2.1.tgz 33216ms (cache miss)
4125 http fetch GET 200 https://registry.npmjs.org/defaults/-/defaults-1.0.4.tgz 33216ms (cache miss)
4126 http fetch GET 200 https://registry.npmjs.org/deep-is/-/deep-is-0.1.4.tgz 33215ms (cache miss)
4127 http fetch GET 200 https://registry.npmjs.org/define-lazy-prop/-/define-lazy-prop-2.0.0.tgz 33216ms (cache miss)
4128 http fetch GET 200 https://registry.npmjs.org/deep-extend/-/deep-extend-0.6.0.tgz 33220ms (cache miss)
4129 http fetch GET 200 https://registry.npmjs.org/decode-uri-component/-/decode-uri-component-0.2.2.tgz 33221ms (cache miss)
4130 http fetch GET 200 https://registry.npmjs.org/deepmerge/-/deepmerge-4.3.1.tgz 33220ms (cache miss)
4131 http fetch GET 200 https://registry.npmjs.org/decamelize/-/decamelize-1.2.0.tgz 33222ms (cache miss)
4132 http fetch GET 200 https://registry.npmjs.org/is-bun-module/-/is-bun-module-2.0.0.tgz 33488ms (cache miss)
4133 http fetch GET 200 https://registry.npmjs.org/globals/-/globals-14.0.0.tgz 33480ms (cache miss)
4134 http fetch GET 200 https://registry.npmjs.org/domelementtype/-/domelementtype-2.3.0.tgz 33476ms (cache miss)
4135 http fetch GET 200 https://registry.npmjs.org/dateformat/-/dateformat-4.6.3.tgz 33473ms (cache miss)
4136 http fetch GET 200 https://registry.npmjs.org/data-view-buffer/-/data-view-buffer-1.0.2.tgz 33473ms (cache miss)
4137 http fetch GET 200 https://registry.npmjs.org/data-view-byte-offset/-/data-view-byte-offset-1.0.1.tgz 33477ms (cache miss)
4138 http fetch GET 200 https://registry.npmjs.org/crypto-random-string/-/crypto-random-string-2.0.0.tgz 33484ms (cache miss)
4139 http fetch GET 200 https://registry.npmjs.org/string.prototype.trim/-/string.prototype.trim-1.2.10.tgz 33837ms (cache miss)
4140 http fetch GET 200 https://registry.npmjs.org/prop-types/-/prop-types-15.8.1.tgz 33788ms (cache miss)
4141 http fetch GET 200 https://registry.npmjs.org/crypt/-/crypt-0.0.2.tgz 33704ms (cache miss)
4142 http fetch GET 200 https://registry.npmjs.org/create-require/-/create-require-1.1.1.tgz 33704ms (cache miss)
4143 http fetch GET 200 https://registry.npmjs.org/cross-spawn/-/cross-spawn-7.0.6.tgz 33705ms (cache miss)
4144 http fetch GET 200 https://registry.npmjs.org/@react-navigation/routers/-/routers-7.5.3.tgz 34262ms (cache miss)
4145 http fetch GET 200 https://registry.npmjs.org/text-encoding/-/text-encoding-0.7.0.tgz 34113ms (cache miss)
4146 http fetch GET 200 https://registry.npmjs.org/concat-map/-/concat-map-0.0.1.tgz 33935ms (cache miss)
4147 http fetch GET 200 https://registry.npmjs.org/compression/-/compression-1.8.1.tgz 33936ms (cache miss)
4148 http fetch GET 200 https://registry.npmjs.org/compressible/-/compressible-2.0.18.tgz 33936ms (cache miss)
4149 http fetch GET 200 https://registry.npmjs.org/color-convert/-/color-convert-2.0.1.tgz 33935ms (cache miss)
4150 http fetch GET 200 https://registry.npmjs.org/color-string/-/color-string-1.9.1.tgz 33939ms (cache miss)
4151 http fetch GET 200 https://registry.npmjs.org/color/-/color-4.2.3.tgz 33938ms (cache miss)
4152 http fetch GET 200 https://registry.npmjs.org/color-name/-/color-name-1.1.4.tgz 33940ms (cache miss)
4153 http fetch GET 200 https://registry.npmjs.org/clone/-/clone-1.0.4.tgz 33939ms (cache miss)
4154 http fetch GET 200 https://registry.npmjs.org/client-only/-/client-only-0.0.1.tgz 33940ms (cache miss)
4155 http fetch GET 200 https://registry.npmjs.org/cliui/-/cliui-8.0.1.tgz 33940ms (cache miss)
4156 http fetch GET 200 https://registry.npmjs.org/cli-cursor/-/cli-cursor-2.1.0.tgz 33939ms (cache miss)
4157 http fetch GET 200 https://registry.npmjs.org/callsites/-/callsites-3.1.0.tgz 33935ms (cache miss)
4158 http fetch GET 200 https://registry.npmjs.org/istanbul-lib-coverage/-/istanbul-lib-coverage-3.2.2.tgz 34208ms (cache miss)
4159 http fetch GET 200 https://registry.npmjs.org/convert-source-map/-/convert-source-map-2.0.0.tgz 34107ms (cache miss)
4160 http fetch GET 200 https://registry.npmjs.org/cli-spinners/-/cli-spinners-2.9.2.tgz 34103ms (cache miss)
4161 http fetch GET 200 https://registry.npmjs.org/clean-stack/-/clean-stack-3.0.1.tgz 34098ms (cache miss)
4162 http fetch GET 200 https://registry.npmjs.org/ci-info/-/ci-info-2.0.0.tgz 34098ms (cache miss)
4163 http fetch GET 200 https://registry.npmjs.org/chalk/-/chalk-4.1.2.tgz 34098ms (cache miss)
4164 http fetch GET 200 https://registry.npmjs.org/chownr/-/chownr-3.0.0.tgz 34098ms (cache miss)
4165 http fetch GET 200 https://registry.npmjs.org/charenc/-/charenc-0.0.2.tgz 34098ms (cache miss)
4166 http fetch GET 200 https://registry.npmjs.org/sprintf-js/-/sprintf-js-1.0.3.tgz 34478ms (cache miss)
4167 http fetch GET 200 https://registry.npmjs.org/buffer-from/-/buffer-from-1.1.2.tgz 34297ms (cache miss)
4168 http fetch GET 200 https://registry.npmjs.org/bser/-/bser-2.1.1.tgz 34303ms (cache miss)
4169 warn deprecated text-encoding@0.7.0: no longer maintained
4170 http fetch GET 200 https://registry.npmjs.org/package-json-from-dist/-/package-json-from-dist-1.0.1.tgz 34609ms (cache miss)
4171 http fetch GET 200 https://registry.npmjs.org/call-bind/-/call-bind-1.0.8.tgz 34525ms (cache miss)
4172 http fetch GET 200 https://registry.npmjs.org/camelcase/-/camelcase-6.3.0.tgz 34527ms (cache miss)
4173 http fetch GET 200 https://registry.npmjs.org/brace-expansion/-/brace-expansion-1.1.13.tgz 34528ms (cache miss)
4174 http fetch GET 200 https://registry.npmjs.org/bare-events/-/bare-events-2.8.2.tgz 34532ms (cache miss)
4175 http fetch GET 200 https://registry.npmjs.org/boolbase/-/boolbase-1.0.0.tgz 34536ms (cache miss)
4176 http fetch GET 200 https://registry.npmjs.org/balanced-match/-/balanced-match-1.0.2.tgz 34535ms (cache miss)
4177 http fetch GET 200 https://registry.npmjs.org/babel-preset-current-node-syntax/-/babel-preset-current-node-syntax-1.2.0.tgz 34534ms (cache miss)
4178 http fetch GET 200 https://registry.npmjs.org/babel-plugin-transform-flow-enums/-/babel-plugin-transform-flow-enums-0.0.2.tgz 34539ms (cache miss)
4179 http fetch GET 200 https://registry.npmjs.org/babel-plugin-react-native-web/-/babel-plugin-react-native-web-0.21.2.tgz 34540ms (cache miss)
4180 http fetch GET 200 https://registry.npmjs.org/babel-plugin-polyfill-regenerator/-/babel-plugin-polyfill-regenerator-0.6.8.tgz 34733ms (cache miss)
4181 http fetch GET 200 https://registry.npmjs.org/babel-plugin-jest-hoist/-/babel-plugin-jest-hoist-29.6.3.tgz 34723ms (cache miss)
4182 http fetch GET 200 https://registry.npmjs.org/at-least-node/-/at-least-node-1.0.0.tgz 34723ms (cache miss)
4183 http fetch GET 200 https://registry.npmjs.org/available-typed-arrays/-/available-typed-arrays-1.0.7.tgz 34723ms (cache miss)
4184 http fetch GET 200 https://registry.npmjs.org/@expo/package-manager/-/package-manager-1.10.3.tgz 35190ms (cache miss)
4185 http fetch GET 200 https://registry.npmjs.org/babel-plugin-syntax-hermes-parser/-/babel-plugin-syntax-hermes-parser-0.29.1.tgz 34813ms (cache miss)
4186 http fetch GET 200 https://registry.npmjs.org/async-function/-/async-function-1.0.0.tgz 34802ms (cache miss)
4187 http fetch GET 200 https://registry.npmjs.org/async-limiter/-/async-limiter-1.0.1.tgz 34804ms (cache miss)
4188 http fetch GET 200 https://registry.npmjs.org/astral-regex/-/astral-regex-2.0.0.tgz 34803ms (cache miss)
4189 http fetch GET 200 https://registry.npmjs.org/asn1/-/asn1-0.2.6.tgz 34802ms (cache miss)
4190 http fetch GET 200 https://registry.npmjs.org/arraybuffer.prototype.slice/-/arraybuffer.prototype.slice-1.0.4.tgz 34850ms (cache miss)
4191 http fetch GET 200 https://registry.npmjs.org/istanbul-lib-instrument/-/istanbul-lib-instrument-5.2.1.tgz 35058ms (cache miss)
4192 http fetch GET 200 https://registry.npmjs.org/babel-preset-jest/-/babel-preset-jest-29.6.3.tgz 34940ms (cache miss)
4193 http fetch GET 200 https://registry.npmjs.org/array.prototype.flat/-/array.prototype.flat-1.3.3.tgz 34925ms (cache miss)
4194 http fetch GET 200 https://registry.npmjs.org/array.prototype.tosorted/-/array.prototype.tosorted-1.1.4.tgz 34926ms (cache miss)
4195 http fetch GET 200 https://registry.npmjs.org/array.prototype.findlastindex/-/array.prototype.findlastindex-1.2.6.tgz 34925ms (cache miss)
4196 http fetch GET 200 https://registry.npmjs.org/array-includes/-/array-includes-3.1.9.tgz 34924ms (cache miss)
4197 http fetch GET 200 https://registry.npmjs.org/any-promise/-/any-promise-1.3.0.tgz 34923ms (cache miss)
4198 http fetch GET 200 https://registry.npmjs.org/array-union/-/array-union-2.1.0.tgz 34925ms (cache miss)
4199 http fetch GET 200 https://registry.npmjs.org/jimp-compact/-/jimp-compact-0.16.1.tgz 35291ms (cache miss)
4200 http fetch GET 200 https://registry.npmjs.org/ansicolors/-/ansicolors-0.3.2.tgz 35270ms (cache miss)
4201 http fetch GET 200 https://registry.npmjs.org/ansis/-/ansis-3.17.0.tgz 35270ms (cache miss)
4202 http fetch GET 200 https://registry.npmjs.org/ansi-escapes/-/ansi-escapes-4.3.2.tgz 35269ms (cache miss)
4203 http fetch GET 200 https://registry.npmjs.org/ansi-regex/-/ansi-regex-5.0.1.tgz 35270ms (cache miss)
4204 http fetch GET 200 https://registry.npmjs.org/anser/-/anser-1.4.10.tgz 35270ms (cache miss)
4205 http fetch GET 200 https://registry.npmjs.org/is-string/-/is-string-1.1.1.tgz 35567ms (cache miss)
4206 http fetch GET 200 https://registry.npmjs.org/get-tsconfig/-/get-tsconfig-4.13.7.tgz 35534ms (cache miss)
4207 http fetch GET 200 https://registry.npmjs.org/array-buffer-byte-length/-/array-buffer-byte-length-1.0.2.tgz 35448ms (cache miss)
4208 http fetch GET 200 https://registry.npmjs.org/agent-base/-/agent-base-7.1.4.tgz 35440ms (cache miss)
4209 http fetch GET 200 https://registry.npmjs.org/accepts/-/accepts-1.3.8.tgz 35435ms (cache miss)
4210 http fetch GET 200 https://registry.npmjs.org/acorn-jsx/-/acorn-jsx-5.3.2.tgz 35440ms (cache miss)
4211 http fetch GET 200 https://registry.npmjs.org/eslint-visitor-keys/-/eslint-visitor-keys-5.0.1.tgz 35435ms (cache miss)
4212 http fetch GET 200 https://registry.npmjs.org/agent-base/-/agent-base-6.0.2.tgz 35434ms (cache miss)
4213 http fetch GET 200 https://registry.npmjs.org/glob/-/glob-7.2.3.tgz 35435ms (cache miss)
4214 http fetch GET 200 https://registry.npmjs.org/@babel/helper-create-class-features-plugin/-/helper-create-class-features-plugin-7.28.6.tgz 35876ms (cache miss)
4215 http fetch GET 200 https://registry.npmjs.org/is-async-function/-/is-async-function-2.1.1.tgz 35678ms (cache miss)
4216 http fetch GET 200 https://registry.npmjs.org/fontfaceobserver/-/fontfaceobserver-2.3.0.tgz 35643ms (cache miss)
4217 http fetch GET 200 https://registry.npmjs.org/envinfo/-/envinfo-7.11.0.tgz 35619ms (cache miss)
4218 http fetch GET 200 https://registry.npmjs.org/https-proxy-agent/-/https-proxy-agent-5.0.1.tgz 35552ms (cache miss)
4219 http fetch GET 200 https://registry.npmjs.org/supports-color/-/supports-color-8.1.1.tgz 35551ms (cache miss)
4220 http fetch GET 200 https://registry.npmjs.org/p-locate/-/p-locate-4.1.0.tgz 35551ms (cache miss)
4221 http fetch GET 200 https://registry.npmjs.org/locate-path/-/locate-path-5.0.0.tgz 35551ms (cache miss)
4222 http fetch GET 200 https://registry.npmjs.org/strip-ansi/-/strip-ansi-7.2.0.tgz 35549ms (cache miss)
4223 http fetch GET 200 https://registry.npmjs.org/camelcase/-/camelcase-5.3.1.tgz 35551ms (cache miss)
4224 http fetch GET 200 https://registry.npmjs.org/find-up/-/find-up-4.1.0.tgz 35551ms (cache miss)
4225 http fetch GET 200 https://registry.npmjs.org/string-width/-/string-width-5.1.2.tgz 35550ms (cache miss)
4226 http fetch GET 200 https://registry.npmjs.org/ansi-styles/-/ansi-styles-6.2.3.tgz 35549ms (cache miss)
4227 http fetch GET 200 https://registry.npmjs.org/ansi-regex/-/ansi-regex-6.2.2.tgz 35549ms (cache miss)
4228 http fetch GET 200 https://registry.npmjs.org/shell-quote/-/shell-quote-1.8.3.tgz 35940ms (cache miss)
4229 http fetch GET 200 https://registry.npmjs.org/regexp.prototype.flags/-/regexp.prototype.flags-1.5.4.tgz 35931ms (cache miss)
4230 http fetch GET 200 https://registry.npmjs.org/base64-js/-/base64-js-1.5.1.tgz 35707ms (cache miss)
4231 http fetch GET 200 https://registry.npmjs.org/arg/-/arg-5.0.2.tgz 35689ms (cache miss)
4232 http fetch GET 200 https://registry.npmjs.org/is-negative-zero/-/is-negative-zero-2.0.3.tgz 35946ms (cache miss)
4233 http fetch GET 200 https://registry.npmjs.org/ansi-styles/-/ansi-styles-4.3.0.tgz 35816ms (cache miss)
4234 http fetch GET 200 https://registry.npmjs.org/pretty-format/-/pretty-format-29.7.0.tgz 36076ms (cache miss)
4235 http fetch GET 200 https://registry.npmjs.org/brace-expansion/-/brace-expansion-2.0.3.tgz 35973ms (cache miss)
4236 http fetch GET 200 https://registry.npmjs.org/metro-symbolicate/-/metro-symbolicate-0.83.3.tgz 36350ms (cache miss)
4237 http fetch GET 200 https://registry.npmjs.org/has-bigints/-/has-bigints-1.1.0.tgz 36284ms (cache miss)
4238 http fetch GET 200 https://registry.npmjs.org/eslint-import-resolver-typescript/-/eslint-import-resolver-typescript-3.10.1.tgz 36262ms (cache miss)
4239 http fetch GET 200 https://registry.npmjs.org/connect/-/connect-3.7.0.tgz 36241ms (cache miss)
4240 http fetch GET 200 https://registry.npmjs.org/babel-plugin-istanbul/-/babel-plugin-istanbul-6.1.1.tgz 36223ms (cache miss)
4241 http fetch GET 200 https://registry.npmjs.org/babel-jest/-/babel-jest-29.7.0.tgz 36224ms (cache miss)
4242 http fetch GET 200 https://registry.npmjs.org/supports-color/-/supports-color-8.1.1.tgz 36240ms (cache miss)
4243 http fetch GET 200 https://registry.npmjs.org/supports-color/-/supports-color-8.1.1.tgz 36243ms (cache miss)
4244 http fetch GET 200 https://registry.npmjs.org/wrap-ansi/-/wrap-ansi-8.1.0.tgz 36264ms (cache miss)
4245 http fetch GET 200 https://registry.npmjs.org/log-symbols/-/log-symbols-4.1.0.tgz 36255ms (cache miss)
4246 http fetch GET 200 https://registry.npmjs.org/lru-cache/-/lru-cache-6.0.0.tgz 36255ms (cache miss)
4247 http fetch GET 200 https://registry.npmjs.org/color-name/-/color-name-1.1.3.tgz 36257ms (cache miss)
4248 http fetch GET 200 https://registry.npmjs.org/object.fromentries/-/object.fromentries-2.0.8.tgz 36591ms (cache miss)
4249 http fetch GET 200 https://registry.npmjs.org/eslint-visitor-keys/-/eslint-visitor-keys-4.2.1.tgz 36502ms (cache miss)
4250 http fetch GET 200 https://registry.npmjs.org/ansi-styles/-/ansi-styles-3.2.1.tgz 36559ms (cache miss)
4251 http fetch GET 200 https://registry.npmjs.org/eslint-visitor-keys/-/eslint-visitor-keys-3.4.3.tgz 36558ms (cache miss)
4252 http fetch GET 200 https://registry.npmjs.org/escape-string-regexp/-/escape-string-regexp-1.0.5.tgz 36567ms (cache miss)
4253 http fetch GET 200 https://registry.npmjs.org/source-map-js/-/source-map-js-1.2.1.tgz 36911ms (cache miss)
4254 http fetch GET 200 https://registry.npmjs.org/is-date-object/-/is-date-object-1.1.0.tgz 36775ms (cache miss)
4255 http fetch GET 200 https://registry.npmjs.org/bplist-parser/-/bplist-parser-0.3.1.tgz 36669ms (cache miss)
4256 http fetch GET 200 https://registry.npmjs.org/buffer/-/buffer-5.7.1.tgz 36670ms (cache miss)
4257 http fetch GET 200 https://registry.npmjs.org/@babel/code-frame/-/code-frame-7.10.4.tgz 36707ms (cache miss)
4258 http fetch GET 200 https://registry.npmjs.org/yallist/-/yallist-4.0.0.tgz 36719ms (cache miss)
4259 http fetch GET 200 https://registry.npmjs.org/tslib/-/tslib-2.4.1.tgz 36719ms (cache miss)
4260 http fetch GET 200 https://registry.npmjs.org/dotenv-expand/-/dotenv-expand-11.0.7.tgz 36970ms (cache miss)
4261 http fetch GET 200 https://registry.npmjs.org/brace-expansion/-/brace-expansion-2.0.3.tgz 37075ms (cache miss)
4262 http fetch GET 200 https://registry.npmjs.org/p-limit/-/p-limit-2.3.0.tgz 37070ms (cache miss)
4263 http fetch GET 200 https://registry.npmjs.org/is-generator-function/-/is-generator-function-1.1.2.tgz 37261ms (cache miss)
4264 http fetch GET 200 https://registry.npmjs.org/chalk/-/chalk-2.4.2.tgz 37151ms (cache miss)
4265 http fetch GET 200 https://registry.npmjs.org/color-name/-/color-name-1.1.3.tgz 37155ms (cache miss)
4266 http fetch GET 200 https://registry.npmjs.org/webidl-conversions/-/webidl-conversions-5.0.0.tgz 37173ms (cache miss)
4267 http fetch GET 200 https://registry.npmjs.org/@babel/code-frame/-/code-frame-7.23.5.tgz 37188ms (cache miss)
4268 http fetch GET 200 https://registry.npmjs.org/https-proxy-agent/-/https-proxy-agent-7.0.6.tgz 37386ms (cache miss)
4269 http fetch GET 200 https://registry.npmjs.org/ignore/-/ignore-7.0.5.tgz 37375ms (cache miss)
4270 http fetch GET 200 https://registry.npmjs.org/ansi-styles/-/ansi-styles-3.2.1.tgz 37355ms (cache miss)
4271 http fetch GET 200 https://registry.npmjs.org/escape-string-regexp/-/escape-string-regexp-1.0.5.tgz 37362ms (cache miss)
4272 http fetch GET 200 https://registry.npmjs.org/glob/-/glob-7.2.3.tgz 37366ms (cache miss)
4273 http fetch GET 200 https://registry.npmjs.org/fdir/-/fdir-6.5.0.tgz 37367ms (cache miss)
4274 http fetch GET 200 https://registry.npmjs.org/@radix-ui/react-dialog/-/react-dialog-1.1.15.tgz 37371ms (cache miss)
4275 http fetch GET 200 https://registry.npmjs.org/@radix-ui/react-slot/-/react-slot-1.2.3.tgz 37376ms (cache miss)
4276 http fetch GET 200 https://registry.npmjs.org/@radix-ui/react-presence/-/react-presence-1.1.5.tgz 37453ms (cache miss)
4277 http fetch GET 200 https://registry.npmjs.org/@radix-ui/react-focus-scope/-/react-focus-scope-1.1.7.tgz 37452ms (cache miss)
4278 http fetch GET 200 https://registry.npmjs.org/http-call/-/http-call-5.3.0.tgz 37726ms (cache miss)
4279 http fetch GET 200 https://registry.npmjs.org/escape-string-regexp/-/escape-string-regexp-2.0.0.tgz 37768ms (cache miss)
4280 http fetch GET 200 https://registry.npmjs.org/ms/-/ms-2.0.0.tgz 37771ms (cache miss)
4281 warn deprecated glob@7.2.3: Old versions of glob are not supported, and contain widely publicized security vulnerabilities, which have been fixed in the current version. Please update. Support for old versions may be purchased (at exorbitant rates) by contacting i@izs.me
4282 http fetch GET 200 https://registry.npmjs.org/asap/-/asap-2.0.6.tgz 38197ms (cache miss)
4283 http fetch GET 200 https://registry.npmjs.org/doctrine/-/doctrine-2.1.0.tgz 38281ms (cache miss)
4284 http fetch GET 200 https://registry.npmjs.org/yallist/-/yallist-5.0.0.tgz 38306ms (cache miss)
4285 http fetch GET 200 https://registry.npmjs.org/@radix-ui/react-primitive/-/react-primitive-2.1.3.tgz 38309ms (cache miss)
4286 http fetch GET 200 https://registry.npmjs.org/resolve/-/resolve-1.7.1.tgz 38302ms (cache miss)
4287 http fetch GET 200 https://registry.npmjs.org/@radix-ui/react-portal/-/react-portal-1.1.9.tgz 38310ms (cache miss)
4288 http fetch GET 200 https://registry.npmjs.org/glob/-/glob-7.2.3.tgz 38304ms (cache miss)
4289 http fetch GET 200 https://registry.npmjs.org/glob/-/glob-7.2.3.tgz 38295ms (cache miss)
4290 http fetch GET 200 https://registry.npmjs.org/@babel/helper-define-polyfill-provider/-/helper-define-polyfill-provider-0.6.8.tgz 38728ms (cache miss)
4291 http fetch GET 200 https://registry.npmjs.org/escalade/-/escalade-3.2.0.tgz 38443ms (cache miss)
4292 http fetch GET 200 https://registry.npmjs.org/espree/-/espree-10.4.0.tgz 38483ms (cache miss)
4293 http fetch GET 200 https://registry.npmjs.org/@react-native/normalize-colors/-/normalize-colors-0.74.89.tgz 38563ms (cache miss)
4294 http fetch GET 200 https://registry.npmjs.org/@radix-ui/react-dismissable-layer/-/react-dismissable-layer-1.1.11.tgz 38570ms (cache miss)
4295 http fetch GET 200 https://registry.npmjs.org/strip-json-comments/-/strip-json-comments-2.0.1.tgz 38556ms (cache miss)
4296 http fetch GET 200 https://registry.npmjs.org/bunyan/-/bunyan-1.8.15.tgz 38653ms (cache miss)
4297 http fetch GET 200 https://registry.npmjs.org/p-limit/-/p-limit-2.3.0.tgz 38669ms (cache miss)
4298 http fetch GET 200 https://registry.npmjs.org/p-limit/-/p-limit-2.3.0.tgz 38666ms (cache miss)
4299 http fetch GET 200 https://registry.npmjs.org/p-locate/-/p-locate-4.1.0.tgz 38668ms (cache miss)
4300 http fetch GET 200 https://registry.npmjs.org/p-locate/-/p-locate-4.1.0.tgz 38670ms (cache miss)
4301 http fetch GET 200 https://registry.npmjs.org/cliui/-/cliui-6.0.0.tgz 38697ms (cache miss)
4302 http fetch GET 200 https://registry.npmjs.org/locate-path/-/locate-path-5.0.0.tgz 38697ms (cache miss)
4303 http fetch GET 200 https://registry.npmjs.org/locate-path/-/locate-path-5.0.0.tgz 38695ms (cache miss)
4304 http fetch GET 200 https://registry.npmjs.org/find-up/-/find-up-4.1.0.tgz 38732ms (cache miss)
4305 http fetch GET 200 https://registry.npmjs.org/find-up/-/find-up-4.1.0.tgz 38730ms (cache miss)
4306 http fetch GET 200 https://registry.npmjs.org/chalk/-/chalk-2.4.2.tgz 38776ms (cache miss)
4307 http fetch GET 200 https://registry.npmjs.org/eslint-plugin-react-hooks/-/eslint-plugin-react-hooks-5.2.0.tgz 39134ms (cache miss)
4308 http fetch GET 200 https://registry.npmjs.org/wrap-ansi/-/wrap-ansi-6.2.0.tgz 39023ms (cache miss)
4309 http fetch GET 200 https://registry.npmjs.org/strip-ansi/-/strip-ansi-5.2.0.tgz 39020ms (cache miss)
4310 http fetch GET 200 https://registry.npmjs.org/commander/-/commander-7.2.0.tgz 39128ms (cache miss)
4311 http fetch GET 200 https://registry.npmjs.org/esprima/-/esprima-4.0.1.tgz 39165ms (cache miss)
4312 http fetch GET 200 https://registry.npmjs.org/arg/-/arg-4.1.3.tgz 39121ms (cache miss)
4313 http fetch GET 200 https://registry.npmjs.org/es-shim-unscopables/-/es-shim-unscopables-1.1.0.tgz 39305ms (cache miss)
4314 http fetch GET 200 https://registry.npmjs.org/data-view-byte-length/-/data-view-byte-length-1.0.2.tgz 39278ms (cache miss)
4315 http fetch GET 200 https://registry.npmjs.org/event-target-shim/-/event-target-shim-5.0.1.tgz 39314ms (cache miss)
4316 http fetch GET 200 https://registry.npmjs.org/camelcase/-/camelcase-5.3.1.tgz 39181ms (cache miss)
4317 http fetch GET 200 https://registry.npmjs.org/color-convert/-/color-convert-1.9.3.tgz 39217ms (cache miss)
4318 http fetch GET 200 https://registry.npmjs.org/metro-runtime/-/metro-runtime-0.83.3.tgz 39525ms (cache miss)
4319 http fetch GET 200 https://registry.npmjs.org/dotenv/-/dotenv-16.4.7.tgz 39457ms (cache miss)
4320 http fetch GET 200 https://registry.npmjs.org/component-type/-/component-type-1.2.2.tgz 39437ms (cache miss)
4321 http fetch GET 200 https://registry.npmjs.org/color-name/-/color-name-1.1.3.tgz 39354ms (cache miss)
4322 http fetch GET 200 https://registry.npmjs.org/color-convert/-/color-convert-1.9.3.tgz 39362ms (cache miss)
4323 http fetch GET 200 https://registry.npmjs.org/ansi-regex/-/ansi-regex-4.1.1.tgz 39363ms (cache miss)
4324 http fetch GET 200 https://registry.npmjs.org/chalk/-/chalk-2.4.2.tgz 39364ms (cache miss)
4325 http fetch GET 200 https://registry.npmjs.org/ansi-styles/-/ansi-styles-3.2.1.tgz 39365ms (cache miss)
4326 http fetch GET 200 https://registry.npmjs.org/mkdirp/-/mkdirp-0.5.6.tgz 39367ms (cache miss)
4327 http fetch GET 200 https://registry.npmjs.org/acorn-walk/-/acorn-walk-8.3.5.tgz 39528ms (cache miss)
4328 http fetch GET 200 https://registry.npmjs.org/big-integer/-/big-integer-1.6.52.tgz 39554ms (cache miss)
4329 http fetch GET 200 https://registry.npmjs.org/argparse/-/argparse-2.0.1.tgz 39535ms (cache miss)
4330 http fetch GET 200 https://registry.npmjs.org/stream-buffers/-/stream-buffers-2.2.0.tgz 39932ms (cache miss)
4331 http fetch GET 200 https://registry.npmjs.org/@eslint/eslintrc/-/eslintrc-3.3.5.tgz 40073ms (cache miss)
4332 http fetch GET 200 https://registry.npmjs.org/define-data-property/-/define-data-property-1.1.4.tgz 39793ms (cache miss)
4333 http fetch GET 200 https://registry.npmjs.org/ejs/-/ejs-3.1.10.tgz 39823ms (cache miss)
4334 http fetch GET 200 https://registry.npmjs.org/ansi-styles/-/ansi-styles-5.2.0.tgz 39735ms (cache miss)
4335 http fetch GET 200 https://registry.npmjs.org/escape-string-regexp/-/escape-string-regexp-1.0.5.tgz 39724ms (cache miss)
4336 http fetch GET 200 https://registry.npmjs.org/escape-string-regexp/-/escape-string-regexp-1.0.5.tgz 39735ms (cache miss)
4337 http fetch GET 200 https://registry.npmjs.org/metro-transform-plugins/-/metro-transform-plugins-0.83.3.tgz 40112ms (cache miss)
4338 http fetch GET 200 https://registry.npmjs.org/fastq/-/fastq-1.20.1.tgz 40042ms (cache miss)
4339 http fetch GET 200 https://registry.npmjs.org/ms/-/ms-2.0.0.tgz 39920ms (cache miss)
4340 http fetch GET 200 https://registry.npmjs.org/ms/-/ms-2.0.0.tgz 39923ms (cache miss)
4341 http fetch GET 200 https://registry.npmjs.org/commander/-/commander-2.20.3.tgz 39983ms (cache miss)
4342 http fetch GET 200 https://registry.npmjs.org/babel-plugin-polyfill-corejs2/-/babel-plugin-polyfill-corejs2-0.4.17.tgz 40200ms (cache miss)
4343 http fetch GET 200 https://registry.npmjs.org/chalk/-/chalk-2.4.2.tgz 40120ms (cache miss)
4344 http fetch GET 200 https://registry.npmjs.org/supports-color/-/supports-color-8.1.1.tgz 40120ms (cache miss)
4345 http fetch GET 200 https://registry.npmjs.org/ci-info/-/ci-info-3.9.0.tgz 40120ms (cache miss)
4346 warn deprecated glob@7.2.3: Old versions of glob are not supported, and contain widely publicized security vulnerabilities, which have been fixed in the current version. Please update. Support for old versions may be purchased (at exorbitant rates) by contacting i@izs.me
4347 http fetch GET 200 https://registry.npmjs.org/react-is/-/react-is-16.13.1.tgz 40390ms (cache miss)
4348 http fetch GET 200 https://registry.npmjs.org/resolve-from/-/resolve-from-4.0.0.tgz 40422ms (cache miss)
4349 http fetch GET 200 https://registry.npmjs.org/signal-exit/-/signal-exit-4.1.0.tgz 40422ms (cache miss)
4350 http fetch GET 200 https://registry.npmjs.org/escape-string-regexp/-/escape-string-regexp-1.0.5.tgz 40421ms (cache miss)
4351 http fetch GET 200 https://registry.npmjs.org/minimatch/-/minimatch-5.1.9.tgz 40437ms (cache miss)
4352 http fetch GET 200 https://registry.npmjs.org/ansi-styles/-/ansi-styles-3.2.1.tgz 40440ms (cache miss)
4353 http fetch GET 200 https://registry.npmjs.org/browserslist/-/browserslist-4.28.2.tgz 40747ms (cache miss)
4354 http fetch GET 200 https://registry.npmjs.org/brace-expansion/-/brace-expansion-2.0.3.tgz 40644ms (cache miss)
4355 http fetch GET 200 https://registry.npmjs.org/@radix-ui/react-presence/-/react-presence-1.1.5.tgz 40649ms (cache miss)
4356 http fetch GET 200 https://registry.npmjs.org/brace-expansion/-/brace-expansion-2.0.3.tgz 40650ms (cache miss)
4357 http fetch GET 200 https://registry.npmjs.org/@radix-ui/react-primitive/-/react-primitive-2.1.3.tgz 40650ms (cache miss)
4358 http fetch GET 200 https://registry.npmjs.org/baseline-browser-mapping/-/baseline-browser-mapping-2.10.15.tgz 40754ms (cache miss)
4359 http fetch GET 200 https://registry.npmjs.org/commander/-/commander-4.1.1.tgz 40693ms (cache miss)
4360 http fetch GET 200 https://registry.npmjs.org/minipass/-/minipass-7.1.3.tgz 41049ms (cache miss)
4361 http fetch GET 200 https://registry.npmjs.org/aria-hidden/-/aria-hidden-1.2.6.tgz 40867ms (cache miss)
4362 http fetch GET 200 https://registry.npmjs.org/rimraf/-/rimraf-2.4.5.tgz 40800ms (cache miss)
4363 http fetch GET 200 https://registry.npmjs.org/y18n/-/y18n-4.0.3.tgz 40807ms (cache miss)
4364 http fetch GET 200 https://registry.npmjs.org/ci-info/-/ci-info-3.9.0.tgz 40996ms (cache miss)
4365 http fetch GET 200 https://registry.npmjs.org/@radix-ui/react-tabs/-/react-tabs-1.1.13.tgz 41144ms (cache miss)
4366 http fetch GET 200 https://registry.npmjs.org/@radix-ui/react-roving-focus/-/react-roving-focus-1.1.11.tgz 41145ms (cache miss)
4367 warn deprecated glob@7.2.3: Old versions of glob are not supported, and contain widely publicized security vulnerabilities, which have been fixed in the current version. Please update. Support for old versions may be purchased (at exorbitant rates) by contacting i@izs.me
4368 http fetch GET 200 https://registry.npmjs.org/@expo/xcpretty/-/xcpretty-4.4.1.tgz 41663ms (cache miss)
4369 http fetch GET 200 https://registry.npmjs.org/@expo/devcert/-/devcert-1.2.1.tgz 41645ms (cache miss)
4370 warn deprecated rimraf@2.4.5: Rimraf versions prior to v4 are no longer supported
4371 warn deprecated glob@7.2.3: Old versions of glob are not supported, and contain widely publicized security vulnerabilities, which have been fixed in the current version. Please update. Support for old versions may be purchased (at exorbitant rates) by contacting i@izs.me
4372 http fetch GET 200 https://registry.npmjs.org/is-arrayish/-/is-arrayish-0.2.1.tgz 41302ms (cache miss)
4373 http fetch GET 200 https://registry.npmjs.org/yargs-parser/-/yargs-parser-18.1.3.tgz 41332ms (cache miss)
4374 http fetch GET 200 https://registry.npmjs.org/debug/-/debug-3.2.7.tgz 41448ms (cache miss)
4375 http fetch GET 200 https://registry.npmjs.org/@react-native/normalize-colors/-/normalize-colors-0.76.2.tgz 41406ms (cache miss)
4376 http fetch GET 200 https://registry.npmjs.org/@jridgewell/trace-mapping/-/trace-mapping-0.3.31.tgz 41956ms (cache miss)
4377 http fetch GET 200 https://registry.npmjs.org/better-opn/-/better-opn-3.0.2.tgz 41522ms (cache miss)
4378 http fetch GET 200 https://registry.npmjs.org/electron-to-chromium/-/electron-to-chromium-1.5.331.tgz 41595ms (cache miss)
4379 http fetch GET 200 https://registry.npmjs.org/@babel/code-frame/-/code-frame-7.10.4.tgz 41484ms (cache miss)
4380 http fetch GET 200 https://registry.npmjs.org/@babel/code-frame/-/code-frame-7.10.4.tgz 41479ms (cache miss)
4381 http fetch GET 200 https://registry.npmjs.org/jest-worker/-/jest-worker-29.7.0.tgz 41856ms (cache miss)
4382 http fetch GET 200 https://registry.npmjs.org/b4a/-/b4a-1.8.0.tgz 41737ms (cache miss)
4383 http fetch GET 200 https://registry.npmjs.org/@expo/json-file/-/json-file-9.1.5.tgz 41652ms (cache miss)
4384 http fetch GET 200 https://registry.npmjs.org/@expo/json-file/-/json-file-9.0.2.tgz 41651ms (cache miss)
4385 http fetch GET 200 https://registry.npmjs.org/@expo/json-file/-/json-file-10.0.13.tgz 41664ms (cache miss)
4386 http fetch GET 200 https://registry.npmjs.org/@expo/json-file/-/json-file-10.0.13.tgz 41652ms (cache miss)
4387 http fetch GET 200 https://registry.npmjs.org/strip-ansi/-/strip-ansi-5.2.0.tgz 41664ms (cache miss)
4388 http fetch GET 200 https://registry.npmjs.org/ora/-/ora-3.4.0.tgz 41668ms (cache miss)
4389 http fetch GET 200 https://registry.npmjs.org/chalk/-/chalk-2.4.2.tgz 41667ms (cache miss)
4390 http fetch GET 200 https://registry.npmjs.org/@expo/plist/-/plist-0.2.0.tgz 41670ms (cache miss)
4391 http fetch GET 200 https://registry.npmjs.org/log-symbols/-/log-symbols-2.2.0.tgz 41683ms (cache miss)
4392 http fetch GET 200 https://registry.npmjs.org/universalify/-/universalify-1.0.0.tgz 41684ms (cache miss)
4393 http fetch GET 200 https://registry.npmjs.org/getenv/-/getenv-2.0.0.tgz 41698ms (cache miss)
4394 http fetch GET 200 https://registry.npmjs.org/getenv/-/getenv-2.0.0.tgz 41699ms (cache miss)
4395 http fetch GET 200 https://registry.npmjs.org/getenv/-/getenv-2.0.0.tgz 41694ms (cache miss)
4396 http fetch GET 200 https://registry.npmjs.org/object.assign/-/object.assign-4.1.7.tgz 42034ms (cache miss)
4397 http fetch GET 200 https://registry.npmjs.org/path-scurry/-/path-scurry-2.0.2.tgz 42042ms (cache miss)
4398 http fetch GET 200 https://registry.npmjs.org/color-name/-/color-name-1.1.3.tgz 41776ms (cache miss)
4399 http fetch GET 200 https://registry.npmjs.org/yallist/-/yallist-4.0.0.tgz 41799ms (cache miss)
4400 http fetch GET 200 https://registry.npmjs.org/write-file-atomic/-/write-file-atomic-2.4.3.tgz 41800ms (cache miss)
4401 http fetch GET 200 https://registry.npmjs.org/bplist-creator/-/bplist-creator-0.1.0.tgz 42054ms (cache miss)
4402 http fetch GET 200 https://registry.npmjs.org/qrcode-terminal/-/qrcode-terminal-0.11.0.tgz 42304ms (cache miss)
4403 http fetch GET 200 https://registry.npmjs.org/eslint-scope/-/eslint-scope-8.4.0.tgz 42382ms (cache miss)
4404 http fetch GET 200 https://registry.npmjs.org/@expo/json-file/-/json-file-8.3.3.tgz 42296ms (cache miss)
4405 http fetch GET 200 https://registry.npmjs.org/@expo/osascript/-/osascript-2.1.4.tgz 42297ms (cache miss)
4406 http fetch GET 200 https://registry.npmjs.org/@expo/config-types/-/config-types-55.0.5.tgz 42295ms (cache miss)
4407 http fetch GET 200 https://registry.npmjs.org/cross-fetch/-/cross-fetch-3.2.0.tgz 42763ms (cache miss)
4408 http fetch GET 200 https://registry.npmjs.org/color-convert/-/color-convert-1.9.3.tgz 42657ms (cache miss)
4409 http fetch GET 200 https://registry.npmjs.org/restore-cursor/-/restore-cursor-3.1.0.tgz 42669ms (cache miss)
4410 http fetch GET 200 https://registry.npmjs.org/react-is/-/react-is-18.3.1.tgz 42842ms (cache miss)
4411 http fetch GET 200 https://registry.npmjs.org/@expo/code-signing-certificates/-/code-signing-certificates-0.0.5.tgz 42891ms (cache miss)
4412 http fetch GET 200 https://registry.npmjs.org/cli-cursor/-/cli-cursor-3.1.0.tgz 42888ms (cache miss)
4413 http fetch GET 200 https://registry.npmjs.org/@expo/plist/-/plist-0.5.2.tgz 42905ms (cache miss)
4414 http fetch GET 200 https://registry.npmjs.org/ora/-/ora-5.1.0.tgz 42896ms (cache miss)
4415 http fetch GET 200 https://registry.npmjs.org/minimatch/-/minimatch-5.1.2.tgz 43207ms (cache miss)
4416 http fetch GET 200 https://registry.npmjs.org/onetime/-/onetime-5.1.2.tgz 43209ms (cache miss)
4417 http fetch GET 200 https://registry.npmjs.org/mimic-fn/-/mimic-fn-2.1.0.tgz 43206ms (cache miss)
4418 http fetch GET 200 https://registry.npmjs.org/lightningcss/-/lightningcss-1.32.0.tgz 43593ms (cache miss)
4419 http fetch GET 200 https://registry.npmjs.org/lru-cache/-/lru-cache-6.0.0.tgz 43309ms (cache miss)
4420 http fetch GET 200 https://registry.npmjs.org/log-symbols/-/log-symbols-4.1.0.tgz 43309ms (cache miss)
4421 http fetch GET 200 https://registry.npmjs.org/getenv/-/getenv-1.0.0.tgz 43307ms (cache miss)
4422 http fetch GET 200 https://registry.npmjs.org/https-proxy-agent/-/https-proxy-agent-5.0.1.tgz 43308ms (cache miss)
4423 http fetch GET 200 https://registry.npmjs.org/ignore/-/ignore-5.3.0.tgz 43309ms (cache miss)
4424 http fetch GET 200 https://registry.npmjs.org/escape-string-regexp/-/escape-string-regexp-1.0.5.tgz 43313ms (cache miss)
4425 http fetch GET 200 https://registry.npmjs.org/ncp/-/ncp-2.0.0.tgz 43689ms (cache miss)
4426 http fetch GET 200 https://registry.npmjs.org/color-name/-/color-name-1.1.3.tgz 43448ms (cache miss)
4427 http fetch GET 200 https://registry.npmjs.org/brace-expansion/-/brace-expansion-2.0.3.tgz 43449ms (cache miss)
4428 http fetch GET 200 https://registry.npmjs.org/ansi-styles/-/ansi-styles-3.2.1.tgz 43448ms (cache miss)
4429 http fetch GET 200 https://registry.npmjs.org/color-convert/-/color-convert-1.9.3.tgz 43450ms (cache miss)
4430 http fetch GET 200 https://registry.npmjs.org/ansi-regex/-/ansi-regex-4.1.1.tgz 43451ms (cache miss)
4431 http fetch GET 200 https://registry.npmjs.org/agent-base/-/agent-base-6.0.2.tgz 43453ms (cache miss)
4432 http fetch GET 200 https://registry.npmjs.org/ms/-/ms-2.0.0.tgz 43454ms (cache miss)
4433 http fetch GET 200 https://registry.npmjs.org/negotiator/-/negotiator-0.6.4.tgz 43453ms (cache miss)
4434 http fetch GET 200 https://registry.npmjs.org/ms/-/ms-2.0.0.tgz 43453ms (cache miss)
4435 http fetch GET 200 https://registry.npmjs.org/glob/-/glob-6.0.4.tgz 43557ms (cache miss)
4436 http fetch GET 200 https://registry.npmjs.org/minizlib/-/minizlib-3.1.0.tgz 43926ms (cache miss)
4437 http fetch GET 200 https://registry.npmjs.org/picomatch/-/picomatch-4.0.4.tgz 43916ms (cache miss)
4438 http fetch GET 200 https://registry.npmjs.org/open/-/open-8.4.2.tgz 44107ms (cache miss)
4439 http fetch GET 200 https://registry.npmjs.org/react-is/-/react-is-16.13.1.tgz 44267ms (cache miss)
4440 warn deprecated glob@6.0.4: Old versions of glob are not supported, and contain widely publicized security vulnerabilities, which have been fixed in the current version. Please update. Support for old versions may be purchased (at exorbitant rates) by contacting i@izs.me
4441 http fetch GET 200 https://registry.npmjs.org/color-convert/-/color-convert-1.9.3.tgz 44619ms (cache miss)
4442 http fetch GET 200 https://registry.npmjs.org/dom-serializer/-/dom-serializer-2.0.0.tgz 44889ms (cache miss)
4443 http fetch GET 200 https://registry.npmjs.org/@expo/config-types/-/config-types-52.0.5.tgz 44751ms (cache miss)
4444 http fetch GET 200 https://registry.npmjs.org/node-rsa/-/node-rsa-1.1.1.tgz 45092ms (cache miss)
4445 http fetch GET 200 https://registry.npmjs.org/json-schema-traverse/-/json-schema-traverse-1.0.0.tgz 44826ms (cache miss)
4446 http fetch GET 200 https://registry.npmjs.org/abort-controller/-/abort-controller-3.0.0.tgz 44946ms (cache miss)
4447 http fetch GET 200 https://registry.npmjs.org/plist/-/plist-3.1.0.tgz 45225ms (cache miss)
4448 http fetch GET 200 https://registry.npmjs.org/@expo/env/-/env-1.0.7.tgz 44911ms (cache miss)
4449 http fetch GET 200 https://registry.npmjs.org/diff 43865ms (cache miss)
4450 silly packumentCache corgi:https://registry.npmjs.org/diff set size:undefined disposed:false
4451 http fetch GET 200 https://registry.npmjs.org/structured-headers/-/structured-headers-0.4.1.tgz 45395ms (cache miss)
4452 http fetch GET 200 https://registry.npmjs.org/json5/-/json5-2.2.3.tgz 45326ms (cache miss)
4453 http fetch GET 200 https://registry.npmjs.org/chalk/-/chalk-2.4.2.tgz 45068ms (cache miss)
4454 http fetch GET 200 https://registry.npmjs.org/json5/-/json5-1.0.2.tgz 45124ms (cache miss)
4455 http fetch GET 200 https://registry.npmjs.org/@emnapi/core/-/core-1.9.2.tgz 45712ms (cache miss)
4456 http fetch GET 200 https://registry.npmjs.org/@radix-ui/react-slot/-/react-slot-1.2.3.tgz 45244ms (cache miss)
4457 http fetch GET 200 https://registry.npmjs.org/@xmldom%2fxmldom 44234ms (cache miss)
4458 silly packumentCache corgi:https://registry.npmjs.org/@xmldom%2fxmldom set size:undefined disposed:false
4459 http fetch GET 200 https://registry.npmjs.org/ajv-formats/-/ajv-formats-2.1.1.tgz 45393ms (cache miss)
4460 http fetch GET 200 https://registry.npmjs.org/@radix-ui/react-slot/-/react-slot-1.2.3.tgz 45313ms (cache miss)
4461 http fetch GET 200 https://registry.npmjs.org/node-forge 44255ms (cache miss)
4462 silly packumentCache corgi:https://registry.npmjs.org/node-forge set size:undefined disposed:false
4463 http fetch GET 200 https://registry.npmjs.org/@react-native/dev-middleware/-/dev-middleware-0.81.5.tgz 45920ms (cache miss)
4464 http fetch GET 200 https://registry.npmjs.org/globals/-/globals-16.5.0.tgz 45369ms (cache miss)
4465 http fetch GET 200 https://registry.npmjs.org/jsep/-/jsep-1.4.0.tgz 45621ms (cache miss)
4466 http fetch GET 200 https://registry.npmjs.org/emoji-regex/-/emoji-regex-9.2.2.tgz 45635ms (cache miss)
4467 http fetch GET 200 https://registry.npmjs.org/debug/-/debug-3.2.7.tgz 45624ms (cache miss)
4468 http fetch GET 200 https://registry.npmjs.org/debug/-/debug-3.2.7.tgz 45625ms (cache miss)
4469 http fetch GET 200 https://registry.npmjs.org/memoize-one/-/memoize-one-6.0.0.tgz 45891ms (cache miss)
4470 http fetch GET 200 https://registry.npmjs.org/ws/-/ws-6.2.3.tgz 45933ms (cache miss)
4471 http fetch GET 200 https://registry.npmjs.org/minimatch 44851ms (cache miss)
4472 silly packumentCache corgi:https://registry.npmjs.org/minimatch set size:undefined disposed:false
4473 http fetch GET 200 https://registry.npmjs.org/debug/-/debug-3.2.7.tgz 45991ms (cache miss)
4474 http fetch GET 200 https://registry.npmjs.org/react/-/react-19.1.0.tgz 46317ms (cache miss)
4475 http fetch GET 200 https://registry.npmjs.org/array.prototype.flatmap/-/array.prototype.flatmap-1.3.3.tgz 46109ms (cache miss)
4476 http fetch GET 200 https://registry.npmjs.org/commander/-/commander-4.1.1.tgz 46019ms (cache miss)
4477 http fetch GET 200 https://registry.npmjs.org/yaml 44996ms (cache miss)
4478 silly packumentCache corgi:https://registry.npmjs.org/yaml set size:undefined disposed:false
4479 http fetch GET 200 https://registry.npmjs.org/array.prototype.findlast/-/array.prototype.findlast-1.2.5.tgz 46162ms (cache miss)
4480 http fetch GET 200 https://registry.npmjs.org/jest-haste-map/-/jest-haste-map-29.7.0.tgz 46632ms (cache miss)
4481 http fetch GET 200 https://registry.npmjs.org/tar 45386ms (cache miss)
4482 silly packumentCache corgi:https://registry.npmjs.org/tar set size:undefined disposed:false
4483 http fetch GET 200 https://registry.npmjs.org/@radix-ui/react-collection/-/react-collection-1.1.7.tgz 46541ms (cache miss)
4484 http fetch GET 200 https://registry.npmjs.org/babel-plugin-polyfill-corejs3/-/babel-plugin-polyfill-corejs3-0.13.0.tgz 46727ms (cache miss)
4485 http fetch GET 200 https://registry.npmjs.org/source-map/-/source-map-0.5.7.tgz 47017ms (cache miss)
4486 http fetch GET 200 https://registry.npmjs.org/jackspeak/-/jackspeak-3.4.3.tgz 47005ms (cache miss)
4487 http fetch GET 200 https://registry.npmjs.org/@expo/plist/-/plist-0.2.2.tgz 46864ms (cache miss)
4488 http fetch GET 200 https://registry.npmjs.org/wonka/-/wonka-6.3.6.tgz 47292ms (cache miss)
4489 http fetch GET 200 https://registry.npmjs.org/graphql-tag/-/graphql-tag-2.12.6.tgz 47060ms (cache miss)
4490 http fetch GET 200 https://registry.npmjs.org/node-fetch/-/node-fetch-2.6.7.tgz 46851ms (cache miss)
4491 http fetch GET 200 https://registry.npmjs.org/cli-progress/-/cli-progress-3.12.0.tgz 47316ms (cache miss)
4492 http fetch GET 200 https://registry.npmjs.org/picomatch/-/picomatch-3.0.2.tgz 47262ms (cache miss)
4493 http fetch GET 200 https://registry.npmjs.org/dotenv/-/dotenv-16.4.7.tgz 47286ms (cache miss)
4494 http fetch GET 200 https://registry.npmjs.org/@jridgewell/trace-mapping/-/trace-mapping-0.3.9.tgz 47446ms (cache miss)
4495 http fetch GET 200 https://registry.npmjs.org/acorn/-/acorn-8.16.0.tgz 47478ms (cache miss)
4496 http fetch GET 200 https://registry.npmjs.org/ws/-/ws-6.2.3.tgz 47602ms (cache miss)
4497 http fetch GET 200 https://registry.npmjs.org/@expo/json-file/-/json-file-10.0.13.tgz 47710ms (cache miss)
4498 http fetch GET 200 https://registry.npmjs.org/@babel/parser/-/parser-7.29.2.tgz 48189ms (cache miss)
4499 http fetch GET 200 https://registry.npmjs.org/mime/-/mime-3.0.0.tgz 47730ms (cache miss)
4500 http fetch GET 200 https://registry.npmjs.org/jks-js/-/jks-js-1.1.0.tgz 48132ms (cache miss)
4501 http fetch GET 200 https://registry.npmjs.org/hermes-estree/-/hermes-estree-0.29.1.tgz 48148ms (cache miss)
4502 http fetch GET 200 https://registry.npmjs.org/debug/-/debug-2.6.9.tgz 48301ms (cache miss)
4503 http fetch GET 200 https://registry.npmjs.org/commander/-/commander-12.1.0.tgz 48375ms (cache miss)
4504 http fetch GET 200 https://registry.npmjs.org/@urql/exchange-retry/-/exchange-retry-1.2.0.tgz 48686ms (cache miss)
4505 http fetch GET 200 https://registry.npmjs.org/dotenv/-/dotenv-16.3.1.tgz 48731ms (cache miss)
4506 http fetch GET 200 https://registry.npmjs.org/csstype/-/csstype-3.2.3.tgz 49083ms (cache miss)
4507 http fetch GET 200 https://registry.npmjs.org/@xmldom/xmldom/-/xmldom-0.7.13.tgz 49153ms (cache miss)
4508 http fetch GET 200 https://registry.npmjs.org/@xmldom/xmldom/-/xmldom-0.7.13.tgz 49192ms (cache miss)
4509 http fetch GET 200 https://registry.npmjs.org/ajv 48141ms (cache miss)
4510 silly packumentCache corgi:https://registry.npmjs.org/ajv set size:undefined disposed:false
4511 http fetch GET 200 https://registry.npmjs.org/metro-cache/-/metro-cache-0.83.3.tgz 49675ms (cache miss)
4512 warn deprecated @xmldom/xmldom@0.7.13: this version has critical issues, please update to the latest version
4513 http fetch GET 200 https://registry.npmjs.org/json-schema-traverse/-/json-schema-traverse-1.0.0.tgz 49481ms (cache miss)
4514 http fetch GET 200 https://registry.npmjs.org/mdn-data/-/mdn-data-2.0.14.tgz 49785ms (cache miss)
4515 warn deprecated @xmldom/xmldom@0.7.13: this version has critical issues, please update to the latest version
4516 http fetch GET 200 https://registry.npmjs.org/tslib/-/tslib-2.6.2.tgz 49509ms (cache miss)
4517 http fetch GET 200 https://registry.npmjs.org/yallist/-/yallist-5.0.0.tgz 49693ms (cache miss)
4518 http fetch GET 200 https://registry.npmjs.org/debug/-/debug-2.6.9.tgz 49855ms (cache miss)
4519 http fetch GET 200 https://registry.npmjs.org/debug/-/debug-2.6.9.tgz 50104ms (cache miss)
4520 http fetch GET 200 https://registry.npmjs.org/chromium-edge-launcher/-/chromium-edge-launcher-0.2.0.tgz 50394ms (cache miss)
4521 http fetch GET 200 https://registry.npmjs.org/css-what/-/css-what-6.2.2.tgz 50847ms (cache miss)
4522 silly packumentCache corgi:https://registry.npmjs.org/eas-cli cache-miss
4523 http fetch GET 200 https://registry.npmjs.org/pngjs/-/pngjs-3.4.0.tgz 51205ms (cache miss)
4524 http fetch GET 200 https://registry.npmjs.org/@expo/config/-/config-12.0.13.tgz 51437ms (cache miss)
4525 http fetch GET 200 https://registry.npmjs.org/esquery/-/esquery-1.7.0.tgz 51091ms (cache miss)
4526 http fetch GET 200 https://registry.npmjs.org/dtrace-provider/-/dtrace-provider-0.8.8.tgz 51079ms (cache miss)
4527 http fetch GET 200 https://registry.npmjs.org/core-js-compat/-/core-js-compat-3.49.0.tgz 51170ms (cache miss)
4528 http fetch GET 200 https://registry.npmjs.org/@typescript-eslint/utils/-/utils-8.58.0.tgz 51735ms (cache miss)
4529 http fetch GET 200 https://registry.npmjs.org/debug/-/debug-2.6.9.tgz 51139ms (cache miss)
4530 http fetch GET 200 https://registry.npmjs.org/debug/-/debug-2.6.9.tgz 51144ms (cache miss)
4531 http fetch GET 200 https://registry.npmjs.org/ws/-/ws-8.20.0.tgz 51221ms (cache miss)
4532 http fetch GET 200 https://registry.npmjs.org/@expo/devtools/-/devtools-0.1.8.tgz 52215ms (cache miss)
4533 http fetch GET 200 https://registry.npmjs.org/eslint-module-utils/-/eslint-module-utils-2.12.1.tgz 52141ms (cache miss)
4534 http fetch GET 200 https://registry.npmjs.org/chrome-launcher/-/chrome-launcher-0.15.2.tgz 52332ms (cache miss)
4535 http fetch GET 200 https://registry.npmjs.org/undici-types/-/undici-types-7.18.2.tgz 52684ms (cache miss)
4536 http fetch GET 200 https://registry.npmjs.org/argparse/-/argparse-1.0.10.tgz 52361ms (cache miss)
4537 http fetch GET 200 https://registry.npmjs.org/argparse/-/argparse-1.0.10.tgz 52491ms (cache miss)
4538 http fetch GET 200 https://registry.npmjs.org/argparse/-/argparse-1.0.10.tgz 52733ms (cache miss)
4539 http fetch GET 200 https://registry.npmjs.org/fast-uri/-/fast-uri-3.1.0.tgz 52851ms (cache miss)
4540 http fetch GET 200 https://registry.npmjs.org/@expo/steps/-/steps-18.5.0.tgz 53203ms (cache miss)
4541 http fetch GET 200 https://registry.npmjs.org/hermes-estree/-/hermes-estree-0.32.0.tgz 53084ms (cache miss)
4542 http fetch GET 200 https://registry.npmjs.org/path-scurry/-/path-scurry-1.11.1.tgz 53155ms (cache miss)
4543 http fetch GET 200 https://registry.npmjs.org/hermes-estree/-/hermes-estree-0.32.0.tgz 53286ms (cache miss)
4544 http fetch GET 200 https://registry.npmjs.org/minizlib/-/minizlib-3.1.0.tgz 53329ms (cache miss)
4545 http fetch GET 200 https://registry.npmjs.org/expo-symbols/-/expo-symbols-1.0.8.tgz 53529ms (cache miss)
4546 http fetch GET 200 https://registry.npmjs.org/qrcode/-/qrcode-1.5.4.tgz 53694ms (cache miss)
4547 http fetch GET 200 https://registry.npmjs.org/minizlib/-/minizlib-3.0.1.tgz 53365ms (cache miss)
4548 http fetch GET 200 https://registry.npmjs.org/qrcode-terminal/-/qrcode-terminal-0.12.0.tgz 53537ms (cache miss)
4549 http fetch GET 200 https://registry.npmjs.org/js-yaml/-/js-yaml-4.1.1.tgz 53848ms (cache miss)
4550 http fetch GET 200 https://registry.npmjs.org/promise/-/promise-8.3.0.tgz 53920ms (cache miss)
4551 http fetch GET 200 https://registry.npmjs.org/foreground-child/-/foreground-child-3.3.1.tgz 53828ms (cache miss)
4552 http fetch GET 200 https://registry.npmjs.org/@babel/generator/-/generator-7.29.1.tgz 54889ms (cache miss)
4553 http fetch GET 200 https://registry.npmjs.org/@typescript-eslint/typescript-estree/-/typescript-estree-8.58.0.tgz 55089ms (cache miss)
4554 http fetch GET 200 https://registry.npmjs.org/uuid/-/uuid-7.0.3.tgz 54882ms (cache miss)
4555 http fetch GET 200 https://registry.npmjs.org/diff/-/diff-4.0.4.tgz 54694ms (cache miss)
4556 http fetch GET 200 https://registry.npmjs.org/expo-image-loader/-/expo-image-loader-55.0.0.tgz 54844ms (cache miss)
4557 http fetch GET 200 https://registry.npmjs.org/@react-navigation/native-stack/-/native-stack-7.14.10.tgz 55374ms (cache miss)
4558 http fetch GET 200 https://registry.npmjs.org/natural-orderby/-/natural-orderby-2.0.3.tgz 55112ms (cache miss)
4559 http fetch GET 200 https://registry.npmjs.org/nanoid/-/nanoid-3.3.8.tgz 54825ms (cache miss)
4560 http fetch GET 200 https://registry.npmjs.org/babel-preset-expo/-/babel-preset-expo-54.0.10.tgz 55341ms (cache miss)
4561 http fetch GET 200 https://registry.npmjs.org/fs-extra/-/fs-extra-10.1.0.tgz 55363ms (cache miss)
4562 http fetch GET 200 https://registry.npmjs.org/joi/-/joi-17.11.0.tgz 55560ms (cache miss)
4563 http fetch GET 200 https://registry.npmjs.org/xmlbuilder/-/xmlbuilder-15.1.1.tgz 55759ms (cache miss)
4564 http fetch GET 200 https://registry.npmjs.org/lru-cache/-/lru-cache-10.4.3.tgz 55360ms (cache miss)
4565 http fetch GET 200 https://registry.npmjs.org/source-map/-/source-map-0.6.1.tgz 55398ms (cache miss)
4566 http fetch GET 200 https://registry.npmjs.org/@react-native/virtualized-lists/-/virtualized-lists-0.81.5.tgz 55448ms (cache miss)
4567 http fetch GET 200 https://registry.npmjs.org/jake/-/jake-10.9.4.tgz 55680ms (cache miss)
4568 http fetch GET 200 https://registry.npmjs.org/uri-js/-/uri-js-4.4.1.tgz 55859ms (cache miss)
4569 http fetch GET 200 https://registry.npmjs.org/diff/-/diff-7.0.0.tgz 56042ms (cache miss)
4570 http fetch GET 200 https://registry.npmjs.org/lru-cache/-/lru-cache-10.4.3.tgz 56122ms (cache miss)
4571 http fetch GET 200 https://registry.npmjs.org/cardinal/-/cardinal-2.1.1.tgz 56454ms (cache miss)
4572 http fetch GET 200 https://registry.npmjs.org/@expo/image-utils/-/image-utils-0.6.5.tgz 56421ms (cache miss)
4573 http fetch GET 200 https://registry.npmjs.org/@babel/traverse/-/traverse-7.29.0.tgz 57235ms (cache miss)
4574 http fetch GET 200 https://registry.npmjs.org/source-map/-/source-map-0.6.1.tgz 56759ms (cache miss)
4575 http fetch GET 200 https://registry.npmjs.org/lru-cache/-/lru-cache-11.3.0.tgz 56865ms (cache miss)
4576 http fetch GET 200 https://registry.npmjs.org/js-yaml/-/js-yaml-3.14.2.tgz 56954ms (cache miss)
4577 http fetch GET 200 https://registry.npmjs.org/js-yaml/-/js-yaml-3.14.2.tgz 56977ms (cache miss)
4578 http fetch GET 200 https://registry.npmjs.org/@babel/traverse/-/traverse-7.29.0.tgz 57507ms (cache miss)
4579 http fetch GET 200 https://registry.npmjs.org/js-yaml/-/js-yaml-3.14.2.tgz 57088ms (cache miss)
4580 http fetch GET 200 https://registry.npmjs.org/css-in-js-utils/-/css-in-js-utils-3.1.0.tgz 57163ms (cache miss)
4581 http fetch GET 200 https://registry.npmjs.org/pngjs/-/pngjs-7.0.0.tgz 57203ms (cache miss)
4582 http fetch GET 200 https://registry.npmjs.org/metro-config/-/metro-config-0.83.3.tgz 57513ms (cache miss)
4583 http fetch GET 200 https://registry.npmjs.org/joi/-/joi-17.13.3.tgz 57336ms (cache miss)
4584 http fetch GET 200 https://registry.npmjs.org/postcss/-/postcss-8.4.49.tgz 57613ms (cache miss)
4585 http fetch GET 200 https://registry.npmjs.org/joi/-/joi-17.13.3.tgz 57474ms (cache miss)
4586 http fetch GET 200 https://registry.npmjs.org/fs-extra/-/fs-extra-9.0.0.tgz 57562ms (cache miss)
4587 http fetch GET 200 https://registry.npmjs.org/exponential-backoff/-/exponential-backoff-3.1.3.tgz 57747ms (cache miss)
4588 http fetch GET 200 https://registry.npmjs.org/fs-extra/-/fs-extra-9.1.0.tgz 57634ms (cache miss)
4589 http fetch GET 200 https://registry.npmjs.org/xmlbuilder/-/xmlbuilder-11.0.1.tgz 57693ms (cache miss)
4590 http fetch GET 200 https://registry.npmjs.org/metro-source-map/-/metro-source-map-0.83.3.tgz 57949ms (cache miss)
4591 http fetch GET 200 https://registry.npmjs.org/nan/-/nan-2.26.2.tgz 58044ms (cache miss)
4592 http fetch GET 200 https://registry.npmjs.org/yargs/-/yargs-17.7.2.tgz 58309ms (cache miss)
4593 http fetch GET 200 https://registry.npmjs.org/promise/-/promise-7.3.1.tgz 58136ms (cache miss)
4594 http fetch GET 200 https://registry.npmjs.org/@expo/package-manager/-/package-manager-1.9.10.tgz 58157ms (cache miss)
4595 http fetch GET 200 https://registry.npmjs.org/image-size/-/image-size-1.2.1.tgz 58474ms (cache miss)
4596 http fetch GET 200 https://registry.npmjs.org/eas-cli 7948ms (cache miss)
4597 silly packumentCache corgi:https://registry.npmjs.org/eas-cli set size:undefined disposed:false
4598 http fetch GET 200 https://registry.npmjs.org/expo-constants/-/expo-constants-18.0.13.tgz 59098ms (cache miss)
4599 http fetch GET 200 https://registry.npmjs.org/semver/-/semver-7.5.2.tgz 59090ms (cache miss)
4600 http fetch GET 200 https://registry.npmjs.org/@segment/ajv-human-errors/-/ajv-human-errors-2.16.0.tgz 59063ms (cache miss)
4601 http fetch GET 200 https://registry.npmjs.org/@urql/core/-/core-4.0.11.tgz 59095ms (cache miss)
4602 http fetch GET 200 https://registry.npmjs.org/expo-keep-awake/-/expo-keep-awake-15.0.8.tgz 59352ms (cache miss)
4603 http fetch GET 200 https://registry.npmjs.org/fast-glob/-/fast-glob-3.3.2.tgz 59366ms (cache miss)
4604 http fetch GET 200 https://registry.npmjs.org/inline-style-prefixer/-/inline-style-prefixer-7.0.1.tgz 59732ms (cache miss)
4605 silly packumentCache corgi:https://registry.npmjs.org/@expo%2fplist cache-miss
4606 http fetch GET 200 https://registry.npmjs.org/semver/-/semver-7.7.2.tgz 59657ms (cache miss)
4607 http fetch GET 200 https://registry.npmjs.org/type-fest/-/type-fest-0.21.3.tgz 59616ms (cache miss)
4608 http fetch GET 200 https://registry.npmjs.org/semver/-/semver-7.6.3.tgz 60328ms (cache miss)
4609 http fetch GET 200 https://registry.npmjs.org/expo-haptics/-/expo-haptics-15.0.8.tgz 60492ms (cache miss)
4610 http fetch GET 200 https://registry.npmjs.org/metro-resolver/-/metro-resolver-0.83.3.tgz 60608ms (cache miss)
4611 http fetch GET 200 https://registry.npmjs.org/semver/-/semver-7.5.4.tgz 60474ms (cache miss)
4612 http fetch GET 200 https://registry.npmjs.org/minimatch/-/minimatch-9.0.9.tgz 60651ms (cache miss)
4613 http fetch GET 200 https://registry.npmjs.org/minimatch/-/minimatch-9.0.9.tgz 60652ms (cache miss)
4614 http fetch GET 200 https://registry.npmjs.org/xmlbuilder/-/xmlbuilder-14.0.0.tgz 60754ms (cache miss)
4615 http fetch GET 200 https://registry.npmjs.org/xmlbuilder/-/xmlbuilder-14.0.0.tgz 60783ms (cache miss)
4616 http fetch GET 200 https://registry.npmjs.org/prompts/-/prompts-2.4.2.tgz 61218ms (cache miss)
4617 http fetch GET 200 https://registry.npmjs.org/@react-native-community/datetimepicker/-/datetimepicker-9.1.0.tgz 61504ms (cache miss)
4618 http fetch GET 200 https://registry.npmjs.org/@expo/fingerprint/-/fingerprint-0.15.4.tgz 61916ms (cache miss)
4619 http fetch GET 200 https://registry.npmjs.org/multipasta/-/multipasta-0.2.7.tgz 61773ms (cache miss)
4620 http fetch GET 200 https://registry.npmjs.org/tsconfig-paths/-/tsconfig-paths-3.15.0.tgz 61901ms (cache miss)
4621 http fetch GET 200 https://registry.npmjs.org/babel-plugin-react-compiler/-/babel-plugin-react-compiler-1.0.0.tgz 61681ms (cache miss)
4622 http fetch GET 200 https://registry.npmjs.org/@expo%2fplist 2054ms (cache miss)
4623 silly packumentCache corgi:https://registry.npmjs.org/@expo%2fplist set size:undefined disposed:false
4624 http fetch GET 200 https://registry.npmjs.org/terser/-/terser-5.46.1.tgz 62070ms (cache miss)
4625 http fetch GET 200 https://registry.npmjs.org/domutils/-/domutils-3.2.2.tgz 61880ms (cache miss)
4626 http fetch GET 200 https://registry.npmjs.org/@types/node/-/node-25.5.2.tgz 62537ms (cache miss)
4627 http fetch GET 200 https://registry.npmjs.org/@expo/config/-/config-55.0.10.tgz 61938ms (cache miss)
4628 http fetch GET 200 https://registry.npmjs.org/minimatch/-/minimatch-9.0.9.tgz 62064ms (cache miss)
4629 http fetch GET 200 https://registry.npmjs.org/expo-splash-screen/-/expo-splash-screen-31.0.13.tgz 62509ms (cache miss)
4630 http fetch GET 200 https://registry.npmjs.org/minimatch/-/minimatch-9.0.9.tgz 62339ms (cache miss)
4631 http fetch GET 200 https://registry.npmjs.org/yargs/-/yargs-15.4.1.tgz 62483ms (cache miss)
4632 http fetch GET 200 https://registry.npmjs.org/@expo/config/-/config-10.0.11.tgz 62465ms (cache miss)
4633 http fetch GET 200 https://registry.npmjs.org/minimatch/-/minimatch-9.0.9.tgz 62452ms (cache miss)
4634 http fetch GET 200 https://registry.npmjs.org/minimatch/-/minimatch-9.0.9.tgz 62452ms (cache miss)
4635 http fetch GET 200 https://registry.npmjs.org/uuid/-/uuid-8.3.2.tgz 62545ms (cache miss)
4636 silly packumentCache corgi:https://registry.npmjs.org/@segment%2fajv-human-errors cache-miss
4637 http fetch GET 200 https://registry.npmjs.org/entities/-/entities-4.5.0.tgz 63024ms (cache miss)
4638 http fetch GET 200 https://registry.npmjs.org/uuid/-/uuid-8.3.2.tgz 62994ms (cache miss)
4639 http fetch GET 200 https://registry.npmjs.org/node-forge/-/node-forge-1.4.0.tgz 65723ms (cache miss)
4640 http fetch GET 200 https://registry.npmjs.org/expo-linear-gradient/-/expo-linear-gradient-15.0.8.tgz 65668ms (cache miss)
4641 http fetch GET 200 https://registry.npmjs.org/uuid/-/uuid-9.0.1.tgz 65803ms (cache miss)
4642 http fetch GET 200 https://registry.npmjs.org/pngjs/-/pngjs-5.0.0.tgz 65782ms (cache miss)
4643 http fetch GET 200 https://registry.npmjs.org/glob/-/glob-10.5.0.tgz 65899ms (cache miss)
4644 http fetch GET 200 https://registry.npmjs.org/glob/-/glob-10.5.0.tgz 65951ms (cache miss)
4645 http fetch GET 200 https://registry.npmjs.org/expo-system-ui/-/expo-system-ui-6.0.9.tgz 66185ms (cache miss)
4646 warn deprecated glob@10.5.0: Old versions of glob are not supported, and contain widely publicized security vulnerabilities, which have been fixed in the current version. Please update. Support for old versions may be purchased (at exorbitant rates) by contacting i@izs.me
4647 warn deprecated glob@10.5.0: Old versions of glob are not supported, and contain widely publicized security vulnerabilities, which have been fixed in the current version. Please update. Support for old versions may be purchased (at exorbitant rates) by contacting i@izs.me
4648 http fetch GET 200 https://registry.npmjs.org/domino/-/domino-2.1.7.tgz 66235ms (cache miss)
4649 http fetch GET 200 https://registry.npmjs.org/glob/-/glob-10.5.0.tgz 66141ms (cache miss)
4650 warn deprecated glob@10.5.0: Old versions of glob are not supported, and contain widely publicized security vulnerabilities, which have been fixed in the current version. Please update. Support for old versions may be purchased (at exorbitant rates) by contacting i@izs.me
4651 http fetch GET 200 https://registry.npmjs.org/expo-web-browser/-/expo-web-browser-15.0.10.tgz 66467ms (cache miss)
4652 http fetch GET 200 https://registry.npmjs.org/@segment%2fajv-human-errors 3881ms (cache miss)
4653 silly packumentCache corgi:https://registry.npmjs.org/@segment%2fajv-human-errors set size:undefined disposed:false
4654 http fetch GET 200 https://registry.npmjs.org/glob/-/glob-13.0.6.tgz 67227ms (cache miss)
4655 http fetch GET 200 https://registry.npmjs.org/uuid/-/uuid-9.0.1.tgz 67153ms (cache miss)
4656 http fetch GET 200 https://registry.npmjs.org/@napi-rs/wasm-runtime/-/wasm-runtime-0.2.12.tgz 67746ms (cache miss)
4657 http fetch GET 200 https://registry.npmjs.org/metro-file-map/-/metro-file-map-0.83.3.tgz 67993ms (cache miss)
4658 silly packumentCache corgi:https://registry.npmjs.org/@expo%2fcode-signing-certificates cache-miss
4659 http fetch GET 200 https://registry.npmjs.org/@sentry/types/-/types-7.77.0.tgz 68566ms (cache miss)
4660 http fetch GET 200 https://registry.npmjs.org/@react-native-async-storage/async-storage/-/async-storage-2.2.0.tgz 69469ms (cache miss)
4661 http fetch GET 200 https://registry.npmjs.org/@react-native-google-signin/google-signin/-/google-signin-16.1.2.tgz 69885ms (cache miss)
4662 http fetch GET 200 https://registry.npmjs.org/@expo%2fcode-signing-certificates 1520ms (cache miss)
4663 silly packumentCache corgi:https://registry.npmjs.org/@expo%2fcode-signing-certificates set size:undefined disposed:false
4664 http fetch GET 200 https://registry.npmjs.org/node-forge/-/node-forge-1.3.1.tgz 69625ms (cache miss)
4665 http fetch GET 200 https://registry.npmjs.org/jsx-ast-utils/-/jsx-ast-utils-3.3.5.tgz 70110ms (cache miss)
4666 http fetch GET 200 https://registry.npmjs.org/@egjs/hammerjs/-/hammerjs-2.0.17.tgz 70381ms (cache miss)
4667 http fetch GET 200 https://registry.npmjs.org/hermes-parser/-/hermes-parser-0.29.1.tgz 70174ms (cache miss)
4668 http fetch GET 200 https://registry.npmjs.org/expo-linking/-/expo-linking-8.0.11.tgz 70378ms (cache miss)
4669 http fetch GET 200 https://registry.npmjs.org/ajv/-/ajv-6.14.0.tgz 70589ms (cache miss)
4670 http fetch GET 200 https://registry.npmjs.org/@react-navigation/native/-/native-7.2.2.tgz 71203ms (cache miss)
4671 silly packumentCache corgi:https://registry.npmjs.org/@expo%2fconfig-plugins cache-miss
4672 http fetch GET 200 https://registry.npmjs.org/ts-node/-/ts-node-10.9.2.tgz 71892ms (cache miss)
4673 http fetch GET 200 https://registry.npmjs.org/@react-navigation/bottom-tabs/-/bottom-tabs-7.15.9.tgz 72065ms (cache miss)
4674 http fetch GET 200 https://registry.npmjs.org/hermes-parser/-/hermes-parser-0.32.0.tgz 71555ms (cache miss)
4675 http fetch GET 200 https://registry.npmjs.org/hermes-parser/-/hermes-parser-0.32.0.tgz 71573ms (cache miss)
4676 http fetch GET 200 https://registry.npmjs.org/resolve/-/resolve-2.0.0-next.6.tgz 72227ms (cache miss)
4677 http fetch GET 200 https://registry.npmjs.org/css-select/-/css-select-5.2.2.tgz 72288ms (cache miss)
4678 http fetch GET 200 https://registry.npmjs.org/@babel/core/-/core-7.29.0.tgz 72724ms (cache miss)
4679 http fetch GET 200 https://registry.npmjs.org/@oclif/core/-/core-4.10.5.tgz 72847ms (cache miss)
4680 http fetch GET 200 https://registry.npmjs.org/resolve/-/resolve-1.22.11.tgz 72436ms (cache miss)
4681 http fetch GET 200 https://registry.npmjs.org/expo-image-picker/-/expo-image-picker-55.0.16.tgz 72799ms (cache miss)
4682 http fetch GET 200 https://registry.npmjs.org/resolve/-/resolve-1.22.11.tgz 72855ms (cache miss)
4683 http fetch GET 200 https://registry.npmjs.org/@expo%2fconfig-plugins 1952ms (cache miss)
4684 silly packumentCache corgi:https://registry.npmjs.org/@expo%2fconfig-plugins set size:undefined disposed:false
4685 http fetch GET 200 https://registry.npmjs.org/react-native-qrcode-svg/-/react-native-qrcode-svg-6.3.21.tgz 74074ms (cache miss)
4686 silly packumentCache corgi:https://registry.npmjs.org/@expo%2fprebuild-config cache-miss
4687 silly packumentCache corgi:https://registry.npmjs.org/@expo%2fconfig cache-miss
4688 http fetch GET 200 https://registry.npmjs.org/@expo/metro-config/-/metro-config-54.0.14.tgz 74960ms (cache miss)
4689 http fetch GET 200 https://registry.npmjs.org/@expo/prebuild-config/-/prebuild-config-54.0.8.tgz 75033ms (cache miss)
4690 http fetch GET 200 https://registry.npmjs.org/react-dom/-/react-dom-19.1.0.tgz 75014ms (cache miss)
4691 http fetch GET 200 https://registry.npmjs.org/es-iterator-helpers/-/es-iterator-helpers-1.3.1.tgz 75197ms (cache miss)
4692 http fetch GET 200 https://registry.npmjs.org/expo-font/-/expo-font-14.0.11.tgz 75412ms (cache miss)
4693 http fetch GET 200 https://registry.npmjs.org/@expo/metro-runtime/-/metro-runtime-6.1.2.tgz 75924ms (cache miss)
4694 http fetch GET 200 https://registry.npmjs.org/expo-location/-/expo-location-19.0.8.tgz 75613ms (cache miss)
4695 http fetch GET 200 https://registry.npmjs.org/async/-/async-3.2.6.tgz 75733ms (cache miss)
4696 http fetch GET 200 https://registry.npmjs.org/rimraf/-/rimraf-5.0.10.tgz 75660ms (cache miss)
4697 http fetch GET 200 https://registry.npmjs.org/@oclif/core/-/core-2.16.0.tgz 75774ms (cache miss)
4698 http fetch GET 200 https://registry.npmjs.org/@react-native/codegen/-/codegen-0.81.5.tgz 76339ms (cache miss)
4699 http fetch GET 200 https://registry.npmjs.org/css-tree/-/css-tree-1.1.3.tgz 75948ms (cache miss)
4700 http fetch GET 200 https://registry.npmjs.org/@oclif/core/-/core-2.16.0.tgz 75990ms (cache miss)
4701 http fetch GET 200 https://registry.npmjs.org/@expo%2fprebuild-config 1930ms (cache miss)
4702 silly packumentCache corgi:https://registry.npmjs.org/@expo%2fprebuild-config set size:undefined disposed:false
4703 http fetch GET 200 https://registry.npmjs.org/eslint-plugin-import/-/eslint-plugin-import-2.32.0.tgz 76519ms (cache miss)
4704 http fetch GET 200 https://registry.npmjs.org/@expo%2fconfig 2485ms (cache miss)
4705 silly packumentCache corgi:https://registry.npmjs.org/@expo%2fconfig set size:undefined disposed:false
4706 http fetch GET 200 https://registry.npmjs.org/@react-native/gradle-plugin/-/gradle-plugin-0.81.5.tgz 76695ms (cache miss)
4707 http fetch GET 200 https://registry.npmjs.org/expo-asset/-/expo-asset-12.0.12.tgz 76901ms (cache miss)
4708 http fetch GET 200 https://registry.npmjs.org/@expo/prebuild-config/-/prebuild-config-8.0.17.tgz 76805ms (cache miss)
4709 http fetch GET 200 https://registry.npmjs.org/lightningcss-win32-x64-msvc/-/lightningcss-win32-x64-msvc-1.32.0.tgz 77769ms (cache miss)
4710 http fetch GET 200 https://registry.npmjs.org/expo-server/-/expo-server-1.0.5.tgz 78214ms (cache miss)
4711 http fetch GET 200 https://registry.npmjs.org/expo-file-system/-/expo-file-system-19.0.21.tgz 78659ms (cache miss)
4712 http fetch GET 200 https://registry.npmjs.org/react-native-safe-area-context/-/react-native-safe-area-context-5.6.2.tgz 78978ms (cache miss)
4713 http fetch GET 200 https://registry.npmjs.org/@react-navigation/elements/-/elements-2.9.14.tgz 79546ms (cache miss)
4714 http fetch GET 200 https://registry.npmjs.org/undici/-/undici-6.24.1.tgz 79729ms (cache miss)
4715 http fetch GET 200 https://registry.npmjs.org/@babel/types/-/types-7.29.0.tgz 80768ms (cache miss)
4716 http fetch GET 200 https://registry.npmjs.org/sucrase/-/sucrase-3.35.1.tgz 80981ms (cache miss)
4717 http fetch GET 200 https://registry.npmjs.org/@sentry/node/-/node-7.77.0.tgz 81713ms (cache miss)
4718 http fetch GET 200 https://registry.npmjs.org/@babel/runtime/-/runtime-7.29.2.tgz 81775ms (cache miss)
4719 http fetch GET 200 https://registry.npmjs.org/@sentry-internal/tracing/-/tracing-7.77.0.tgz 81944ms (cache miss)
4720 http fetch GET 200 https://registry.npmjs.org/react-native-maps/-/react-native-maps-1.20.1.tgz 82221ms (cache miss)
4721 http fetch GET 200 https://registry.npmjs.org/sucrase/-/sucrase-3.35.0.tgz 82083ms (cache miss)
4722 http fetch GET 200 https://registry.npmjs.org/@babel/helpers/-/helpers-7.29.2.tgz 83015ms (cache miss)
4723 http fetch GET 200 https://registry.npmjs.org/yaml/-/yaml-2.8.3.tgz 83130ms (cache miss)
4724 http fetch GET 200 https://registry.npmjs.org/fbjs/-/fbjs-3.0.5.tgz 83393ms (cache miss)
4725 http fetch GET 200 https://registry.npmjs.org/@sentry/core/-/core-7.77.0.tgz 84178ms (cache miss)
4726 http fetch GET 200 https://registry.npmjs.org/@expo/config-plugins/-/config-plugins-54.0.4.tgz 84412ms (cache miss)
4727 http fetch GET 200 https://registry.npmjs.org/expo-modules-autolinking/-/expo-modules-autolinking-3.0.24.tgz 84489ms (cache miss)
4728 http fetch GET 200 https://registry.npmjs.org/tar/-/tar-7.5.7.tgz 84585ms (cache miss)
4729 warn deprecated tar@7.5.7: Old versions of tar are not supported, and contain widely publicized security vulnerabilities, which have been fixed in the current version. Please update. Support for old versions may be purchased (at exorbitant rates) by contacting i@izs.me
4730 http fetch GET 200 https://registry.npmjs.org/expo-image/-/expo-image-3.0.11.tgz 84966ms (cache miss)
4731 http fetch GET 200 https://registry.npmjs.org/yaml/-/yaml-2.6.0.tgz 84841ms (cache miss)
4732 http fetch GET 200 https://registry.npmjs.org/tar/-/tar-7.5.13.tgz 85299ms (cache miss)
4733 http fetch GET 200 https://registry.npmjs.org/react-devtools-core/-/react-devtools-core-6.1.5.tgz 85773ms (cache miss)
4734 http fetch GET 200 https://registry.npmjs.org/@expo/config-plugins/-/config-plugins-9.0.17.tgz 85720ms (cache miss)
4735 http fetch GET 200 https://registry.npmjs.org/@expo/config-plugins/-/config-plugins-55.0.7.tgz 86168ms (cache miss)
4736 http fetch GET 200 https://registry.npmjs.org/@sentry/utils/-/utils-7.77.0.tgz 86776ms (cache miss)
4737 http fetch GET 200 https://registry.npmjs.org/@expo/vector-icons/-/vector-icons-15.1.1.tgz 86942ms (cache miss)
4738 http fetch GET 200 https://registry.npmjs.org/@typescript-eslint/scope-manager/-/scope-manager-8.58.0.tgz 87123ms (cache miss)
4739 http fetch GET 200 https://registry.npmjs.org/react-native-razorpay/-/react-native-razorpay-2.3.1.tgz 87753ms (cache miss)
4740 http fetch GET 200 https://registry.npmjs.org/@react-navigation/core/-/core-7.17.2.tgz 88715ms (cache miss)
4741 http fetch GET 200 https://registry.npmjs.org/metro/-/metro-0.83.3.tgz 88512ms (cache miss)
4742 http fetch GET 200 https://registry.npmjs.org/react-native-worklets/-/react-native-worklets-0.5.1.tgz 89585ms (cache miss)
4743 http fetch GET 200 https://registry.npmjs.org/graphql/-/graphql-16.8.1.tgz 90435ms (cache miss)
4744 http fetch GET 200 https://registry.npmjs.org/expo/-/expo-54.0.33.tgz 90607ms (cache miss)
4745 http fetch GET 200 https://registry.npmjs.org/eslint-plugin-react/-/eslint-plugin-react-7.37.5.tgz 90657ms (cache miss)
4746 http fetch GET 200 https://registry.npmjs.org/@expo/metro/-/metro-54.2.0.tgz 91324ms (cache miss)
4747 http fetch GET 200 https://registry.npmjs.org/@typescript-eslint/eslint-plugin/-/eslint-plugin-8.58.0.tgz 91865ms (cache miss)
4748 http fetch GET 200 https://registry.npmjs.org/regenerate-unicode-properties/-/regenerate-unicode-properties-10.2.2.tgz 92045ms (cache miss)
4749 http fetch GET 200 https://registry.npmjs.org/eslint/-/eslint-9.39.4.tgz 92638ms (cache miss)
4750 http fetch GET 200 https://registry.npmjs.org/ajv/-/ajv-8.18.0.tgz 93091ms (cache miss)
4751 http fetch GET 200 https://registry.npmjs.org/ajv/-/ajv-8.11.0.tgz 93229ms (cache miss)
4752 http fetch GET 200 https://registry.npmjs.org/typescript/-/typescript-5.9.3.tgz 93802ms (cache miss)
4753 http fetch GET 200 https://registry.npmjs.org/moment/-/moment-2.30.1.tgz 95624ms (cache miss)
4754 http fetch GET 200 https://registry.npmjs.org/zod/-/zod-4.3.6.tgz 98913ms (cache miss)
4755 http fetch GET 200 https://registry.npmjs.org/expo-router/-/expo-router-6.0.23.tgz 100502ms (cache miss)
4756 http fetch GET 200 https://registry.npmjs.org/caniuse-lite/-/caniuse-lite-1.0.30001785.tgz 100808ms (cache miss)
4757 http fetch GET 200 https://registry.npmjs.org/expo-modules-core/-/expo-modules-core-3.0.29.tgz 105908ms (cache miss)
4758 http fetch GET 200 https://registry.npmjs.org/@expo/cli/-/cli-54.0.23.tgz 111195ms (cache miss)
4759 http fetch GET 200 https://registry.npmjs.org/react-native-screens/-/react-native-screens-4.16.0.tgz 112858ms (cache miss)
4760 http fetch GET 200 https://registry.npmjs.org/react-native-web/-/react-native-web-0.21.2.tgz 113242ms (cache miss)
4761 http fetch GET 200 https://registry.npmjs.org/eas-cli/-/eas-cli-18.5.0.tgz 113759ms (cache miss)
4762 http fetch GET 200 https://registry.npmjs.org/@react-native/debugger-frontend/-/debugger-frontend-0.81.5.tgz 114473ms (cache miss)
4763 http fetch GET 200 https://registry.npmjs.org/react-native-gesture-handler/-/react-native-gesture-handler-2.28.0.tgz 114445ms (cache miss)
4764 http fetch GET 200 https://registry.npmjs.org/react-native-svg/-/react-native-svg-15.15.4.tgz 117221ms (cache miss)
4765 http fetch GET 200 https://registry.npmjs.org/react-native-reanimated/-/react-native-reanimated-4.1.7.tgz 120179ms (cache miss)
4766 http fetch GET 200 https://registry.npmjs.org/es-abstract/-/es-abstract-1.24.1.tgz 121483ms (cache miss)
4767 http fetch GET 200 https://registry.npmjs.org/react-native/-/react-native-0.81.5.tgz 141107ms (cache miss)
4768 info run dtrace-provider@0.8.8 install node_modules/dtrace-provider node-gyp rebuild || node suppress-error.js
4769 info run dtrace-provider@0.8.8 install { code: 0, signal: null }
4770 info run unrs-resolver@1.11.1 postinstall node_modules/unrs-resolver napi-postinstall unrs-resolver 1.11.1 check
4771 info run unrs-resolver@1.11.1 postinstall { code: 0, signal: null }
4772 silly CHANGE node_modules/@xmldom/xmldom
4773 silly CHANGE node_modules/@urql/exchange-retry
4774 silly CHANGE node_modules/@urql/core
4775 silly CHANGE node_modules/@unrs/resolver-binding-win32-x64-msvc
4776 silly CHANGE node_modules/@unrs/resolver-binding-win32-ia32-msvc
4777 silly CHANGE node_modules/@unrs/resolver-binding-win32-arm64-msvc
4778 silly CHANGE node_modules/@unrs/resolver-binding-wasm32-wasi
4779 silly CHANGE node_modules/@unrs/resolver-binding-linux-x64-musl
4780 silly CHANGE node_modules/@unrs/resolver-binding-linux-x64-gnu
4781 silly CHANGE node_modules/@unrs/resolver-binding-linux-s390x-gnu
4782 silly CHANGE node_modules/@unrs/resolver-binding-linux-riscv64-musl
4783 silly CHANGE node_modules/@unrs/resolver-binding-linux-riscv64-gnu
4784 silly CHANGE node_modules/@unrs/resolver-binding-linux-ppc64-gnu
4785 silly CHANGE node_modules/@unrs/resolver-binding-linux-arm64-musl
4786 silly CHANGE node_modules/@unrs/resolver-binding-linux-arm64-gnu
4787 silly CHANGE node_modules/@unrs/resolver-binding-linux-arm-musleabihf
4788 silly CHANGE node_modules/@unrs/resolver-binding-linux-arm-gnueabihf
4789 silly CHANGE node_modules/@unrs/resolver-binding-freebsd-x64
4790 silly CHANGE node_modules/@unrs/resolver-binding-darwin-x64
4791 silly CHANGE node_modules/@unrs/resolver-binding-darwin-arm64
4792 silly CHANGE node_modules/@unrs/resolver-binding-android-arm64
4793 silly CHANGE node_modules/@unrs/resolver-binding-android-arm-eabi
4794 silly CHANGE node_modules/@ungap/structured-clone
4795 silly CHANGE node_modules/@typescript-eslint/visitor-keys
4796 silly CHANGE node_modules/@typescript-eslint/visitor-keys/node_modules/eslint-visitor-keys
4797 silly CHANGE node_modules/@typescript-eslint/utils
4798 silly CHANGE node_modules/@typescript-eslint/typescript-estree
4799 silly CHANGE node_modules/@typescript-eslint/typescript-estree/node_modules/semver
4800 silly CHANGE node_modules/@typescript-eslint/typescript-estree/node_modules/minimatch
4801 silly CHANGE node_modules/@typescript-eslint/typescript-estree/node_modules/brace-expansion
4802 silly CHANGE node_modules/@typescript-eslint/typescript-estree/node_modules/balanced-match
4803 silly CHANGE node_modules/@typescript-eslint/types
4804 silly CHANGE node_modules/@typescript-eslint/type-utils
4805 silly CHANGE node_modules/@typescript-eslint/tsconfig-utils
4806 silly CHANGE node_modules/@typescript-eslint/scope-manager
4807 silly CHANGE node_modules/@typescript-eslint/project-service
4808 silly CHANGE node_modules/@typescript-eslint/parser
4809 silly CHANGE node_modules/@typescript-eslint/eslint-plugin
4810 silly CHANGE node_modules/@typescript-eslint/eslint-plugin/node_modules/ignore
4811 silly CHANGE node_modules/@types/yargs-parser
4812 silly CHANGE node_modules/@types/yargs
4813 silly CHANGE node_modules/@types/stack-utils
4814 silly CHANGE node_modules/@types/react
4815 silly CHANGE node_modules/@types/node
4816 silly CHANGE node_modules/@types/json5
4817 silly CHANGE node_modules/@types/json-schema
4818 silly CHANGE node_modules/@types/istanbul-reports
4819 silly CHANGE node_modules/@types/istanbul-lib-report
4820 silly CHANGE node_modules/@types/istanbul-lib-coverage
4821 silly CHANGE node_modules/@types/hammerjs
4822 silly CHANGE node_modules/@types/graceful-fs
4823 silly CHANGE node_modules/@types/geojson
4824 silly CHANGE node_modules/@types/estree
4825 silly CHANGE node_modules/@types/cli-progress
4826 silly CHANGE node_modules/@types/bunyan
4827 silly CHANGE node_modules/@types/babel__traverse
4828 silly CHANGE node_modules/@types/babel__template
4829 silly CHANGE node_modules/@types/babel__generator
4830 silly CHANGE node_modules/@types/babel__core
4831 silly CHANGE node_modules/@tybys/wasm-util
4832 silly CHANGE node_modules/@tsconfig/node16
4833 silly CHANGE node_modules/@tsconfig/node14
4834 silly CHANGE node_modules/@tsconfig/node12
4835 silly CHANGE node_modules/@tsconfig/node10
4836 silly CHANGE node_modules/@sinonjs/fake-timers
4837 silly CHANGE node_modules/@sinonjs/commons
4838 silly CHANGE node_modules/@sinclair/typebox
4839 silly CHANGE node_modules/@sideway/pinpoint
4840 silly CHANGE node_modules/@sideway/formula
4841 silly CHANGE node_modules/@sideway/address
4842 silly CHANGE node_modules/@sentry-internal/tracing
4843 silly CHANGE node_modules/@sentry/utils
4844 silly CHANGE node_modules/@sentry/types
4845 silly CHANGE node_modules/@sentry/node
4846 silly CHANGE node_modules/@sentry/node/node_modules/https-proxy-agent
4847 silly CHANGE node_modules/@sentry/node/node_modules/agent-base
4848 silly CHANGE node_modules/@sentry/core
4849 silly CHANGE node_modules/@segment/loosely-validate-event
4850 silly CHANGE node_modules/@rtsao/scc
4851 silly CHANGE node_modules/@react-navigation/routers
4852 silly CHANGE node_modules/@react-navigation/native-stack
4853 silly CHANGE node_modules/@react-navigation/native
4854 silly CHANGE node_modules/@react-navigation/elements
4855 silly CHANGE node_modules/@react-navigation/core
4856 silly CHANGE node_modules/@react-navigation/bottom-tabs
4857 silly CHANGE node_modules/@react-native-google-signin/google-signin
4858 silly CHANGE node_modules/@react-native-community/datetimepicker
4859 silly CHANGE node_modules/@react-native-async-storage/async-storage
4860 silly CHANGE node_modules/@react-native/normalize-colors
4861 silly CHANGE node_modules/@react-native/js-polyfills
4862 silly CHANGE node_modules/@react-native/dev-middleware
4863 silly CHANGE node_modules/@react-native/dev-middleware/node_modules/ws
4864 silly CHANGE node_modules/@react-native/debugger-frontend
4865 silly CHANGE node_modules/@react-native/community-cli-plugin
4866 silly CHANGE node_modules/@react-native/community-cli-plugin/node_modules/semver
4867 silly CHANGE node_modules/@react-native/codegen
4868 silly CHANGE node_modules/@react-native/codegen/node_modules/glob
4869 silly CHANGE node_modules/@react-native/babel-preset
4870 silly CHANGE node_modules/@react-native/babel-plugin-codegen
4871 silly CHANGE node_modules/@react-native/assets-registry
4872 silly CHANGE node_modules/@radix-ui/react-use-layout-effect
4873 silly CHANGE node_modules/@radix-ui/react-use-escape-keydown
4874 silly CHANGE node_modules/@radix-ui/react-use-effect-event
4875 silly CHANGE node_modules/@radix-ui/react-slot
4876 silly CHANGE node_modules/@radix-ui/react-use-controllable-state
4877 silly CHANGE node_modules/@radix-ui/react-use-callback-ref
4878 silly CHANGE node_modules/@radix-ui/react-id
4879 silly CHANGE node_modules/@radix-ui/react-focus-guards
4880 silly CHANGE node_modules/@radix-ui/react-direction
4881 silly CHANGE node_modules/@radix-ui/react-context
4882 silly CHANGE node_modules/@radix-ui/react-compose-refs
4883 silly CHANGE node_modules/@radix-ui/primitive
4884 silly CHANGE node_modules/@pkgjs/parseargs
4885 silly CHANGE node_modules/@oclif/plugin-autocomplete
4886 silly CHANGE node_modules/@oclif/core
4887 silly CHANGE node_modules/@oclif/core/node_modules/supports-color
4888 silly CHANGE node_modules/@oclif/core/node_modules/semver
4889 silly CHANGE node_modules/@oclif/core/node_modules/minimatch
4890 silly CHANGE node_modules/@oclif/core/node_modules/brace-expansion
4891 silly CHANGE node_modules/@oclif/core/node_modules/balanced-match
4892 silly CHANGE node_modules/@nolyfill/is-core-module
4893 silly CHANGE node_modules/@nodelib/fs.walk
4894 silly CHANGE node_modules/@nodelib/fs.stat
4895 silly CHANGE node_modules/@nodelib/fs.scandir
4896 silly CHANGE node_modules/@napi-rs/wasm-runtime
4897 silly CHANGE node_modules/@jridgewell/trace-mapping
4898 silly CHANGE node_modules/@jridgewell/sourcemap-codec
4899 silly CHANGE node_modules/@jridgewell/source-map
4900 silly CHANGE node_modules/@jridgewell/resolve-uri
4901 silly CHANGE node_modules/@jridgewell/remapping
4902 silly CHANGE node_modules/@jridgewell/gen-mapping
4903 silly CHANGE node_modules/@jest/types
4904 silly CHANGE node_modules/@jest/transform
4905 silly CHANGE node_modules/@jest/schemas
4906 silly CHANGE node_modules/@jest/fake-timers
4907 silly CHANGE node_modules/@jest/environment
4908 silly CHANGE node_modules/@jest/create-cache-key-function
4909 silly CHANGE node_modules/@istanbuljs/schema
4910 silly CHANGE node_modules/@istanbuljs/load-nyc-config
4911 silly CHANGE node_modules/@istanbuljs/load-nyc-config/node_modules/p-locate
4912 silly CHANGE node_modules/@istanbuljs/load-nyc-config/node_modules/p-limit
4913 silly CHANGE node_modules/@istanbuljs/load-nyc-config/node_modules/locate-path
4914 silly CHANGE node_modules/@istanbuljs/load-nyc-config/node_modules/js-yaml
4915 silly CHANGE node_modules/@istanbuljs/load-nyc-config/node_modules/find-up
4916 silly CHANGE node_modules/@istanbuljs/load-nyc-config/node_modules/camelcase
4917 silly CHANGE node_modules/@istanbuljs/load-nyc-config/node_modules/argparse
4918 silly CHANGE node_modules/@isaacs/ttlcache
4919 silly CHANGE node_modules/@isaacs/fs-minipass
4920 silly CHANGE node_modules/@isaacs/cliui
4921 silly CHANGE node_modules/@isaacs/cliui/node_modules/wrap-ansi
4922 silly CHANGE node_modules/@isaacs/cliui/node_modules/strip-ansi
4923 silly CHANGE node_modules/@isaacs/cliui/node_modules/string-width
4924 silly CHANGE node_modules/@isaacs/cliui/node_modules/emoji-regex
4925 silly CHANGE node_modules/@isaacs/cliui/node_modules/ansi-styles
4926 silly CHANGE node_modules/@isaacs/cliui/node_modules/ansi-regex
4927 silly CHANGE node_modules/@humanwhocodes/retry
4928 silly CHANGE node_modules/@humanwhocodes/module-importer
4929 silly CHANGE node_modules/@humanfs/node
4930 silly CHANGE node_modules/@humanfs/core
4931 silly CHANGE node_modules/@hapi/topo
4932 silly CHANGE node_modules/@hapi/hoek
4933 silly CHANGE node_modules/@expo/xcpretty
4934 silly CHANGE node_modules/@expo/ws-tunnel
4935 silly CHANGE node_modules/@expo/vector-icons
4936 silly CHANGE node_modules/@expo/timeago.js
4937 silly CHANGE node_modules/@expo/sudo-prompt
4938 silly CHANGE node_modules/@expo/steps
4939 silly CHANGE node_modules/@expo/steps/node_modules/uuid
4940 silly CHANGE node_modules/@expo/steps/node_modules/joi
4941 silly CHANGE node_modules/@expo/spawn-async
4942 silly CHANGE node_modules/@expo/sdk-runtime-versions
4943 silly CHANGE node_modules/@expo/schema-utils
4944 silly CHANGE node_modules/@expo/rudder-sdk-node
4945 silly CHANGE node_modules/@expo/rudder-sdk-node/node_modules/uuid
4946 silly CHANGE node_modules/@expo/results
4947 silly CHANGE node_modules/@expo/require-utils
4948 silly CHANGE node_modules/@expo/prebuild-config
4949 silly CHANGE node_modules/@expo/prebuild-config/node_modules/semver
4950 silly CHANGE node_modules/@expo/plugin-warn-if-update-available
4951 silly CHANGE node_modules/@expo/plugin-warn-if-update-available/node_modules/@oclif/core
4952 silly CHANGE node_modules/@expo/plugin-warn-if-update-available/node_modules/supports-color
4953 silly CHANGE node_modules/@expo/plugin-warn-if-update-available/node_modules/semver
4954 silly CHANGE node_modules/@expo/plugin-warn-if-update-available/node_modules/js-yaml
4955 silly CHANGE node_modules/@expo/plugin-warn-if-update-available/node_modules/fs-extra
4956 silly CHANGE node_modules/@expo/plugin-warn-if-update-available/node_modules/argparse
4957 silly CHANGE node_modules/@expo/plugin-help
4958 silly CHANGE node_modules/@expo/plugin-help/node_modules/@oclif/core
4959 silly CHANGE node_modules/@expo/plugin-help/node_modules/supports-color
4960 silly CHANGE node_modules/@expo/plugin-help/node_modules/js-yaml
4961 silly CHANGE node_modules/@expo/plugin-help/node_modules/argparse
4962 silly CHANGE node_modules/@expo/plist
4963 silly CHANGE node_modules/@expo/pkcs12
4964 silly CHANGE node_modules/@expo/package-manager
4965 silly CHANGE node_modules/@expo/osascript
4966 silly CHANGE node_modules/@expo/multipart-body-parser
4967 silly CHANGE node_modules/@expo/metro-runtime
4968 silly CHANGE node_modules/@expo/metro-config
4969 silly CHANGE node_modules/@expo/metro-config/node_modules/minimatch
4970 silly CHANGE node_modules/@expo/metro-config/node_modules/brace-expansion
4971 silly CHANGE node_modules/@expo/metro
4972 silly CHANGE node_modules/@expo/logger
4973 silly CHANGE node_modules/@expo/json-file
4974 silly CHANGE node_modules/@expo/image-utils
4975 silly CHANGE node_modules/@expo/image-utils/node_modules/semver
4976 silly CHANGE node_modules/@expo/fingerprint
4977 silly CHANGE node_modules/@expo/fingerprint/node_modules/semver
4978 silly CHANGE node_modules/@expo/fingerprint/node_modules/minimatch
4979 silly CHANGE node_modules/@expo/fingerprint/node_modules/brace-expansion
4980 silly CHANGE node_modules/@expo/env
4981 silly CHANGE node_modules/@expo/eas-json
4982 silly CHANGE node_modules/@expo/eas-json/node_modules/@babel/code-frame
4983 silly CHANGE node_modules/@expo/eas-json/node_modules/@babel/code-frame/node_modules/chalk
4984 silly CHANGE node_modules/@expo/eas-json/node_modules/yallist
4985 silly CHANGE node_modules/@expo/eas-json/node_modules/tslib
4986 silly CHANGE node_modules/@expo/eas-json/node_modules/supports-color
4987 silly CHANGE node_modules/@expo/eas-json/node_modules/semver
4988 silly CHANGE node_modules/@expo/eas-json/node_modules/lru-cache
4989 silly CHANGE node_modules/@expo/eas-json/node_modules/log-symbols
4990 silly CHANGE node_modules/@expo/eas-json/node_modules/has-flag
4991 silly CHANGE node_modules/@expo/eas-json/node_modules/escape-string-regexp
4992 silly CHANGE node_modules/@expo/eas-json/node_modules/color-name
4993 silly CHANGE node_modules/@expo/eas-json/node_modules/color-convert
4994 silly CHANGE node_modules/@expo/eas-json/node_modules/ansi-styles
4995 silly CHANGE node_modules/@expo/eas-build-job
4996 silly CHANGE node_modules/@expo/eas-build-job/node_modules/semver
4997 silly CHANGE node_modules/@expo/eas-build-job/node_modules/joi
4998 silly CHANGE node_modules/@expo/devtools
4999 silly CHANGE node_modules/@expo/devcert
5000 silly CHANGE node_modules/@expo/devcert/node_modules/debug
5001 silly CHANGE node_modules/@expo/config-types
5002 silly CHANGE node_modules/@expo/config-plugins
5003 silly CHANGE node_modules/@expo/config-plugins/node_modules/semver
5004 silly CHANGE node_modules/@expo/config
5005 silly CHANGE node_modules/@expo/config/node_modules/@babel/code-frame
5006 silly CHANGE node_modules/@expo/config/node_modules/semver
5007 silly CHANGE node_modules/@expo/code-signing-certificates
5008 silly CHANGE node_modules/@expo/bunyan
5009 silly CHANGE node_modules/@expo/bunyan/node_modules/uuid
5010 silly CHANGE node_modules/@expo/apple-utils
5011 silly CHANGE node_modules/@eslint-community/eslint-utils
5012 silly CHANGE node_modules/@eslint-community/eslint-utils/node_modules/eslint-visitor-keys
5013 silly CHANGE node_modules/@eslint-community/regexpp
5014 silly CHANGE node_modules/@eslint/plugin-kit
5015 silly CHANGE node_modules/@eslint/object-schema
5016 silly CHANGE node_modules/@eslint/js
5017 silly CHANGE node_modules/@eslint/eslintrc
5018 silly CHANGE node_modules/@eslint/core
5019 silly CHANGE node_modules/@eslint/config-helpers
5020 silly CHANGE node_modules/@eslint/config-array
5021 silly CHANGE node_modules/@emnapi/wasi-threads
5022 silly CHANGE node_modules/@emnapi/runtime
5023 silly CHANGE node_modules/@emnapi/core
5024 silly CHANGE node_modules/@egjs/hammerjs
5025 silly CHANGE node_modules/@cspotcode/source-map-support
5026 silly CHANGE node_modules/@cspotcode/source-map-support/node_modules/@jridgewell/trace-mapping
5027 silly CHANGE node_modules/@babel/types
5028 silly CHANGE node_modules/@babel/traverse--for-generate-function-map
5029 silly CHANGE node_modules/@babel/traverse
5030 silly CHANGE node_modules/@babel/template
5031 silly CHANGE node_modules/@babel/runtime
5032 silly CHANGE node_modules/@babel/preset-typescript
5033 silly CHANGE node_modules/@babel/preset-react
5034 silly CHANGE node_modules/@babel/plugin-transform-unicode-regex
5035 silly CHANGE node_modules/@babel/plugin-transform-typescript
5036 silly CHANGE node_modules/@babel/plugin-transform-template-literals
5037 silly CHANGE node_modules/@babel/plugin-transform-sticky-regex
5038 silly CHANGE node_modules/@babel/plugin-transform-spread
5039 silly CHANGE node_modules/@babel/plugin-transform-shorthand-properties
5040 silly CHANGE node_modules/@babel/plugin-transform-runtime
5041 silly CHANGE node_modules/@babel/plugin-transform-regenerator
5042 silly CHANGE node_modules/@babel/plugin-transform-react-pure-annotations
5043 silly CHANGE node_modules/@babel/plugin-transform-react-jsx-source
5044 silly CHANGE node_modules/@babel/plugin-transform-react-jsx-self
5045 silly CHANGE node_modules/@babel/plugin-transform-react-jsx-development
5046 silly CHANGE node_modules/@babel/plugin-transform-react-jsx
5047 silly CHANGE node_modules/@babel/plugin-transform-react-display-name
5048 silly CHANGE node_modules/@babel/plugin-transform-private-property-in-object
5049 silly CHANGE node_modules/@babel/plugin-transform-private-methods
5050 silly CHANGE node_modules/@babel/plugin-transform-parameters
5051 silly CHANGE node_modules/@babel/plugin-transform-optional-chaining
5052 silly CHANGE node_modules/@babel/plugin-transform-optional-catch-binding
5053 silly CHANGE node_modules/@babel/plugin-transform-object-rest-spread
5054 silly CHANGE node_modules/@babel/plugin-transform-numeric-separator
5055 silly CHANGE node_modules/@babel/plugin-transform-nullish-coalescing-operator
5056 silly CHANGE node_modules/@babel/plugin-transform-named-capturing-groups-regex
5057 silly CHANGE node_modules/@babel/plugin-transform-modules-commonjs
5058 silly CHANGE node_modules/@babel/plugin-transform-logical-assignment-operators
5059 silly CHANGE node_modules/@babel/plugin-transform-literals
5060 silly CHANGE node_modules/@babel/plugin-transform-function-name
5061 silly CHANGE node_modules/@babel/plugin-transform-for-of
5062 silly CHANGE node_modules/@babel/plugin-transform-flow-strip-types
5063 silly CHANGE node_modules/@babel/plugin-transform-export-namespace-from
5064 silly CHANGE node_modules/@babel/plugin-transform-destructuring
5065 silly CHANGE node_modules/@babel/plugin-transform-computed-properties
5066 silly CHANGE node_modules/@babel/plugin-transform-classes
5067 silly CHANGE node_modules/@babel/plugin-transform-class-static-block
5068 silly CHANGE node_modules/@babel/plugin-transform-class-properties
5069 silly CHANGE node_modules/@babel/plugin-transform-block-scoping
5070 silly CHANGE node_modules/@babel/plugin-transform-async-to-generator
5071 silly CHANGE node_modules/@babel/plugin-transform-async-generator-functions
5072 silly CHANGE node_modules/@babel/plugin-transform-arrow-functions
5073 silly CHANGE node_modules/@babel/plugin-syntax-typescript
5074 silly CHANGE node_modules/@babel/plugin-syntax-top-level-await
5075 silly CHANGE node_modules/@babel/plugin-syntax-private-property-in-object
5076 silly CHANGE node_modules/@babel/plugin-syntax-optional-chaining
5077 silly CHANGE node_modules/@babel/plugin-syntax-optional-catch-binding
5078 silly CHANGE node_modules/@babel/plugin-syntax-object-rest-spread
5079 silly CHANGE node_modules/@babel/plugin-syntax-numeric-separator
5080 silly CHANGE node_modules/@babel/plugin-syntax-nullish-coalescing-operator
5081 silly CHANGE node_modules/@babel/plugin-syntax-logical-assignment-operators
5082 silly CHANGE node_modules/@babel/plugin-syntax-jsx
5083 silly CHANGE node_modules/@babel/plugin-syntax-json-strings
5084 silly CHANGE node_modules/@babel/plugin-syntax-import-meta
5085 silly CHANGE node_modules/@babel/plugin-syntax-import-attributes
5086 silly CHANGE node_modules/@babel/plugin-syntax-flow
5087 silly CHANGE node_modules/@babel/plugin-syntax-export-default-from
5088 silly CHANGE node_modules/@babel/plugin-syntax-dynamic-import
5089 silly CHANGE node_modules/@babel/plugin-syntax-decorators
5090 silly CHANGE node_modules/@babel/plugin-syntax-class-static-block
5091 silly CHANGE node_modules/@babel/plugin-syntax-class-properties
5092 silly CHANGE node_modules/@babel/plugin-syntax-bigint
5093 silly CHANGE node_modules/@babel/plugin-syntax-async-generators
5094 silly CHANGE node_modules/@babel/plugin-proposal-export-default-from
5095 silly CHANGE node_modules/@babel/plugin-proposal-decorators
5096 silly CHANGE node_modules/@babel/parser
5097 silly CHANGE node_modules/@babel/highlight
5098 silly CHANGE node_modules/@babel/highlight/node_modules/supports-color
5099 silly CHANGE node_modules/@babel/highlight/node_modules/has-flag
5100 silly CHANGE node_modules/@babel/highlight/node_modules/escape-string-regexp
5101 silly CHANGE node_modules/@babel/highlight/node_modules/color-name
5102 silly CHANGE node_modules/@babel/highlight/node_modules/color-convert
5103 silly CHANGE node_modules/@babel/highlight/node_modules/chalk
5104 silly CHANGE node_modules/@babel/highlight/node_modules/ansi-styles
5105 silly CHANGE node_modules/@babel/helpers
5106 silly CHANGE node_modules/@babel/helper-wrap-function
5107 silly CHANGE node_modules/@babel/helper-validator-option
5108 silly CHANGE node_modules/@babel/helper-validator-identifier
5109 silly CHANGE node_modules/@babel/helper-string-parser
5110 silly CHANGE node_modules/@babel/helper-skip-transparent-expression-wrappers
5111 silly CHANGE node_modules/@babel/helper-replace-supers
5112 silly CHANGE node_modules/@babel/helper-remap-async-to-generator
5113 silly CHANGE node_modules/@babel/helper-plugin-utils
5114 silly CHANGE node_modules/@babel/helper-optimise-call-expression
5115 silly CHANGE node_modules/@babel/helper-module-transforms
5116 silly CHANGE node_modules/@babel/helper-module-imports
5117 silly CHANGE node_modules/@babel/helper-member-expression-to-functions
5118 silly CHANGE node_modules/@babel/helper-globals
5119 silly CHANGE node_modules/@babel/helper-define-polyfill-provider
5120 silly CHANGE node_modules/@babel/helper-define-polyfill-provider/node_modules/resolve
5121 silly CHANGE node_modules/@babel/helper-create-regexp-features-plugin
5122 silly CHANGE node_modules/@babel/helper-create-class-features-plugin
5123 silly CHANGE node_modules/@babel/helper-annotate-as-pure
5124 silly CHANGE node_modules/@babel/helper-compilation-targets
5125 silly CHANGE node_modules/@babel/generator
5126 silly CHANGE node_modules/@babel/core
5127 silly CHANGE node_modules/@babel/compat-data
5128 silly CHANGE node_modules/@babel/code-frame
5129 silly CHANGE node_modules/@0no-co/graphql.web
5130 silly CHANGE node_modules/zod
5131 silly CHANGE node_modules/yocto-queue
5132 silly CHANGE node_modules/yn
5133 silly CHANGE node_modules/yargs-parser
5134 silly CHANGE node_modules/yargs
5135 silly CHANGE node_modules/yaml
5136 silly CHANGE node_modules/yallist
5137 silly CHANGE node_modules/y18n
5138 silly CHANGE node_modules/xmlbuilder
5139 silly CHANGE node_modules/xml2js
5140 silly CHANGE node_modules/xml2js/node_modules/xmlbuilder
5141 silly CHANGE node_modules/xcode
5142 silly CHANGE node_modules/ws
5143 silly CHANGE node_modules/write-file-atomic
5144 silly CHANGE node_modules/wrappy
5145 silly CHANGE node_modules/wrap-ansi-cjs
5146 silly CHANGE node_modules/wrap-ansi
5147 silly CHANGE node_modules/wordwrap
5148 silly CHANGE node_modules/word-wrap
5149 silly CHANGE node_modules/wonka
5150 silly CHANGE node_modules/widest-line
5151 silly CHANGE node_modules/which-typed-array
5152 silly CHANGE node_modules/which-module
5153 silly CHANGE node_modules/which-collection
5154 silly CHANGE node_modules/which-builtin-type
5155 silly CHANGE node_modules/which-boxed-primitive
5156 silly CHANGE node_modules/which
5157 silly CHANGE node_modules/whatwg-url-without-unicode
5158 silly CHANGE node_modules/whatwg-url-without-unicode/node_modules/webidl-conversions
5159 silly CHANGE node_modules/whatwg-url
5160 silly CHANGE node_modules/whatwg-fetch
5161 silly CHANGE node_modules/webidl-conversions
5162 silly CHANGE node_modules/wcwidth
5163 silly CHANGE node_modules/warn-once
5164 silly CHANGE node_modules/walker
5165 silly CHANGE node_modules/vlq
5166 silly CHANGE node_modules/vaul
5167 silly CHANGE node_modules/vaul/node_modules/@radix-ui/react-slot
5168 silly CHANGE node_modules/vaul/node_modules/@radix-ui/react-primitive
5169 silly CHANGE node_modules/vaul/node_modules/@radix-ui/react-presence
5170 silly CHANGE node_modules/vaul/node_modules/@radix-ui/react-portal
5171 silly CHANGE node_modules/vaul/node_modules/@radix-ui/react-focus-scope
5172 silly CHANGE node_modules/vaul/node_modules/@radix-ui/react-dismissable-layer
5173 silly CHANGE node_modules/vaul/node_modules/@radix-ui/react-dialog
5174 silly CHANGE node_modules/vary
5175 silly CHANGE node_modules/validate-npm-package-name
5176 silly CHANGE node_modules/v8-compile-cache-lib
5177 silly CHANGE node_modules/uuid
5178 silly CHANGE node_modules/utils-merge
5179 silly CHANGE node_modules/use-sync-external-store
5180 silly CHANGE node_modules/use-sidecar
5181 silly CHANGE node_modules/use-latest-callback
5182 silly CHANGE node_modules/use-callback-ref
5183 silly CHANGE node_modules/uri-js
5184 silly CHANGE node_modules/update-browserslist-db
5185 silly CHANGE node_modules/untildify
5186 silly CHANGE node_modules/unrs-resolver
5187 silly CHANGE node_modules/unpipe
5188 silly CHANGE node_modules/universalify
5189 silly CHANGE node_modules/unique-string
5190 silly CHANGE node_modules/unicode-property-aliases-ecmascript
5191 silly CHANGE node_modules/unicode-match-property-value-ecmascript
5192 silly CHANGE node_modules/unicode-match-property-ecmascript
5193 silly CHANGE node_modules/unicode-canonical-property-names-ecmascript
5194 silly CHANGE node_modules/undici-types
5195 silly CHANGE node_modules/undici
5196 silly CHANGE node_modules/unbox-primitive
5197 silly CHANGE node_modules/ua-parser-js
5198 silly CHANGE node_modules/typescript
5199 silly CHANGE node_modules/typed-array-length
5200 silly CHANGE node_modules/typed-array-byte-offset
5201 silly CHANGE node_modules/typed-array-byte-length
5202 silly CHANGE node_modules/typed-array-buffer
5203 silly CHANGE node_modules/type-fest
5204 silly CHANGE node_modules/type-detect
5205 silly CHANGE node_modules/type-check
5206 silly CHANGE node_modules/turndown
5207 silly CHANGE node_modules/tunnel-agent
5208 silly CHANGE node_modules/tslib
5209 silly CHANGE node_modules/tsconfig-paths
5210 silly CHANGE node_modules/tsconfig-paths/node_modules/json5
5211 silly CHANGE node_modules/ts-node
5212 silly CHANGE node_modules/ts-node/node_modules/diff
5213 silly CHANGE node_modules/ts-node/node_modules/arg
5214 silly CHANGE node_modules/ts-interface-checker
5215 silly CHANGE node_modules/ts-deepmerge
5216 silly CHANGE node_modules/ts-api-utils
5217 silly CHANGE node_modules/tr46
5218 silly CHANGE node_modules/toidentifier
5219 silly CHANGE node_modules/to-regex-range
5220 silly CHANGE node_modules/tmpl
5221 silly CHANGE node_modules/tinyglobby
5222 silly CHANGE node_modules/tinyglobby/node_modules/picomatch
5223 silly CHANGE node_modules/tinyglobby/node_modules/fdir
5224 silly CHANGE node_modules/throat
5225 silly CHANGE node_modules/thenify-all
5226 silly CHANGE node_modules/thenify
5227 silly CHANGE node_modules/text-encoding
5228 silly CHANGE node_modules/text-decoder
5229 silly CHANGE node_modules/test-exclude
5230 silly CHANGE node_modules/test-exclude/node_modules/glob
5231 silly CHANGE node_modules/terser
5232 silly CHANGE node_modules/terser/node_modules/commander
5233 silly CHANGE node_modules/terminal-link
5234 silly CHANGE node_modules/temp-dir
5235 silly CHANGE node_modules/tar-stream
5236 silly CHANGE node_modules/tar
5237 silly CHANGE node_modules/tar/node_modules/yallist
5238 silly CHANGE node_modules/supports-preserve-symlinks-flag
5239 silly CHANGE node_modules/supports-hyperlinks
5240 silly CHANGE node_modules/supports-color
5241 silly CHANGE node_modules/sucrase
5242 silly CHANGE node_modules/sucrase/node_modules/commander
5243 silly CHANGE node_modules/styleq
5244 silly CHANGE node_modules/structured-headers
5245 silly CHANGE node_modules/strip-json-comments
5246 silly CHANGE node_modules/strip-bom
5247 silly CHANGE node_modules/strip-ansi-cjs
5248 silly CHANGE node_modules/strip-ansi
5249 silly CHANGE node_modules/string.prototype.trimstart
5250 silly CHANGE node_modules/string.prototype.trimend
5251 silly CHANGE node_modules/string.prototype.trim
5252 silly CHANGE node_modules/string.prototype.repeat
5253 silly CHANGE node_modules/string.prototype.matchall
5254 silly CHANGE node_modules/string-width-cjs
5255 silly CHANGE node_modules/string-width
5256 silly CHANGE node_modules/strict-uri-encode
5257 silly CHANGE node_modules/streamx
5258 silly CHANGE node_modules/stream-buffers
5259 silly CHANGE node_modules/stop-iteration-iterator
5260 silly CHANGE node_modules/statuses
5261 silly CHANGE node_modules/stacktrace-parser
5262 silly CHANGE node_modules/stackframe
5263 silly CHANGE node_modules/stack-utils
5264 silly CHANGE node_modules/stack-utils/node_modules/escape-string-regexp
5265 silly CHANGE node_modules/stable-hash
5266 silly CHANGE node_modules/sprintf-js
5267 silly CHANGE node_modules/split-on-first
5268 silly CHANGE node_modules/source-map-support
5269 silly CHANGE node_modules/source-map-support/node_modules/source-map
5270 silly CHANGE node_modules/source-map-js
5271 silly CHANGE node_modules/source-map
5272 silly CHANGE node_modules/slugify
5273 silly CHANGE node_modules/slice-ansi
5274 silly CHANGE node_modules/slash
5275 silly CHANGE node_modules/sisteransi
5276 silly CHANGE node_modules/simple-swizzle
5277 silly CHANGE node_modules/simple-plist
5278 silly CHANGE node_modules/side-channel-weakmap
5279 silly CHANGE node_modules/signal-exit
5280 silly CHANGE node_modules/side-channel-map
5281 silly CHANGE node_modules/side-channel-list
5282 silly CHANGE node_modules/side-channel
5283 silly CHANGE node_modules/shell-quote
5284 silly CHANGE node_modules/shebang-regex
5285 silly CHANGE node_modules/shebang-command
5286 silly CHANGE node_modules/shallowequal
5287 silly CHANGE node_modules/sf-symbols-typescript
5288 silly CHANGE node_modules/setprototypeof
5289 silly CHANGE node_modules/setimmediate
5290 silly CHANGE node_modules/set-proto
5291 silly CHANGE node_modules/set-interval-async
5292 silly CHANGE node_modules/set-function-name
5293 silly CHANGE node_modules/set-function-length
5294 silly CHANGE node_modules/set-blocking
5295 silly CHANGE node_modules/server-only
5296 silly CHANGE node_modules/serve-static
5297 silly CHANGE node_modules/serve-static/node_modules/encodeurl
5298 silly CHANGE node_modules/serialize-error
5299 silly CHANGE node_modules/send
5300 silly CHANGE node_modules/send/node_modules/statuses
5301 silly CHANGE node_modules/send/node_modules/on-finished
5302 silly CHANGE node_modules/send/node_modules/encodeurl
5303 silly CHANGE node_modules/send/node_modules/debug
5304 silly CHANGE node_modules/send/node_modules/debug/node_modules/ms
5305 silly CHANGE node_modules/semver
5306 silly CHANGE node_modules/scheduler
5307 silly CHANGE node_modules/sax
5308 silly CHANGE node_modules/safer-buffer
5309 silly CHANGE node_modules/safe-regex-test
5310 silly CHANGE node_modules/safe-push-apply
5311 silly CHANGE node_modules/safe-json-stringify
5312 silly CHANGE node_modules/safe-buffer
5313 silly CHANGE node_modules/safe-array-concat
5314 silly CHANGE node_modules/run-parallel
5315 silly CHANGE node_modules/rimraf
5316 silly CHANGE node_modules/rimraf/node_modules/glob
5317 silly CHANGE node_modules/reusify
5318 silly CHANGE node_modules/retry
5319 silly CHANGE node_modules/restore-cursor
5320 silly CHANGE node_modules/resolve.exports
5321 silly CHANGE node_modules/resolve-workspace-root
5322 silly CHANGE node_modules/resolve-pkg-maps
5323 silly CHANGE node_modules/resolve-from
5324 silly CHANGE node_modules/resolve
5325 silly CHANGE node_modules/requireg
5326 silly CHANGE node_modules/requireg/node_modules/resolve
5327 silly CHANGE node_modules/require-main-filename
5328 silly CHANGE node_modules/require-from-string
5329 silly CHANGE node_modules/require-directory
5330 silly CHANGE node_modules/remove-trailing-slash
5331 silly CHANGE node_modules/regjsparser
5332 silly CHANGE node_modules/regjsgen
5333 silly CHANGE node_modules/regexpu-core
5334 silly CHANGE node_modules/regexp.prototype.flags
5335 silly CHANGE node_modules/regenerator-runtime
5336 silly CHANGE node_modules/regenerate-unicode-properties
5337 silly CHANGE node_modules/regenerate
5338 silly CHANGE node_modules/reflect.getprototypeof
5339 silly CHANGE node_modules/redeyed
5340 silly CHANGE node_modules/react-style-singleton
5341 silly CHANGE node_modules/react-remove-scroll-bar
5342 silly CHANGE node_modules/react-remove-scroll
5343 silly CHANGE node_modules/react-refresh
5344 silly CHANGE node_modules/react-native-worklets
5345 silly CHANGE node_modules/react-native-worklets/node_modules/semver
5346 silly CHANGE node_modules/react-native-web
5347 silly CHANGE node_modules/react-native-web/node_modules/@react-native/normalize-colors
5348 silly CHANGE node_modules/react-native-web/node_modules/memoize-one
5349 silly CHANGE node_modules/react-native-svg
5350 silly CHANGE node_modules/react-native-screens
5351 silly CHANGE node_modules/react-native-safe-area-context
5352 silly CHANGE node_modules/react-native-reanimated
5353 silly CHANGE node_modules/react-native-reanimated/node_modules/semver
5354 silly CHANGE node_modules/react-native-razorpay
5355 silly CHANGE node_modules/react-native-qrcode-svg
5356 silly CHANGE node_modules/react-native-maps
5357 silly CHANGE node_modules/react-native-is-edge-to-edge
5358 silly CHANGE node_modules/react-native-gesture-handler
5359 silly CHANGE node_modules/react-native
5360 silly CHANGE node_modules/react-native/node_modules/@react-native/virtualized-lists
5361 silly CHANGE node_modules/react-native/node_modules/@react-native/gradle-plugin
5362 silly CHANGE node_modules/react-native/node_modules/ws
5363 silly CHANGE node_modules/react-native/node_modules/semver
5364 silly CHANGE node_modules/react-native/node_modules/glob
5365 silly CHANGE node_modules/react-native/node_modules/commander
5366 silly CHANGE node_modules/react-is
5367 silly CHANGE node_modules/react-freeze
5368 silly CHANGE node_modules/react-fast-compare
5369 silly CHANGE node_modules/react-dom
5370 silly CHANGE node_modules/react-devtools-core
5371 silly CHANGE node_modules/react
5372 silly CHANGE node_modules/rc
5373 silly CHANGE node_modules/rc/node_modules/strip-json-comments
5374 silly CHANGE node_modules/range-parser
5375 silly CHANGE node_modules/queue-microtask
5376 silly CHANGE node_modules/queue
5377 silly CHANGE node_modules/query-string
5378 silly CHANGE node_modules/qrcode-terminal
5379 silly CHANGE node_modules/qrcode
5380 silly CHANGE node_modules/qrcode/node_modules/yargs-parser
5381 silly CHANGE node_modules/qrcode/node_modules/yargs
5382 silly CHANGE node_modules/qrcode/node_modules/y18n
5383 silly CHANGE node_modules/qrcode/node_modules/wrap-ansi
5384 silly CHANGE node_modules/qrcode/node_modules/pngjs
5385 silly CHANGE node_modules/qrcode/node_modules/p-locate
5386 silly CHANGE node_modules/qrcode/node_modules/p-limit
5387 silly CHANGE node_modules/qrcode/node_modules/locate-path
5388 silly CHANGE node_modules/qrcode/node_modules/find-up
5389 silly CHANGE node_modules/qrcode/node_modules/cliui
5390 silly CHANGE node_modules/qrcode/node_modules/camelcase
5391 silly CHANGE node_modules/punycode
5392 silly CHANGE node_modules/prop-types
5393 silly CHANGE node_modules/prop-types/node_modules/react-is
5394 silly CHANGE node_modules/prompts
5395 silly CHANGE node_modules/promise-retry
5396 silly CHANGE node_modules/promise-limit
5397 silly CHANGE node_modules/promise
5398 silly CHANGE node_modules/progress
5399 silly CHANGE node_modules/proc-log
5400 silly CHANGE node_modules/pretty-format
5401 silly CHANGE node_modules/pretty-format/node_modules/react-is
5402 silly CHANGE node_modules/pretty-format/node_modules/ansi-styles
5403 silly CHANGE node_modules/pretty-bytes
5404 silly CHANGE node_modules/prelude-ls
5405 silly CHANGE node_modules/postcss-value-parser
5406 silly CHANGE node_modules/postcss
5407 silly CHANGE node_modules/possible-typed-array-names
5408 silly CHANGE node_modules/pngjs
5409 silly CHANGE node_modules/plist
5410 silly CHANGE node_modules/pkg-dir
5411 silly CHANGE node_modules/pkg-dir/node_modules/p-locate
5412 silly CHANGE node_modules/pkg-dir/node_modules/p-limit
5413 silly CHANGE node_modules/pkg-dir/node_modules/locate-path
5414 silly CHANGE node_modules/pkg-dir/node_modules/find-up
5415 silly CHANGE node_modules/pirates
5416 silly CHANGE node_modules/picomatch
5417 silly CHANGE node_modules/picocolors
5418 silly CHANGE node_modules/path-type
5419 silly CHANGE node_modules/path-scurry
5420 silly CHANGE node_modules/path-scurry/node_modules/lru-cache
5421 silly CHANGE node_modules/path-parse
5422 silly CHANGE node_modules/path-key
5423 silly CHANGE node_modules/path-is-absolute
5424 silly CHANGE node_modules/path-exists
5425 silly CHANGE node_modules/password-prompt
5426 silly CHANGE node_modules/parseurl
5427 silly CHANGE node_modules/parse-png
5428 silly CHANGE node_modules/parse-json
5429 silly CHANGE node_modules/parent-module
5430 silly CHANGE node_modules/package-json-from-dist
5431 silly CHANGE node_modules/p-try
5432 silly CHANGE node_modules/p-locate
5433 silly CHANGE node_modules/p-limit
5434 silly CHANGE node_modules/own-keys
5435 silly CHANGE node_modules/ora
5436 silly CHANGE node_modules/ora/node_modules/supports-color
5437 silly CHANGE node_modules/ora/node_modules/strip-ansi
5438 silly CHANGE node_modules/ora/node_modules/has-flag
5439 silly CHANGE node_modules/ora/node_modules/escape-string-regexp
5440 silly CHANGE node_modules/ora/node_modules/color-name
5441 silly CHANGE node_modules/ora/node_modules/color-convert
5442 silly CHANGE node_modules/ora/node_modules/chalk
5443 silly CHANGE node_modules/ora/node_modules/ansi-styles
5444 silly CHANGE node_modules/ora/node_modules/ansi-regex
5445 silly CHANGE node_modules/optionator
5446 silly CHANGE node_modules/open
5447 silly CHANGE node_modules/onetime
5448 silly CHANGE node_modules/once
5449 silly CHANGE node_modules/on-headers
5450 silly CHANGE node_modules/on-finished
5451 silly CHANGE node_modules/object.values
5452 silly CHANGE node_modules/object.groupby
5453 silly CHANGE node_modules/object.fromentries
5454 silly CHANGE node_modules/object.entries
5455 silly CHANGE node_modules/object.assign
5456 silly CHANGE node_modules/object-treeify
5457 silly CHANGE node_modules/object-keys
5458 silly CHANGE node_modules/object-inspect
5459 silly CHANGE node_modules/object-assign
5460 silly CHANGE node_modules/ob1
5461 silly CHANGE node_modules/nullthrows
5462 silly CHANGE node_modules/nth-check
5463 silly CHANGE node_modules/npm-package-arg
5464 silly CHANGE node_modules/npm-package-arg/node_modules/semver
5465 silly CHANGE node_modules/normalize-path
5466 silly CHANGE node_modules/node-stream-zip
5467 silly CHANGE node_modules/node-rsa
5468 silly CHANGE node_modules/node-releases
5469 silly CHANGE node_modules/node-int64
5470 silly CHANGE node_modules/node-forge
5471 silly CHANGE node_modules/node-fetch
5472 silly CHANGE node_modules/node-exports-info
5473 silly CHANGE node_modules/nested-error-stacks
5474 silly CHANGE node_modules/negotiator
5475 silly CHANGE node_modules/ncp
5476 silly CHANGE node_modules/natural-orderby
5477 silly CHANGE node_modules/natural-compare
5478 silly CHANGE node_modules/nan
5479 silly CHANGE node_modules/napi-postinstall
5480 silly CHANGE node_modules/nanoid
5481 silly CHANGE node_modules/mz
5482 silly CHANGE node_modules/mv
5483 silly CHANGE node_modules/mv/node_modules/rimraf
5484 silly CHANGE node_modules/mv/node_modules/mkdirp
5485 silly CHANGE node_modules/mv/node_modules/glob
5486 silly CHANGE node_modules/mute-stream
5487 silly CHANGE node_modules/multipasta
5488 silly CHANGE node_modules/ms
5489 silly CHANGE node_modules/moment
5490 silly CHANGE node_modules/mkdirp
5491 silly CHANGE node_modules/minizlib
5492 silly CHANGE node_modules/minipass
5493 silly CHANGE node_modules/minimist
5494 silly CHANGE node_modules/minimatch
5495 silly CHANGE node_modules/mimic-fn
5496 silly CHANGE node_modules/mime-types
5497 silly CHANGE node_modules/mime-db
5498 silly CHANGE node_modules/mime
5499 silly CHANGE node_modules/micromatch
5500 silly CHANGE node_modules/metro-transform-worker
5501 silly CHANGE node_modules/metro-transform-plugins
5502 silly CHANGE node_modules/metro-symbolicate
5503 silly CHANGE node_modules/metro-source-map
5504 silly CHANGE node_modules/metro-runtime
5505 silly CHANGE node_modules/metro-resolver
5506 silly CHANGE node_modules/metro-minify-terser
5507 silly CHANGE node_modules/metro-file-map
5508 silly CHANGE node_modules/metro-core
5509 silly CHANGE node_modules/metro-config
5510 silly CHANGE node_modules/metro-cache-key
5511 silly CHANGE node_modules/metro-cache
5512 silly CHANGE node_modules/metro-babel-transformer
5513 silly CHANGE node_modules/metro-babel-transformer/node_modules/hermes-parser
5514 silly CHANGE node_modules/metro-babel-transformer/node_modules/hermes-estree
5515 silly CHANGE node_modules/metro
5516 silly CHANGE node_modules/metro/node_modules/hermes-parser
5517 silly CHANGE node_modules/metro/node_modules/hermes-estree
5518 silly CHANGE node_modules/merge2
5519 silly CHANGE node_modules/merge-stream
5520 silly CHANGE node_modules/merge-options
5521 silly CHANGE node_modules/memoize-one
5522 silly CHANGE node_modules/mdn-data
5523 silly CHANGE node_modules/md5
5524 silly CHANGE node_modules/math-intrinsics
5525 silly CHANGE node_modules/marky
5526 silly CHANGE node_modules/makeerror
5527 silly CHANGE node_modules/make-error
5528 silly CHANGE node_modules/lru-cache
5529 silly CHANGE node_modules/loose-envify
5530 silly CHANGE node_modules/log-symbols
5531 silly CHANGE node_modules/log-symbols/node_modules/supports-color
5532 silly CHANGE node_modules/log-symbols/node_modules/has-flag
5533 silly CHANGE node_modules/log-symbols/node_modules/escape-string-regexp
5534 silly CHANGE node_modules/log-symbols/node_modules/color-name
5535 silly CHANGE node_modules/log-symbols/node_modules/color-convert
5536 silly CHANGE node_modules/log-symbols/node_modules/chalk
5537 silly CHANGE node_modules/log-symbols/node_modules/ansi-styles
5538 silly CHANGE node_modules/lodash.throttle
5539 silly CHANGE node_modules/lodash.merge
5540 silly CHANGE node_modules/lodash.get
5541 silly CHANGE node_modules/lodash.debounce
5542 silly CHANGE node_modules/lodash.clonedeep
5543 silly CHANGE node_modules/locate-path
5544 silly CHANGE node_modules/lines-and-columns
5545 silly CHANGE node_modules/lilconfig
5546 silly CHANGE node_modules/lightningcss-win32-x64-msvc
5547 silly CHANGE node_modules/lightningcss-win32-arm64-msvc
5548 silly CHANGE node_modules/lightningcss-linux-x64-musl
5549 silly CHANGE node_modules/lightningcss-linux-x64-gnu
5550 silly CHANGE node_modules/lightningcss-linux-arm64-musl
5551 silly CHANGE node_modules/lightningcss-linux-arm64-gnu
5552 silly CHANGE node_modules/lightningcss-linux-arm-gnueabihf
5553 silly CHANGE node_modules/lightningcss-freebsd-x64
5554 silly CHANGE node_modules/lightningcss-darwin-x64
5555 silly CHANGE node_modules/lightningcss-darwin-arm64
5556 silly CHANGE node_modules/lightningcss-android-arm64
5557 silly CHANGE node_modules/lightningcss
5558 silly CHANGE node_modules/lighthouse-logger
5559 silly CHANGE node_modules/lighthouse-logger/node_modules/ms
5560 silly CHANGE node_modules/lighthouse-logger/node_modules/debug
5561 silly CHANGE node_modules/levn
5562 silly CHANGE node_modules/leven
5563 silly CHANGE node_modules/lan-network
5564 silly CHANGE node_modules/kleur
5565 silly CHANGE node_modules/keyv
5566 silly CHANGE node_modules/keychain
5567 silly CHANGE node_modules/jsx-ast-utils
5568 silly CHANGE node_modules/jsonfile
5569 silly CHANGE node_modules/json5
5570 silly CHANGE node_modules/json-stable-stringify-without-jsonify
5571 silly CHANGE node_modules/json-schema-traverse
5572 silly CHANGE node_modules/json-parse-better-errors
5573 silly CHANGE node_modules/json-buffer
5574 silly CHANGE node_modules/jsesc
5575 silly CHANGE node_modules/jsep
5576 silly CHANGE node_modules/jsc-safe-url
5577 silly CHANGE node_modules/js-yaml
5578 silly CHANGE node_modules/js-tokens
5579 silly CHANGE node_modules/join-component
5580 silly CHANGE node_modules/joi
5581 silly CHANGE node_modules/jks-js
5582 silly CHANGE node_modules/jimp-compact
5583 silly CHANGE node_modules/jest-worker
5584 silly CHANGE node_modules/jest-worker/node_modules/supports-color
5585 silly CHANGE node_modules/jest-validate
5586 silly CHANGE node_modules/jest-util
5587 silly CHANGE node_modules/jest-util/node_modules/ci-info
5588 silly CHANGE node_modules/jest-regex-util
5589 silly CHANGE node_modules/jest-mock
5590 silly CHANGE node_modules/jest-message-util
5591 silly CHANGE node_modules/jest-haste-map
5592 silly CHANGE node_modules/jest-get-type
5593 silly CHANGE node_modules/jest-environment-node
5594 silly CHANGE node_modules/jake
5595 silly CHANGE node_modules/jackspeak
5596 silly CHANGE node_modules/iterator.prototype
5597 silly CHANGE node_modules/istanbul-lib-instrument
5598 silly CHANGE node_modules/istanbul-lib-coverage
5599 silly CHANGE node_modules/isexe
5600 silly CHANGE node_modules/isarray
5601 silly CHANGE node_modules/is-wsl
5602 silly CHANGE node_modules/is-weakset
5603 silly CHANGE node_modules/is-weakref
5604 silly CHANGE node_modules/is-weakmap
5605 silly CHANGE node_modules/is-unicode-supported
5606 silly CHANGE node_modules/is-typed-array
5607 silly CHANGE node_modules/is-symbol
5608 silly CHANGE node_modules/is-string
5609 silly CHANGE node_modules/is-stream
5610 silly CHANGE node_modules/is-shared-array-buffer
5611 silly CHANGE node_modules/is-set
5612 silly CHANGE node_modules/is-retry-allowed
5613 silly CHANGE node_modules/is-regex
5614 silly CHANGE node_modules/is-plain-obj
5615 silly CHANGE node_modules/is-number-object
5616 silly CHANGE node_modules/is-number
5617 silly CHANGE node_modules/is-negative-zero
5618 silly CHANGE node_modules/is-map
5619 silly CHANGE node_modules/is-interactive
5620 silly CHANGE node_modules/is-glob
5621 silly CHANGE node_modules/is-generator-function
5622 silly CHANGE node_modules/is-fullwidth-code-point
5623 silly CHANGE node_modules/is-finalizationregistry
5624 silly CHANGE node_modules/is-extglob
5625 silly CHANGE node_modules/is-docker
5626 silly CHANGE node_modules/is-date-object
5627 silly CHANGE node_modules/is-data-view
5628 silly CHANGE node_modules/is-core-module
5629 silly CHANGE node_modules/is-callable
5630 silly CHANGE node_modules/is-bun-module
5631 silly CHANGE node_modules/is-bun-module/node_modules/semver
5632 silly CHANGE node_modules/is-buffer
5633 silly CHANGE node_modules/is-boolean-object
5634 silly CHANGE node_modules/is-bigint
5635 silly CHANGE node_modules/is-async-function
5636 silly CHANGE node_modules/is-arrayish
5637 silly CHANGE node_modules/is-array-buffer
5638 silly CHANGE node_modules/invariant
5639 silly CHANGE node_modules/internal-slot
5640 silly CHANGE node_modules/inline-style-prefixer
5641 silly CHANGE node_modules/ini
5642 silly CHANGE node_modules/inherits
5643 silly CHANGE node_modules/inflight
5644 silly CHANGE node_modules/indent-string
5645 silly CHANGE node_modules/imurmurhash
5646 silly CHANGE node_modules/import-fresh
5647 silly CHANGE node_modules/import-fresh/node_modules/resolve-from
5648 silly CHANGE node_modules/image-size
5649 silly CHANGE node_modules/ignore
5650 silly CHANGE node_modules/ieee754
5651 silly CHANGE node_modules/hyphenate-style-name
5652 silly CHANGE node_modules/hyperlinker
5653 silly CHANGE node_modules/https-proxy-agent
5654 silly CHANGE node_modules/http-errors
5655 silly CHANGE node_modules/http-errors/node_modules/statuses
5656 silly CHANGE node_modules/http-call
5657 silly CHANGE node_modules/hosted-git-info
5658 silly CHANGE node_modules/hosted-git-info/node_modules/lru-cache
5659 silly CHANGE node_modules/hoist-non-react-statics
5660 silly CHANGE node_modules/hoist-non-react-statics/node_modules/react-is
5661 silly CHANGE node_modules/hermes-parser
5662 silly CHANGE node_modules/hermes-estree
5663 silly CHANGE node_modules/hasown
5664 silly CHANGE node_modules/has-tostringtag
5665 silly CHANGE node_modules/has-symbols
5666 silly CHANGE node_modules/has-proto
5667 silly CHANGE node_modules/has-property-descriptors
5668 silly CHANGE node_modules/has-flag
5669 silly CHANGE node_modules/has-bigints
5670 silly CHANGE node_modules/graphql-tag
5671 silly CHANGE node_modules/graphql
5672 silly CHANGE node_modules/gradle-to-js
5673 silly CHANGE node_modules/graceful-fs
5674 silly CHANGE node_modules/gopd
5675 silly CHANGE node_modules/golden-fleece
5676 silly CHANGE node_modules/globby
5677 silly CHANGE node_modules/globalthis
5678 silly CHANGE node_modules/globals
5679 silly CHANGE node_modules/glob-parent
5680 silly CHANGE node_modules/glob
5681 silly CHANGE node_modules/glob/node_modules/minimatch
5682 silly CHANGE node_modules/glob/node_modules/brace-expansion
5683 silly CHANGE node_modules/glob/node_modules/balanced-match
5684 silly CHANGE node_modules/getenv
5685 silly CHANGE node_modules/get-tsconfig
5686 silly CHANGE node_modules/get-symbol-description
5687 silly CHANGE node_modules/get-proto
5688 silly CHANGE node_modules/get-package-type
5689 silly CHANGE node_modules/get-nonce
5690 silly CHANGE node_modules/get-intrinsic
5691 silly CHANGE node_modules/get-caller-file
5692 silly CHANGE node_modules/gensync
5693 silly CHANGE node_modules/generator-function
5694 silly CHANGE node_modules/functions-have-names
5695 silly CHANGE node_modules/function.prototype.name
5696 silly CHANGE node_modules/function-bind
5697 silly CHANGE node_modules/fsevents
5698 silly CHANGE node_modules/fs.realpath
5699 silly CHANGE node_modules/fs-extra
5700 silly CHANGE node_modules/fresh
5701 silly CHANGE node_modules/freeport-async
5702 silly CHANGE node_modules/form-data
5703 silly CHANGE node_modules/foreground-child
5704 silly CHANGE node_modules/foreground-child/node_modules/signal-exit
5705 silly CHANGE node_modules/for-each
5706 silly CHANGE node_modules/fontfaceobserver
5707 silly CHANGE node_modules/flow-enums-runtime
5708 silly CHANGE node_modules/flatted
5709 silly CHANGE node_modules/flat-cache
5710 silly CHANGE node_modules/find-up
5711 silly CHANGE node_modules/finalhandler
5712 silly CHANGE node_modules/finalhandler/node_modules/ms
5713 silly CHANGE node_modules/finalhandler/node_modules/debug
5714 silly CHANGE node_modules/filter-obj
5715 silly CHANGE node_modules/fill-range
5716 silly CHANGE node_modules/filelist
5717 silly CHANGE node_modules/filelist/node_modules/minimatch
5718 silly CHANGE node_modules/filelist/node_modules/brace-expansion
5719 silly CHANGE node_modules/file-entry-cache
5720 silly CHANGE node_modules/figures
5721 silly CHANGE node_modules/figures/node_modules/escape-string-regexp
5722 silly CHANGE node_modules/fetch-retry
5723 silly CHANGE node_modules/fbjs-css-vars
5724 silly CHANGE node_modules/fbjs
5725 silly CHANGE node_modules/fbjs/node_modules/promise
5726 silly CHANGE node_modules/fb-watchman
5727 silly CHANGE node_modules/fastq
5728 silly CHANGE node_modules/fast-uri
5729 silly CHANGE node_modules/fast-levenshtein
5730 silly CHANGE node_modules/fast-json-stable-stringify
5731 silly CHANGE node_modules/fast-glob
5732 silly CHANGE node_modules/fast-glob/node_modules/glob-parent
5733 silly CHANGE node_modules/fast-fifo
5734 silly CHANGE node_modules/fast-deep-equal
5735 silly CHANGE node_modules/exponential-backoff
5736 silly CHANGE node_modules/expo-web-browser
5737 silly CHANGE node_modules/expo-system-ui
5738 silly CHANGE node_modules/expo-symbols
5739 silly CHANGE node_modules/expo-status-bar
5740 silly CHANGE node_modules/expo-splash-screen
5741 silly CHANGE node_modules/expo-server
5742 silly CHANGE node_modules/expo-router
5743 silly CHANGE node_modules/expo-router/node_modules/@radix-ui/react-tabs
5744 silly CHANGE node_modules/expo-router/node_modules/@radix-ui/react-roving-focus
5745 silly CHANGE node_modules/expo-router/node_modules/@radix-ui/react-primitive
5746 silly CHANGE node_modules/expo-router/node_modules/@radix-ui/react-primitive/node_modules/@radix-ui/react-slot
5747 silly CHANGE node_modules/expo-router/node_modules/@radix-ui/react-presence
5748 silly CHANGE node_modules/expo-router/node_modules/@radix-ui/react-collection
5749 silly CHANGE node_modules/expo-router/node_modules/@radix-ui/react-collection/node_modules/@radix-ui/react-slot
5750 silly CHANGE node_modules/expo-router/node_modules/semver
5751 silly CHANGE node_modules/expo-modules-core
5752 silly CHANGE node_modules/expo-modules-autolinking
5753 silly CHANGE node_modules/expo-location
5754 silly CHANGE node_modules/expo-linking
5755 silly CHANGE node_modules/expo-linear-gradient
5756 silly CHANGE node_modules/expo-keep-awake
5757 silly CHANGE node_modules/expo-image-picker
5758 silly CHANGE node_modules/expo-image-loader
5759 silly CHANGE node_modules/expo-image
5760 silly CHANGE node_modules/expo-haptics
5761 silly CHANGE node_modules/expo-font
5762 silly CHANGE node_modules/expo-file-system
5763 silly CHANGE node_modules/expo-constants
5764 silly CHANGE node_modules/expo-asset
5765 silly CHANGE node_modules/expo
5766 silly CHANGE node_modules/expo/node_modules/@expo/cli
5767 silly CHANGE node_modules/expo/node_modules/ws
5768 silly CHANGE node_modules/expo/node_modules/semver
5769 silly CHANGE node_modules/expo/node_modules/resolve
5770 silly CHANGE node_modules/expo/node_modules/picomatch
5771 silly CHANGE node_modules/expo/node_modules/minimatch
5772 silly CHANGE node_modules/expo/node_modules/ci-info
5773 silly CHANGE node_modules/expo/node_modules/brace-expansion
5774 silly CHANGE node_modules/exec-async
5775 silly CHANGE node_modules/events-universal
5776 silly CHANGE node_modules/esutils
5777 silly CHANGE node_modules/event-target-shim
5778 silly CHANGE node_modules/etag
5779 silly CHANGE node_modules/estraverse
5780 silly CHANGE node_modules/esrecurse
5781 silly CHANGE node_modules/esquery
5782 silly CHANGE node_modules/esprima
5783 silly CHANGE node_modules/espree
5784 silly CHANGE node_modules/eslint-visitor-keys
5785 silly CHANGE node_modules/eslint-scope
5786 silly CHANGE node_modules/eslint-plugin-react-hooks
5787 silly CHANGE node_modules/eslint-plugin-react
5788 silly CHANGE node_modules/eslint-plugin-import
5789 silly CHANGE node_modules/eslint-plugin-import/node_modules/debug
5790 silly CHANGE node_modules/eslint-plugin-expo
5791 silly CHANGE node_modules/eslint-module-utils
5792 silly CHANGE node_modules/eslint-module-utils/node_modules/debug
5793 silly CHANGE node_modules/eslint-import-resolver-typescript
5794 silly CHANGE node_modules/eslint-import-resolver-node
5795 silly CHANGE node_modules/eslint-import-resolver-node/node_modules/debug
5796 silly CHANGE node_modules/eslint-config-expo
5797 silly CHANGE node_modules/eslint-config-expo/node_modules/globals
5798 silly CHANGE node_modules/eslint
5799 silly CHANGE node_modules/escape-string-regexp
5800 silly CHANGE node_modules/escape-html
5801 silly CHANGE node_modules/escalade
5802 silly CHANGE node_modules/es-to-primitive
5803 silly CHANGE node_modules/es-shim-unscopables
5804 silly CHANGE node_modules/es-set-tostringtag
5805 silly CHANGE node_modules/es-object-atoms
5806 silly CHANGE node_modules/es-iterator-helpers
5807 silly CHANGE node_modules/es-errors
5808 silly CHANGE node_modules/es-define-property
5809 silly CHANGE node_modules/es-abstract
5810 silly CHANGE node_modules/error-stack-parser
5811 silly CHANGE node_modules/err-code
5812 silly CHANGE node_modules/error-ex
5813 silly CHANGE node_modules/error-ex/node_modules/is-arrayish
5814 silly CHANGE node_modules/envinfo
5815 silly CHANGE node_modules/env-string
5816 silly CHANGE node_modules/env-paths
5817 silly CHANGE node_modules/env-editor
5818 silly CHANGE node_modules/entities
5819 silly CHANGE node_modules/encodeurl
5820 silly CHANGE node_modules/emoji-regex
5821 silly CHANGE node_modules/electron-to-chromium
5822 silly CHANGE node_modules/ejs
5823 silly CHANGE node_modules/ee-first
5824 silly CHANGE node_modules/eastasianwidth
5825 silly CHANGE node_modules/eas-cli
5826 silly CHANGE node_modules/eas-cli/node_modules/@urql/exchange-retry
5827 silly CHANGE node_modules/eas-cli/node_modules/@urql/core
5828 silly CHANGE node_modules/eas-cli/node_modules/@segment/ajv-human-errors
5829 silly CHANGE node_modules/eas-cli/node_modules/@react-native/normalize-colors
5830 silly CHANGE node_modules/eas-cli/node_modules/@expo/prebuild-config
5831 silly CHANGE node_modules/eas-cli/node_modules/@expo/prebuild-config/node_modules/@xmldom/xmldom
5832 silly CHANGE node_modules/eas-cli/node_modules/@expo/prebuild-config/node_modules/@expo/plist
5833 silly CHANGE node_modules/eas-cli/node_modules/@expo/prebuild-config/node_modules/@expo/json-file
5834 silly CHANGE node_modules/eas-cli/node_modules/@expo/prebuild-config/node_modules/@expo/config-types
5835 silly CHANGE node_modules/eas-cli/node_modules/@expo/prebuild-config/node_modules/@expo/config-plugins
5836 silly CHANGE node_modules/eas-cli/node_modules/@expo/prebuild-config/node_modules/@expo/config-plugins/node_modules/@expo/json-file
5837 silly CHANGE node_modules/eas-cli/node_modules/@expo/prebuild-config/node_modules/@expo/config
5838 silly CHANGE node_modules/eas-cli/node_modules/@expo/prebuild-config/node_modules/@babel/code-frame
5839 silly CHANGE node_modules/eas-cli/node_modules/@expo/prebuild-config/node_modules/xmlbuilder
5840 silly CHANGE node_modules/eas-cli/node_modules/@expo/prebuild-config/node_modules/semver
5841 silly CHANGE node_modules/eas-cli/node_modules/@expo/prebuild-config/node_modules/minimatch
5842 silly CHANGE node_modules/eas-cli/node_modules/@expo/prebuild-config/node_modules/glob
5843 silly CHANGE node_modules/eas-cli/node_modules/@expo/prebuild-config/node_modules/fs-extra
5844 silly CHANGE node_modules/eas-cli/node_modules/@expo/plist
5845 silly CHANGE node_modules/eas-cli/node_modules/@expo/plist/node_modules/@xmldom/xmldom
5846 silly CHANGE node_modules/eas-cli/node_modules/@expo/plist/node_modules/xmlbuilder
5847 silly CHANGE node_modules/eas-cli/node_modules/@expo/package-manager
5848 silly CHANGE node_modules/eas-cli/node_modules/@expo/package-manager/node_modules/@expo/json-file
5849 silly CHANGE node_modules/eas-cli/node_modules/@expo/package-manager/node_modules/strip-ansi
5850 silly CHANGE node_modules/eas-cli/node_modules/@expo/package-manager/node_modules/ora
5851 silly CHANGE node_modules/eas-cli/node_modules/@expo/package-manager/node_modules/ora/node_modules/chalk
5852 silly CHANGE node_modules/eas-cli/node_modules/@expo/package-manager/node_modules/log-symbols
5853 silly CHANGE node_modules/eas-cli/node_modules/@expo/package-manager/node_modules/log-symbols/node_modules/chalk
5854 silly CHANGE node_modules/eas-cli/node_modules/@expo/osascript
5855 silly CHANGE node_modules/eas-cli/node_modules/@expo/json-file
5856 silly CHANGE node_modules/eas-cli/node_modules/@expo/json-file/node_modules/@babel/code-frame
5857 silly CHANGE node_modules/eas-cli/node_modules/@expo/image-utils
5858 silly CHANGE node_modules/eas-cli/node_modules/@expo/image-utils/node_modules/universalify
5859 silly CHANGE node_modules/eas-cli/node_modules/@expo/image-utils/node_modules/semver
5860 silly CHANGE node_modules/eas-cli/node_modules/@expo/image-utils/node_modules/fs-extra
5861 silly CHANGE node_modules/eas-cli/node_modules/@expo/env
5862 silly CHANGE node_modules/eas-cli/node_modules/@expo/env/node_modules/getenv
5863 silly CHANGE node_modules/eas-cli/node_modules/@expo/env/node_modules/dotenv
5864 silly CHANGE node_modules/eas-cli/node_modules/@expo/config-types
5865 silly CHANGE node_modules/eas-cli/node_modules/@expo/config-plugins
5866 silly CHANGE node_modules/eas-cli/node_modules/@expo/config-plugins/node_modules/@expo/plist
5867 silly CHANGE node_modules/eas-cli/node_modules/@expo/config-plugins/node_modules/@expo/json-file
5868 silly CHANGE node_modules/eas-cli/node_modules/@expo/config-plugins/node_modules/getenv
5869 silly CHANGE node_modules/eas-cli/node_modules/@expo/config
5870 silly CHANGE node_modules/eas-cli/node_modules/@expo/config/node_modules/@expo/json-file
5871 silly CHANGE node_modules/eas-cli/node_modules/@expo/config/node_modules/semver
5872 silly CHANGE node_modules/eas-cli/node_modules/@expo/config/node_modules/getenv
5873 silly CHANGE node_modules/eas-cli/node_modules/@expo/code-signing-certificates
5874 silly CHANGE node_modules/eas-cli/node_modules/yaml
5875 silly CHANGE node_modules/eas-cli/node_modules/yallist
5876 silly CHANGE node_modules/eas-cli/node_modules/write-file-atomic
5877 silly CHANGE node_modules/eas-cli/node_modules/uuid
5878 silly CHANGE node_modules/eas-cli/node_modules/tslib
5879 silly CHANGE node_modules/eas-cli/node_modules/tar
5880 silly CHANGE node_modules/eas-cli/node_modules/tar/node_modules/yallist
5881 silly CHANGE node_modules/eas-cli/node_modules/tar/node_modules/minizlib
5882 silly CHANGE node_modules/eas-cli/node_modules/supports-color
5883 silly CHANGE node_modules/eas-cli/node_modules/sucrase
5884 silly CHANGE node_modules/eas-cli/node_modules/sucrase/node_modules/minimatch
5885 silly CHANGE node_modules/eas-cli/node_modules/sucrase/node_modules/glob
5886 silly CHANGE node_modules/eas-cli/node_modules/semver
5887 silly CHANGE node_modules/eas-cli/node_modules/rimraf
5888 silly CHANGE node_modules/eas-cli/node_modules/rimraf/node_modules/minimatch
5889 silly CHANGE node_modules/eas-cli/node_modules/rimraf/node_modules/glob
5890 silly CHANGE node_modules/eas-cli/node_modules/restore-cursor
5891 silly CHANGE node_modules/eas-cli/node_modules/qrcode-terminal
5892 silly CHANGE node_modules/eas-cli/node_modules/pngjs
5893 silly CHANGE node_modules/eas-cli/node_modules/path-scurry
5894 silly CHANGE node_modules/eas-cli/node_modules/path-scurry/node_modules/lru-cache
5895 silly CHANGE node_modules/eas-cli/node_modules/ora
5896 silly CHANGE node_modules/eas-cli/node_modules/ora/node_modules/cli-cursor
5897 silly CHANGE node_modules/eas-cli/node_modules/onetime
5898 silly CHANGE node_modules/eas-cli/node_modules/node-forge
5899 silly CHANGE node_modules/eas-cli/node_modules/node-fetch
5900 silly CHANGE node_modules/eas-cli/node_modules/nanoid
5901 silly CHANGE node_modules/eas-cli/node_modules/minizlib
5902 silly CHANGE node_modules/eas-cli/node_modules/minimatch
5903 silly CHANGE node_modules/eas-cli/node_modules/mimic-fn
5904 silly CHANGE node_modules/eas-cli/node_modules/mime
5905 silly CHANGE node_modules/eas-cli/node_modules/lru-cache
5906 silly CHANGE node_modules/eas-cli/node_modules/log-symbols
5907 silly CHANGE node_modules/eas-cli/node_modules/json-schema-traverse
5908 silly CHANGE node_modules/eas-cli/node_modules/ignore
5909 silly CHANGE node_modules/eas-cli/node_modules/https-proxy-agent
5910 silly CHANGE node_modules/eas-cli/node_modules/has-flag
5911 silly CHANGE node_modules/eas-cli/node_modules/getenv
5912 silly CHANGE node_modules/eas-cli/node_modules/escape-string-regexp
5913 silly CHANGE node_modules/eas-cli/node_modules/dotenv
5914 silly CHANGE node_modules/eas-cli/node_modules/commander
5915 silly CHANGE node_modules/eas-cli/node_modules/color-name
5916 silly CHANGE node_modules/eas-cli/node_modules/color-convert
5917 silly CHANGE node_modules/eas-cli/node_modules/brace-expansion
5918 silly CHANGE node_modules/eas-cli/node_modules/ansi-styles
5919 silly CHANGE node_modules/eas-cli/node_modules/ansi-regex
5920 silly CHANGE node_modules/eas-cli/node_modules/ajv
5921 silly CHANGE node_modules/eas-cli/node_modules/agent-base
5922 silly CHANGE node_modules/dunder-proto
5923 silly CHANGE node_modules/dtrace-provider
5924 silly CHANGE node_modules/dotenv-expand
5925 silly CHANGE node_modules/dotenv
5926 silly CHANGE node_modules/domutils
5927 silly CHANGE node_modules/domino
5928 silly CHANGE node_modules/domhandler
5929 silly CHANGE node_modules/domelementtype
5930 silly CHANGE node_modules/dom-serializer
5931 silly CHANGE node_modules/doctrine
5932 silly CHANGE node_modules/dir-glob
5933 silly CHANGE node_modules/dijkstrajs
5934 silly CHANGE node_modules/diff
5935 silly CHANGE node_modules/detect-node-es
5936 silly CHANGE node_modules/detect-libc
5937 silly CHANGE node_modules/destroy
5938 silly CHANGE node_modules/depd
5939 silly CHANGE node_modules/delayed-stream
5940 silly CHANGE node_modules/define-properties
5941 silly CHANGE node_modules/define-lazy-prop
5942 silly CHANGE node_modules/defaults
5943 silly CHANGE node_modules/define-data-property
5944 silly CHANGE node_modules/deepmerge
5945 silly CHANGE node_modules/deep-is
5946 silly CHANGE node_modules/deep-extend
5947 silly CHANGE node_modules/decode-uri-component
5948 silly CHANGE node_modules/decamelize
5949 silly CHANGE node_modules/debug
5950 silly CHANGE node_modules/dateformat
5951 silly CHANGE node_modules/data-view-byte-offset
5952 silly CHANGE node_modules/data-view-byte-length
5953 silly CHANGE node_modules/data-view-buffer
5954 silly CHANGE node_modules/csstype
5955 silly CHANGE node_modules/css-what
5956 silly CHANGE node_modules/css-tree
5957 silly CHANGE node_modules/css-tree/node_modules/source-map
5958 silly CHANGE node_modules/css-select
5959 silly CHANGE node_modules/css-in-js-utils
5960 silly CHANGE node_modules/crypto-random-string
5961 silly CHANGE node_modules/crypt
5962 silly CHANGE node_modules/cross-spawn
5963 silly CHANGE node_modules/cross-fetch
5964 silly CHANGE node_modules/create-require
5965 silly CHANGE node_modules/core-js-compat
5966 silly CHANGE node_modules/convert-source-map
5967 silly CHANGE node_modules/content-type
5968 silly CHANGE node_modules/connect
5969 silly CHANGE node_modules/connect/node_modules/ms
5970 silly CHANGE node_modules/connect/node_modules/debug
5971 silly CHANGE node_modules/concat-map
5972 silly CHANGE node_modules/compression
5973 silly CHANGE node_modules/compression/node_modules/negotiator
5974 silly CHANGE node_modules/compression/node_modules/ms
5975 silly CHANGE node_modules/compression/node_modules/debug
5976 silly CHANGE node_modules/compressible
5977 silly CHANGE node_modules/component-type
5978 silly CHANGE node_modules/commander
5979 silly CHANGE node_modules/combined-stream
5980 silly CHANGE node_modules/color-string
5981 silly CHANGE node_modules/color-name
5982 silly CHANGE node_modules/color-convert
5983 silly CHANGE node_modules/color
5984 silly CHANGE node_modules/clone
5985 silly CHANGE node_modules/cliui
5986 silly CHANGE node_modules/client-only
5987 silly CHANGE node_modules/cli-spinners
5988 silly CHANGE node_modules/cli-progress
5989 silly CHANGE node_modules/cli-cursor
5990 silly CHANGE node_modules/clean-stack
5991 silly CHANGE node_modules/ci-info
5992 silly CHANGE node_modules/chromium-edge-launcher
5993 silly CHANGE node_modules/chrome-launcher
5994 silly CHANGE node_modules/chownr
5995 silly CHANGE node_modules/charenc
5996 silly CHANGE node_modules/chalk
5997 silly CHANGE node_modules/cardinal
5998 silly CHANGE node_modules/caniuse-lite
5999 silly CHANGE node_modules/camelcase
6000 silly CHANGE node_modules/callsites
6001 silly CHANGE node_modules/call-bound
6002 silly CHANGE node_modules/call-bind-apply-helpers
6003 silly CHANGE node_modules/call-bind
6004 silly CHANGE node_modules/bytes
6005 silly CHANGE node_modules/bunyan
6006 silly CHANGE node_modules/buffer-from
6007 silly CHANGE node_modules/buffer
6008 silly CHANGE node_modules/bser
6009 silly CHANGE node_modules/browserslist
6010 silly CHANGE node_modules/braces
6011 silly CHANGE node_modules/brace-expansion
6012 silly CHANGE node_modules/bplist-parser
6013 silly CHANGE node_modules/bplist-creator
6014 silly CHANGE node_modules/boolbase
6015 silly CHANGE node_modules/big-integer
6016 silly CHANGE node_modules/better-opn
6017 silly CHANGE node_modules/better-opn/node_modules/open
6018 silly CHANGE node_modules/baseline-browser-mapping
6019 silly CHANGE node_modules/base64-js
6020 silly CHANGE node_modules/bare-events
6021 silly CHANGE node_modules/balanced-match
6022 silly CHANGE node_modules/babel-preset-jest
6023 silly CHANGE node_modules/babel-preset-expo
6024 silly CHANGE node_modules/babel-preset-current-node-syntax
6025 silly CHANGE node_modules/babel-plugin-transform-flow-enums
6026 silly CHANGE node_modules/babel-plugin-syntax-hermes-parser
6027 silly CHANGE node_modules/babel-plugin-react-native-web
6028 silly CHANGE node_modules/babel-plugin-react-compiler
6029 silly CHANGE node_modules/babel-plugin-polyfill-regenerator
6030 silly CHANGE node_modules/babel-plugin-polyfill-corejs3
6031 silly CHANGE node_modules/babel-plugin-polyfill-corejs2
6032 silly CHANGE node_modules/babel-plugin-jest-hoist
6033 silly CHANGE node_modules/babel-plugin-istanbul
6034 silly CHANGE node_modules/babel-jest
6035 silly CHANGE node_modules/b4a
6036 silly CHANGE node_modules/available-typed-arrays
6037 silly CHANGE node_modules/at-least-node
6038 silly CHANGE node_modules/asynckit
6039 silly CHANGE node_modules/async-limiter
6040 silly CHANGE node_modules/async-function
6041 silly CHANGE node_modules/async
6042 silly CHANGE node_modules/astral-regex
6043 silly CHANGE node_modules/asn1
6044 silly CHANGE node_modules/asap
6045 silly CHANGE node_modules/arraybuffer.prototype.slice
6046 silly CHANGE node_modules/array.prototype.tosorted
6047 silly CHANGE node_modules/array.prototype.flatmap
6048 silly CHANGE node_modules/array.prototype.flat
6049 silly CHANGE node_modules/array.prototype.findlastindex
6050 silly CHANGE node_modules/array.prototype.findlast
6051 silly CHANGE node_modules/array-union
6052 silly CHANGE node_modules/array-includes
6053 silly CHANGE node_modules/array-buffer-byte-length
6054 silly CHANGE node_modules/aria-hidden
6055 silly CHANGE node_modules/argparse
6056 silly CHANGE node_modules/arg
6057 silly CHANGE node_modules/anymatch
6058 silly CHANGE node_modules/any-promise
6059 silly CHANGE node_modules/ansis
6060 silly CHANGE node_modules/ansicolors
6061 silly CHANGE node_modules/ansi-styles
6062 silly CHANGE node_modules/ansi-regex
6063 silly CHANGE node_modules/ansi-escapes
6064 silly CHANGE node_modules/ansi-escapes/node_modules/type-fest
6065 silly CHANGE node_modules/anser
6066 silly CHANGE node_modules/ajv-formats
6067 silly CHANGE node_modules/ajv-formats/node_modules/json-schema-traverse
6068 silly CHANGE node_modules/ajv-formats/node_modules/ajv
6069 silly CHANGE node_modules/ajv
6070 silly CHANGE node_modules/agent-base
6071 silly CHANGE node_modules/acorn-walk
6072 silly CHANGE node_modules/acorn-jsx
6073 silly CHANGE node_modules/acorn
6074 silly CHANGE node_modules/accepts
6075 silly CHANGE node_modules/abort-controller
6076 verbose cwd E:\smartparkingcopy\ParkingApp
6077 verbose os Windows_NT 10.0.26200
6078 verbose node v22.12.0
6079 verbose npm  v10.9.2
6080 verbose exit 0
6081 info ok
