0 verbose cli C:\Program Files\nodejs\node.exe C:\Users\Karthik\AppData\Roaming\npm\node_modules\npm\bin\npm-cli.js
1 info using npm@10.9.2
2 info using node@v22.12.0
3 silly config load:file:C:\Users\Karthik\AppData\Roaming\npm\node_modules\npm\npmrc
4 silly config load:file:E:\smartparkingcopy\ParkingApp\.npmrc
5 silly config load:file:C:\Users\Karthik\.npmrc
6 silly config load:file:C:\Users\Karthik\AppData\Roaming\npm\etc\npmrc
7 verbose title npm install
8 verbose argv "install" "--cache" "e:\\smartparkingcopy\\.npm-cache"
9 verbose logfile logs-max:10 dir:e:\smartparkingcopy\.npm-cache\_logs\2026-04-09T11_46_18_016Z-
10 verbose logfile e:\smartparkingcopy\.npm-cache\_logs\2026-04-09T11_46_18_016Z-debug-0.log
11 silly logfile done cleaning log files
12 silly packumentCache heap:2197815296 maxSize:549453824 maxEntrySize:274726912
13 silly idealTree buildDeps
14 silly fetch manifest @react-native-community/datetimepicker@8.4.4
15 silly packumentCache full:https://registry.npmjs.org/@react-native-community%2fdatetimepicker cache-miss
16 http fetch GET 200 https://registry.npmjs.org/@react-native-community%2fdatetimepicker 3003ms (cache miss)
17 silly packumentCache full:https://registry.npmjs.org/@react-native-community%2fdatetimepicker set size:undefined disposed:false
18 silly fetch manifest expo@~54.0.33
19 silly packumentCache full:https://registry.npmjs.org/expo cache-miss
20 http fetch GET 200 https://registry.npmjs.org/expo 103ms (cache miss)
21 silly packumentCache full:https://registry.npmjs.org/expo set size:undefined disposed:false
22 silly fetch manifest @expo/dom-webview@*
23 silly packumentCache full:https://registry.npmjs.org/@expo%2fdom-webview cache-miss
24 http fetch GET 200 https://registry.npmjs.org/@expo%2fdom-webview 45ms (cache miss)
25 silly packumentCache full:https://registry.npmjs.org/@expo%2fdom-webview set size:undefined disposed:false
26 silly fetch manifest react@19.1.0
27 silly packumentCache full:https://registry.npmjs.org/react cache-miss
28 http fetch GET 200 https://registry.npmjs.org/react 216ms (cache miss)
29 silly packumentCache full:https://registry.npmjs.org/react set size:undefined disposed:false
30 silly fetch manifest react-native@0.81.5
31 silly packumentCache full:https://registry.npmjs.org/react-native cache-miss
32 http fetch GET 200 https://registry.npmjs.org/react-native 835ms (cache miss)
33 silly packumentCache full:https://registry.npmjs.org/react-native set size:undefined disposed:false
34 silly fetch manifest @types/react@~19.1.0
35 silly packumentCache full:https://registry.npmjs.org/@types%2freact cache-miss
36 http fetch GET 200 https://registry.npmjs.org/@types%2freact 102ms (cache miss)
37 silly packumentCache full:https://registry.npmjs.org/@types%2freact set size:undefined disposed:false
38 silly fetch manifest @expo/metro-runtime@*
39 silly packumentCache full:https://registry.npmjs.org/@expo%2fmetro-runtime cache-miss
40 http fetch GET 200 https://registry.npmjs.org/@expo%2fmetro-runtime 63ms (cache miss)
41 silly packumentCache full:https://registry.npmjs.org/@expo%2fmetro-runtime set size:undefined disposed:false
42 silly fetch manifest react-dom@19.1.0
43 silly packumentCache full:https://registry.npmjs.org/react-dom cache-miss
44 http fetch GET 200 https://registry.npmjs.org/react-dom 177ms (cache miss)
45 silly packumentCache full:https://registry.npmjs.org/react-dom set size:undefined disposed:false
46 silly fetch manifest react-native-webview@*
47 silly packumentCache full:https://registry.npmjs.org/react-native-webview cache-miss
48 http fetch GET 200 https://registry.npmjs.org/react-native-webview 82ms (cache miss)
49 silly packumentCache full:https://registry.npmjs.org/react-native-webview set size:undefined disposed:false
50 silly fetch manifest react-native-windows@*
51 silly packumentCache full:https://registry.npmjs.org/react-native-windows cache-miss
52 http fetch GET 200 https://registry.npmjs.org/react-native-windows 465ms (cache miss)
53 silly packumentCache full:https://registry.npmjs.org/react-native-windows set size:undefined disposed:false
54 silly fetch manifest react@^19.1.1
55 silly packumentCache full:https://registry.npmjs.org/react cache-miss
56 http cache https://registry.npmjs.org/react 261ms (cache hit)
57 silly packumentCache full:https://registry.npmjs.org/react set size:6594137 disposed:false
58 silly fetch manifest react-native@^0.82.0
59 silly packumentCache full:https://registry.npmjs.org/react-native cache-miss
60 http cache https://registry.npmjs.org/react-native 91ms (cache hit)
61 silly packumentCache full:https://registry.npmjs.org/react-native set size:15087723 disposed:false
62 silly fetch manifest @types/react@^19.1.1
63 silly packumentCache full:https://registry.npmjs.org/@types%2freact cache-miss
64 http cache https://registry.npmjs.org/@types%2freact 20ms (cache hit)
65 silly packumentCache full:https://registry.npmjs.org/@types%2freact set size:2588964 disposed:false
66 silly fetch manifest expo-image-picker@~17.0.10
67 silly packumentCache full:https://registry.npmjs.org/expo-image-picker cache-miss
68 http fetch GET 200 https://registry.npmjs.org/expo-image-picker 841ms (cache miss)
69 silly packumentCache full:https://registry.npmjs.org/expo-image-picker set size:undefined disposed:false
70 silly fetch manifest react-native-svg@15.12.1
71 silly packumentCache full:https://registry.npmjs.org/react-native-svg cache-miss
72 http fetch GET 200 https://registry.npmjs.org/react-native-svg 834ms (cache miss)
73 silly packumentCache full:https://registry.npmjs.org/react-native-svg set size:undefined disposed:false
74 silly placeDep ROOT @react-native-community/datetimepicker@8.4.4 REPLACE for: parkingapp@1.0.0 want: 8.4.4
75 silly placeDep ROOT expo-image-picker@17.0.10 REPLACE for: parkingapp@1.0.0 want: ~17.0.10
76 silly placeDep ROOT react-native-svg@15.12.1 REPLACE for: parkingapp@1.0.0 want: 15.12.1
77 silly fetch manifest expo-image-loader@~6.0.0
78 silly packumentCache full:https://registry.npmjs.org/expo-image-loader cache-miss
79 http fetch GET 200 https://registry.npmjs.org/expo-image-loader 347ms (cache miss)
80 silly packumentCache full:https://registry.npmjs.org/expo-image-loader set size:undefined disposed:false
81 silly fetch manifest expo@*
82 silly packumentCache full:https://registry.npmjs.org/expo cache-miss
83 http cache https://registry.npmjs.org/expo 27ms (cache hit)
84 silly packumentCache full:https://registry.npmjs.org/expo set size:3606655 disposed:false
85 silly fetch manifest react@*
86 silly packumentCache full:https://registry.npmjs.org/react cache-miss
87 http cache https://registry.npmjs.org/react 64ms (cache hit)
88 silly packumentCache full:https://registry.npmjs.org/react set size:6594137 disposed:false
89 silly fetch manifest react-native@*
90 silly packumentCache full:https://registry.npmjs.org/react-native cache-miss
91 http cache https://registry.npmjs.org/react-native 125ms (cache hit)
92 silly packumentCache full:https://registry.npmjs.org/react-native set size:15087723 disposed:false
93 silly fetch manifest react-dom@*
94 silly packumentCache full:https://registry.npmjs.org/react-dom cache-miss
95 http cache https://registry.npmjs.org/react-dom 71ms (cache hit)
96 silly packumentCache full:https://registry.npmjs.org/react-dom set size:8771896 disposed:false
97 silly placeDep ROOT expo-image-loader@6.0.0 OK for: expo-image-picker@17.0.10 want: ~6.0.0
98 warn EBADENGINE Unsupported engine {
98 warn EBADENGINE   package: 'eslint-visitor-keys@5.0.1',
98 warn EBADENGINE   required: { node: '^20.19.0 || ^22.13.0 || >=24' },
98 warn EBADENGINE   current: { node: 'v22.12.0', npm: '10.9.2' }
98 warn EBADENGINE }
99 silly reify mark retired [
99 silly reify   'E:\\smartparkingcopy\\ParkingApp\\node_modules\\@cspotcode\\source-map-support'
99 silly reify ]
100 silly reify mark retired [
100 silly reify   'E:\\smartparkingcopy\\ParkingApp\\node_modules\\@expo\\apple-utils',
100 silly reify   'E:\\smartparkingcopy\\ParkingApp\\node_modules\\.bin\\apple-utils',
100 silly reify   'E:\\smartparkingcopy\\ParkingApp\\node_modules\\.bin\\apple-utils.cmd',
100 silly reify   'E:\\smartparkingcopy\\ParkingApp\\node_modules\\.bin\\apple-utils.ps1'
100 silly reify ]
101 silly reify mark retired [ 'E:\\smartparkingcopy\\ParkingApp\\node_modules\\@expo\\bunyan' ]
102 silly reify mark retired [
102 silly reify   'E:\\smartparkingcopy\\ParkingApp\\node_modules\\@expo\\eas-build-job'
102 silly reify ]
103 silly reify mark retired [ 'E:\\smartparkingcopy\\ParkingApp\\node_modules\\@expo\\eas-json' ]
104 silly reify mark retired [ 'E:\\smartparkingcopy\\ParkingApp\\node_modules\\@expo\\logger' ]
105 silly reify mark retired [
105 silly reify   'E:\\smartparkingcopy\\ParkingApp\\node_modules\\@expo\\multipart-body-parser'
105 silly reify ]
106 silly reify mark retired [ 'E:\\smartparkingcopy\\ParkingApp\\node_modules\\@expo\\pkcs12' ]
107 silly reify mark retired [
107 silly reify   'E:\\smartparkingcopy\\ParkingApp\\node_modules\\@expo\\plugin-help'
107 silly reify ]
108 silly reify mark retired [
108 silly reify   'E:\\smartparkingcopy\\ParkingApp\\node_modules\\@expo\\plugin-warn-if-update-available'
108 silly reify ]
109 silly reify mark retired [
109 silly reify   'E:\\smartparkingcopy\\ParkingApp\\node_modules\\@expo\\require-utils'
109 silly reify ]
110 silly reify mark retired [ 'E:\\smartparkingcopy\\ParkingApp\\node_modules\\@expo\\results' ]
111 silly reify mark retired [
111 silly reify   'E:\\smartparkingcopy\\ParkingApp\\node_modules\\@expo\\rudder-sdk-node'
111 silly reify ]
112 silly reify mark retired [ 'E:\\smartparkingcopy\\ParkingApp\\node_modules\\@expo\\steps' ]
113 silly reify mark retired [ 'E:\\smartparkingcopy\\ParkingApp\\node_modules\\@expo\\timeago.js' ]
114 silly reify mark retired [ 'E:\\smartparkingcopy\\ParkingApp\\node_modules\\@hapi\\hoek' ]
115 silly reify mark retired [ 'E:\\smartparkingcopy\\ParkingApp\\node_modules\\@hapi\\topo' ]
116 silly reify mark retired [ 'E:\\smartparkingcopy\\ParkingApp\\node_modules\\@isaacs\\cliui' ]
117 silly reify mark retired [
117 silly reify   'E:\\smartparkingcopy\\ParkingApp\\node_modules\\@nodelib\\fs.scandir'
117 silly reify ]
118 silly reify mark retired [ 'E:\\smartparkingcopy\\ParkingApp\\node_modules\\@nodelib\\fs.stat' ]
119 silly reify mark retired [ 'E:\\smartparkingcopy\\ParkingApp\\node_modules\\@nodelib\\fs.walk' ]
120 silly reify mark retired [ 'E:\\smartparkingcopy\\ParkingApp\\node_modules\\@oclif\\core' ]
121 silly reify mark retired [
121 silly reify   'E:\\smartparkingcopy\\ParkingApp\\node_modules\\@oclif\\plugin-autocomplete'
121 silly reify ]
122 silly reify mark retired [ 'E:\\smartparkingcopy\\ParkingApp\\node_modules\\@pkgjs\\parseargs' ]
123 silly reify mark retired [
123 silly reify   'E:\\smartparkingcopy\\ParkingApp\\node_modules\\@react-native-community\\datetimepicker'
123 silly reify ]
124 silly reify mark retired [
124 silly reify   'E:\\smartparkingcopy\\ParkingApp\\node_modules\\@segment\\loosely-validate-event'
124 silly reify ]
125 silly reify mark retired [
125 silly reify   'E:\\smartparkingcopy\\ParkingApp\\node_modules\\@sentry-internal\\tracing'
125 silly reify ]
126 silly reify mark retired [ 'E:\\smartparkingcopy\\ParkingApp\\node_modules\\@sentry\\core' ]
127 silly reify mark retired [ 'E:\\smartparkingcopy\\ParkingApp\\node_modules\\@sentry\\node' ]
128 silly reify mark retired [ 'E:\\smartparkingcopy\\ParkingApp\\node_modules\\@sentry\\types' ]
129 silly reify mark retired [ 'E:\\smartparkingcopy\\ParkingApp\\node_modules\\@sentry\\utils' ]
130 silly reify mark retired [ 'E:\\smartparkingcopy\\ParkingApp\\node_modules\\@sideway\\address' ]
131 silly reify mark retired [ 'E:\\smartparkingcopy\\ParkingApp\\node_modules\\@sideway\\formula' ]
132 silly reify mark retired [
132 silly reify   'E:\\smartparkingcopy\\ParkingApp\\node_modules\\@sideway\\pinpoint'
132 silly reify ]
133 silly reify mark retired [ 'E:\\smartparkingcopy\\ParkingApp\\node_modules\\@tsconfig\\node10' ]
134 silly reify mark retired [ 'E:\\smartparkingcopy\\ParkingApp\\node_modules\\@tsconfig\\node12' ]
135 silly reify mark retired [ 'E:\\smartparkingcopy\\ParkingApp\\node_modules\\@tsconfig\\node14' ]
136 silly reify mark retired [ 'E:\\smartparkingcopy\\ParkingApp\\node_modules\\@tsconfig\\node16' ]
137 silly reify mark retired [ 'E:\\smartparkingcopy\\ParkingApp\\node_modules\\@types\\bunyan' ]
138 silly reify mark retired [
138 silly reify   'E:\\smartparkingcopy\\ParkingApp\\node_modules\\@types\\cli-progress'
138 silly reify ]
139 silly reify mark retired [ 'E:\\smartparkingcopy\\ParkingApp\\node_modules\\acorn-walk' ]
140 silly reify mark retired [ 'E:\\smartparkingcopy\\ParkingApp\\node_modules\\ajv-formats' ]
141 silly reify mark retired [ 'E:\\smartparkingcopy\\ParkingApp\\node_modules\\ansicolors' ]
142 silly reify mark retired [ 'E:\\smartparkingcopy\\ParkingApp\\node_modules\\ansis' ]
143 silly reify mark retired [ 'E:\\smartparkingcopy\\ParkingApp\\node_modules\\array-union' ]
144 silly reify mark retired [ 'E:\\smartparkingcopy\\ParkingApp\\node_modules\\asn1' ]
145 silly reify mark retired [ 'E:\\smartparkingcopy\\ParkingApp\\node_modules\\astral-regex' ]
146 silly reify mark retired [ 'E:\\smartparkingcopy\\ParkingApp\\node_modules\\async' ]
147 silly reify mark retired [ 'E:\\smartparkingcopy\\ParkingApp\\node_modules\\asynckit' ]
148 silly reify mark retired [ 'E:\\smartparkingcopy\\ParkingApp\\node_modules\\at-least-node' ]
149 silly reify mark retired [ 'E:\\smartparkingcopy\\ParkingApp\\node_modules\\b4a' ]
150 silly reify mark retired [ 'E:\\smartparkingcopy\\ParkingApp\\node_modules\\bare-events' ]
151 silly reify mark retired [
151 silly reify   'E:\\smartparkingcopy\\ParkingApp\\node_modules\\bunyan',
151 silly reify   'E:\\smartparkingcopy\\ParkingApp\\node_modules\\.bin\\bunyan',
151 silly reify   'E:\\smartparkingcopy\\ParkingApp\\node_modules\\.bin\\bunyan.cmd',
151 silly reify   'E:\\smartparkingcopy\\ParkingApp\\node_modules\\.bin\\bunyan.ps1'
151 silly reify ]
152 silly reify mark retired [
152 silly reify   'E:\\smartparkingcopy\\ParkingApp\\node_modules\\cardinal',
152 silly reify   'E:\\smartparkingcopy\\ParkingApp\\node_modules\\.bin\\cdl',
152 silly reify   'E:\\smartparkingcopy\\ParkingApp\\node_modules\\.bin\\cdl.cmd',
152 silly reify   'E:\\smartparkingcopy\\ParkingApp\\node_modules\\.bin\\cdl.ps1'
152 silly reify ]
153 silly reify mark retired [ 'E:\\smartparkingcopy\\ParkingApp\\node_modules\\charenc' ]
154 silly reify mark retired [ 'E:\\smartparkingcopy\\ParkingApp\\node_modules\\clean-stack' ]
155 silly reify mark retired [ 'E:\\smartparkingcopy\\ParkingApp\\node_modules\\cli-progress' ]
156 silly reify mark retired [ 'E:\\smartparkingcopy\\ParkingApp\\node_modules\\combined-stream' ]
157 silly reify mark retired [ 'E:\\smartparkingcopy\\ParkingApp\\node_modules\\component-type' ]
158 silly reify mark retired [ 'E:\\smartparkingcopy\\ParkingApp\\node_modules\\content-type' ]
159 silly reify mark retired [ 'E:\\smartparkingcopy\\ParkingApp\\node_modules\\create-require' ]
160 silly reify mark retired [ 'E:\\smartparkingcopy\\ParkingApp\\node_modules\\crypt' ]
161 silly reify mark retired [
161 silly reify   'E:\\smartparkingcopy\\ParkingApp\\node_modules\\crypto-random-string'
161 silly reify ]
162 silly reify mark retired [ 'E:\\smartparkingcopy\\ParkingApp\\node_modules\\dateformat' ]
163 silly reify mark retired [ 'E:\\smartparkingcopy\\ParkingApp\\node_modules\\delayed-stream' ]
164 silly reify mark retired [ 'E:\\smartparkingcopy\\ParkingApp\\node_modules\\diff' ]
165 silly reify mark retired [ 'E:\\smartparkingcopy\\ParkingApp\\node_modules\\dir-glob' ]
166 silly reify mark retired [ 'E:\\smartparkingcopy\\ParkingApp\\node_modules\\domino' ]
167 silly reify mark retired [ 'E:\\smartparkingcopy\\ParkingApp\\node_modules\\dtrace-provider' ]
168 silly reify mark retired [
168 silly reify   'E:\\smartparkingcopy\\ParkingApp\\node_modules\\eas-cli',
168 silly reify   'E:\\smartparkingcopy\\ParkingApp\\node_modules\\.bin\\eas',
168 silly reify   'E:\\smartparkingcopy\\ParkingApp\\node_modules\\.bin\\eas.cmd',
168 silly reify   'E:\\smartparkingcopy\\ParkingApp\\node_modules\\.bin\\eas.ps1'
168 silly reify ]
169 silly reify mark retired [ 'E:\\smartparkingcopy\\ParkingApp\\node_modules\\eastasianwidth' ]
170 silly reify mark retired [
170 silly reify   'E:\\smartparkingcopy\\ParkingApp\\node_modules\\ejs',
170 silly reify   'E:\\smartparkingcopy\\ParkingApp\\node_modules\\.bin\\ejs',
170 silly reify   'E:\\smartparkingcopy\\ParkingApp\\node_modules\\.bin\\ejs.cmd',
170 silly reify   'E:\\smartparkingcopy\\ParkingApp\\node_modules\\.bin\\ejs.ps1'
170 silly reify ]
171 silly reify mark retired [ 'E:\\smartparkingcopy\\ParkingApp\\node_modules\\env-paths' ]
172 silly reify mark retired [ 'E:\\smartparkingcopy\\ParkingApp\\node_modules\\env-string' ]
173 silly reify mark retired [
173 silly reify   'E:\\smartparkingcopy\\ParkingApp\\node_modules\\envinfo',
173 silly reify   'E:\\smartparkingcopy\\ParkingApp\\node_modules\\.bin\\envinfo',
173 silly reify   'E:\\smartparkingcopy\\ParkingApp\\node_modules\\.bin\\envinfo.cmd',
173 silly reify   'E:\\smartparkingcopy\\ParkingApp\\node_modules\\.bin\\envinfo.ps1'
173 silly reify ]
174 silly reify mark retired [ 'E:\\smartparkingcopy\\ParkingApp\\node_modules\\err-code' ]
175 silly reify mark retired [ 'E:\\smartparkingcopy\\ParkingApp\\node_modules\\error-ex' ]
176 silly reify mark retired [ 'E:\\smartparkingcopy\\ParkingApp\\node_modules\\events-universal' ]
177 silly reify mark retired [ 'E:\\smartparkingcopy\\ParkingApp\\node_modules\\exec-async' ]
178 silly reify mark retired [ 'E:\\smartparkingcopy\\ParkingApp\\node_modules\\expo-image-loader' ]
179 silly reify mark retired [ 'E:\\smartparkingcopy\\ParkingApp\\node_modules\\expo-image-picker' ]
180 silly reify mark retired [ 'E:\\smartparkingcopy\\ParkingApp\\node_modules\\fast-fifo' ]
181 silly reify mark retired [ 'E:\\smartparkingcopy\\ParkingApp\\node_modules\\fast-glob' ]
182 silly reify mark retired [ 'E:\\smartparkingcopy\\ParkingApp\\node_modules\\fast-uri' ]
183 silly reify mark retired [ 'E:\\smartparkingcopy\\ParkingApp\\node_modules\\fastq' ]
184 silly reify mark retired [ 'E:\\smartparkingcopy\\ParkingApp\\node_modules\\fetch-retry' ]
185 silly reify mark retired [ 'E:\\smartparkingcopy\\ParkingApp\\node_modules\\figures' ]
186 silly reify mark retired [ 'E:\\smartparkingcopy\\ParkingApp\\node_modules\\filelist' ]
187 silly reify mark retired [ 'E:\\smartparkingcopy\\ParkingApp\\node_modules\\foreground-child' ]
188 silly reify mark retired [ 'E:\\smartparkingcopy\\ParkingApp\\node_modules\\form-data' ]
189 silly reify mark retired [ 'E:\\smartparkingcopy\\ParkingApp\\node_modules\\fs-extra' ]
190 silly reify mark retired [ 'E:\\smartparkingcopy\\ParkingApp\\node_modules\\globby' ]
191 silly reify mark retired [ 'E:\\smartparkingcopy\\ParkingApp\\node_modules\\golden-fleece' ]
192 silly reify mark retired [
192 silly reify   'E:\\smartparkingcopy\\ParkingApp\\node_modules\\gradle-to-js',
192 silly reify   'E:\\smartparkingcopy\\ParkingApp\\node_modules\\.bin\\gradle-to-js',
192 silly reify   'E:\\smartparkingcopy\\ParkingApp\\node_modules\\.bin\\gradle-to-js.cmd',
192 silly reify   'E:\\smartparkingcopy\\ParkingApp\\node_modules\\.bin\\gradle-to-js.ps1'
192 silly reify ]
193 silly reify mark retired [ 'E:\\smartparkingcopy\\ParkingApp\\node_modules\\graphql-tag' ]
194 silly reify mark retired [ 'E:\\smartparkingcopy\\ParkingApp\\node_modules\\http-call' ]
195 silly reify mark retired [ 'E:\\smartparkingcopy\\ParkingApp\\node_modules\\hyperlinker' ]
196 silly reify mark retired [ 'E:\\smartparkingcopy\\ParkingApp\\node_modules\\indent-string' ]
197 silly reify mark retired [ 'E:\\smartparkingcopy\\ParkingApp\\node_modules\\is-buffer' ]
198 silly reify mark retired [ 'E:\\smartparkingcopy\\ParkingApp\\node_modules\\is-interactive' ]
199 silly reify mark retired [ 'E:\\smartparkingcopy\\ParkingApp\\node_modules\\is-retry-allowed' ]
200 silly reify mark retired [ 'E:\\smartparkingcopy\\ParkingApp\\node_modules\\is-stream' ]
201 silly reify mark retired [
201 silly reify   'E:\\smartparkingcopy\\ParkingApp\\node_modules\\is-unicode-supported'
201 silly reify ]
202 silly reify mark retired [ 'E:\\smartparkingcopy\\ParkingApp\\node_modules\\jackspeak' ]
203 silly reify mark retired [
203 silly reify   'E:\\smartparkingcopy\\ParkingApp\\node_modules\\jake',
203 silly reify   'E:\\smartparkingcopy\\ParkingApp\\node_modules\\.bin\\jake',
203 silly reify   'E:\\smartparkingcopy\\ParkingApp\\node_modules\\.bin\\jake.cmd',
203 silly reify   'E:\\smartparkingcopy\\ParkingApp\\node_modules\\.bin\\jake.ps1'
203 silly reify ]
204 silly reify mark retired [ 'E:\\smartparkingcopy\\ParkingApp\\node_modules\\jks-js' ]
205 silly reify mark retired [ 'E:\\smartparkingcopy\\ParkingApp\\node_modules\\joi' ]
206 silly reify mark retired [ 'E:\\smartparkingcopy\\ParkingApp\\node_modules\\join-component' ]
207 silly reify mark retired [ 'E:\\smartparkingcopy\\ParkingApp\\node_modules\\jsep' ]
208 silly reify mark retired [
208 silly reify   'E:\\smartparkingcopy\\ParkingApp\\node_modules\\json-parse-better-errors'
208 silly reify ]
209 silly reify mark retired [ 'E:\\smartparkingcopy\\ParkingApp\\node_modules\\jsonfile' ]
210 silly reify mark retired [ 'E:\\smartparkingcopy\\ParkingApp\\node_modules\\keychain' ]
211 silly reify mark retired [ 'E:\\smartparkingcopy\\ParkingApp\\node_modules\\lilconfig' ]
212 silly reify mark retired [ 'E:\\smartparkingcopy\\ParkingApp\\node_modules\\lodash.clonedeep' ]
213 silly reify mark retired [ 'E:\\smartparkingcopy\\ParkingApp\\node_modules\\lodash.get' ]
214 silly reify mark retired [ 'E:\\smartparkingcopy\\ParkingApp\\node_modules\\make-error' ]
215 silly reify mark retired [ 'E:\\smartparkingcopy\\ParkingApp\\node_modules\\md5' ]
216 silly reify mark retired [ 'E:\\smartparkingcopy\\ParkingApp\\node_modules\\merge2' ]
217 silly reify mark retired [ 'E:\\smartparkingcopy\\ParkingApp\\node_modules\\moment' ]
218 silly reify mark retired [ 'E:\\smartparkingcopy\\ParkingApp\\node_modules\\multipasta' ]
219 silly reify mark retired [ 'E:\\smartparkingcopy\\ParkingApp\\node_modules\\mute-stream' ]
220 silly reify mark retired [ 'E:\\smartparkingcopy\\ParkingApp\\node_modules\\mv' ]
221 silly reify mark retired [ 'E:\\smartparkingcopy\\ParkingApp\\node_modules\\nan' ]
222 silly reify mark retired [ 'E:\\smartparkingcopy\\ParkingApp\\node_modules\\natural-orderby' ]
223 silly reify mark retired [
223 silly reify   'E:\\smartparkingcopy\\ParkingApp\\node_modules\\ncp',
223 silly reify   'E:\\smartparkingcopy\\ParkingApp\\node_modules\\.bin\\ncp',
223 silly reify   'E:\\smartparkingcopy\\ParkingApp\\node_modules\\.bin\\ncp.cmd',
223 silly reify   'E:\\smartparkingcopy\\ParkingApp\\node_modules\\.bin\\ncp.ps1'
223 silly reify ]
224 silly reify mark retired [ 'E:\\smartparkingcopy\\ParkingApp\\node_modules\\node-rsa' ]
225 silly reify mark retired [ 'E:\\smartparkingcopy\\ParkingApp\\node_modules\\node-stream-zip' ]
226 silly reify mark retired [ 'E:\\smartparkingcopy\\ParkingApp\\node_modules\\object-treeify' ]
227 silly reify mark retired [
227 silly reify   'E:\\smartparkingcopy\\ParkingApp\\node_modules\\package-json-from-dist'
227 silly reify ]
228 silly reify mark retired [ 'E:\\smartparkingcopy\\ParkingApp\\node_modules\\parse-json' ]
229 silly reify mark retired [ 'E:\\smartparkingcopy\\ParkingApp\\node_modules\\password-prompt' ]
230 silly reify mark retired [ 'E:\\smartparkingcopy\\ParkingApp\\node_modules\\path-type' ]
231 silly reify mark retired [ 'E:\\smartparkingcopy\\ParkingApp\\node_modules\\pkg-dir' ]
232 silly reify mark retired [ 'E:\\smartparkingcopy\\ParkingApp\\node_modules\\promise-limit' ]
233 silly reify mark retired [ 'E:\\smartparkingcopy\\ParkingApp\\node_modules\\promise-retry' ]
234 silly reify mark retired [ 'E:\\smartparkingcopy\\ParkingApp\\node_modules\\queue-microtask' ]
235 silly reify mark retired [ 'E:\\smartparkingcopy\\ParkingApp\\node_modules\\react-native-svg' ]
236 silly reify mark retired [ 'E:\\smartparkingcopy\\ParkingApp\\node_modules\\redeyed' ]
237 silly reify mark retired [
237 silly reify   'E:\\smartparkingcopy\\ParkingApp\\node_modules\\remove-trailing-slash'
237 silly reify ]
238 silly reify mark retired [ 'E:\\smartparkingcopy\\ParkingApp\\node_modules\\retry' ]
239 silly reify mark retired [ 'E:\\smartparkingcopy\\ParkingApp\\node_modules\\reusify' ]
240 silly reify mark retired [ 'E:\\smartparkingcopy\\ParkingApp\\node_modules\\run-parallel' ]
241 silly reify mark retired [
241 silly reify   'E:\\smartparkingcopy\\ParkingApp\\node_modules\\safe-json-stringify'
241 silly reify ]
242 silly reify mark retired [ 'E:\\smartparkingcopy\\ParkingApp\\node_modules\\safer-buffer' ]
243 silly reify mark retired [
243 silly reify   'E:\\smartparkingcopy\\ParkingApp\\node_modules\\set-interval-async'
243 silly reify ]
244 silly reify mark retired [ 'E:\\smartparkingcopy\\ParkingApp\\node_modules\\slice-ansi' ]
245 silly reify mark retired [ 'E:\\smartparkingcopy\\ParkingApp\\node_modules\\streamx' ]
246 silly reify mark retired [ 'E:\\smartparkingcopy\\ParkingApp\\node_modules\\string-width-cjs' ]
247 silly reify mark retired [ 'E:\\smartparkingcopy\\ParkingApp\\node_modules\\strip-ansi-cjs' ]
248 silly reify mark retired [ 'E:\\smartparkingcopy\\ParkingApp\\node_modules\\tar-stream' ]
249 silly reify mark retired [ 'E:\\smartparkingcopy\\ParkingApp\\node_modules\\temp-dir' ]
250 silly reify mark retired [ 'E:\\smartparkingcopy\\ParkingApp\\node_modules\\text-decoder' ]
251 silly reify mark retired [ 'E:\\smartparkingcopy\\ParkingApp\\node_modules\\ts-deepmerge' ]
252 silly reify mark retired [
252 silly reify   'E:\\smartparkingcopy\\ParkingApp\\node_modules\\ts-node',
252 silly reify   'E:\\smartparkingcopy\\ParkingApp\\node_modules\\.bin\\ts-node',
252 silly reify   'E:\\smartparkingcopy\\ParkingApp\\node_modules\\.bin\\ts-node.cmd',
252 silly reify   'E:\\smartparkingcopy\\ParkingApp\\node_modules\\.bin\\ts-node.ps1',
252 silly reify   'E:\\smartparkingcopy\\ParkingApp\\node_modules\\.bin\\ts-node-cwd',
252 silly reify   'E:\\smartparkingcopy\\ParkingApp\\node_modules\\.bin\\ts-node-cwd.cmd',
252 silly reify   'E:\\smartparkingcopy\\ParkingApp\\node_modules\\.bin\\ts-node-cwd.ps1',
252 silly reify   'E:\\smartparkingcopy\\ParkingApp\\node_modules\\.bin\\ts-node-esm',
252 silly reify   'E:\\smartparkingcopy\\ParkingApp\\node_modules\\.bin\\ts-node-esm.cmd',
252 silly reify   'E:\\smartparkingcopy\\ParkingApp\\node_modules\\.bin\\ts-node-esm.ps1',
252 silly reify   'E:\\smartparkingcopy\\ParkingApp\\node_modules\\.bin\\ts-node-script',
252 silly reify   'E:\\smartparkingcopy\\ParkingApp\\node_modules\\.bin\\ts-node-script.cmd',
252 silly reify   'E:\\smartparkingcopy\\ParkingApp\\node_modules\\.bin\\ts-node-script.ps1',
252 silly reify   'E:\\smartparkingcopy\\ParkingApp\\node_modules\\.bin\\ts-node-transpile-only',
252 silly reify   'E:\\smartparkingcopy\\ParkingApp\\node_modules\\.bin\\ts-node-transpile-only.cmd',
252 silly reify   'E:\\smartparkingcopy\\ParkingApp\\node_modules\\.bin\\ts-node-transpile-only.ps1',
252 silly reify   'E:\\smartparkingcopy\\ParkingApp\\node_modules\\.bin\\ts-script',
252 silly reify   'E:\\smartparkingcopy\\ParkingApp\\node_modules\\.bin\\ts-script.cmd',
252 silly reify   'E:\\smartparkingcopy\\ParkingApp\\node_modules\\.bin\\ts-script.ps1'
252 silly reify ]
253 silly reify mark retired [ 'E:\\smartparkingcopy\\ParkingApp\\node_modules\\tunnel-agent' ]
254 silly reify mark retired [ 'E:\\smartparkingcopy\\ParkingApp\\node_modules\\turndown' ]
255 silly reify mark retired [ 'E:\\smartparkingcopy\\ParkingApp\\node_modules\\unique-string' ]
256 silly reify mark retired [ 'E:\\smartparkingcopy\\ParkingApp\\node_modules\\universalify' ]
257 silly reify mark retired [ 'E:\\smartparkingcopy\\ParkingApp\\node_modules\\untildify' ]
258 silly reify mark retired [
258 silly reify   'E:\\smartparkingcopy\\ParkingApp\\node_modules\\v8-compile-cache-lib'
258 silly reify ]
259 silly reify mark retired [ 'E:\\smartparkingcopy\\ParkingApp\\node_modules\\widest-line' ]
260 silly reify mark retired [ 'E:\\smartparkingcopy\\ParkingApp\\node_modules\\wordwrap' ]
261 silly reify mark retired [ 'E:\\smartparkingcopy\\ParkingApp\\node_modules\\wrap-ansi-cjs' ]
262 silly reify mark retired [ 'E:\\smartparkingcopy\\ParkingApp\\node_modules\\yn' ]
263 silly reify mark retired [ 'E:\\smartparkingcopy\\ParkingApp\\node_modules\\zod' ]
264 silly reify moves {
264 silly reify   'E:\\smartparkingcopy\\ParkingApp\\node_modules\\@cspotcode\\source-map-support': 'E:\\smartparkingcopy\\ParkingApp\\node_modules\\@cspotcode\\.source-map-support-9THaB1BB',
264 silly reify   'E:\\smartparkingcopy\\ParkingApp\\node_modules\\@expo\\apple-utils': 'E:\\smartparkingcopy\\ParkingApp\\node_modules\\@expo\\.apple-utils-93PT1fbf',
264 silly reify   'E:\\smartparkingcopy\\ParkingApp\\node_modules\\.bin\\apple-utils': 'E:\\smartparkingcopy\\ParkingApp\\node_modules\\.bin\\.apple-utils-TDqNX7Cz',
264 silly reify   'E:\\smartparkingcopy\\ParkingApp\\node_modules\\.bin\\apple-utils.cmd': 'E:\\smartparkingcopy\\ParkingApp\\node_modules\\.bin\\.apple-utils.cmd-Dgd4unnF',
264 silly reify   'E:\\smartparkingcopy\\ParkingApp\\node_modules\\.bin\\apple-utils.ps1': 'E:\\smartparkingcopy\\ParkingApp\\node_modules\\.bin\\.apple-utils.ps1-xQONzKj0',
264 silly reify   'E:\\smartparkingcopy\\ParkingApp\\node_modules\\@expo\\bunyan': 'E:\\smartparkingcopy\\ParkingApp\\node_modules\\@expo\\.bunyan-7sfwcXn2',
264 silly reify   'E:\\smartparkingcopy\\ParkingApp\\node_modules\\@expo\\eas-build-job': 'E:\\smartparkingcopy\\ParkingApp\\node_modules\\@expo\\.eas-build-job-54F0MjkM',
264 silly reify   'E:\\smartparkingcopy\\ParkingApp\\node_modules\\@expo\\eas-json': 'E:\\smartparkingcopy\\ParkingApp\\node_modules\\@expo\\.eas-json-5zns9u7r',
264 silly reify   'E:\\smartparkingcopy\\ParkingApp\\node_modules\\@expo\\logger': 'E:\\smartparkingcopy\\ParkingApp\\node_modules\\@expo\\.logger-RlUvpeSR',
264 silly reify   'E:\\smartparkingcopy\\ParkingApp\\node_modules\\@expo\\multipart-body-parser': 'E:\\smartparkingcopy\\ParkingApp\\node_modules\\@expo\\.multipart-body-parser-6K13bEBH',
264 silly reify   'E:\\smartparkingcopy\\ParkingApp\\node_modules\\@expo\\pkcs12': 'E:\\smartparkingcopy\\ParkingApp\\node_modules\\@expo\\.pkcs12-fG4APebu',
264 silly reify   'E:\\smartparkingcopy\\ParkingApp\\node_modules\\@expo\\plugin-help': 'E:\\smartparkingcopy\\ParkingApp\\node_modules\\@expo\\.plugin-help-jITcUnZj',
264 silly reify   'E:\\smartparkingcopy\\ParkingApp\\node_modules\\@expo\\plugin-warn-if-update-available': 'E:\\smartparkingcopy\\ParkingApp\\node_modules\\@expo\\.plugin-warn-if-update-available-3mbPapM5',
264 silly reify   'E:\\smartparkingcopy\\ParkingApp\\node_modules\\@expo\\require-utils': 'E:\\smartparkingcopy\\ParkingApp\\node_modules\\@expo\\.require-utils-SUeDxqKZ',
264 silly reify   'E:\\smartparkingcopy\\ParkingApp\\node_modules\\@expo\\results': 'E:\\smartparkingcopy\\ParkingApp\\node_modules\\@expo\\.results-n9JhAAA3',
264 silly reify   'E:\\smartparkingcopy\\ParkingApp\\node_modules\\@expo\\rudder-sdk-node': 'E:\\smartparkingcopy\\ParkingApp\\node_modules\\@expo\\.rudder-sdk-node-zuzka5gF',
264 silly reify   'E:\\smartparkingcopy\\ParkingApp\\node_modules\\@expo\\steps': 'E:\\smartparkingcopy\\ParkingApp\\node_modules\\@expo\\.steps-mE0gWuw4',
264 silly reify   'E:\\smartparkingcopy\\ParkingApp\\node_modules\\@expo\\timeago.js': 'E:\\smartparkingcopy\\ParkingApp\\node_modules\\@expo\\.timeago.js-K09MWXl5',
264 silly reify   'E:\\smartparkingcopy\\ParkingApp\\node_modules\\@hapi\\hoek': 'E:\\smartparkingcopy\\ParkingApp\\node_modules\\@hapi\\.hoek-tUhEVOug',
264 silly reify   'E:\\smartparkingcopy\\ParkingApp\\node_modules\\@hapi\\topo': 'E:\\smartparkingcopy\\ParkingApp\\node_modules\\@hapi\\.topo-weW74wmG',
264 silly reify   'E:\\smartparkingcopy\\ParkingApp\\node_modules\\@isaacs\\cliui': 'E:\\smartparkingcopy\\ParkingApp\\node_modules\\@isaacs\\.cliui-BcfKuZsC',
264 silly reify   'E:\\smartparkingcopy\\ParkingApp\\node_modules\\@nodelib\\fs.scandir': 'E:\\smartparkingcopy\\ParkingApp\\node_modules\\@nodelib\\.fs.scandir-rvulvNnt',
264 silly reify   'E:\\smartparkingcopy\\ParkingApp\\node_modules\\@nodelib\\fs.stat': 'E:\\smartparkingcopy\\ParkingApp\\node_modules\\@nodelib\\.fs.stat-dRTwxHQI',
264 silly reify   'E:\\smartparkingcopy\\ParkingApp\\node_modules\\@nodelib\\fs.walk': 'E:\\smartparkingcopy\\ParkingApp\\node_modules\\@nodelib\\.fs.walk-3IEoBW5e',
264 silly reify   'E:\\smartparkingcopy\\ParkingApp\\node_modules\\@oclif\\core': 'E:\\smartparkingcopy\\ParkingApp\\node_modules\\@oclif\\.core-7AIaRrxZ',
264 silly reify   'E:\\smartparkingcopy\\ParkingApp\\node_modules\\@oclif\\plugin-autocomplete': 'E:\\smartparkingcopy\\ParkingApp\\node_modules\\@oclif\\.plugin-autocomplete-nz8jcqZo',
264 silly reify   'E:\\smartparkingcopy\\ParkingApp\\node_modules\\@pkgjs\\parseargs': 'E:\\smartparkingcopy\\ParkingApp\\node_modules\\@pkgjs\\.parseargs-QjZvRyEp',
264 silly reify   'E:\\smartparkingcopy\\ParkingApp\\node_modules\\@react-native-community\\datetimepicker': 'E:\\smartparkingcopy\\ParkingApp\\node_modules\\@react-native-community\\.datetimepicker-1PUvN5qm',
264 silly reify   'E:\\smartparkingcopy\\ParkingApp\\node_modules\\@segment\\loosely-validate-event': 'E:\\smartparkingcopy\\ParkingApp\\node_modules\\@segment\\.loosely-validate-event-t20spKGz',
264 silly reify   'E:\\smartparkingcopy\\ParkingApp\\node_modules\\@sentry-internal\\tracing': 'E:\\smartparkingcopy\\ParkingApp\\node_modules\\@sentry-internal\\.tracing-0S60VLLa',
264 silly reify   'E:\\smartparkingcopy\\ParkingApp\\node_modules\\@sentry\\core': 'E:\\smartparkingcopy\\ParkingApp\\node_modules\\@sentry\\.core-fPCDTm3U',
264 silly reify   'E:\\smartparkingcopy\\ParkingApp\\node_modules\\@sentry\\node': 'E:\\smartparkingcopy\\ParkingApp\\node_modules\\@sentry\\.node-JshSwhvm',
264 silly reify   'E:\\smartparkingcopy\\ParkingApp\\node_modules\\@sentry\\types': 'E:\\smartparkingcopy\\ParkingApp\\node_modules\\@sentry\\.types-6lf0e51c',
264 silly reify   'E:\\smartparkingcopy\\ParkingApp\\node_modules\\@sentry\\utils': 'E:\\smartparkingcopy\\ParkingApp\\node_modules\\@sentry\\.utils-AVaTZEXA',
264 silly reify   'E:\\smartparkingcopy\\ParkingApp\\node_modules\\@sideway\\address': 'E:\\smartparkingcopy\\ParkingApp\\node_modules\\@sideway\\.address-lAQh3P8W',
264 silly reify   'E:\\smartparkingcopy\\ParkingApp\\node_modules\\@sideway\\formula': 'E:\\smartparkingcopy\\ParkingApp\\node_modules\\@sideway\\.formula-gBQPxN5C',
264 silly reify   'E:\\smartparkingcopy\\ParkingApp\\node_modules\\@sideway\\pinpoint': 'E:\\smartparkingcopy\\ParkingApp\\node_modules\\@sideway\\.pinpoint-6LjCLsu8',
264 silly reify   'E:\\smartparkingcopy\\ParkingApp\\node_modules\\@tsconfig\\node10': 'E:\\smartparkingcopy\\ParkingApp\\node_modules\\@tsconfig\\.node10-rsSGvsvO',
264 silly reify   'E:\\smartparkingcopy\\ParkingApp\\node_modules\\@tsconfig\\node12': 'E:\\smartparkingcopy\\ParkingApp\\node_modules\\@tsconfig\\.node12-A10RkpoP',
264 silly reify   'E:\\smartparkingcopy\\ParkingApp\\node_modules\\@tsconfig\\node14': 'E:\\smartparkingcopy\\ParkingApp\\node_modules\\@tsconfig\\.node14-s3XrtPZg',
264 silly reify   'E:\\smartparkingcopy\\ParkingApp\\node_modules\\@tsconfig\\node16': 'E:\\smartparkingcopy\\ParkingApp\\node_modules\\@tsconfig\\.node16-7eLWObEs',
264 silly reify   'E:\\smartparkingcopy\\ParkingApp\\node_modules\\@types\\bunyan': 'E:\\smartparkingcopy\\ParkingApp\\node_modules\\@types\\.bunyan-3WWIzupY',
264 silly reify   'E:\\smartparkingcopy\\ParkingApp\\node_modules\\@types\\cli-progress': 'E:\\smartparkingcopy\\ParkingApp\\node_modules\\@types\\.cli-progress-Fx0ciPSf',
264 silly reify   'E:\\smartparkingcopy\\ParkingApp\\node_modules\\acorn-walk': 'E:\\smartparkingcopy\\ParkingApp\\node_modules\\.acorn-walk-YDQM2i16',
264 silly reify   'E:\\smartparkingcopy\\ParkingApp\\node_modules\\ajv-formats': 'E:\\smartparkingcopy\\ParkingApp\\node_modules\\.ajv-formats-Hk8phx5S',
264 silly reify   'E:\\smartparkingcopy\\ParkingApp\\node_modules\\ansicolors': 'E:\\smartparkingcopy\\ParkingApp\\node_modules\\.ansicolors-E5ehiZvf',
264 silly reify   'E:\\smartparkingcopy\\ParkingApp\\node_modules\\ansis': 'E:\\smartparkingcopy\\ParkingApp\\node_modules\\.ansis-WFtzc6Hg',
264 silly reify   'E:\\smartparkingcopy\\ParkingApp\\node_modules\\array-union': 'E:\\smartparkingcopy\\ParkingApp\\node_modules\\.array-union-xoHAP7l8',
264 silly reify   'E:\\smartparkingcopy\\ParkingApp\\node_modules\\asn1': 'E:\\smartparkingcopy\\ParkingApp\\node_modules\\.asn1-5Hz4nABZ',
264 silly reify   'E:\\smartparkingcopy\\ParkingApp\\node_modules\\astral-regex': 'E:\\smartparkingcopy\\ParkingApp\\node_modules\\.astral-regex-rmWOttLw',
264 silly reify   'E:\\smartparkingcopy\\ParkingApp\\node_modules\\async': 'E:\\smartparkingcopy\\ParkingApp\\node_modules\\.async-gRVkOlOi',
264 silly reify   'E:\\smartparkingcopy\\ParkingApp\\node_modules\\asynckit': 'E:\\smartparkingcopy\\ParkingApp\\node_modules\\.asynckit-owASiVXn',
264 silly reify   'E:\\smartparkingcopy\\ParkingApp\\node_modules\\at-least-node': 'E:\\smartparkingcopy\\ParkingApp\\node_modules\\.at-least-node-ipsLAlfB',
264 silly reify   'E:\\smartparkingcopy\\ParkingApp\\node_modules\\b4a': 'E:\\smartparkingcopy\\ParkingApp\\node_modules\\.b4a-v73dGlK2',
264 silly reify   'E:\\smartparkingcopy\\ParkingApp\\node_modules\\bare-events': 'E:\\smartparkingcopy\\ParkingApp\\node_modules\\.bare-events-ORVAmWAf',
264 silly reify   'E:\\smartparkingcopy\\ParkingApp\\node_modules\\bunyan': 'E:\\smartparkingcopy\\ParkingApp\\node_modules\\.bunyan-XBum9uDT',
264 silly reify   'E:\\smartparkingcopy\\ParkingApp\\node_modules\\.bin\\bunyan': 'E:\\smartparkingcopy\\ParkingApp\\node_modules\\.bin\\.bunyan-o8JYf4Tf',
264 silly reify   'E:\\smartparkingcopy\\ParkingApp\\node_modules\\.bin\\bunyan.cmd': 'E:\\smartparkingcopy\\ParkingApp\\node_modules\\.bin\\.bunyan.cmd-eqonDx2L',
264 silly reify   'E:\\smartparkingcopy\\ParkingApp\\node_modules\\.bin\\bunyan.ps1': 'E:\\smartparkingcopy\\ParkingApp\\node_modules\\.bin\\.bunyan.ps1-wc4haEys',
264 silly reify   'E:\\smartparkingcopy\\ParkingApp\\node_modules\\cardinal': 'E:\\smartparkingcopy\\ParkingApp\\node_modules\\.cardinal-nsFCcR29',
264 silly reify   'E:\\smartparkingcopy\\ParkingApp\\node_modules\\.bin\\cdl': 'E:\\smartparkingcopy\\ParkingApp\\node_modules\\.bin\\.cdl-LGGu2AOE',
264 silly reify   'E:\\smartparkingcopy\\ParkingApp\\node_modules\\.bin\\cdl.cmd': 'E:\\smartparkingcopy\\ParkingApp\\node_modules\\.bin\\.cdl.cmd-1NTKWfbN',
264 silly reify   'E:\\smartparkingcopy\\ParkingApp\\node_modules\\.bin\\cdl.ps1': 'E:\\smartparkingcopy\\ParkingApp\\node_modules\\.bin\\.cdl.ps1-393ma3gw',
264 silly reify   'E:\\smartparkingcopy\\ParkingApp\\node_modules\\charenc': 'E:\\smartparkingcopy\\ParkingApp\\node_modules\\.charenc-A0eNk5dg',
264 silly reify   'E:\\smartparkingcopy\\ParkingApp\\node_modules\\clean-stack': 'E:\\smartparkingcopy\\ParkingApp\\node_modules\\.clean-stack-Nm1CvfeO',
264 silly reify   'E:\\smartparkingcopy\\ParkingApp\\node_modules\\cli-progress': 'E:\\smartparkingcopy\\ParkingApp\\node_modules\\.cli-progress-eJ7P6tid',
264 silly reify   'E:\\smartparkingcopy\\ParkingApp\\node_modules\\combined-stream': 'E:\\smartparkingcopy\\ParkingApp\\node_modules\\.combined-stream-EcBesxal',
264 silly reify   'E:\\smartparkingcopy\\ParkingApp\\node_modules\\component-type': 'E:\\smartparkingcopy\\ParkingApp\\node_modules\\.component-type-Z6slIQjq',
264 silly reify   'E:\\smartparkingcopy\\ParkingApp\\node_modules\\content-type': 'E:\\smartparkingcopy\\ParkingApp\\node_modules\\.content-type-nFuphZex',
264 silly reify   'E:\\smartparkingcopy\\ParkingApp\\node_modules\\create-require': 'E:\\smartparkingcopy\\ParkingApp\\node_modules\\.create-require-lNSPpmSy',
264 silly reify   'E:\\smartparkingcopy\\ParkingApp\\node_modules\\crypt': 'E:\\smartparkingcopy\\ParkingApp\\node_modules\\.crypt-w0azNWMz',
264 silly reify   'E:\\smartparkingcopy\\ParkingApp\\node_modules\\crypto-random-string': 'E:\\smartparkingcopy\\ParkingApp\\node_modules\\.crypto-random-string-DTWZoou2',
264 silly reify   'E:\\smartparkingcopy\\ParkingApp\\node_modules\\dateformat': 'E:\\smartparkingcopy\\ParkingApp\\node_modules\\.dateformat-Z0odIoco',
264 silly reify   'E:\\smartparkingcopy\\ParkingApp\\node_modules\\delayed-stream': 'E:\\smartparkingcopy\\ParkingApp\\node_modules\\.delayed-stream-DgmRfSYc',
264 silly reify   'E:\\smartparkingcopy\\ParkingApp\\node_modules\\diff': 'E:\\smartparkingcopy\\ParkingApp\\node_modules\\.diff-yjYs1sA0',
264 silly reify   'E:\\smartparkingcopy\\ParkingApp\\node_modules\\dir-glob': 'E:\\smartparkingcopy\\ParkingApp\\node_modules\\.dir-glob-4Ap0SLC6',
264 silly reify   'E:\\smartparkingcopy\\ParkingApp\\node_modules\\domino': 'E:\\smartparkingcopy\\ParkingApp\\node_modules\\.domino-Br29b8ws',
264 silly reify   'E:\\smartparkingcopy\\ParkingApp\\node_modules\\dtrace-provider': 'E:\\smartparkingcopy\\ParkingApp\\node_modules\\.dtrace-provider-1RYrq8u5',
264 silly reify   'E:\\smartparkingcopy\\ParkingApp\\node_modules\\eas-cli': 'E:\\smartparkingcopy\\ParkingApp\\node_modules\\.eas-cli-dku7gjj9',
264 silly reify   'E:\\smartparkingcopy\\ParkingApp\\node_modules\\.bin\\eas': 'E:\\smartparkingcopy\\ParkingApp\\node_modules\\.bin\\.eas-z0T4lGkX',
264 silly reify   'E:\\smartparkingcopy\\ParkingApp\\node_modules\\.bin\\eas.cmd': 'E:\\smartparkingcopy\\ParkingApp\\node_modules\\.bin\\.eas.cmd-EyED8s5M',
264 silly reify   'E:\\smartparkingcopy\\ParkingApp\\node_modules\\.bin\\eas.ps1': 'E:\\smartparkingcopy\\ParkingApp\\node_modules\\.bin\\.eas.ps1-HOWwjfuC',
264 silly reify   'E:\\smartparkingcopy\\ParkingApp\\node_modules\\eastasianwidth': 'E:\\smartparkingcopy\\ParkingApp\\node_modules\\.eastasianwidth-BmOJS8n0',
264 silly reify   'E:\\smartparkingcopy\\ParkingApp\\node_modules\\ejs': 'E:\\smartparkingcopy\\ParkingApp\\node_modules\\.ejs-fZnnOTfF',
264 silly reify   'E:\\smartparkingcopy\\ParkingApp\\node_modules\\.bin\\ejs': 'E:\\smartparkingcopy\\ParkingApp\\node_modules\\.bin\\.ejs-YwBlQBS9',
264 silly reify   'E:\\smartparkingcopy\\ParkingApp\\node_modules\\.bin\\ejs.cmd': 'E:\\smartparkingcopy\\ParkingApp\\node_modules\\.bin\\.ejs.cmd-dYgBqLgM',
264 silly reify   'E:\\smartparkingcopy\\ParkingApp\\node_modules\\.bin\\ejs.ps1': 'E:\\smartparkingcopy\\ParkingApp\\node_modules\\.bin\\.ejs.ps1-U1uHCPXK',
264 silly reify   'E:\\smartparkingcopy\\ParkingApp\\node_modules\\env-paths': 'E:\\smartparkingcopy\\ParkingApp\\node_modules\\.env-paths-oKjCB5HH',
264 silly reify   'E:\\smartparkingcopy\\ParkingApp\\node_modules\\env-string': 'E:\\smartparkingcopy\\ParkingApp\\node_modules\\.env-string-z8Yi0RqV',
264 silly reify   'E:\\smartparkingcopy\\ParkingApp\\node_modules\\envinfo': 'E:\\smartparkingcopy\\ParkingApp\\node_modules\\.envinfo-PXW8zPmi',
264 silly reify   'E:\\smartparkingcopy\\ParkingApp\\node_modules\\.bin\\envinfo': 'E:\\smartparkingcopy\\ParkingApp\\node_modules\\.bin\\.envinfo-WripIO8B',
264 silly reify   'E:\\smartparkingcopy\\ParkingApp\\node_modules\\.bin\\envinfo.cmd': 'E:\\smartparkingcopy\\ParkingApp\\node_modules\\.bin\\.envinfo.cmd-Z4yMKCgP',
264 silly reify   'E:\\smartparkingcopy\\ParkingApp\\node_modules\\.bin\\envinfo.ps1': 'E:\\smartparkingcopy\\ParkingApp\\node_modules\\.bin\\.envinfo.ps1-4KAmVMWo',
264 silly reify   'E:\\smartparkingcopy\\ParkingApp\\node_modules\\err-code': 'E:\\smartparkingcopy\\ParkingApp\\node_modules\\.err-code-IH9zwItA',
264 silly reify   'E:\\smartparkingcopy\\ParkingApp\\node_modules\\error-ex': 'E:\\smartparkingcopy\\ParkingApp\\node_modules\\.error-ex-sqHPrSoA',
264 silly reify   'E:\\smartparkingcopy\\ParkingApp\\node_modules\\events-universal': 'E:\\smartparkingcopy\\ParkingApp\\node_modules\\.events-universal-xiU2VSQq',
264 silly reify   'E:\\smartparkingcopy\\ParkingApp\\node_modules\\exec-async': 'E:\\smartparkingcopy\\ParkingApp\\node_modules\\.exec-async-5aLkVWdt',
264 silly reify   'E:\\smartparkingcopy\\ParkingApp\\node_modules\\expo-image-loader': 'E:\\smartparkingcopy\\ParkingApp\\node_modules\\.expo-image-loader-zS9HB5A6',
264 silly reify   'E:\\smartparkingcopy\\ParkingApp\\node_modules\\expo-image-picker': 'E:\\smartparkingcopy\\ParkingApp\\node_modules\\.expo-image-picker-NkooLTjX',
264 silly reify   'E:\\smartparkingcopy\\ParkingApp\\node_modules\\fast-fifo': 'E:\\smartparkingcopy\\ParkingApp\\node_modules\\.fast-fifo-6ZwiZqjU',
264 silly reify   'E:\\smartparkingcopy\\ParkingApp\\node_modules\\fast-glob': 'E:\\smartparkingcopy\\ParkingApp\\node_modules\\.fast-glob-qhEDDKbZ',
264 silly reify   'E:\\smartparkingcopy\\ParkingApp\\node_modules\\fast-uri': 'E:\\smartparkingcopy\\ParkingApp\\node_modules\\.fast-uri-orZ9TEe6',
264 silly reify   'E:\\smartparkingcopy\\ParkingApp\\node_modules\\fastq': 'E:\\smartparkingcopy\\ParkingApp\\node_modules\\.fastq-N07cfXa6',
264 silly reify   'E:\\smartparkingcopy\\ParkingApp\\node_modules\\fetch-retry': 'E:\\smartparkingcopy\\ParkingApp\\node_modules\\.fetch-retry-02ATIOCC',
264 silly reify   'E:\\smartparkingcopy\\ParkingApp\\node_modules\\figures': 'E:\\smartparkingcopy\\ParkingApp\\node_modules\\.figures-SUOBCx7e',
264 silly reify   'E:\\smartparkingcopy\\ParkingApp\\node_modules\\filelist': 'E:\\smartparkingcopy\\ParkingApp\\node_modules\\.filelist-lYnl4N8P',
264 silly reify   'E:\\smartparkingcopy\\ParkingApp\\node_modules\\foreground-child': 'E:\\smartparkingcopy\\ParkingApp\\node_modules\\.foreground-child-Xhkp98f9',
264 silly reify   'E:\\smartparkingcopy\\ParkingApp\\node_modules\\form-data': 'E:\\smartparkingcopy\\ParkingApp\\node_modules\\.form-data-6qxk3gds',
264 silly reify   'E:\\smartparkingcopy\\ParkingApp\\node_modules\\fs-extra': 'E:\\smartparkingcopy\\ParkingApp\\node_modules\\.fs-extra-A7HWaOFO',
264 silly reify   'E:\\smartparkingcopy\\ParkingApp\\node_modules\\globby': 'E:\\smartparkingcopy\\ParkingApp\\node_modules\\.globby-hao6fY33',
264 silly reify   'E:\\smartparkingcopy\\ParkingApp\\node_modules\\golden-fleece': 'E:\\smartparkingcopy\\ParkingApp\\node_modules\\.golden-fleece-aqHFCmaq',
264 silly reify   'E:\\smartparkingcopy\\ParkingApp\\node_modules\\gradle-to-js': 'E:\\smartparkingcopy\\ParkingApp\\node_modules\\.gradle-to-js-nPL9slBU',
264 silly reify   'E:\\smartparkingcopy\\ParkingApp\\node_modules\\.bin\\gradle-to-js': 'E:\\smartparkingcopy\\ParkingApp\\node_modules\\.bin\\.gradle-to-js-2yFHfIY0',
264 silly reify   'E:\\smartparkingcopy\\ParkingApp\\node_modules\\.bin\\gradle-to-js.cmd': 'E:\\smartparkingcopy\\ParkingApp\\node_modules\\.bin\\.gradle-to-js.cmd-Q5gGS7sN',
264 silly reify   'E:\\smartparkingcopy\\ParkingApp\\node_modules\\.bin\\gradle-to-js.ps1': 'E:\\smartparkingcopy\\ParkingApp\\node_modules\\.bin\\.gradle-to-js.ps1-wJhvaXR4',
264 silly reify   'E:\\smartparkingcopy\\ParkingApp\\node_modules\\graphql-tag': 'E:\\smartparkingcopy\\ParkingApp\\node_modules\\.graphql-tag-CfThDcZz',
264 silly reify   'E:\\smartparkingcopy\\ParkingApp\\node_modules\\http-call': 'E:\\smartparkingcopy\\ParkingApp\\node_modules\\.http-call-9tdk8hlY',
264 silly reify   'E:\\smartparkingcopy\\ParkingApp\\node_modules\\hyperlinker': 'E:\\smartparkingcopy\\ParkingApp\\node_modules\\.hyperlinker-vBIrBCL1',
264 silly reify   'E:\\smartparkingcopy\\ParkingApp\\node_modules\\indent-string': 'E:\\smartparkingcopy\\ParkingApp\\node_modules\\.indent-string-Y6t8KajU',
264 silly reify   'E:\\smartparkingcopy\\ParkingApp\\node_modules\\is-buffer': 'E:\\smartparkingcopy\\ParkingApp\\node_modules\\.is-buffer-RAU8CggM',
264 silly reify   'E:\\smartparkingcopy\\ParkingApp\\node_modules\\is-interactive': 'E:\\smartparkingcopy\\ParkingApp\\node_modules\\.is-interactive-WKHtBblJ',
264 silly reify   'E:\\smartparkingcopy\\ParkingApp\\node_modules\\is-retry-allowed': 'E:\\smartparkingcopy\\ParkingApp\\node_modules\\.is-retry-allowed-uxZyTOYk',
264 silly reify   'E:\\smartparkingcopy\\ParkingApp\\node_modules\\is-stream': 'E:\\smartparkingcopy\\ParkingApp\\node_modules\\.is-stream-HveydK99',
264 silly reify   'E:\\smartparkingcopy\\ParkingApp\\node_modules\\is-unicode-supported': 'E:\\smartparkingcopy\\ParkingApp\\node_modules\\.is-unicode-supported-US39CbHg',
264 silly reify   'E:\\smartparkingcopy\\ParkingApp\\node_modules\\jackspeak': 'E:\\smartparkingcopy\\ParkingApp\\node_modules\\.jackspeak-z33a1WwL',
264 silly reify   'E:\\smartparkingcopy\\ParkingApp\\node_modules\\jake': 'E:\\smartparkingcopy\\ParkingApp\\node_modules\\.jake-ey6sslWZ',
264 silly reify   'E:\\smartparkingcopy\\ParkingApp\\node_modules\\.bin\\jake': 'E:\\smartparkingcopy\\ParkingApp\\node_modules\\.bin\\.jake-FIRzg4Hj',
264 silly reify   'E:\\smartparkingcopy\\ParkingApp\\node_modules\\.bin\\jake.cmd': 'E:\\smartparkingcopy\\ParkingApp\\node_modules\\.bin\\.jake.cmd-UWmAzE6t',
264 silly reify   'E:\\smartparkingcopy\\ParkingApp\\node_modules\\.bin\\jake.ps1': 'E:\\smartparkingcopy\\ParkingApp\\node_modules\\.bin\\.jake.ps1-UFYVvpDh',
264 silly reify   'E:\\smartparkingcopy\\ParkingApp\\node_modules\\jks-js': 'E:\\smartparkingcopy\\ParkingApp\\node_modules\\.jks-js-OIMiJIOe',
264 silly reify   'E:\\smartparkingcopy\\ParkingApp\\node_modules\\joi': 'E:\\smartparkingcopy\\ParkingApp\\node_modules\\.joi-QXAtTnfo',
264 silly reify   'E:\\smartparkingcopy\\ParkingApp\\node_modules\\join-component': 'E:\\smartparkingcopy\\ParkingApp\\node_modules\\.join-component-tFs9DEmj',
264 silly reify   'E:\\smartparkingcopy\\ParkingApp\\node_modules\\jsep': 'E:\\smartparkingcopy\\ParkingApp\\node_modules\\.jsep-IIoftkY1',
264 silly reify   'E:\\smartparkingcopy\\ParkingApp\\node_modules\\json-parse-better-errors': 'E:\\smartparkingcopy\\ParkingApp\\node_modules\\.json-parse-better-errors-boXaceuD',
264 silly reify   'E:\\smartparkingcopy\\ParkingApp\\node_modules\\jsonfile': 'E:\\smartparkingcopy\\ParkingApp\\node_modules\\.jsonfile-3HOprl3S',
264 silly reify   'E:\\smartparkingcopy\\ParkingApp\\node_modules\\keychain': 'E:\\smartparkingcopy\\ParkingApp\\node_modules\\.keychain-DPmtoRVL',
264 silly reify   'E:\\smartparkingcopy\\ParkingApp\\node_modules\\lilconfig': 'E:\\smartparkingcopy\\ParkingApp\\node_modules\\.lilconfig-ykMb1UiL',
264 silly reify   'E:\\smartparkingcopy\\ParkingApp\\node_modules\\lodash.clonedeep': 'E:\\smartparkingcopy\\ParkingApp\\node_modules\\.lodash.clonedeep-E4U9d2tL',
264 silly reify   'E:\\smartparkingcopy\\ParkingApp\\node_modules\\lodash.get': 'E:\\smartparkingcopy\\ParkingApp\\node_modules\\.lodash.get-8SLc22hw',
264 silly reify   'E:\\smartparkingcopy\\ParkingApp\\node_modules\\make-error': 'E:\\smartparkingcopy\\ParkingApp\\node_modules\\.make-error-bklXBT3g',
264 silly reify   'E:\\smartparkingcopy\\ParkingApp\\node_modules\\md5': 'E:\\smartparkingcopy\\ParkingApp\\node_modules\\.md5-PhhT5Uob',
264 silly reify   'E:\\smartparkingcopy\\ParkingApp\\node_modules\\merge2': 'E:\\smartparkingcopy\\ParkingApp\\node_modules\\.merge2-5ufwdl9Z',
264 silly reify   'E:\\smartparkingcopy\\ParkingApp\\node_modules\\moment': 'E:\\smartparkingcopy\\ParkingApp\\node_modules\\.moment-ThgGWOcC',
264 silly reify   'E:\\smartparkingcopy\\ParkingApp\\node_modules\\multipasta': 'E:\\smartparkingcopy\\ParkingApp\\node_modules\\.multipasta-hqIujHk4',
264 silly reify   'E:\\smartparkingcopy\\ParkingApp\\node_modules\\mute-stream': 'E:\\smartparkingcopy\\ParkingApp\\node_modules\\.mute-stream-KgGF5Cqv',
264 silly reify   'E:\\smartparkingcopy\\ParkingApp\\node_modules\\mv': 'E:\\smartparkingcopy\\ParkingApp\\node_modules\\.mv-0dmVjLWu',
264 silly reify   'E:\\smartparkingcopy\\ParkingApp\\node_modules\\nan': 'E:\\smartparkingcopy\\ParkingApp\\node_modules\\.nan-EcSESY9Z',
264 silly reify   'E:\\smartparkingcopy\\ParkingApp\\node_modules\\natural-orderby': 'E:\\smartparkingcopy\\ParkingApp\\node_modules\\.natural-orderby-DyKoh2IW',
264 silly reify   'E:\\smartparkingcopy\\ParkingApp\\node_modules\\ncp': 'E:\\smartparkingcopy\\ParkingApp\\node_modules\\.ncp-fEUuwVc2',
264 silly reify   'E:\\smartparkingcopy\\ParkingApp\\node_modules\\.bin\\ncp': 'E:\\smartparkingcopy\\ParkingApp\\node_modules\\.bin\\.ncp-AyCdr4Zz',
264 silly reify   'E:\\smartparkingcopy\\ParkingApp\\node_modules\\.bin\\ncp.cmd': 'E:\\smartparkingcopy\\ParkingApp\\node_modules\\.bin\\.ncp.cmd-Yh9c7Gsl',
264 silly reify   'E:\\smartparkingcopy\\ParkingApp\\node_modules\\.bin\\ncp.ps1': 'E:\\smartparkingcopy\\ParkingApp\\node_modules\\.bin\\.ncp.ps1-meIPVb82',
264 silly reify   'E:\\smartparkingcopy\\ParkingApp\\node_modules\\node-rsa': 'E:\\smartparkingcopy\\ParkingApp\\node_modules\\.node-rsa-UIRQ8cXG',
264 silly reify   'E:\\smartparkingcopy\\ParkingApp\\node_modules\\node-stream-zip': 'E:\\smartparkingcopy\\ParkingApp\\node_modules\\.node-stream-zip-5t1clmOp',
264 silly reify   'E:\\smartparkingcopy\\ParkingApp\\node_modules\\object-treeify': 'E:\\smartparkingcopy\\ParkingApp\\node_modules\\.object-treeify-MHIT5Vkm',
264 silly reify   'E:\\smartparkingcopy\\ParkingApp\\node_modules\\package-json-from-dist': 'E:\\smartparkingcopy\\ParkingApp\\node_modules\\.package-json-from-dist-iYKOpWdI',
264 silly reify   'E:\\smartparkingcopy\\ParkingApp\\node_modules\\parse-json': 'E:\\smartparkingcopy\\ParkingApp\\node_modules\\.parse-json-kwrEFflm',
264 silly reify   'E:\\smartparkingcopy\\ParkingApp\\node_modules\\password-prompt': 'E:\\smartparkingcopy\\ParkingApp\\node_modules\\.password-prompt-NgFyqyuh',
264 silly reify   'E:\\smartparkingcopy\\ParkingApp\\node_modules\\path-type': 'E:\\smartparkingcopy\\ParkingApp\\node_modules\\.path-type-9SQtUJ5W',
264 silly reify   'E:\\smartparkingcopy\\ParkingApp\\node_modules\\pkg-dir': 'E:\\smartparkingcopy\\ParkingApp\\node_modules\\.pkg-dir-XoNpXOHs',
264 silly reify   'E:\\smartparkingcopy\\ParkingApp\\node_modules\\promise-limit': 'E:\\smartparkingcopy\\ParkingApp\\node_modules\\.promise-limit-VuvzT30P',
264 silly reify   'E:\\smartparkingcopy\\ParkingApp\\node_modules\\promise-retry': 'E:\\smartparkingcopy\\ParkingApp\\node_modules\\.promise-retry-sce6yNlC',
264 silly reify   'E:\\smartparkingcopy\\ParkingApp\\node_modules\\queue-microtask': 'E:\\smartparkingcopy\\ParkingApp\\node_modules\\.queue-microtask-HVt2reVB',
264 silly reify   'E:\\smartparkingcopy\\ParkingApp\\node_modules\\react-native-svg': 'E:\\smartparkingcopy\\ParkingApp\\node_modules\\.react-native-svg-jkKdX5wX',
264 silly reify   'E:\\smartparkingcopy\\ParkingApp\\node_modules\\redeyed': 'E:\\smartparkingcopy\\ParkingApp\\node_modules\\.redeyed-9JKeGCb7',
264 silly reify   'E:\\smartparkingcopy\\ParkingApp\\node_modules\\remove-trailing-slash': 'E:\\smartparkingcopy\\ParkingApp\\node_modules\\.remove-trailing-slash-T68BaNHE',
264 silly reify   'E:\\smartparkingcopy\\ParkingApp\\node_modules\\retry': 'E:\\smartparkingcopy\\ParkingApp\\node_modules\\.retry-KriAaE2G',
264 silly reify   'E:\\smartparkingcopy\\ParkingApp\\node_modules\\reusify': 'E:\\smartparkingcopy\\ParkingApp\\node_modules\\.reusify-kjHug06P',
264 silly reify   'E:\\smartparkingcopy\\ParkingApp\\node_modules\\run-parallel': 'E:\\smartparkingcopy\\ParkingApp\\node_modules\\.run-parallel-pTKBIjSA',
264 silly reify   'E:\\smartparkingcopy\\ParkingApp\\node_modules\\safe-json-stringify': 'E:\\smartparkingcopy\\ParkingApp\\node_modules\\.safe-json-stringify-zYWDMwCS',
264 silly reify   'E:\\smartparkingcopy\\ParkingApp\\node_modules\\safer-buffer': 'E:\\smartparkingcopy\\ParkingApp\\node_modules\\.safer-buffer-lvkIjOQP',
264 silly reify   'E:\\smartparkingcopy\\ParkingApp\\node_modules\\set-interval-async': 'E:\\smartparkingcopy\\ParkingApp\\node_modules\\.set-interval-async-ZIDxj07W',
264 silly reify   'E:\\smartparkingcopy\\ParkingApp\\node_modules\\slice-ansi': 'E:\\smartparkingcopy\\ParkingApp\\node_modules\\.slice-ansi-AhgwwM3y',
264 silly reify   'E:\\smartparkingcopy\\ParkingApp\\node_modules\\streamx': 'E:\\smartparkingcopy\\ParkingApp\\node_modules\\.streamx-R0Th7idM',
264 silly reify   'E:\\smartparkingcopy\\ParkingApp\\node_modules\\string-width-cjs': 'E:\\smartparkingcopy\\ParkingApp\\node_modules\\.string-width-cjs-MyW9jOaa',
264 silly reify   'E:\\smartparkingcopy\\ParkingApp\\node_modules\\strip-ansi-cjs': 'E:\\smartparkingcopy\\ParkingApp\\node_modules\\.strip-ansi-cjs-OgL3ttHW',
264 silly reify   'E:\\smartparkingcopy\\ParkingApp\\node_modules\\tar-stream': 'E:\\smartparkingcopy\\ParkingApp\\node_modules\\.tar-stream-Hm742VNU',
264 silly reify   'E:\\smartparkingcopy\\ParkingApp\\node_modules\\temp-dir': 'E:\\smartparkingcopy\\ParkingApp\\node_modules\\.temp-dir-fkbr1A2K',
264 silly reify   'E:\\smartparkingcopy\\ParkingApp\\node_modules\\text-decoder': 'E:\\smartparkingcopy\\ParkingApp\\node_modules\\.text-decoder-c8R3TqJM',
264 silly reify   'E:\\smartparkingcopy\\ParkingApp\\node_modules\\ts-deepmerge': 'E:\\smartparkingcopy\\ParkingApp\\node_modules\\.ts-deepmerge-cgjBwCKR',
264 silly reify   'E:\\smartparkingcopy\\ParkingApp\\node_modules\\ts-node': 'E:\\smartparkingcopy\\ParkingApp\\node_modules\\.ts-node-YYl6Y0hd',
264 silly reify   'E:\\smartparkingcopy\\ParkingApp\\node_modules\\.bin\\ts-node': 'E:\\smartparkingcopy\\ParkingApp\\node_modules\\.bin\\.ts-node-lKRBuwl9',
264 silly reify   'E:\\smartparkingcopy\\ParkingApp\\node_modules\\.bin\\ts-node.cmd': 'E:\\smartparkingcopy\\ParkingApp\\node_modules\\.bin\\.ts-node.cmd-RzapOcOv',
264 silly reify   'E:\\smartparkingcopy\\ParkingApp\\node_modules\\.bin\\ts-node.ps1': 'E:\\smartparkingcopy\\ParkingApp\\node_modules\\.bin\\.ts-node.ps1-Xz2CUylm',
264 silly reify   'E:\\smartparkingcopy\\ParkingApp\\node_modules\\.bin\\ts-node-cwd': 'E:\\smartparkingcopy\\ParkingApp\\node_modules\\.bin\\.ts-node-cwd-WtKkTCaR',
264 silly reify   'E:\\smartparkingcopy\\ParkingApp\\node_modules\\.bin\\ts-node-cwd.cmd': 'E:\\smartparkingcopy\\ParkingApp\\node_modules\\.bin\\.ts-node-cwd.cmd-C1AHeo0k',
264 silly reify   'E:\\smartparkingcopy\\ParkingApp\\node_modules\\.bin\\ts-node-cwd.ps1': 'E:\\smartparkingcopy\\ParkingApp\\node_modules\\.bin\\.ts-node-cwd.ps1-B0JN7eAV',
264 silly reify   'E:\\smartparkingcopy\\ParkingApp\\node_modules\\.bin\\ts-node-esm': 'E:\\smartparkingcopy\\ParkingApp\\node_modules\\.bin\\.ts-node-esm-i4fAODmj',
264 silly reify   'E:\\smartparkingcopy\\ParkingApp\\node_modules\\.bin\\ts-node-esm.cmd': 'E:\\smartparkingcopy\\ParkingApp\\node_modules\\.bin\\.ts-node-esm.cmd-q0MPQ20J',
264 silly reify   'E:\\smartparkingcopy\\ParkingApp\\node_modules\\.bin\\ts-node-esm.ps1': 'E:\\smartparkingcopy\\ParkingApp\\node_modules\\.bin\\.ts-node-esm.ps1-8VWtwp7s',
264 silly reify   'E:\\smartparkingcopy\\ParkingApp\\node_modules\\.bin\\ts-node-script': 'E:\\smartparkingcopy\\ParkingApp\\node_modules\\.bin\\.ts-node-script-a1V3AI3E',
264 silly reify   'E:\\smartparkingcopy\\ParkingApp\\node_modules\\.bin\\ts-node-script.cmd': 'E:\\smartparkingcopy\\ParkingApp\\node_modules\\.bin\\.ts-node-script.cmd-qc0sZeNM',
264 silly reify   'E:\\smartparkingcopy\\ParkingApp\\node_modules\\.bin\\ts-node-script.ps1': 'E:\\smartparkingcopy\\ParkingApp\\node_modules\\.bin\\.ts-node-script.ps1-yfo0A3to',
264 silly reify   'E:\\smartparkingcopy\\ParkingApp\\node_modules\\.bin\\ts-node-transpile-only': 'E:\\smartparkingcopy\\ParkingApp\\node_modules\\.bin\\.ts-node-transpile-only-NU8VxdaB',
264 silly reify   'E:\\smartparkingcopy\\ParkingApp\\node_modules\\.bin\\ts-node-transpile-only.cmd': 'E:\\smartparkingcopy\\ParkingApp\\node_modules\\.bin\\.ts-node-transpile-only.cmd-KVxbpLKi',
264 silly reify   'E:\\smartparkingcopy\\ParkingApp\\node_modules\\.bin\\ts-node-transpile-only.ps1': 'E:\\smartparkingcopy\\ParkingApp\\node_modules\\.bin\\.ts-node-transpile-only.ps1-BrdotRki',
264 silly reify   'E:\\smartparkingcopy\\ParkingApp\\node_modules\\.bin\\ts-script': 'E:\\smartparkingcopy\\ParkingApp\\node_modules\\.bin\\.ts-script-vMgPYdTu',
264 silly reify   'E:\\smartparkingcopy\\ParkingApp\\node_modules\\.bin\\ts-script.cmd': 'E:\\smartparkingcopy\\ParkingApp\\node_modules\\.bin\\.ts-script.cmd-AMbwseyT',
264 silly reify   'E:\\smartparkingcopy\\ParkingApp\\node_modules\\.bin\\ts-script.ps1': 'E:\\smartparkingcopy\\ParkingApp\\node_modules\\.bin\\.ts-script.ps1-mH5zsC3L',
264 silly reify   'E:\\smartparkingcopy\\ParkingApp\\node_modules\\tunnel-agent': 'E:\\smartparkingcopy\\ParkingApp\\node_modules\\.tunnel-agent-yD5syH9L',
264 silly reify   'E:\\smartparkingcopy\\ParkingApp\\node_modules\\turndown': 'E:\\smartparkingcopy\\ParkingApp\\node_modules\\.turndown-SlF2CDq8',
264 silly reify   'E:\\smartparkingcopy\\ParkingApp\\node_modules\\unique-string': 'E:\\smartparkingcopy\\ParkingApp\\node_modules\\.unique-string-Izb7bSw0',
264 silly reify   'E:\\smartparkingcopy\\ParkingApp\\node_modules\\universalify': 'E:\\smartparkingcopy\\ParkingApp\\node_modules\\.universalify-47lYdEt0',
264 silly reify   'E:\\smartparkingcopy\\ParkingApp\\node_modules\\untildify': 'E:\\smartparkingcopy\\ParkingApp\\node_modules\\.untildify-Pv3xqDKe',
264 silly reify   'E:\\smartparkingcopy\\ParkingApp\\node_modules\\v8-compile-cache-lib': 'E:\\smartparkingcopy\\ParkingApp\\node_modules\\.v8-compile-cache-lib-IeNDnN8F',
264 silly reify   'E:\\smartparkingcopy\\ParkingApp\\node_modules\\widest-line': 'E:\\smartparkingcopy\\ParkingApp\\node_modules\\.widest-line-NjfbKzif',
264 silly reify   'E:\\smartparkingcopy\\ParkingApp\\node_modules\\wordwrap': 'E:\\smartparkingcopy\\ParkingApp\\node_modules\\.wordwrap-3GysKX9c',
264 silly reify   'E:\\smartparkingcopy\\ParkingApp\\node_modules\\wrap-ansi-cjs': 'E:\\smartparkingcopy\\ParkingApp\\node_modules\\.wrap-ansi-cjs-Q1UT5VxA',
264 silly reify   'E:\\smartparkingcopy\\ParkingApp\\node_modules\\yn': 'E:\\smartparkingcopy\\ParkingApp\\node_modules\\.yn-rniV1D6V',
264 silly reify   'E:\\smartparkingcopy\\ParkingApp\\node_modules\\zod': 'E:\\smartparkingcopy\\ParkingApp\\node_modules\\.zod-Yv4NnV1E'
264 silly reify }
265 silly audit bulk request {
265 silly audit   '@0no-co/graphql.web': [ '1.2.0' ],
265 silly audit   '@babel/code-frame': [ '7.29.0', '7.10.4' ],
265 silly audit   '@babel/compat-data': [ '7.29.0' ],
265 silly audit   '@babel/core': [ '7.29.0' ],
265 silly audit   '@babel/generator': [ '7.29.1' ],
265 silly audit   '@babel/helper-annotate-as-pure': [ '7.27.3' ],
265 silly audit   '@babel/helper-compilation-targets': [ '7.28.6' ],
265 silly audit   '@babel/helper-create-class-features-plugin': [ '7.28.6' ],
265 silly audit   '@babel/helper-create-regexp-features-plugin': [ '7.28.5' ],
265 silly audit   '@babel/helper-define-polyfill-provider': [ '0.6.8' ],
265 silly audit   resolve: [ '1.22.11', '1.7.1', '2.0.0-next.6' ],
265 silly audit   '@babel/helper-globals': [ '7.28.0' ],
265 silly audit   '@babel/helper-member-expression-to-functions': [ '7.28.5' ],
265 silly audit   '@babel/helper-module-imports': [ '7.28.6' ],
265 silly audit   '@babel/helper-module-transforms': [ '7.28.6' ],
265 silly audit   '@babel/helper-optimise-call-expression': [ '7.27.1' ],
265 silly audit   '@babel/helper-plugin-utils': [ '7.28.6' ],
265 silly audit   '@babel/helper-remap-async-to-generator': [ '7.27.1' ],
265 silly audit   '@babel/helper-replace-supers': [ '7.28.6' ],
265 silly audit   '@babel/helper-skip-transparent-expression-wrappers': [ '7.27.1' ],
265 silly audit   '@babel/helper-string-parser': [ '7.27.1' ],
265 silly audit   '@babel/helper-validator-identifier': [ '7.28.5' ],
265 silly audit   '@babel/helper-validator-option': [ '7.27.1' ],
265 silly audit   '@babel/helper-wrap-function': [ '7.28.6' ],
265 silly audit   '@babel/helpers': [ '7.29.2' ],
265 silly audit   '@babel/highlight': [ '7.25.9' ],
265 silly audit   'ansi-styles': [ '3.2.1', '4.3.0', '5.2.0' ],
265 silly audit   chalk: [ '2.4.2', '4.1.2' ],
265 silly audit   'color-convert': [ '1.9.3', '2.0.1' ],
265 silly audit   'color-name': [ '1.1.3', '1.1.4' ],
265 silly audit   'escape-string-regexp': [ '1.0.5', '4.0.0', '2.0.0' ],
265 silly audit   'has-flag': [ '3.0.0', '4.0.0' ],
265 silly audit   'supports-color': [ '5.5.0', '8.1.1', '7.2.0' ],
265 silly audit   '@babel/parser': [ '7.29.2' ],
265 silly audit   '@babel/plugin-proposal-decorators': [ '7.29.0' ],
265 silly audit   '@babel/plugin-proposal-export-default-from': [ '7.27.1' ],
265 silly audit   '@babel/plugin-syntax-async-generators': [ '7.8.4' ],
265 silly audit   '@babel/plugin-syntax-bigint': [ '7.8.3' ],
265 silly audit   '@babel/plugin-syntax-class-properties': [ '7.12.13' ],
265 silly audit   '@babel/plugin-syntax-class-static-block': [ '7.14.5' ],
265 silly audit   '@babel/plugin-syntax-decorators': [ '7.28.6' ],
265 silly audit   '@babel/plugin-syntax-dynamic-import': [ '7.8.3' ],
265 silly audit   '@babel/plugin-syntax-export-default-from': [ '7.28.6' ],
265 silly audit   '@babel/plugin-syntax-flow': [ '7.28.6' ],
265 silly audit   '@babel/plugin-syntax-import-attributes': [ '7.28.6' ],
265 silly audit   '@babel/plugin-syntax-import-meta': [ '7.10.4' ],
265 silly audit   '@babel/plugin-syntax-json-strings': [ '7.8.3' ],
265 silly audit   '@babel/plugin-syntax-jsx': [ '7.28.6' ],
265 silly audit   '@babel/plugin-syntax-logical-assignment-operators': [ '7.10.4' ],
265 silly audit   '@babel/plugin-syntax-nullish-coalescing-operator': [ '7.8.3' ],
265 silly audit   '@babel/plugin-syntax-numeric-separator': [ '7.10.4' ],
265 silly audit   '@babel/plugin-syntax-object-rest-spread': [ '7.8.3' ],
265 silly audit   '@babel/plugin-syntax-optional-catch-binding': [ '7.8.3' ],
265 silly audit   '@babel/plugin-syntax-optional-chaining': [ '7.8.3' ],
265 silly audit   '@babel/plugin-syntax-private-property-in-object': [ '7.14.5' ],
265 silly audit   '@babel/plugin-syntax-top-level-await': [ '7.14.5' ],
265 silly audit   '@babel/plugin-syntax-typescript': [ '7.28.6' ],
265 silly audit   '@babel/plugin-transform-arrow-functions': [ '7.27.1' ],
265 silly audit   '@babel/plugin-transform-async-generator-functions': [ '7.29.0' ],
265 silly audit   '@babel/plugin-transform-async-to-generator': [ '7.28.6' ],
265 silly audit   '@babel/plugin-transform-block-scoping': [ '7.28.6' ],
265 silly audit   '@babel/plugin-transform-class-properties': [ '7.28.6' ],
265 silly audit   '@babel/plugin-transform-class-static-block': [ '7.28.6' ],
265 silly audit   '@babel/plugin-transform-classes': [ '7.28.6' ],
265 silly audit   '@babel/plugin-transform-computed-properties': [ '7.28.6' ],
265 silly audit   '@babel/plugin-transform-destructuring': [ '7.28.5' ],
265 silly audit   '@babel/plugin-transform-export-namespace-from': [ '7.27.1' ],
265 silly audit   '@babel/plugin-transform-flow-strip-types': [ '7.27.1' ],
265 silly audit   '@babel/plugin-transform-for-of': [ '7.27.1' ],
265 silly audit   '@babel/plugin-transform-function-name': [ '7.27.1' ],
265 silly audit   '@babel/plugin-transform-literals': [ '7.27.1' ],
265 silly audit   '@babel/plugin-transform-logical-assignment-operators': [ '7.28.6' ],
265 silly audit   '@babel/plugin-transform-modules-commonjs': [ '7.28.6' ],
265 silly audit   '@babel/plugin-transform-named-capturing-groups-regex': [ '7.29.0' ],
265 silly audit   '@babel/plugin-transform-nullish-coalescing-operator': [ '7.28.6' ],
265 silly audit   '@babel/plugin-transform-numeric-separator': [ '7.28.6' ],
265 silly audit   '@babel/plugin-transform-object-rest-spread': [ '7.28.6' ],
265 silly audit   '@babel/plugin-transform-optional-catch-binding': [ '7.28.6' ],
265 silly audit   '@babel/plugin-transform-optional-chaining': [ '7.28.6' ],
265 silly audit   '@babel/plugin-transform-parameters': [ '7.27.7' ],
265 silly audit   '@babel/plugin-transform-private-methods': [ '7.28.6' ],
265 silly audit   '@babel/plugin-transform-private-property-in-object': [ '7.28.6' ],
265 silly audit   '@babel/plugin-transform-react-display-name': [ '7.28.0' ],
265 silly audit   '@babel/plugin-transform-react-jsx': [ '7.28.6' ],
265 silly audit   '@babel/plugin-transform-react-jsx-development': [ '7.27.1' ],
265 silly audit   '@babel/plugin-transform-react-jsx-self': [ '7.27.1' ],
265 silly audit   '@babel/plugin-transform-react-jsx-source': [ '7.27.1' ],
265 silly audit   '@babel/plugin-transform-react-pure-annotations': [ '7.27.1' ],
265 silly audit   '@babel/plugin-transform-regenerator': [ '7.29.0' ],
265 silly audit   '@babel/plugin-transform-runtime': [ '7.29.0' ],
265 silly audit   '@babel/plugin-transform-shorthand-properties': [ '7.27.1' ],
265 silly audit   '@babel/plugin-transform-spread': [ '7.28.6' ],
265 silly audit   '@babel/plugin-transform-sticky-regex': [ '7.27.1' ],
265 silly audit   '@babel/plugin-transform-template-literals': [ '7.27.1' ],
265 silly audit   '@babel/plugin-transform-typescript': [ '7.28.6' ],
265 silly audit   '@babel/plugin-transform-unicode-regex': [ '7.27.1' ],
265 silly audit   '@babel/preset-react': [ '7.28.5' ],
265 silly audit   '@babel/preset-typescript': [ '7.28.5' ],
265 silly audit   '@babel/runtime': [ '7.29.2' ],
265 silly audit   '@babel/template': [ '7.28.6' ],
265 silly audit   '@babel/traverse': [ '7.29.0' ],
265 silly audit   '@babel/types': [ '7.29.0' ],
265 silly audit   '@jridgewell/trace-mapping': [ '0.3.31' ],
265 silly audit   '@egjs/hammerjs': [ '2.0.17' ],
265 silly audit   '@emnapi/core': [ '1.9.2' ],
265 silly audit   '@emnapi/runtime': [ '1.9.2' ],
265 silly audit   '@emnapi/wasi-threads': [ '1.2.1' ],
265 silly audit   '@eslint-community/eslint-utils': [ '4.9.1' ],
265 silly audit   'eslint-visitor-keys': [ '3.4.3', '5.0.1', '4.2.1' ],
265 silly audit   '@eslint-community/regexpp': [ '4.12.2' ],
265 silly audit   '@eslint/config-array': [ '0.21.2' ],
265 silly audit   '@eslint/config-helpers': [ '0.4.2' ],
265 silly audit   '@eslint/core': [ '0.17.0' ],
265 silly audit   '@eslint/eslintrc': [ '3.3.5' ],
265 silly audit   '@eslint/js': [ '9.39.4' ],
265 silly audit   '@eslint/object-schema': [ '2.1.7' ],
265 silly audit   '@eslint/plugin-kit': [ '0.4.1' ],
265 silly audit   uuid: [ '7.0.3' ],
265 silly audit   '@expo/code-signing-certificates': [ '0.0.6' ],
265 silly audit   '@expo/config': [ '12.0.13' ],
265 silly audit   '@expo/config-plugins': [ '54.0.4' ],
265 silly audit   semver: [ '7.7.4', '7.6.3', '7.7.2', '6.3.1' ],
265 silly audit   '@expo/config-types': [ '54.0.10' ],
265 silly audit   '@expo/devcert': [ '1.2.1' ],
265 silly audit   debug: [ '3.2.7', '2.6.9', '4.4.3' ],
265 silly audit   '@expo/devtools': [ '0.1.8' ],
265 silly audit   'log-symbols': [ '2.2.0' ],
265 silly audit   'lru-cache': [ '10.4.3', '5.1.1', '11.3.0' ],
265 silly audit   tslib: [ '2.8.1' ],
265 silly audit   yallist: [ '5.0.0', '3.1.1' ],
265 silly audit   '@expo/env': [ '2.0.11' ],
265 silly audit   '@expo/fingerprint': [ '0.15.4' ],
265 silly audit   'brace-expansion': [ '2.0.3', '5.0.5', '1.1.13' ],
265 silly audit   minimatch: [ '9.0.9', '10.2.5', '3.1.5' ],
265 silly audit   '@expo/image-utils': [ '0.8.12' ],
265 silly audit   '@expo/json-file': [ '10.0.13' ],
265 silly audit   '@expo/metro': [ '54.2.0' ],
265 silly audit   '@expo/metro-config': [ '54.0.14' ],
265 silly audit   '@expo/metro-runtime': [ '6.1.2' ],
265 silly audit   '@expo/osascript': [ '2.4.2' ],
265 silly audit   '@expo/package-manager': [ '1.10.3' ],
265 silly audit   '@expo/plist': [ '0.4.8' ],
265 silly audit   argparse: [ '1.0.10', '2.0.1' ],
265 silly audit   'js-yaml': [ '3.14.2', '4.1.1' ],
265 silly audit   '@expo/prebuild-config': [ '54.0.8' ],
265 silly audit   '@expo/schema-utils': [ '0.1.8' ],
265 silly audit   '@expo/sdk-runtime-versions': [ '1.0.0' ],
265 silly audit   '@expo/spawn-async': [ '1.7.2' ],
265 silly audit   '@expo/sudo-prompt': [ '9.3.2' ],
265 silly audit   '@expo/vector-icons': [ '15.1.1' ],
265 silly audit   '@expo/ws-tunnel': [ '1.0.6' ],
265 silly audit   '@expo/xcpretty': [ '4.4.1' ],
265 silly audit   '@humanfs/core': [ '0.19.1' ],
265 silly audit   '@humanfs/node': [ '0.16.7' ],
265 silly audit   '@humanwhocodes/module-importer': [ '1.0.1' ],
265 silly audit   '@humanwhocodes/retry': [ '0.4.3' ],
265 silly audit   'ansi-regex': [ '5.0.1', '4.1.1' ],
265 silly audit   'emoji-regex': [ '8.0.0' ],
265 silly audit   'string-width': [ '4.2.3' ],
265 silly audit   'strip-ansi': [ '5.2.0', '6.0.1' ],
265 silly audit   'wrap-ansi': [ '6.2.0', '7.0.0' ],
265 silly audit   '@isaacs/fs-minipass': [ '4.0.1' ],
265 silly audit   '@isaacs/ttlcache': [ '1.4.1' ],
265 silly audit   '@istanbuljs/load-nyc-config': [ '1.1.0' ],
265 silly audit   camelcase: [ '5.3.1', '6.3.0' ],
265 silly audit   'find-up': [ '4.1.0', '5.0.0' ],
265 silly audit   'locate-path': [ '5.0.0', '6.0.0' ],
265 silly audit   'p-limit': [ '2.3.0', '3.1.0' ],
265 silly audit   'p-locate': [ '4.1.0', '5.0.0' ],
265 silly audit   '@istanbuljs/schema': [ '0.1.3' ],
265 silly audit   '@jest/create-cache-key-function': [ '29.7.0' ],
265 silly audit   '@jest/environment': [ '29.7.0' ],
265 silly audit   '@jest/fake-timers': [ '29.7.0' ],
265 silly audit   '@jest/schemas': [ '29.6.3' ],
265 silly audit   '@jest/transform': [ '29.7.0' ],
265 silly audit   '@jest/types': [ '29.6.3' ],
265 silly audit   '@jridgewell/gen-mapping': [ '0.3.13' ],
265 silly audit   '@jridgewell/remapping': [ '2.3.5' ],
265 silly audit   '@jridgewell/resolve-uri': [ '3.1.2' ],
265 silly audit   '@jridgewell/source-map': [ '0.3.11' ],
265 silly audit   '@jridgewell/sourcemap-codec': [ '1.5.5' ],
265 silly audit   '@napi-rs/wasm-runtime': [ '0.2.12' ],
265 silly audit   '@nolyfill/is-core-module': [ '1.0.39' ],
265 silly audit   'balanced-match': [ '4.0.4', '1.0.2' ],
265 silly audit   '@radix-ui/primitive': [ '1.1.3' ],
265 silly audit   '@radix-ui/react-compose-refs': [ '1.1.2' ],
265 silly audit   '@radix-ui/react-context': [ '1.1.2' ],
265 silly audit   '@radix-ui/react-direction': [ '1.1.1' ],
265 silly audit   '@radix-ui/react-focus-guards': [ '1.1.3' ],
265 silly audit   '@radix-ui/react-id': [ '1.1.1' ],
265 silly audit   '@radix-ui/react-slot': [ '1.2.0', '1.2.3' ],
265 silly audit   '@radix-ui/react-use-callback-ref': [ '1.1.1' ],
265 silly audit   '@radix-ui/react-use-controllable-state': [ '1.2.2' ],
265 silly audit   '@radix-ui/react-use-effect-event': [ '0.0.2' ],
265 silly audit   '@radix-ui/react-use-escape-keydown': [ '1.1.1' ],
265 silly audit   '@radix-ui/react-use-layout-effect': [ '1.1.1' ],
265 silly audit   '@react-native-async-storage/async-storage': [ '2.2.0' ],
265 silly audit   '@react-native-google-signin/google-signin': [ '16.1.2' ],
265 silly audit   '@react-native/assets-registry': [ '0.81.5' ],
265 silly audit   '@react-native/babel-plugin-codegen': [ '0.81.5' ],
265 silly audit   '@react-native/babel-preset': [ '0.81.5' ],
265 silly audit   '@react-native/codegen': [ '0.81.5' ],
265 silly audit   glob: [ '7.2.3', '13.0.6' ],
265 silly audit   '@react-native/community-cli-plugin': [ '0.81.5' ],
265 silly audit   '@react-native/debugger-frontend': [ '0.81.5' ],
265 silly audit   '@react-native/dev-middleware': [ '0.81.5' ],
265 silly audit   ws: [ '6.2.3', '8.20.0', '7.5.10' ],
265 silly audit   '@react-native/js-polyfills': [ '0.81.5' ],
265 silly audit   '@react-native/normalize-colors': [ '0.81.5', '0.74.89' ],
265 silly audit   '@react-navigation/bottom-tabs': [ '7.15.9' ],
265 silly audit   '@react-navigation/core': [ '7.17.2' ],
265 silly audit   '@react-navigation/elements': [ '2.9.14' ],
265 silly audit   '@react-navigation/native': [ '7.2.2' ],
265 silly audit   '@react-navigation/native-stack': [ '7.14.10' ],
265 silly audit   '@react-navigation/routers': [ '7.5.3' ],
265 silly audit   '@rtsao/scc': [ '1.1.0' ],
265 silly audit   'agent-base': [ '7.1.4' ],
265 silly audit   'https-proxy-agent': [ '7.0.6' ],
265 silly audit   '@sinclair/typebox': [ '0.27.10' ],
265 silly audit   '@sinonjs/commons': [ '3.0.1' ],
265 silly audit   '@sinonjs/fake-timers': [ '10.3.0' ],
265 silly audit   '@tybys/wasm-util': [ '0.10.1' ],
265 silly audit   '@types/babel__core': [ '7.20.5' ],
265 silly audit   '@types/babel__generator': [ '7.27.0' ],
265 silly audit   '@types/babel__template': [ '7.4.4' ],
265 silly audit   '@types/babel__traverse': [ '7.28.0' ],
265 silly audit   '@types/estree': [ '1.0.8' ],
265 silly audit   '@types/geojson': [ '7946.0.16' ],
265 silly audit   '@types/graceful-fs': [ '4.1.9' ],
265 silly audit   '@types/hammerjs': [ '2.0.46' ],
265 silly audit   '@types/istanbul-lib-coverage': [ '2.0.6' ],
265 silly audit   '@types/istanbul-lib-report': [ '3.0.3' ],
265 silly audit   '@types/istanbul-reports': [ '3.0.4' ],
265 silly audit   '@types/json-schema': [ '7.0.15' ],
265 silly audit   '@types/json5': [ '0.0.29' ],
265 silly audit   '@types/node': [ '25.5.2' ],
265 silly audit   '@types/react': [ '19.1.17' ],
265 silly audit   '@types/stack-utils': [ '2.0.3' ],
265 silly audit   '@types/yargs': [ '17.0.35' ],
265 silly audit   '@types/yargs-parser': [ '21.0.3' ],
265 silly audit   '@typescript-eslint/eslint-plugin': [ '8.58.0' ],
265 silly audit   ignore: [ '7.0.5', '5.3.2' ],
265 silly audit   '@typescript-eslint/parser': [ '8.58.0' ],
265 silly audit   '@typescript-eslint/project-service': [ '8.58.0' ],
265 silly audit   '@typescript-eslint/scope-manager': [ '8.58.0' ],
265 silly audit   '@typescript-eslint/tsconfig-utils': [ '8.58.0' ],
265 silly audit   '@typescript-eslint/type-utils': [ '8.58.0' ],
265 silly audit   '@typescript-eslint/types': [ '8.58.0' ],
265 silly audit   '@typescript-eslint/typescript-estree': [ '8.58.0' ],
265 silly audit   '@typescript-eslint/utils': [ '8.58.0' ],
265 silly audit   '@typescript-eslint/visitor-keys': [ '8.58.0' ],
265 silly audit   '@ungap/structured-clone': [ '1.3.0' ],
265 silly audit   '@unrs/resolver-binding-android-arm-eabi': [ '1.11.1' ],
265 silly audit   '@unrs/resolver-binding-android-arm64': [ '1.11.1' ],
265 silly audit   '@unrs/resolver-binding-darwin-arm64': [ '1.11.1' ],
265 silly audit   '@unrs/resolver-binding-darwin-x64': [ '1.11.1' ],
265 silly audit   '@unrs/resolver-binding-freebsd-x64': [ '1.11.1' ],
265 silly audit   '@unrs/resolver-binding-linux-arm-gnueabihf': [ '1.11.1' ],
265 silly audit   '@unrs/resolver-binding-linux-arm-musleabihf': [ '1.11.1' ],
265 silly audit   '@unrs/resolver-binding-linux-arm64-gnu': [ '1.11.1' ],
265 silly audit   '@unrs/resolver-binding-linux-arm64-musl': [ '1.11.1' ],
265 silly audit   '@unrs/resolver-binding-linux-ppc64-gnu': [ '1.11.1' ],
265 silly audit   '@unrs/resolver-binding-linux-riscv64-gnu': [ '1.11.1' ],
265 silly audit   '@unrs/resolver-binding-linux-riscv64-musl': [ '1.11.1' ],
265 silly audit   '@unrs/resolver-binding-linux-s390x-gnu': [ '1.11.1' ],
265 silly audit   '@unrs/resolver-binding-linux-x64-gnu': [ '1.11.1' ],
265 silly audit   '@unrs/resolver-binding-linux-x64-musl': [ '1.11.1' ],
265 silly audit   '@unrs/resolver-binding-wasm32-wasi': [ '1.11.1' ],
265 silly audit   '@unrs/resolver-binding-win32-arm64-msvc': [ '1.11.1' ],
265 silly audit   '@unrs/resolver-binding-win32-ia32-msvc': [ '1.11.1' ],
265 silly audit   '@unrs/resolver-binding-win32-x64-msvc': [ '1.11.1' ],
265 silly audit   '@urql/core': [ '5.2.0' ],
265 silly audit   '@urql/exchange-retry': [ '1.3.2' ],
265 silly audit   '@xmldom/xmldom': [ '0.8.12' ],
265 silly audit   'abort-controller': [ '3.0.0' ],
265 silly audit   accepts: [ '1.3.8' ],
265 silly audit   acorn: [ '8.16.0' ],
265 silly audit   'acorn-jsx': [ '5.3.2' ],
265 silly audit   ajv: [ '6.14.0' ],
265 silly audit   'json-schema-traverse': [ '0.4.1' ],
265 silly audit   anser: [ '1.4.10' ],
265 silly audit   'ansi-escapes': [ '4.3.2' ],
265 silly audit   'type-fest': [ '0.21.3', '0.7.1' ],
265 silly audit   'any-promise': [ '1.3.0' ],
265 silly audit   anymatch: [ '3.1.3' ],
265 silly audit   arg: [ '5.0.2' ],
265 silly audit   'aria-hidden': [ '1.2.6' ],
265 silly audit   'array-buffer-byte-length': [ '1.0.2' ],
265 silly audit   'array-includes': [ '3.1.9' ],
265 silly audit   'array.prototype.findlast': [ '1.2.5' ],
265 silly audit   'array.prototype.findlastindex': [ '1.2.6' ],
265 silly audit   'array.prototype.flat': [ '1.3.3' ],
265 silly audit   'array.prototype.flatmap': [ '1.3.3' ],
265 silly audit   'array.prototype.tosorted': [ '1.1.4' ],
265 silly audit   'arraybuffer.prototype.slice': [ '1.0.4' ],
265 silly audit   asap: [ '2.0.6' ],
265 silly audit   'async-function': [ '1.0.0' ],
265 silly audit   'async-limiter': [ '1.0.1' ],
265 silly audit   'available-typed-arrays': [ '1.0.7' ],
265 silly audit   'babel-jest': [ '29.7.0' ],
265 silly audit   'babel-plugin-istanbul': [ '6.1.1' ],
265 silly audit   'babel-plugin-jest-hoist': [ '29.6.3' ],
265 silly audit   'babel-plugin-polyfill-corejs2': [ '0.4.17' ],
265 silly audit   'babel-plugin-polyfill-corejs3': [ '0.13.0' ],
265 silly audit   'babel-plugin-polyfill-regenerator': [ '0.6.8' ],
265 silly audit   'babel-plugin-react-compiler': [ '1.0.0' ],
265 silly audit   'babel-plugin-react-native-web': [ '0.21.2' ],
265 silly audit   'babel-plugin-syntax-hermes-parser': [ '0.29.1' ],
265 silly audit   'babel-plugin-transform-flow-enums': [ '0.0.2' ],
265 silly audit   'babel-preset-current-node-syntax': [ '1.2.0' ],
265 silly audit   'babel-preset-expo': [ '54.0.10' ],
265 silly audit   'babel-preset-jest': [ '29.6.3' ],
265 silly audit   'base64-js': [ '1.5.1' ],
265 silly audit   'baseline-browser-mapping': [ '2.10.15' ],
265 silly audit   'better-opn': [ '3.0.2' ],
265 silly audit   open: [ '8.4.2', '7.4.2' ],
265 silly audit   'big-integer': [ '1.6.52' ],
265 silly audit   boolbase: [ '1.0.0' ],
265 silly audit   'bplist-creator': [ '0.1.0' ],
265 silly audit   'bplist-parser': [ '0.3.1' ],
265 silly audit   braces: [ '3.0.3' ],
265 silly audit   browserslist: [ '4.28.2' ],
265 silly audit   bser: [ '2.1.1' ],
265 silly audit   buffer: [ '5.7.1' ],
265 silly audit   'buffer-from': [ '1.1.2' ],
265 silly audit   bytes: [ '3.1.2' ],
265 silly audit   'call-bind': [ '1.0.8' ],
265 silly audit   'call-bind-apply-helpers': [ '1.0.2' ],
265 silly audit   'call-bound': [ '1.0.4' ],
265 silly audit   callsites: [ '3.1.0' ],
265 silly audit   'caniuse-lite': [ '1.0.30001785' ],
265 silly audit   chownr: [ '3.0.0' ],
265 silly audit   'chrome-launcher': [ '0.15.2' ],
265 silly audit   'chromium-edge-launcher': [ '0.2.0' ],
265 silly audit   'ci-info': [ '2.0.0', '3.9.0' ],
265 silly audit   'cli-cursor': [ '2.1.0' ],
265 silly audit   'cli-spinners': [ '2.9.2' ],
265 silly audit   'client-only': [ '0.0.1' ],
265 silly audit   cliui: [ '8.0.1', '6.0.0' ],
265 silly audit   clone: [ '1.0.4' ],
265 silly audit   color: [ '4.2.3' ],
265 silly audit   'color-string': [ '1.9.1' ],
265 silly audit   commander: [ '7.2.0', '12.1.0', '4.1.1', '2.20.3' ],
265 silly audit   compressible: [ '2.0.18' ],
265 silly audit   compression: [ '1.8.1' ],
265 silly audit   ms: [ '2.0.0', '2.1.3' ],
265 silly audit   negotiator: [ '0.6.4', '0.6.3' ],
265 silly audit   'concat-map': [ '0.0.1' ],
265 silly audit   connect: [ '3.7.0' ],
265 silly audit   'convert-source-map': [ '2.0.0' ],
265 silly audit   'core-js-compat': [ '3.49.0' ],
265 silly audit   'cross-fetch': [ '3.2.0' ],
265 silly audit   'cross-spawn': [ '7.0.6' ],
265 silly audit   'css-in-js-utils': [ '3.1.0' ],
265 silly audit   'css-select': [ '5.2.2' ],
265 silly audit   'css-tree': [ '1.1.3' ],
265 silly audit   'source-map': [ '0.6.1', '0.5.7' ],
265 silly audit   'css-what': [ '6.2.2' ],
265 silly audit   csstype: [ '3.2.3' ],
265 silly audit   'data-view-buffer': [ '1.0.2' ],
265 silly audit   'data-view-byte-length': [ '1.0.2' ],
265 silly audit   'data-view-byte-offset': [ '1.0.1' ],
265 silly audit   decamelize: [ '1.2.0' ],
265 silly audit   'decode-uri-component': [ '0.2.2' ],
265 silly audit   'deep-extend': [ '0.6.0' ],
265 silly audit   'deep-is': [ '0.1.4' ],
265 silly audit   deepmerge: [ '4.3.1' ],
265 silly audit   defaults: [ '1.0.4' ],
265 silly audit   'define-data-property': [ '1.1.4' ],
265 silly audit   'define-lazy-prop': [ '2.0.0' ],
265 silly audit   'define-properties': [ '1.2.1' ],
265 silly audit   depd: [ '2.0.0' ],
265 silly audit   destroy: [ '1.2.0' ],
265 silly audit   'detect-libc': [ '2.1.2' ],
265 silly audit   'detect-node-es': [ '1.1.0' ],
265 silly audit   dijkstrajs: [ '1.0.3' ],
265 silly audit   doctrine: [ '2.1.0' ],
265 silly audit   'dom-serializer': [ '2.0.0' ],
265 silly audit   domelementtype: [ '2.3.0' ],
265 silly audit   domhandler: [ '5.0.3' ],
265 silly audit   domutils: [ '3.2.2' ],
265 silly audit   dotenv: [ '16.4.7' ],
265 silly audit   'dotenv-expand': [ '11.0.7' ],
265 silly audit   'dunder-proto': [ '1.0.1' ],
265 silly audit   getenv: [ '2.0.0' ],
265 silly audit   ora: [ '3.4.0' ],
265 silly audit   xmlbuilder: [ '11.0.1', '15.1.1' ],
265 silly audit   mime: [ '1.6.0' ],
265 silly audit   'mimic-fn': [ '1.2.0' ],
265 silly audit   minizlib: [ '3.1.0' ],
265 silly audit   nanoid: [ '3.3.11' ],
265 silly audit   'node-fetch': [ '2.7.0' ],
265 silly audit   'node-forge': [ '1.4.0' ],
265 silly audit   onetime: [ '2.0.1' ],
265 silly audit   'path-scurry': [ '2.0.2' ],
265 silly audit   pngjs: [ '3.4.0', '5.0.0' ],
265 silly audit   'qrcode-terminal': [ '0.11.0' ],
265 silly audit   'restore-cursor': [ '2.0.0' ],
265 silly audit   rimraf: [ '3.0.2' ],
265 silly audit   sucrase: [ '3.35.1' ],
265 silly audit   tar: [ '7.5.13' ],
265 silly audit   'write-file-atomic': [ '4.0.2' ],
265 silly audit   yaml: [ '2.8.3' ],
265 silly audit   'ee-first': [ '1.1.1' ],
265 silly audit   'electron-to-chromium': [ '1.5.331' ],
265 silly audit   encodeurl: [ '1.0.2', '2.0.0' ],
265 silly audit   entities: [ '4.5.0' ],
265 silly audit   'env-editor': [ '0.4.2' ],
265 silly audit   'is-arrayish': [ '0.3.4' ],
265 silly audit   'error-stack-parser': [ '2.1.4' ],
265 silly audit   'es-abstract': [ '1.24.1' ],
265 silly audit   'es-define-property': [ '1.0.1' ],
265 silly audit   'es-errors': [ '1.3.0' ],
265 silly audit   'es-iterator-helpers': [ '1.3.1' ],
265 silly audit   'es-object-atoms': [ '1.1.1' ],
265 silly audit   'es-set-tostringtag': [ '2.1.0' ],
265 silly audit   'es-shim-unscopables': [ '1.1.0' ],
265 silly audit   'es-to-primitive': [ '1.3.0' ],
265 silly audit   escalade: [ '3.2.0' ],
265 silly audit   'escape-html': [ '1.0.3' ],
265 silly audit   eslint: [ '9.39.4' ],
265 silly audit   'eslint-config-expo': [ '10.0.0' ],
265 silly audit   globals: [ '16.5.0', '14.0.0' ],
265 silly audit   'eslint-import-resolver-node': [ '0.3.10' ],
265 silly audit   'eslint-import-resolver-typescript': [ '3.10.1' ],
265 silly audit   'eslint-module-utils': [ '2.12.1' ],
265 silly audit   'eslint-plugin-expo': [ '1.0.0' ],
265 silly audit   'eslint-plugin-import': [ '2.32.0' ],
265 silly audit   'eslint-plugin-react': [ '7.37.5' ],
265 silly audit   'eslint-plugin-react-hooks': [ '5.2.0' ],
265 silly audit   'eslint-scope': [ '8.4.0' ],
265 silly audit   espree: [ '10.4.0' ],
265 silly audit   esprima: [ '4.0.1' ],
265 silly audit   esquery: [ '1.7.0' ],
265 silly audit   esrecurse: [ '4.3.0' ],
265 silly audit   estraverse: [ '5.3.0' ],
265 silly audit   esutils: [ '2.0.3' ],
265 silly audit   etag: [ '1.8.1' ],
265 silly audit   'event-target-shim': [ '5.0.1' ],
265 silly audit   expo: [ '54.0.33' ],
265 silly audit   'expo-asset': [ '12.0.12' ],
265 silly audit   'expo-constants': [ '18.0.13' ],
265 silly audit   'expo-file-system': [ '19.0.21' ],
265 silly audit   'expo-font': [ '14.0.11' ],
265 silly audit   'expo-haptics': [ '15.0.8' ],
265 silly audit   'expo-image': [ '3.0.11' ],
265 silly audit   'expo-keep-awake': [ '15.0.8' ],
265 silly audit   'expo-linear-gradient': [ '15.0.8' ],
265 silly audit   'expo-linking': [ '8.0.11' ],
265 silly audit   'expo-location': [ '19.0.8' ],
265 silly audit   'expo-modules-autolinking': [ '3.0.24' ],
265 silly audit   'expo-modules-core': [ '3.0.29' ],
265 silly audit   'expo-router': [ '6.0.23' ],
265 silly audit   '@radix-ui/react-collection': [ '1.1.7' ],
265 silly audit   '@radix-ui/react-presence': [ '1.1.5' ],
265 silly audit   '@radix-ui/react-primitive': [ '2.1.3' ],
265 silly audit   '@radix-ui/react-roving-focus': [ '1.1.11' ],
265 silly audit   '@radix-ui/react-tabs': [ '1.1.13' ],
265 silly audit   'expo-server': [ '1.0.5' ],
265 silly audit   'expo-splash-screen': [ '31.0.13' ],
265 silly audit   'expo-status-bar': [ '3.0.9' ],
265 silly audit   'expo-symbols': [ '1.0.8' ],
265 silly audit   'expo-system-ui': [ '6.0.9' ],
265 silly audit   'expo-web-browser': [ '15.0.10' ],
265 silly audit   '@expo/cli': [ '54.0.23' ],
265 silly audit   picomatch: [ '3.0.2', '2.3.2', '4.0.4' ],
265 silly audit   'exponential-backoff': [ '3.1.3' ],
265 silly audit   'fast-deep-equal': [ '3.1.3' ],
265 silly audit   'glob-parent': [ '6.0.2' ],
265 silly audit   'fast-json-stable-stringify': [ '2.1.0' ],
265 silly audit   'fast-levenshtein': [ '2.0.6' ],
265 silly audit   'fb-watchman': [ '2.0.2' ],
265 silly audit   fbjs: [ '3.0.5' ],
265 silly audit   'fbjs-css-vars': [ '1.0.2' ],
265 silly audit   promise: [ '7.3.1', '8.3.0' ],
265 silly audit   'file-entry-cache': [ '8.0.0' ],
265 silly audit   'fill-range': [ '7.1.1' ],
265 silly audit   'filter-obj': [ '1.1.0' ],
265 silly audit   finalhandler: [ '1.1.2' ],
265 silly audit   'flat-cache': [ '4.0.1' ],
265 silly audit   flatted: [ '3.4.2' ],
265 silly audit   'flow-enums-runtime': [ '0.0.6' ],
265 silly audit   fontfaceobserver: [ '2.3.0' ],
265 silly audit   'for-each': [ '0.3.5' ],
265 silly audit   'signal-exit': [ '3.0.7' ],
265 silly audit   'freeport-async': [ '2.0.0' ],
265 silly audit   fresh: [ '0.5.2' ],
265 silly audit   'fs.realpath': [ '1.0.0' ],
265 silly audit   fsevents: [ '2.3.3' ],
265 silly audit   'function-bind': [ '1.1.2' ],
265 silly audit   'function.prototype.name': [ '1.1.8' ],
265 silly audit   'functions-have-names': [ '1.2.3' ],
265 silly audit   'generator-function': [ '2.0.1' ],
265 silly audit   gensync: [ '1.0.0-beta.2' ],
265 silly audit   'get-caller-file': [ '2.0.5' ],
265 silly audit   'get-intrinsic': [ '1.3.0' ],
265 silly audit   'get-nonce': [ '1.0.1' ],
265 silly audit   'get-package-type': [ '0.1.0' ],
265 silly audit   'get-proto': [ '1.0.1' ],
265 silly audit   'get-symbol-description': [ '1.1.0' ],
265 silly audit   'get-tsconfig': [ '4.13.7' ],
265 silly audit   globalthis: [ '1.0.4' ],
265 silly audit   gopd: [ '1.2.0' ],
265 silly audit   'graceful-fs': [ '4.2.11' ],
265 silly audit   graphql: [ '16.8.1' ],
265 silly audit   'has-bigints': [ '1.1.0' ],
265 silly audit   'has-property-descriptors': [ '1.0.2' ],
265 silly audit   'has-proto': [ '1.2.0' ],
265 silly audit   'has-symbols': [ '1.1.0' ],
265 silly audit   'has-tostringtag': [ '1.0.2' ],
265 silly audit   hasown: [ '2.0.2' ],
265 silly audit   'hermes-estree': [ '0.29.1', '0.32.0' ],
265 silly audit   'hermes-parser': [ '0.29.1', '0.32.0' ],
265 silly audit   'hoist-non-react-statics': [ '3.3.2' ],
265 silly audit   'react-is': [ '16.13.1', '18.3.1', '19.2.4' ],
265 silly audit   'hosted-git-info': [ '7.0.2' ],
265 silly audit   'http-errors': [ '2.0.1' ],
265 silly audit   statuses: [ '2.0.2', '1.5.0' ],
265 silly audit   'hyphenate-style-name': [ '1.1.0' ],
265 silly audit   ieee754: [ '1.2.1' ],
265 silly audit   'image-size': [ '1.2.1' ],
265 silly audit   'import-fresh': [ '3.3.1' ],
265 silly audit   'resolve-from': [ '4.0.0', '5.0.0' ],
265 silly audit   imurmurhash: [ '0.1.4' ],
265 silly audit   inflight: [ '1.0.6' ],
265 silly audit   inherits: [ '2.0.4' ],
265 silly audit   ini: [ '1.3.8' ],
265 silly audit   'inline-style-prefixer': [ '7.0.1' ],
265 silly audit   'internal-slot': [ '1.1.0' ],
265 silly audit   invariant: [ '2.2.4' ],
265 silly audit   'is-array-buffer': [ '3.0.5' ],
265 silly audit   'is-async-function': [ '2.1.1' ],
265 silly audit   'is-bigint': [ '1.1.0' ],
265 silly audit   'is-boolean-object': [ '1.2.2' ],
265 silly audit   'is-bun-module': [ '2.0.0' ],
265 silly audit   'is-callable': [ '1.2.7' ],
265 silly audit   'is-core-module': [ '2.16.1' ],
265 silly audit   'is-data-view': [ '1.0.2' ],
265 silly audit   'is-date-object': [ '1.1.0' ],
265 silly audit   'is-docker': [ '2.2.1' ],
265 silly audit   'is-extglob': [ '2.1.1' ],
265 silly audit   'is-finalizationregistry': [ '1.1.1' ],
265 silly audit   'is-fullwidth-code-point': [ '3.0.0' ],
265 silly audit   'is-generator-function': [ '1.1.2' ],
265 silly audit   'is-glob': [ '4.0.3' ],
265 silly audit   'is-map': [ '2.0.3' ],
265 silly audit   'is-negative-zero': [ '2.0.3' ],
265 silly audit   'is-number': [ '7.0.0' ],
265 silly audit   'is-number-object': [ '1.1.1' ],
265 silly audit   'is-plain-obj': [ '2.1.0' ],
265 silly audit   'is-regex': [ '1.2.1' ],
265 silly audit   'is-set': [ '2.0.3' ],
265 silly audit   'is-shared-array-buffer': [ '1.0.4' ],
265 silly audit   'is-string': [ '1.1.1' ],
265 silly audit   'is-symbol': [ '1.1.1' ],
265 silly audit   'is-typed-array': [ '1.1.15' ],
265 silly audit   'is-weakmap': [ '2.0.2' ],
265 silly audit   'is-weakref': [ '1.1.1' ],
265 silly audit   'is-weakset': [ '2.0.4' ],
265 silly audit   'is-wsl': [ '2.2.0' ],
265 silly audit   isarray: [ '2.0.5' ],
265 silly audit   isexe: [ '2.0.0' ],
265 silly audit   'istanbul-lib-coverage': [ '3.2.2' ],
265 silly audit   'istanbul-lib-instrument': [ '5.2.1' ],
265 silly audit   'iterator.prototype': [ '1.1.5' ],
265 silly audit   'jest-environment-node': [ '29.7.0' ],
265 silly audit   'jest-get-type': [ '29.6.3' ],
265 silly audit   'jest-haste-map': [ '29.7.0' ],
265 silly audit   'jest-message-util': [ '29.7.0' ],
265 silly audit   'jest-mock': [ '29.7.0' ],
265 silly audit   'jest-regex-util': [ '29.6.3' ],
265 silly audit   'jest-util': [ '29.7.0' ],
265 silly audit   'jest-validate': [ '29.7.0' ],
265 silly audit   'jest-worker': [ '29.7.0' ],
265 silly audit   'jimp-compact': [ '0.16.1' ],
265 silly audit   'js-tokens': [ '4.0.0' ],
265 silly audit   'jsc-safe-url': [ '0.2.4' ],
265 silly audit   jsesc: [ '3.1.0' ],
265 silly audit   'json-buffer': [ '3.0.1' ],
265 silly audit   'json-stable-stringify-without-jsonify': [ '1.0.1' ],
265 silly audit   json5: [ '2.2.3', '1.0.2' ],
265 silly audit   'jsx-ast-utils': [ '3.3.5' ],
265 silly audit   keyv: [ '4.5.4' ],
265 silly audit   kleur: [ '3.0.3' ],
265 silly audit   'lan-network': [ '0.1.7' ],
265 silly audit   leven: [ '3.1.0' ],
265 silly audit   levn: [ '0.4.1' ],
265 silly audit   'lighthouse-logger': [ '1.4.2' ],
265 silly audit   lightningcss: [ '1.32.0' ],
265 silly audit   'lightningcss-android-arm64': [ '1.32.0' ],
265 silly audit   'lightningcss-darwin-arm64': [ '1.32.0' ],
265 silly audit   'lightningcss-darwin-x64': [ '1.32.0' ],
265 silly audit   'lightningcss-freebsd-x64': [ '1.32.0' ],
265 silly audit   'lightningcss-linux-arm-gnueabihf': [ '1.32.0' ],
265 silly audit   'lightningcss-linux-arm64-gnu': [ '1.32.0' ],
265 silly audit   'lightningcss-linux-arm64-musl': [ '1.32.0' ],
265 silly audit   'lightningcss-linux-x64-gnu': [ '1.32.0' ],
265 silly audit   'lightningcss-linux-x64-musl': [ '1.32.0' ],
265 silly audit   'lightningcss-win32-arm64-msvc': [ '1.32.0' ],
265 silly audit   'lightningcss-win32-x64-msvc': [ '1.32.0' ],
265 silly audit   'lines-and-columns': [ '1.2.4' ],
265 silly audit   'lodash.debounce': [ '4.0.8' ],
265 silly audit   'lodash.merge': [ '4.6.2' ],
265 silly audit   'lodash.throttle': [ '4.1.1' ],
265 silly audit   'loose-envify': [ '1.4.0' ],
265 silly audit   makeerror: [ '1.0.12' ],
265 silly audit   marky: [ '1.3.0' ],
265 silly audit   'math-intrinsics': [ '1.1.0' ],
265 silly audit   'mdn-data': [ '2.0.14' ],
265 silly audit   'memoize-one': [ '5.2.1', '6.0.0' ],
265 silly audit   'merge-options': [ '3.0.4' ],
265 silly audit   'merge-stream': [ '2.0.0' ],
265 silly audit   metro: [ '0.83.3' ],
265 silly audit   'metro-babel-transformer': [ '0.83.3' ],
265 silly audit   'metro-cache': [ '0.83.3' ],
265 silly audit   'metro-cache-key': [ '0.83.3' ],
265 silly audit   'metro-config': [ '0.83.3' ],
265 silly audit   'metro-core': [ '0.83.3' ],
265 silly audit   'metro-file-map': [ '0.83.3' ],
265 silly audit   'metro-minify-terser': [ '0.83.3' ],
265 silly audit   'metro-resolver': [ '0.83.3' ],
265 silly audit   'metro-runtime': [ '0.83.3' ],
265 silly audit   'metro-source-map': [ '0.83.3' ],
265 silly audit   'metro-symbolicate': [ '0.83.3' ],
265 silly audit   'metro-transform-plugins': [ '0.83.3' ],
265 silly audit   'metro-transform-worker': [ '0.83.3' ],
265 silly audit   micromatch: [ '4.0.8' ],
265 silly audit   'mime-db': [ '1.52.0' ],
265 silly audit   'mime-types': [ '2.1.35' ],
265 silly audit   minimist: [ '1.2.8' ],
265 silly audit   minipass: [ '7.1.3' ],
265 silly audit   mkdirp: [ '1.0.4' ],
265 silly audit   mz: [ '2.7.0' ],
265 silly audit   'napi-postinstall': [ '0.3.4' ],
265 silly audit   'natural-compare': [ '1.4.0' ],
265 silly audit   'nested-error-stacks': [ '2.0.1' ],
265 silly audit   'node-exports-info': [ '1.6.0' ],
265 silly audit   'node-int64': [ '0.4.0' ],
265 silly audit   'node-releases': [ '2.0.37' ],
265 silly audit   'normalize-path': [ '3.0.0' ],
265 silly audit   'npm-package-arg': [ '11.0.3' ],
265 silly audit   'nth-check': [ '2.1.1' ],
265 silly audit   nullthrows: [ '1.1.1' ],
265 silly audit   ob1: [ '0.83.3' ],
265 silly audit   'object-assign': [ '4.1.1' ],
265 silly audit   'object-inspect': [ '1.13.4' ],
265 silly audit   'object-keys': [ '1.1.1' ],
265 silly audit   'object.assign': [ '4.1.7' ],
265 silly audit   'object.entries': [ '1.1.9' ],
265 silly audit   'object.fromentries': [ '2.0.8' ],
265 silly audit   'object.groupby': [ '1.0.3' ],
265 silly audit   'object.values': [ '1.2.1' ],
265 silly audit   'on-finished': [ '2.3.0', '2.4.1' ],
265 silly audit   'on-headers': [ '1.1.0' ],
265 silly audit   once: [ '1.4.0' ],
265 silly audit   optionator: [ '0.9.4' ],
265 silly audit   'own-keys': [ '1.0.1' ],
265 silly audit   'p-try': [ '2.2.0' ],
265 silly audit   'parent-module': [ '1.0.1' ],
265 silly audit   'parse-png': [ '2.1.0' ],
265 silly audit   parseurl: [ '1.3.3' ],
265 silly audit   'path-exists': [ '4.0.0' ],
265 silly audit   'path-is-absolute': [ '1.0.1' ],
265 silly audit   'path-key': [ '3.1.1' ],
265 silly audit   'path-parse': [ '1.0.7' ],
265 silly audit   picocolors: [ '1.1.1' ],
265 silly audit   pirates: [ '4.0.7' ],
265 silly audit   plist: [ '3.1.0' ],
265 silly audit   'possible-typed-array-names': [ '1.1.0' ],
265 silly audit   postcss: [ '8.4.49' ],
265 silly audit   'postcss-value-parser': [ '4.2.0' ],
265 silly audit   'prelude-ls': [ '1.2.1' ],
265 silly audit   'pretty-bytes': [ '5.6.0' ],
265 silly audit   'pretty-format': [ '29.7.0' ],
265 silly audit   'proc-log': [ '4.2.0' ],
265 silly audit   progress: [ '2.0.3' ],
265 silly audit   prompts: [ '2.4.2' ],
265 silly audit   'prop-types': [ '15.8.1' ],
265 silly audit   punycode: [ '2.3.1' ],
265 silly audit   qrcode: [ '1.5.4' ],
265 silly audit   y18n: [ '4.0.3', '5.0.8' ],
265 silly audit   yargs: [ '15.4.1', '17.7.2' ],
265 silly audit   'yargs-parser': [ '18.1.3', '21.1.1' ],
265 silly audit   'query-string': [ '7.1.3' ],
265 silly audit   queue: [ '6.0.2' ],
265 silly audit   'range-parser': [ '1.2.1' ],
265 silly audit   rc: [ '1.2.8' ],
265 silly audit   'strip-json-comments': [ '2.0.1', '3.1.1' ],
265 silly audit   react: [ '19.1.0' ],
265 silly audit   'react-devtools-core': [ '6.1.5' ],
265 silly audit   'react-dom': [ '19.1.0' ],
265 silly audit   'react-fast-compare': [ '3.2.2' ],
265 silly audit   'react-freeze': [ '1.0.4' ],
265 silly audit   'react-native': [ '0.81.5' ],
265 silly audit   'react-native-gesture-handler': [ '2.28.0' ],
265 silly audit   'react-native-is-edge-to-edge': [ '1.3.1' ],
265 silly audit   'react-native-maps': [ '1.20.1' ],
265 silly audit   'react-native-qrcode-svg': [ '6.3.21' ],
265 silly audit   'react-native-razorpay': [ '2.3.1' ],
265 silly audit   'react-native-reanimated': [ '4.1.7' ],
265 silly audit   'react-native-safe-area-context': [ '5.6.2' ],
265 silly audit   'react-native-screens': [ '4.16.0' ],
265 silly audit   'react-native-web': [ '0.21.2' ],
265 silly audit   'react-native-worklets': [ '0.5.1' ],
265 silly audit   '@react-native/gradle-plugin': [ '0.81.5' ],
265 silly audit   '@react-native/virtualized-lists': [ '0.81.5' ],
265 silly audit   'react-refresh': [ '0.14.2' ],
265 silly audit   'react-remove-scroll': [ '2.7.2' ],
265 silly audit   'react-remove-scroll-bar': [ '2.3.8' ],
265 silly audit   'react-style-singleton': [ '2.2.3' ],
265 silly audit   'reflect.getprototypeof': [ '1.0.10' ],
265 silly audit   regenerate: [ '1.4.2' ],
265 silly audit   'regenerate-unicode-properties': [ '10.2.2' ],
265 silly audit   'regenerator-runtime': [ '0.13.11' ],
265 silly audit   'regexp.prototype.flags': [ '1.5.4' ],
265 silly audit   'regexpu-core': [ '6.4.0' ],
265 silly audit   regjsgen: [ '0.8.0' ],
265 silly audit   regjsparser: [ '0.13.1' ],
265 silly audit   'require-directory': [ '2.1.1' ],
265 silly audit   'require-from-string': [ '2.0.2' ],
265 silly audit   'require-main-filename': [ '2.0.0' ],
265 silly audit   requireg: [ '0.2.2' ],
265 silly audit   'resolve-pkg-maps': [ '1.0.0' ],
265 silly audit   'resolve-workspace-root': [ '2.0.1' ],
265 silly audit   'resolve.exports': [ '2.0.3' ],
265 silly audit   'safe-array-concat': [ '1.1.3' ],
265 silly audit   'safe-buffer': [ '5.2.1' ],
265 silly audit   'safe-push-apply': [ '1.0.0' ],
265 silly audit   'safe-regex-test': [ '1.1.0' ],
265 silly audit   sax: [ '1.6.0' ],
265 silly audit   scheduler: [ '0.26.0' ],
265 silly audit   send: [ '0.19.2' ],
265 silly audit   'serialize-error': [ '2.1.0' ],
265 silly audit   'serve-static': [ '1.16.3' ],
265 silly audit   'server-only': [ '0.0.1' ],
265 silly audit   'set-blocking': [ '2.0.0' ],
265 silly audit   'set-function-length': [ '1.2.2' ],
265 silly audit   'set-function-name': [ '2.0.2' ],
265 silly audit   'set-proto': [ '1.0.0' ],
265 silly audit   setimmediate: [ '1.0.5' ],
265 silly audit   setprototypeof: [ '1.2.0' ],
265 silly audit   'sf-symbols-typescript': [ '2.2.0' ],
265 silly audit   shallowequal: [ '1.1.0' ],
265 silly audit   'shebang-command': [ '2.0.0' ],
265 silly audit   'shebang-regex': [ '3.0.0' ],
265 silly audit   'shell-quote': [ '1.8.3' ],
265 silly audit   'side-channel': [ '1.1.0' ],
265 silly audit   'side-channel-list': [ '1.0.0' ],
265 silly audit   'side-channel-map': [ '1.0.1' ],
265 silly audit   'side-channel-weakmap': [ '1.0.2' ],
265 silly audit   'simple-plist': [ '1.3.1' ],
265 silly audit   'simple-swizzle': [ '0.2.4' ],
265 silly audit   sisteransi: [ '1.0.5' ],
265 silly audit   slash: [ '3.0.0' ],
265 silly audit   slugify: [ '1.6.9' ],
265 silly audit   'source-map-js': [ '1.2.1' ],
265 silly audit   'source-map-support': [ '0.5.21' ],
265 silly audit   'split-on-first': [ '1.1.0' ],
265 silly audit   'sprintf-js': [ '1.0.3' ],
265 silly audit   'stable-hash': [ '0.0.5' ],
265 silly audit   'stack-utils': [ '2.0.6' ],
265 silly audit   stackframe: [ '1.3.4' ],
265 silly audit   'stacktrace-parser': [ '0.1.11' ],
265 silly audit   'stop-iteration-iterator': [ '1.1.0' ],
265 silly audit   'stream-buffers': [ '2.2.0' ],
265 silly audit   'strict-uri-encode': [ '2.0.0' ],
265 silly audit   'string.prototype.matchall': [ '4.0.12' ],
265 silly audit   'string.prototype.repeat': [ '1.0.0' ],
265 silly audit   'string.prototype.trim': [ '1.2.10' ],
265 silly audit   'string.prototype.trimend': [ '1.0.9' ],
265 silly audit   'string.prototype.trimstart': [ '1.0.8' ],
265 silly audit   'strip-bom': [ '3.0.0' ],
265 silly audit   'structured-headers': [ '0.4.1' ],
265 silly audit   styleq: [ '0.1.3' ],
265 silly audit   'supports-hyperlinks': [ '2.3.0' ],
265 silly audit   'supports-preserve-symlinks-flag': [ '1.0.0' ],
265 silly audit   'terminal-link': [ '2.1.1' ],
265 silly audit   terser: [ '5.46.1' ],
265 silly audit   'test-exclude': [ '6.0.0' ],
265 silly audit   'text-encoding': [ '0.7.0' ],
265 silly audit   thenify: [ '3.3.1' ],
265 silly audit   'thenify-all': [ '1.6.0' ],
265 silly audit   throat: [ '5.0.0' ],
265 silly audit   tinyglobby: [ '0.2.15' ],
265 silly audit   fdir: [ '6.5.0' ],
265 silly audit   tmpl: [ '1.0.5' ],
265 silly audit   'to-regex-range': [ '5.0.1' ],
265 silly audit   toidentifier: [ '1.0.1' ],
265 silly audit   tr46: [ '0.0.3' ],
265 silly audit   'ts-api-utils': [ '2.5.0' ],
265 silly audit   'ts-interface-checker': [ '0.1.13' ],
265 silly audit   'tsconfig-paths': [ '3.15.0' ],
265 silly audit   'type-check': [ '0.4.0' ],
265 silly audit   'type-detect': [ '4.0.8' ],
265 silly audit   'typed-array-buffer': [ '1.0.3' ],
265 silly audit   'typed-array-byte-length': [ '1.0.3' ],
265 silly audit   'typed-array-byte-offset': [ '1.0.4' ],
265 silly audit   'typed-array-length': [ '1.0.7' ],
265 silly audit   typescript: [ '5.9.3' ],
265 silly audit   'ua-parser-js': [ '1.0.41' ],
265 silly audit   'unbox-primitive': [ '1.1.0' ],
265 silly audit   undici: [ '6.24.1' ],
265 silly audit   'undici-types': [ '7.18.2' ],
265 silly audit   'unicode-canonical-property-names-ecmascript': [ '2.0.1' ],
265 silly audit   'unicode-match-property-ecmascript': [ '2.0.0' ],
265 silly audit   'unicode-match-property-value-ecmascript': [ '2.2.1' ],
265 silly audit   'unicode-property-aliases-ecmascript': [ '2.2.0' ],
265 silly audit   unpipe: [ '1.0.0' ],
265 silly audit   'unrs-resolver': [ '1.11.1' ],
265 silly audit   'update-browserslist-db': [ '1.2.3' ],
265 silly audit   'uri-js': [ '4.4.1' ],
265 silly audit   'use-callback-ref': [ '1.3.3' ],
265 silly audit   'use-latest-callback': [ '0.2.6' ],
265 silly audit   'use-sidecar': [ '1.1.3' ],
265 silly audit   'use-sync-external-store': [ '1.6.0' ],
265 silly audit   'utils-merge': [ '1.0.1' ],
265 silly audit   'validate-npm-package-name': [ '5.0.1' ],
265 silly audit   vary: [ '1.1.2' ],
265 silly audit   vaul: [ '1.1.2' ],
265 silly audit   '@radix-ui/react-dialog': [ '1.1.15' ],
265 silly audit   '@radix-ui/react-dismissable-layer': [ '1.1.11' ],
265 silly audit   '@radix-ui/react-focus-scope': [ '1.1.7' ],
265 silly audit   '@radix-ui/react-portal': [ '1.1.9' ],
265 silly audit   vlq: [ '1.0.1' ],
265 silly audit   walker: [ '1.0.8' ],
265 silly audit   'warn-once': [ '0.1.1' ],
265 silly audit   wcwidth: [ '1.0.1' ],
265 silly audit   'webidl-conversions': [ '3.0.1', '5.0.0' ],
265 silly audit   'whatwg-fetch': [ '3.6.20' ],
265 silly audit   'whatwg-url': [ '5.0.0' ],
265 silly audit   'whatwg-url-without-unicode': [ '8.0.0-3' ],
265 silly audit   which: [ '2.0.2' ],
265 silly audit   'which-boxed-primitive': [ '1.1.1' ],
265 silly audit   'which-builtin-type': [ '1.2.1' ],
265 silly audit   'which-collection': [ '1.0.2' ],
265 silly audit   'which-module': [ '2.0.1' ],
265 silly audit   'which-typed-array': [ '1.1.20' ],
265 silly audit   wonka: [ '6.3.6' ],
265 silly audit   'word-wrap': [ '1.2.5' ],
265 silly audit   wrappy: [ '1.0.2' ],
265 silly audit   xcode: [ '3.0.1' ],
265 silly audit   xml2js: [ '0.6.0' ],
265 silly audit   'yocto-queue': [ '0.1.0' ],
265 silly audit   '@react-native-community/datetimepicker': [ '8.4.4' ],
265 silly audit   'expo-image-picker': [ '17.0.10' ],
265 silly audit   'react-native-svg': [ '15.12.1' ],
265 silly audit   'expo-image-loader': [ '6.0.0' ]
265 silly audit }
266 verbose reify failed optional dependency E:\smartparkingcopy\ParkingApp\node_modules\lightningcss-win32-arm64-msvc
267 silly reify mark deleted [
267 silly reify   'E:\\smartparkingcopy\\ParkingApp\\node_modules\\lightningcss-win32-arm64-msvc'
267 silly reify ]
268 verbose reify failed optional dependency E:\smartparkingcopy\ParkingApp\node_modules\lightningcss-linux-x64-musl
269 silly reify mark deleted [
269 silly reify   'E:\\smartparkingcopy\\ParkingApp\\node_modules\\lightningcss-linux-x64-musl'
269 silly reify ]
270 verbose reify failed optional dependency E:\smartparkingcopy\ParkingApp\node_modules\lightningcss-linux-x64-gnu
271 silly reify mark deleted [
271 silly reify   'E:\\smartparkingcopy\\ParkingApp\\node_modules\\lightningcss-linux-x64-gnu'
271 silly reify ]
272 verbose reify failed optional dependency E:\smartparkingcopy\ParkingApp\node_modules\lightningcss-linux-arm64-musl
273 silly reify mark deleted [
273 silly reify   'E:\\smartparkingcopy\\ParkingApp\\node_modules\\lightningcss-linux-arm64-musl'
273 silly reify ]
274 verbose reify failed optional dependency E:\smartparkingcopy\ParkingApp\node_modules\lightningcss-linux-arm64-gnu
275 silly reify mark deleted [
275 silly reify   'E:\\smartparkingcopy\\ParkingApp\\node_modules\\lightningcss-linux-arm64-gnu'
275 silly reify ]
276 verbose reify failed optional dependency E:\smartparkingcopy\ParkingApp\node_modules\lightningcss-linux-arm-gnueabihf
277 silly reify mark deleted [
277 silly reify   'E:\\smartparkingcopy\\ParkingApp\\node_modules\\lightningcss-linux-arm-gnueabihf'
277 silly reify ]
278 verbose reify failed optional dependency E:\smartparkingcopy\ParkingApp\node_modules\lightningcss-freebsd-x64
279 silly reify mark deleted [
279 silly reify   'E:\\smartparkingcopy\\ParkingApp\\node_modules\\lightningcss-freebsd-x64'
279 silly reify ]
280 verbose reify failed optional dependency E:\smartparkingcopy\ParkingApp\node_modules\lightningcss-darwin-x64
281 silly reify mark deleted [
281 silly reify   'E:\\smartparkingcopy\\ParkingApp\\node_modules\\lightningcss-darwin-x64'
281 silly reify ]
282 verbose reify failed optional dependency E:\smartparkingcopy\ParkingApp\node_modules\lightningcss-darwin-arm64
283 silly reify mark deleted [
283 silly reify   'E:\\smartparkingcopy\\ParkingApp\\node_modules\\lightningcss-darwin-arm64'
283 silly reify ]
284 verbose reify failed optional dependency E:\smartparkingcopy\ParkingApp\node_modules\lightningcss-android-arm64
285 silly reify mark deleted [
285 silly reify   'E:\\smartparkingcopy\\ParkingApp\\node_modules\\lightningcss-android-arm64'
285 silly reify ]
286 verbose reify failed optional dependency E:\smartparkingcopy\ParkingApp\node_modules\fsevents
287 silly reify mark deleted [ 'E:\\smartparkingcopy\\ParkingApp\\node_modules\\fsevents' ]
288 verbose reify failed optional dependency E:\smartparkingcopy\ParkingApp\node_modules\@unrs\resolver-binding-win32-ia32-msvc
289 silly reify mark deleted [
289 silly reify   'E:\\smartparkingcopy\\ParkingApp\\node_modules\\@unrs\\resolver-binding-win32-ia32-msvc'
289 silly reify ]
290 verbose reify failed optional dependency E:\smartparkingcopy\ParkingApp\node_modules\@unrs\resolver-binding-win32-arm64-msvc
291 silly reify mark deleted [
291 silly reify   'E:\\smartparkingcopy\\ParkingApp\\node_modules\\@unrs\\resolver-binding-win32-arm64-msvc'
291 silly reify ]
292 verbose reify failed optional dependency E:\smartparkingcopy\ParkingApp\node_modules\@unrs\resolver-binding-wasm32-wasi
293 silly reify mark deleted [
293 silly reify   'E:\\smartparkingcopy\\ParkingApp\\node_modules\\@unrs\\resolver-binding-wasm32-wasi'
293 silly reify ]
294 verbose reify failed optional dependency E:\smartparkingcopy\ParkingApp\node_modules\@napi-rs\wasm-runtime
295 silly reify mark deleted [
295 silly reify   'E:\\smartparkingcopy\\ParkingApp\\node_modules\\@napi-rs\\wasm-runtime'
295 silly reify ]
296 verbose reify failed optional dependency E:\smartparkingcopy\ParkingApp\node_modules\@emnapi\core
297 silly reify mark deleted [ 'E:\\smartparkingcopy\\ParkingApp\\node_modules\\@emnapi\\core' ]
298 verbose reify failed optional dependency E:\smartparkingcopy\ParkingApp\node_modules\@emnapi\runtime
299 silly reify mark deleted [ 'E:\\smartparkingcopy\\ParkingApp\\node_modules\\@emnapi\\runtime' ]
300 verbose reify failed optional dependency E:\smartparkingcopy\ParkingApp\node_modules\@tybys\wasm-util
301 silly reify mark deleted [ 'E:\\smartparkingcopy\\ParkingApp\\node_modules\\@tybys\\wasm-util' ]
302 verbose reify failed optional dependency E:\smartparkingcopy\ParkingApp\node_modules\@emnapi\wasi-threads
303 silly reify mark deleted [
303 silly reify   'E:\\smartparkingcopy\\ParkingApp\\node_modules\\@emnapi\\wasi-threads'
303 silly reify ]
304 verbose reify failed optional dependency E:\smartparkingcopy\ParkingApp\node_modules\@unrs\resolver-binding-linux-x64-musl
305 silly reify mark deleted [
305 silly reify   'E:\\smartparkingcopy\\ParkingApp\\node_modules\\@unrs\\resolver-binding-linux-x64-musl'
305 silly reify ]
306 verbose reify failed optional dependency E:\smartparkingcopy\ParkingApp\node_modules\@unrs\resolver-binding-linux-x64-gnu
307 silly reify mark deleted [
307 silly reify   'E:\\smartparkingcopy\\ParkingApp\\node_modules\\@unrs\\resolver-binding-linux-x64-gnu'
307 silly reify ]
308 verbose reify failed optional dependency E:\smartparkingcopy\ParkingApp\node_modules\@unrs\resolver-binding-linux-s390x-gnu
309 silly reify mark deleted [
309 silly reify   'E:\\smartparkingcopy\\ParkingApp\\node_modules\\@unrs\\resolver-binding-linux-s390x-gnu'
309 silly reify ]
310 verbose reify failed optional dependency E:\smartparkingcopy\ParkingApp\node_modules\@unrs\resolver-binding-linux-riscv64-musl
311 silly reify mark deleted [
311 silly reify   'E:\\smartparkingcopy\\ParkingApp\\node_modules\\@unrs\\resolver-binding-linux-riscv64-musl'
311 silly reify ]
312 verbose reify failed optional dependency E:\smartparkingcopy\ParkingApp\node_modules\@unrs\resolver-binding-linux-riscv64-gnu
313 silly reify mark deleted [
313 silly reify   'E:\\smartparkingcopy\\ParkingApp\\node_modules\\@unrs\\resolver-binding-linux-riscv64-gnu'
313 silly reify ]
314 verbose reify failed optional dependency E:\smartparkingcopy\ParkingApp\node_modules\@unrs\resolver-binding-linux-ppc64-gnu
315 silly reify mark deleted [
315 silly reify   'E:\\smartparkingcopy\\ParkingApp\\node_modules\\@unrs\\resolver-binding-linux-ppc64-gnu'
315 silly reify ]
316 verbose reify failed optional dependency E:\smartparkingcopy\ParkingApp\node_modules\@unrs\resolver-binding-linux-arm64-musl
317 silly reify mark deleted [
317 silly reify   'E:\\smartparkingcopy\\ParkingApp\\node_modules\\@unrs\\resolver-binding-linux-arm64-musl'
317 silly reify ]
318 verbose reify failed optional dependency E:\smartparkingcopy\ParkingApp\node_modules\@unrs\resolver-binding-linux-arm64-gnu
319 silly reify mark deleted [
319 silly reify   'E:\\smartparkingcopy\\ParkingApp\\node_modules\\@unrs\\resolver-binding-linux-arm64-gnu'
319 silly reify ]
320 verbose reify failed optional dependency E:\smartparkingcopy\ParkingApp\node_modules\@unrs\resolver-binding-linux-arm-musleabihf
321 silly reify mark deleted [
321 silly reify   'E:\\smartparkingcopy\\ParkingApp\\node_modules\\@unrs\\resolver-binding-linux-arm-musleabihf'
321 silly reify ]
322 verbose reify failed optional dependency E:\smartparkingcopy\ParkingApp\node_modules\@unrs\resolver-binding-linux-arm-gnueabihf
323 silly reify mark deleted [
323 silly reify   'E:\\smartparkingcopy\\ParkingApp\\node_modules\\@unrs\\resolver-binding-linux-arm-gnueabihf'
323 silly reify ]
324 verbose reify failed optional dependency E:\smartparkingcopy\ParkingApp\node_modules\@unrs\resolver-binding-freebsd-x64
325 silly reify mark deleted [
325 silly reify   'E:\\smartparkingcopy\\ParkingApp\\node_modules\\@unrs\\resolver-binding-freebsd-x64'
325 silly reify ]
326 verbose reify failed optional dependency E:\smartparkingcopy\ParkingApp\node_modules\@unrs\resolver-binding-darwin-x64
327 silly reify mark deleted [
327 silly reify   'E:\\smartparkingcopy\\ParkingApp\\node_modules\\@unrs\\resolver-binding-darwin-x64'
327 silly reify ]
328 verbose reify failed optional dependency E:\smartparkingcopy\ParkingApp\node_modules\@unrs\resolver-binding-darwin-arm64
329 silly reify mark deleted [
329 silly reify   'E:\\smartparkingcopy\\ParkingApp\\node_modules\\@unrs\\resolver-binding-darwin-arm64'
329 silly reify ]
330 verbose reify failed optional dependency E:\smartparkingcopy\ParkingApp\node_modules\@unrs\resolver-binding-android-arm64
331 silly reify mark deleted [
331 silly reify   'E:\\smartparkingcopy\\ParkingApp\\node_modules\\@unrs\\resolver-binding-android-arm64'
331 silly reify ]
332 verbose reify failed optional dependency E:\smartparkingcopy\ParkingApp\node_modules\@unrs\resolver-binding-android-arm-eabi
333 silly reify mark deleted [
333 silly reify   'E:\\smartparkingcopy\\ParkingApp\\node_modules\\@unrs\\resolver-binding-android-arm-eabi'
333 silly reify ]
334 http cache @tybys/wasm-util@https://registry.npmjs.org/@tybys/wasm-util/-/wasm-util-0.10.1.tgz 0ms (cache hit)
335 http cache @napi-rs/wasm-runtime@https://registry.npmjs.org/@napi-rs/wasm-runtime/-/wasm-runtime-0.2.12.tgz 0ms (cache hit)
336 http cache @emnapi/wasi-threads@https://registry.npmjs.org/@emnapi/wasi-threads/-/wasi-threads-1.2.1.tgz 0ms (cache hit)
337 http cache react-native-svg@https://registry.npmjs.org/react-native-svg/-/react-native-svg-15.12.1.tgz 0ms (cache hit)
338 http cache @emnapi/runtime@https://registry.npmjs.org/@emnapi/runtime/-/runtime-1.9.2.tgz 0ms (cache hit)
339 http cache @emnapi/core@https://registry.npmjs.org/@emnapi/core/-/core-1.9.2.tgz 0ms (cache hit)
340 silly tarball no local data for react-native-svg@https://registry.npmjs.org/react-native-svg/-/react-native-svg-15.12.1.tgz. Extracting by manifest.
341 http cache expo-image-picker@https://registry.npmjs.org/expo-image-picker/-/expo-image-picker-17.0.10.tgz 0ms (cache hit)
342 http cache @react-native-community/datetimepicker@https://registry.npmjs.org/@react-native-community/datetimepicker/-/datetimepicker-8.4.4.tgz 0ms (cache hit)
343 http cache expo-image-loader@https://registry.npmjs.org/expo-image-loader/-/expo-image-loader-6.0.0.tgz 0ms (cache hit)
344 silly tarball no local data for expo-image-picker@https://registry.npmjs.org/expo-image-picker/-/expo-image-picker-17.0.10.tgz. Extracting by manifest.
345 silly tarball no local data for @react-native-community/datetimepicker@https://registry.npmjs.org/@react-native-community/datetimepicker/-/datetimepicker-8.4.4.tgz. Extracting by manifest.
346 silly tarball no local data for expo-image-loader@https://registry.npmjs.org/expo-image-loader/-/expo-image-loader-6.0.0.tgz. Extracting by manifest.
347 http fetch POST 200 https://registry.npmjs.org/-/npm/v1/security/advisories/bulk 662ms
348 silly audit report {}
349 http fetch GET 200 https://registry.npmjs.org/expo-image-loader/-/expo-image-loader-6.0.0.tgz 3487ms (cache miss)
350 http fetch GET 200 https://registry.npmjs.org/@react-native-community/datetimepicker/-/datetimepicker-8.4.4.tgz 5176ms (cache miss)
351 http fetch GET 200 https://registry.npmjs.org/expo-image-picker/-/expo-image-picker-17.0.10.tgz 5576ms (cache miss)
352 http fetch GET 200 https://registry.npmjs.org/react-native-svg/-/react-native-svg-15.12.1.tgz 20037ms (cache miss)
353 silly ADD
354 silly ADD
355 silly ADD
356 silly ADD
357 silly ADD
358 silly ADD
359 silly ADD
360 silly ADD
361 silly ADD
362 silly ADD
363 silly ADD
364 silly ADD
365 silly ADD
366 silly ADD
367 silly ADD
368 silly ADD
369 silly ADD
370 silly ADD
371 silly ADD
372 silly ADD
373 silly ADD
374 silly ADD
375 silly ADD
376 silly ADD
377 silly ADD
378 silly ADD
379 silly ADD
380 silly ADD
381 silly ADD
382 silly ADD
383 silly ADD
384 silly ADD
385 silly ADD
386 silly ADD
387 silly REMOVE node_modules/zod
388 silly REMOVE node_modules/yn
389 silly REMOVE node_modules/wrap-ansi-cjs
390 silly REMOVE node_modules/wordwrap
391 silly REMOVE node_modules/widest-line
392 silly REMOVE node_modules/v8-compile-cache-lib
393 silly REMOVE node_modules/untildify
394 silly REMOVE node_modules/universalify
395 silly REMOVE node_modules/unique-string
396 silly REMOVE node_modules/turndown
397 silly REMOVE node_modules/tunnel-agent
398 silly REMOVE node_modules/ts-node
399 silly REMOVE node_modules/ts-node/node_modules/diff
400 silly REMOVE node_modules/ts-node/node_modules/arg
401 silly REMOVE node_modules/ts-deepmerge
402 silly REMOVE node_modules/text-decoder
403 silly REMOVE node_modules/temp-dir
404 silly REMOVE node_modules/tar-stream
405 silly REMOVE node_modules/strip-ansi-cjs
406 silly REMOVE node_modules/string-width-cjs
407 silly REMOVE node_modules/streamx
408 silly REMOVE node_modules/slice-ansi
409 silly REMOVE node_modules/set-interval-async
410 silly REMOVE node_modules/safer-buffer
411 silly REMOVE node_modules/safe-json-stringify
412 silly REMOVE node_modules/run-parallel
413 silly REMOVE node_modules/reusify
414 silly REMOVE node_modules/retry
415 silly REMOVE node_modules/remove-trailing-slash
416 silly REMOVE node_modules/redeyed
417 silly CHANGE node_modules/react-native-svg
418 silly REMOVE node_modules/queue-microtask
419 silly REMOVE node_modules/promise-retry
420 silly REMOVE node_modules/promise-limit
421 silly REMOVE node_modules/pkg-dir
422 silly REMOVE node_modules/pkg-dir/node_modules/p-locate
423 silly REMOVE node_modules/pkg-dir/node_modules/p-limit
424 silly REMOVE node_modules/pkg-dir/node_modules/locate-path
425 silly REMOVE node_modules/pkg-dir/node_modules/find-up
426 silly REMOVE node_modules/path-type
427 silly REMOVE node_modules/password-prompt
428 silly REMOVE node_modules/parse-json
429 silly REMOVE node_modules/package-json-from-dist
430 silly REMOVE node_modules/object-treeify
431 silly REMOVE node_modules/node-stream-zip
432 silly REMOVE node_modules/node-rsa
433 silly REMOVE node_modules/ncp
434 silly REMOVE node_modules/natural-orderby
435 silly REMOVE node_modules/nan
436 silly REMOVE node_modules/mv
437 silly REMOVE node_modules/mv/node_modules/rimraf
438 silly REMOVE node_modules/mv/node_modules/mkdirp
439 silly REMOVE node_modules/mv/node_modules/glob
440 silly REMOVE node_modules/mute-stream
441 silly REMOVE node_modules/multipasta
442 silly REMOVE node_modules/moment
443 silly REMOVE node_modules/merge2
444 silly REMOVE node_modules/md5
445 silly REMOVE node_modules/make-error
446 silly REMOVE node_modules/lodash.get
447 silly REMOVE node_modules/lodash.clonedeep
448 silly REMOVE node_modules/lilconfig
449 silly REMOVE node_modules/keychain
450 silly REMOVE node_modules/jsonfile
451 silly REMOVE node_modules/json-parse-better-errors
452 silly REMOVE node_modules/jsep
453 silly REMOVE node_modules/join-component
454 silly REMOVE node_modules/joi
455 silly REMOVE node_modules/jks-js
456 silly REMOVE node_modules/jake
457 silly REMOVE node_modules/jackspeak
458 silly REMOVE node_modules/is-unicode-supported
459 silly REMOVE node_modules/is-stream
460 silly REMOVE node_modules/is-retry-allowed
461 silly REMOVE node_modules/is-interactive
462 silly REMOVE node_modules/is-buffer
463 silly REMOVE node_modules/indent-string
464 silly REMOVE node_modules/hyperlinker
465 silly REMOVE node_modules/http-call
466 silly REMOVE node_modules/graphql-tag
467 silly REMOVE node_modules/gradle-to-js
468 silly REMOVE node_modules/golden-fleece
469 silly REMOVE node_modules/globby
470 silly REMOVE node_modules/fs-extra
471 silly REMOVE node_modules/form-data
472 silly REMOVE node_modules/foreground-child
473 silly REMOVE node_modules/foreground-child/node_modules/signal-exit
474 silly REMOVE node_modules/filelist
475 silly REMOVE node_modules/filelist/node_modules/minimatch
476 silly REMOVE node_modules/filelist/node_modules/brace-expansion
477 silly REMOVE node_modules/figures
478 silly REMOVE node_modules/figures/node_modules/escape-string-regexp
479 silly REMOVE node_modules/fetch-retry
480 silly REMOVE node_modules/fastq
481 silly REMOVE node_modules/fast-uri
482 silly REMOVE node_modules/fast-glob
483 silly REMOVE node_modules/fast-glob/node_modules/glob-parent
484 silly REMOVE node_modules/fast-fifo
485 silly CHANGE node_modules/expo-image-picker
486 silly CHANGE node_modules/expo-image-loader
487 silly REMOVE node_modules/exec-async
488 silly REMOVE node_modules/events-universal
489 silly REMOVE node_modules/error-ex
490 silly REMOVE node_modules/error-ex/node_modules/is-arrayish
491 silly REMOVE node_modules/err-code
492 silly REMOVE node_modules/envinfo
493 silly REMOVE node_modules/env-string
494 silly REMOVE node_modules/env-paths
495 silly REMOVE node_modules/ejs
496 silly REMOVE node_modules/eastasianwidth
497 silly REMOVE node_modules/eas-cli
498 silly REMOVE node_modules/eas-cli/node_modules/yaml
499 silly REMOVE node_modules/eas-cli/node_modules/yallist
500 silly REMOVE node_modules/eas-cli/node_modules/write-file-atomic
501 silly REMOVE node_modules/eas-cli/node_modules/uuid
502 silly REMOVE node_modules/eas-cli/node_modules/tslib
503 silly REMOVE node_modules/eas-cli/node_modules/tar
504 silly REMOVE node_modules/eas-cli/node_modules/tar/node_modules/yallist
505 silly REMOVE node_modules/eas-cli/node_modules/tar/node_modules/minizlib
506 silly REMOVE node_modules/eas-cli/node_modules/supports-color
507 silly REMOVE node_modules/eas-cli/node_modules/sucrase
508 silly REMOVE node_modules/eas-cli/node_modules/sucrase/node_modules/minimatch
509 silly REMOVE node_modules/eas-cli/node_modules/sucrase/node_modules/glob
510 silly REMOVE node_modules/eas-cli/node_modules/semver
511 silly REMOVE node_modules/eas-cli/node_modules/rimraf
512 silly REMOVE node_modules/eas-cli/node_modules/rimraf/node_modules/minimatch
513 silly REMOVE node_modules/eas-cli/node_modules/rimraf/node_modules/glob
514 silly REMOVE node_modules/eas-cli/node_modules/restore-cursor
515 silly REMOVE node_modules/eas-cli/node_modules/qrcode-terminal
516 silly REMOVE node_modules/eas-cli/node_modules/pngjs
517 silly REMOVE node_modules/eas-cli/node_modules/path-scurry
518 silly REMOVE node_modules/eas-cli/node_modules/path-scurry/node_modules/lru-cache
519 silly REMOVE node_modules/eas-cli/node_modules/ora
520 silly REMOVE node_modules/eas-cli/node_modules/ora/node_modules/cli-cursor
521 silly REMOVE node_modules/eas-cli/node_modules/onetime
522 silly REMOVE node_modules/eas-cli/node_modules/node-forge
523 silly REMOVE node_modules/eas-cli/node_modules/node-fetch
524 silly REMOVE node_modules/eas-cli/node_modules/nanoid
525 silly REMOVE node_modules/eas-cli/node_modules/minizlib
526 silly REMOVE node_modules/eas-cli/node_modules/minimatch
527 silly REMOVE node_modules/eas-cli/node_modules/mimic-fn
528 silly REMOVE node_modules/eas-cli/node_modules/mime
529 silly REMOVE node_modules/eas-cli/node_modules/lru-cache
530 silly REMOVE node_modules/eas-cli/node_modules/log-symbols
531 silly REMOVE node_modules/eas-cli/node_modules/json-schema-traverse
532 silly REMOVE node_modules/eas-cli/node_modules/ignore
533 silly REMOVE node_modules/eas-cli/node_modules/https-proxy-agent
534 silly REMOVE node_modules/eas-cli/node_modules/has-flag
535 silly REMOVE node_modules/eas-cli/node_modules/getenv
536 silly REMOVE node_modules/eas-cli/node_modules/escape-string-regexp
537 silly REMOVE node_modules/eas-cli/node_modules/dotenv
538 silly REMOVE node_modules/eas-cli/node_modules/commander
539 silly REMOVE node_modules/eas-cli/node_modules/color-name
540 silly REMOVE node_modules/eas-cli/node_modules/color-convert
541 silly REMOVE node_modules/eas-cli/node_modules/brace-expansion
542 silly REMOVE node_modules/eas-cli/node_modules/ansi-styles
543 silly REMOVE node_modules/eas-cli/node_modules/ansi-regex
544 silly REMOVE node_modules/eas-cli/node_modules/ajv
545 silly REMOVE node_modules/eas-cli/node_modules/agent-base
546 silly REMOVE node_modules/eas-cli/node_modules/@urql/exchange-retry
547 silly REMOVE node_modules/eas-cli/node_modules/@urql/core
548 silly REMOVE node_modules/eas-cli/node_modules/@segment/ajv-human-errors
549 silly REMOVE node_modules/eas-cli/node_modules/@react-native/normalize-colors
550 silly REMOVE node_modules/eas-cli/node_modules/@expo/prebuild-config
551 silly REMOVE node_modules/eas-cli/node_modules/@expo/prebuild-config/node_modules/xmlbuilder
552 silly REMOVE node_modules/eas-cli/node_modules/@expo/prebuild-config/node_modules/semver
553 silly REMOVE node_modules/eas-cli/node_modules/@expo/prebuild-config/node_modules/minimatch
554 silly REMOVE node_modules/eas-cli/node_modules/@expo/prebuild-config/node_modules/glob
555 silly REMOVE node_modules/eas-cli/node_modules/@expo/prebuild-config/node_modules/fs-extra
556 silly REMOVE node_modules/eas-cli/node_modules/@expo/prebuild-config/node_modules/@xmldom/xmldom
557 silly REMOVE node_modules/eas-cli/node_modules/@expo/prebuild-config/node_modules/@expo/plist
558 silly REMOVE node_modules/eas-cli/node_modules/@expo/prebuild-config/node_modules/@expo/json-file
559 silly REMOVE node_modules/eas-cli/node_modules/@expo/prebuild-config/node_modules/@expo/config-types
560 silly REMOVE node_modules/eas-cli/node_modules/@expo/prebuild-config/node_modules/@expo/config-plugins
561 silly REMOVE node_modules/eas-cli/node_modules/@expo/prebuild-config/node_modules/@expo/config-plugins/node_modules/@expo/json-file
562 silly REMOVE node_modules/eas-cli/node_modules/@expo/prebuild-config/node_modules/@expo/config
563 silly REMOVE node_modules/eas-cli/node_modules/@expo/prebuild-config/node_modules/@babel/code-frame
564 silly REMOVE node_modules/eas-cli/node_modules/@expo/plist
565 silly REMOVE node_modules/eas-cli/node_modules/@expo/plist/node_modules/xmlbuilder
566 silly REMOVE node_modules/eas-cli/node_modules/@expo/plist/node_modules/@xmldom/xmldom
567 silly REMOVE node_modules/eas-cli/node_modules/@expo/package-manager
568 silly REMOVE node_modules/eas-cli/node_modules/@expo/package-manager/node_modules/strip-ansi
569 silly REMOVE node_modules/eas-cli/node_modules/@expo/package-manager/node_modules/ora
570 silly REMOVE node_modules/eas-cli/node_modules/@expo/package-manager/node_modules/ora/node_modules/chalk
571 silly REMOVE node_modules/eas-cli/node_modules/@expo/package-manager/node_modules/log-symbols
572 silly REMOVE node_modules/eas-cli/node_modules/@expo/package-manager/node_modules/log-symbols/node_modules/chalk
573 silly REMOVE node_modules/eas-cli/node_modules/@expo/package-manager/node_modules/@expo/json-file
574 silly REMOVE node_modules/eas-cli/node_modules/@expo/osascript
575 silly REMOVE node_modules/eas-cli/node_modules/@expo/json-file
576 silly REMOVE node_modules/eas-cli/node_modules/@expo/json-file/node_modules/@babel/code-frame
577 silly REMOVE node_modules/eas-cli/node_modules/@expo/image-utils
578 silly REMOVE node_modules/eas-cli/node_modules/@expo/image-utils/node_modules/universalify
579 silly REMOVE node_modules/eas-cli/node_modules/@expo/image-utils/node_modules/semver
580 silly REMOVE node_modules/eas-cli/node_modules/@expo/image-utils/node_modules/fs-extra
581 silly REMOVE node_modules/eas-cli/node_modules/@expo/env
582 silly REMOVE node_modules/eas-cli/node_modules/@expo/env/node_modules/getenv
583 silly REMOVE node_modules/eas-cli/node_modules/@expo/env/node_modules/dotenv
584 silly REMOVE node_modules/eas-cli/node_modules/@expo/config-types
585 silly REMOVE node_modules/eas-cli/node_modules/@expo/config-plugins
586 silly REMOVE node_modules/eas-cli/node_modules/@expo/config-plugins/node_modules/getenv
587 silly REMOVE node_modules/eas-cli/node_modules/@expo/config-plugins/node_modules/@expo/plist
588 silly REMOVE node_modules/eas-cli/node_modules/@expo/config-plugins/node_modules/@expo/json-file
589 silly REMOVE node_modules/eas-cli/node_modules/@expo/config
590 silly REMOVE node_modules/eas-cli/node_modules/@expo/config/node_modules/semver
591 silly REMOVE node_modules/eas-cli/node_modules/@expo/config/node_modules/getenv
592 silly REMOVE node_modules/eas-cli/node_modules/@expo/config/node_modules/@expo/json-file
593 silly REMOVE node_modules/eas-cli/node_modules/@expo/code-signing-certificates
594 silly REMOVE node_modules/dtrace-provider
595 silly REMOVE node_modules/domino
596 silly REMOVE node_modules/dir-glob
597 silly REMOVE node_modules/diff
598 silly REMOVE node_modules/delayed-stream
599 silly REMOVE node_modules/dateformat
600 silly REMOVE node_modules/crypto-random-string
601 silly REMOVE node_modules/crypt
602 silly REMOVE node_modules/create-require
603 silly REMOVE node_modules/content-type
604 silly REMOVE node_modules/component-type
605 silly REMOVE node_modules/combined-stream
606 silly REMOVE node_modules/cli-progress
607 silly REMOVE node_modules/clean-stack
608 silly REMOVE node_modules/charenc
609 silly REMOVE node_modules/cardinal
610 silly REMOVE node_modules/bunyan
611 silly REMOVE node_modules/bare-events
612 silly REMOVE node_modules/b4a
613 silly REMOVE node_modules/at-least-node
614 silly REMOVE node_modules/asynckit
615 silly REMOVE node_modules/async
616 silly REMOVE node_modules/astral-regex
617 silly REMOVE node_modules/asn1
618 silly REMOVE node_modules/array-union
619 silly REMOVE node_modules/ansis
620 silly REMOVE node_modules/ansicolors
621 silly REMOVE node_modules/ajv-formats
622 silly REMOVE node_modules/ajv-formats/node_modules/json-schema-traverse
623 silly REMOVE node_modules/ajv-formats/node_modules/ajv
624 silly REMOVE node_modules/acorn-walk
625 silly REMOVE node_modules/@types/cli-progress
626 silly REMOVE node_modules/@types/bunyan
627 silly REMOVE node_modules/@tsconfig/node16
628 silly REMOVE node_modules/@tsconfig/node14
629 silly REMOVE node_modules/@tsconfig/node12
630 silly REMOVE node_modules/@tsconfig/node10
631 silly REMOVE node_modules/@sideway/pinpoint
632 silly REMOVE node_modules/@sideway/formula
633 silly REMOVE node_modules/@sideway/address
634 silly REMOVE node_modules/@sentry/utils
635 silly REMOVE node_modules/@sentry/types
636 silly REMOVE node_modules/@sentry/node
637 silly REMOVE node_modules/@sentry/node/node_modules/https-proxy-agent
638 silly REMOVE node_modules/@sentry/node/node_modules/agent-base
639 silly REMOVE node_modules/@sentry/core
640 silly REMOVE node_modules/@sentry-internal/tracing
641 silly REMOVE node_modules/@segment/loosely-validate-event
642 silly CHANGE node_modules/@react-native-community/datetimepicker
643 silly REMOVE node_modules/@pkgjs/parseargs
644 silly REMOVE node_modules/@oclif/plugin-autocomplete
645 silly REMOVE node_modules/@oclif/core
646 silly REMOVE node_modules/@oclif/core/node_modules/supports-color
647 silly REMOVE node_modules/@oclif/core/node_modules/semver
648 silly REMOVE node_modules/@oclif/core/node_modules/minimatch
649 silly REMOVE node_modules/@oclif/core/node_modules/brace-expansion
650 silly REMOVE node_modules/@oclif/core/node_modules/balanced-match
651 silly REMOVE node_modules/@nodelib/fs.walk
652 silly REMOVE node_modules/@nodelib/fs.stat
653 silly REMOVE node_modules/@nodelib/fs.scandir
654 silly REMOVE node_modules/@isaacs/cliui
655 silly REMOVE node_modules/@isaacs/cliui/node_modules/wrap-ansi
656 silly REMOVE node_modules/@isaacs/cliui/node_modules/strip-ansi
657 silly REMOVE node_modules/@isaacs/cliui/node_modules/string-width
658 silly REMOVE node_modules/@isaacs/cliui/node_modules/emoji-regex
659 silly REMOVE node_modules/@isaacs/cliui/node_modules/ansi-styles
660 silly REMOVE node_modules/@isaacs/cliui/node_modules/ansi-regex
661 silly REMOVE node_modules/@hapi/topo
662 silly REMOVE node_modules/@hapi/hoek
663 silly REMOVE node_modules/@expo/timeago.js
664 silly REMOVE node_modules/@expo/steps
665 silly REMOVE node_modules/@expo/steps/node_modules/uuid
666 silly REMOVE node_modules/@expo/steps/node_modules/joi
667 silly REMOVE node_modules/@expo/rudder-sdk-node
668 silly REMOVE node_modules/@expo/rudder-sdk-node/node_modules/uuid
669 silly REMOVE node_modules/@expo/results
670 silly REMOVE node_modules/@expo/require-utils
671 silly REMOVE node_modules/@expo/plugin-warn-if-update-available
672 silly REMOVE node_modules/@expo/plugin-warn-if-update-available/node_modules/supports-color
673 silly REMOVE node_modules/@expo/plugin-warn-if-update-available/node_modules/semver
674 silly REMOVE node_modules/@expo/plugin-warn-if-update-available/node_modules/js-yaml
675 silly REMOVE node_modules/@expo/plugin-warn-if-update-available/node_modules/fs-extra
676 silly REMOVE node_modules/@expo/plugin-warn-if-update-available/node_modules/argparse
677 silly REMOVE node_modules/@expo/plugin-warn-if-update-available/node_modules/@oclif/core
678 silly REMOVE node_modules/@expo/plugin-help
679 silly REMOVE node_modules/@expo/plugin-help/node_modules/supports-color
680 silly REMOVE node_modules/@expo/plugin-help/node_modules/js-yaml
681 silly REMOVE node_modules/@expo/plugin-help/node_modules/argparse
682 silly REMOVE node_modules/@expo/plugin-help/node_modules/@oclif/core
683 silly REMOVE node_modules/@expo/pkcs12
684 silly REMOVE node_modules/@expo/multipart-body-parser
685 silly REMOVE node_modules/@expo/logger
686 silly REMOVE node_modules/@expo/eas-json
687 silly REMOVE node_modules/@expo/eas-json/node_modules/yallist
688 silly REMOVE node_modules/@expo/eas-json/node_modules/tslib
689 silly REMOVE node_modules/@expo/eas-json/node_modules/supports-color
690 silly REMOVE node_modules/@expo/eas-json/node_modules/semver
691 silly REMOVE node_modules/@expo/eas-json/node_modules/lru-cache
692 silly REMOVE node_modules/@expo/eas-json/node_modules/log-symbols
693 silly REMOVE node_modules/@expo/eas-json/node_modules/has-flag
694 silly REMOVE node_modules/@expo/eas-json/node_modules/escape-string-regexp
695 silly REMOVE node_modules/@expo/eas-json/node_modules/color-name
696 silly REMOVE node_modules/@expo/eas-json/node_modules/color-convert
697 silly REMOVE node_modules/@expo/eas-json/node_modules/ansi-styles
698 silly REMOVE node_modules/@expo/eas-json/node_modules/@babel/code-frame
699 silly REMOVE node_modules/@expo/eas-json/node_modules/@babel/code-frame/node_modules/chalk
700 silly REMOVE node_modules/@expo/eas-build-job
701 silly REMOVE node_modules/@expo/eas-build-job/node_modules/semver
702 silly REMOVE node_modules/@expo/eas-build-job/node_modules/joi
703 silly REMOVE node_modules/@expo/bunyan
704 silly REMOVE node_modules/@expo/bunyan/node_modules/uuid
705 silly REMOVE node_modules/@expo/apple-utils
706 silly REMOVE node_modules/@cspotcode/source-map-support
707 silly REMOVE node_modules/@cspotcode/source-map-support/node_modules/@jridgewell/trace-mapping
708 verbose cwd E:\smartparkingcopy\ParkingApp
709 verbose os Windows_NT 10.0.26200
710 verbose node v22.12.0
711 verbose npm  v10.9.2
712 verbose exit 0
713 info ok
